Original_Index,Filename,Split,GroundTruth_CD,Predicted_CD,Error
0,TH0011AV/viewpoint_simulated_0_surface0.pcd,Testing,1.9374059438705444,2.0017011165618896,0.06429517269134521
1,TH0011AV/viewpoint_simulated_1_surface0.pcd,Testing,1.968840479850769,2.003016710281372,0.03417623043060303
2,TH0011AV/viewpoint_simulated_10_surface0.pcd,Testing,1.969947099685669,2.0111937522888184,0.041246652603149414
3,TH0011AV/viewpoint_simulated_100_surface0.pcd,Testing,1.8592361211776733,1.9512473344802856,0.0920112133026123
4,TH0011AV/viewpoint_simulated_101_surface0.pcd,Testing,2.1146299839019775,1.9005881547927856,0.2140418291091919
5,TH0011AV/viewpoint_simulated_102_surface0.pcd,Testing,1.8915700912475586,1.9061800241470337,0.014609932899475098
6,TH0011AV/viewpoint_simulated_103_surface0.pcd,Testing,2.0341832637786865,1.9312922954559326,0.1028909683227539
7,TH0011AV/viewpoint_simulated_104_surface0.pcd,Testing,1.9817876815795898,1.974230408668518,0.007557272911071777
8,TH0011AV/viewpoint_simulated_105_surface0.pcd,Testing,2.027348756790161,2.016028881072998,0.011319875717163086
9,TH0011AV/viewpoint_simulated_106_surface0.pcd,Testing,1.9215037822723389,2.0580947399139404,0.13659095764160156
10,TH0011AV/viewpoint_simulated_107_surface0.pcd,Testing,2.0458824634552,2.0948989391326904,0.049016475677490234
11,TH0011AV/viewpoint_simulated_108_surface0.pcd,Testing,1.9603885412216187,2.0409088134765625,0.08052027225494385
12,TH0011AV/viewpoint_simulated_109_surface0.pcd,Testing,2.029000997543335,2.056046962738037,0.02704596519470215
13,TH0011AV/viewpoint_simulated_11_surface0.pcd,Testing,1.8794660568237305,2.015951156616211,0.13648509979248047
14,TH0011AV/viewpoint_simulated_110_surface0.pcd,Testing,2.0068747997283936,2.0401549339294434,0.033280134201049805
15,TH0011AV/viewpoint_simulated_111_surface0.pcd,Testing,1.8384422063827515,2.0178377628326416,0.17939555644989014
16,TH0011AV/viewpoint_simulated_112_surface0.pcd,Testing,2.0369346141815186,1.9947220087051392,0.042212605476379395
17,TH0011AV/viewpoint_simulated_113_surface0.pcd,Testing,1.9133939743041992,1.9100252389907837,0.0033687353134155273
18,TH0011AV/viewpoint_simulated_114_surface0.pcd,Testing,2.0430500507354736,1.901633381843567,0.14141666889190674
19,TH0011AV/viewpoint_simulated_115_surface0.pcd,Testing,1.8864980936050415,1.918573021888733,0.032074928283691406
20,TH0011AV/viewpoint_simulated_116_surface0.pcd,Testing,1.868637204170227,1.9927371740341187,0.1240999698638916
21,TH0011AV/viewpoint_simulated_117_surface0.pcd,Testing,2.026681900024414,2.031111478805542,0.00442957878112793
22,TH0011AV/viewpoint_simulated_118_surface0.pcd,Testing,2.0873332023620605,2.04793643951416,0.03939676284790039
23,TH0011AV/viewpoint_simulated_119_surface0.pcd,Testing,1.9461883306503296,2.077423095703125,0.1312347650527954
24,TH0011AV/viewpoint_simulated_12_surface0.pcd,Testing,2.0887019634246826,2.0129241943359375,0.07577776908874512
25,TH0011AV/viewpoint_simulated_120_surface0.pcd,Testing,2.0421361923217773,2.0986011028289795,0.05646491050720215
26,TH0011AV/viewpoint_simulated_121_surface0.pcd,Testing,2.104750871658325,2.116024971008301,0.011274099349975586
27,TH0011AV/viewpoint_simulated_122_surface0.pcd,Testing,2.002326488494873,2.056532621383667,0.054206132888793945
28,TH0011AV/viewpoint_simulated_123_surface0.pcd,Testing,1.9654338359832764,2.0301754474639893,0.06474161148071289
29,TH0011AV/viewpoint_simulated_124_surface0.pcd,Testing,2.020805835723877,2.0443243980407715,0.02351856231689453
30,TH0011AV/viewpoint_simulated_125_surface0.pcd,Testing,2.0883665084838867,1.9842277765274048,0.10413873195648193
31,TH0011AV/viewpoint_simulated_126_surface0.pcd,Testing,1.9588592052459717,1.9261554479599,0.03270375728607178
32,TH0011AV/viewpoint_simulated_127_surface0.pcd,Testing,2.0658962726593018,1.893377423286438,0.17251884937286377
33,TH0011AV/viewpoint_simulated_128_surface0.pcd,Testing,1.937657356262207,2.0085771083831787,0.07091975212097168
34,TH0011AV/viewpoint_simulated_129_surface0.pcd,Testing,2.19857120513916,2.0270793437957764,0.1714918613433838
35,TH0011AV/viewpoint_simulated_13_surface0.pcd,Testing,1.9701825380325317,1.9866496324539185,0.01646709442138672
36,TH0011AV/viewpoint_simulated_130_surface0.pcd,Testing,2.0555663108825684,2.045816659927368,0.009749650955200195
37,TH0011AV/viewpoint_simulated_131_surface0.pcd,Testing,2.0527234077453613,2.0511136054992676,0.00160980224609375
38,TH0011AV/viewpoint_simulated_132_surface0.pcd,Testing,2.124321699142456,2.1371703147888184,0.012848615646362305
39,TH0011AV/viewpoint_simulated_133_surface0.pcd,Testing,2.0662729740142822,2.117290496826172,0.05101752281188965
40,TH0011AV/viewpoint_simulated_134_surface0.pcd,Testing,2.1543309688568115,2.076857089996338,0.07747387886047363
41,TH0011AV/viewpoint_simulated_135_surface0.pcd,Testing,2.009798288345337,2.0771610736846924,0.06736278533935547
42,TH0011AV/viewpoint_simulated_136_surface0.pcd,Testing,1.9880694150924683,2.0619688034057617,0.07389938831329346
43,TH0011AV/viewpoint_simulated_137_surface0.pcd,Testing,2.060772180557251,1.9878915548324585,0.07288062572479248
44,TH0011AV/viewpoint_simulated_138_surface0.pcd,Testing,2.0025758743286133,1.918182611465454,0.08439326286315918
45,TH0011AV/viewpoint_simulated_139_surface0.pcd,Testing,2.2598822116851807,1.8876557350158691,0.3722264766693115
46,TH0011AV/viewpoint_simulated_14_surface0.pcd,Testing,1.8850592374801636,1.9846357107162476,0.09957647323608398
47,TH0011AV/viewpoint_simulated_140_surface0.pcd,Testing,1.9736661911010742,1.9995548725128174,0.025888681411743164
48,TH0011AV/viewpoint_simulated_141_surface0.pcd,Testing,2.0387165546417236,2.0563573837280273,0.01764082908630371
49,TH0011AV/viewpoint_simulated_142_surface0.pcd,Testing,2.0118534564971924,2.0660438537597656,0.05419039726257324
50,TH0011AV/viewpoint_simulated_143_surface0.pcd,Testing,2.0904247760772705,2.0565390586853027,0.03388571739196777
51,TH0011AV/viewpoint_simulated_144_surface0.pcd,Testing,1.9978418350219727,1.9909025430679321,0.006939291954040527
52,TH0011AV/viewpoint_simulated_145_surface0.pcd,Testing,1.9500752687454224,1.9848793745040894,0.03480410575866699
53,TH0011AV/viewpoint_simulated_146_surface0.pcd,Testing,2.11440372467041,1.9888094663619995,0.12559425830841064
54,TH0011AV/viewpoint_simulated_147_surface0.pcd,Testing,1.9027674198150635,1.978892207145691,0.07612478733062744
55,TH0011AV/viewpoint_simulated_148_surface0.pcd,Testing,2.088059902191162,1.954685091972351,0.13337481021881104
56,TH0011AV/viewpoint_simulated_149_surface0.pcd,Testing,1.9706401824951172,1.9605151414871216,0.010125041007995605
57,TH0011AV/viewpoint_simulated_15_surface0.pcd,Testing,1.9321686029434204,1.9636942148208618,0.031525611877441406
58,TH0011AV/viewpoint_simulated_150_surface0.pcd,Testing,1.9912781715393066,1.953240990638733,0.03803718090057373
59,TH0011AV/viewpoint_simulated_151_surface0.pcd,Testing,2.00093150138855,1.9835494756698608,0.017382025718688965
60,TH0011AV/viewpoint_simulated_152_surface0.pcd,Testing,1.796446442604065,1.9817208051681519,0.18527436256408691
61,TH0011AV/viewpoint_simulated_153_surface0.pcd,Testing,1.9939526319503784,1.9928687810897827,0.0010838508605957031
62,TH0011AV/viewpoint_simulated_154_surface0.pcd,Testing,2.1598877906799316,2.0033698081970215,0.15651798248291016
63,TH0011AV/viewpoint_simulated_155_surface0.pcd,Testing,1.8924484252929688,2.0426876544952393,0.1502392292022705
64,TH0011AV/viewpoint_simulated_156_surface0.pcd,Testing,2.0358433723449707,1.9909429550170898,0.04490041732788086
65,TH0011AV/viewpoint_simulated_157_surface0.pcd,Testing,1.9851394891738892,1.993353009223938,0.008213520050048828
66,TH0011AV/viewpoint_simulated_158_surface0.pcd,Testing,1.973901391029358,1.9916582107543945,0.01775681972503662
67,TH0011AV/viewpoint_simulated_159_surface0.pcd,Testing,1.8830807209014893,1.9700556993484497,0.08697497844696045
68,TH0011AV/viewpoint_simulated_16_surface0.pcd,Testing,2.0581281185150146,1.9279800653457642,0.1301480531692505
69,TH0011AV/viewpoint_simulated_160_surface0.pcd,Testing,2.076908826828003,1.9224086999893188,0.15450012683868408
70,TH0011AV/viewpoint_simulated_161_surface0.pcd,Testing,1.989266037940979,1.9209651947021484,0.06830084323883057
71,TH0011AV/viewpoint_simulated_162_surface0.pcd,Testing,1.920030117034912,1.933860421180725,0.013830304145812988
72,TH0011AV/viewpoint_simulated_163_surface0.pcd,Testing,2.0236611366271973,1.9345858097076416,0.08907532691955566
73,TH0011AV/viewpoint_simulated_164_surface0.pcd,Testing,1.9377862215042114,1.9722284078598022,0.03444218635559082
74,TH0011AV/viewpoint_simulated_165_surface0.pcd,Testing,2.0439679622650146,2.009247303009033,0.034720659255981445
75,TH0011AV/viewpoint_simulated_166_surface0.pcd,Testing,2.035693883895874,2.060344934463501,0.024651050567626953
76,TH0011AV/viewpoint_simulated_167_surface0.pcd,Testing,1.9489692449569702,2.0713465213775635,0.12237727642059326
77,TH0011AV/viewpoint_simulated_168_surface0.pcd,Testing,1.9353853464126587,2.0016989707946777,0.06631362438201904
78,TH0011AV/viewpoint_simulated_169_surface0.pcd,Testing,1.9951903820037842,2.0033395290374756,0.008149147033691406
79,TH0011AV/viewpoint_simulated_17_surface0.pcd,Testing,2.0266966819763184,1.9113497734069824,0.11534690856933594
80,TH0011AV/viewpoint_simulated_170_surface0.pcd,Testing,2.0288808345794678,2.0112810134887695,0.017599821090698242
81,TH0011AV/viewpoint_simulated_171_surface0.pcd,Testing,2.0692920684814453,2.0030109882354736,0.06628108024597168
82,TH0011AV/viewpoint_simulated_172_surface0.pcd,Testing,1.9766432046890259,1.9309450387954712,0.04569816589355469
83,TH0011AV/viewpoint_simulated_173_surface0.pcd,Testing,2.039591073989868,1.8967740535736084,0.14281702041625977
84,TH0011AV/viewpoint_simulated_174_surface0.pcd,Testing,2.1163887977600098,1.9078716039657593,0.2085171937942505
85,TH0011AV/viewpoint_simulated_175_surface0.pcd,Testing,1.972955584526062,1.9254153966903687,0.04754018783569336
86,TH0011AV/viewpoint_simulated_176_surface0.pcd,Testing,2.0433478355407715,1.9710973501205444,0.07225048542022705
87,TH0011AV/viewpoint_simulated_177_surface0.pcd,Testing,2.034369468688965,2.0167670249938965,0.01760244369506836
88,TH0011AV/viewpoint_simulated_178_surface0.pcd,Testing,1.9838871955871582,2.0605664253234863,0.07667922973632812
89,TH0011AV/viewpoint_simulated_179_surface0.pcd,Testing,1.9783576726913452,2.099705696105957,0.12134802341461182
90,TH0011AV/viewpoint_simulated_18_surface0.pcd,Testing,2.053295612335205,1.930207371711731,0.12308824062347412
91,TH0011AV/viewpoint_simulated_180_surface0.pcd,Testing,1.9337613582611084,2.032092332839966,0.09833097457885742
92,TH0011AV/viewpoint_simulated_181_surface0.pcd,Testing,2.0142619609832764,2.0374505519866943,0.02318859100341797
93,TH0011AV/viewpoint_simulated_182_surface0.pcd,Testing,1.9742778539657593,2.040464401245117,0.06618654727935791
94,TH0011AV/viewpoint_simulated_183_surface0.pcd,Testing,1.8765337467193604,2.025871992111206,0.1493382453918457
95,TH0011AV/viewpoint_simulated_184_surface0.pcd,Testing,2.0246658325195312,2.0014004707336426,0.023265361785888672
96,TH0011AV/viewpoint_simulated_185_surface0.pcd,Testing,2.078601598739624,1.9188408851623535,0.1597607135772705
97,TH0011AV/viewpoint_simulated_186_surface0.pcd,Testing,1.9776382446289062,1.898984670639038,0.07865357398986816
98,TH0011AV/viewpoint_simulated_187_surface0.pcd,Testing,1.9039256572723389,1.9135773181915283,0.009651660919189453
99,TH0011AV/viewpoint_simulated_188_surface0.pcd,Testing,1.973759651184082,1.9821255207061768,0.008365869522094727
100,TH0011AV/viewpoint_simulated_189_surface0.pcd,Testing,1.8675709962844849,2.0289463996887207,0.16137540340423584
101,TH0011AV/viewpoint_simulated_19_surface0.pcd,Testing,1.8695213794708252,1.9272359609603882,0.05771458148956299
102,TH0011AV/viewpoint_simulated_190_surface0.pcd,Testing,1.979210376739502,2.054579734802246,0.07536935806274414
103,TH0011AV/viewpoint_simulated_191_surface0.pcd,Testing,1.957993507385254,2.0613722801208496,0.1033787727355957
104,TH0011AV/viewpoint_simulated_192_surface0.pcd,Testing,2.0885989665985107,2.1073930263519287,0.01879405975341797
105,TH0011AV/viewpoint_simulated_193_surface0.pcd,Testing,2.1285176277160645,2.112090587615967,0.016427040100097656
106,TH0011AV/viewpoint_simulated_194_surface0.pcd,Testing,2.1475706100463867,2.054882526397705,0.09268808364868164
107,TH0011AV/viewpoint_simulated_195_surface0.pcd,Testing,2.006061315536499,2.034282684326172,0.02822136878967285
108,TH0011AV/viewpoint_simulated_196_surface0.pcd,Testing,2.048478126525879,2.039777994155884,0.008700132369995117
109,TH0011AV/viewpoint_simulated_197_surface0.pcd,Testing,2.041212558746338,1.9624735116958618,0.07873904705047607
110,TH0011AV/viewpoint_simulated_198_surface0.pcd,Testing,1.9618144035339355,1.9157603979110718,0.04605400562286377
111,TH0011AV/viewpoint_simulated_199_surface0.pcd,Testing,2.050112724304199,1.8819576501846313,0.16815507411956787
112,TH0011AV/viewpoint_simulated_2_surface0.pcd,Testing,1.9277843236923218,1.9900683164596558,0.062283992767333984
113,TH0011AV/viewpoint_simulated_20_surface0.pcd,Testing,1.9760743379592896,2.01261568069458,0.03654134273529053
114,TH0011AV/viewpoint_simulated_200_surface0.pcd,Testing,2.026331663131714,1.9986921548843384,0.02763950824737549
115,TH0011AV/viewpoint_simulated_201_surface0.pcd,Testing,2.0775277614593506,2.0250422954559326,0.05248546600341797
116,TH0011AV/viewpoint_simulated_202_surface0.pcd,Testing,2.0374131202697754,2.0759401321411133,0.03852701187133789
117,TH0011AV/viewpoint_simulated_203_surface0.pcd,Testing,2.0065650939941406,2.0537586212158203,0.04719352722167969
118,TH0011AV/viewpoint_simulated_204_surface0.pcd,Testing,2.0799732208251953,2.103179693222046,0.023206472396850586
119,TH0011AV/viewpoint_simulated_205_surface0.pcd,Testing,2.137850284576416,2.116934061050415,0.020916223526000977
120,TH0011AV/viewpoint_simulated_206_surface0.pcd,Testing,2.0897645950317383,2.090752601623535,0.000988006591796875
121,TH0011AV/viewpoint_simulated_207_surface0.pcd,Testing,2.07474946975708,2.062304973602295,0.012444496154785156
122,TH0011AV/viewpoint_simulated_208_surface0.pcd,Testing,2.0619046688079834,2.057631015777588,0.004273653030395508
123,TH0011AV/viewpoint_simulated_209_surface0.pcd,Testing,2.0446622371673584,1.9911097288131714,0.05355250835418701
124,TH0011AV/viewpoint_simulated_21_surface0.pcd,Testing,1.9369431734085083,2.0140388011932373,0.077095627784729
125,TH0011AV/viewpoint_simulated_210_surface0.pcd,Testing,2.0334548950195312,1.9430981874465942,0.09035670757293701
126,TH0011AV/viewpoint_simulated_211_surface0.pcd,Testing,1.9921901226043701,1.893107295036316,0.0990828275680542
127,TH0011AV/viewpoint_simulated_212_surface0.pcd,Testing,1.9549211263656616,1.9959840774536133,0.04106295108795166
128,TH0011AV/viewpoint_simulated_213_surface0.pcd,Testing,1.9774703979492188,2.052722692489624,0.07525229454040527
129,TH0011AV/viewpoint_simulated_214_surface0.pcd,Testing,2.0351412296295166,2.0808029174804688,0.04566168785095215
130,TH0011AV/viewpoint_simulated_215_surface0.pcd,Testing,1.9400795698165894,2.0675435066223145,0.1274639368057251
131,TH0011AV/viewpoint_simulated_22_surface0.pcd,Testing,2.009996175765991,2.034015655517578,0.024019479751586914
132,TH0011AV/viewpoint_simulated_23_surface0.pcd,Testing,1.997662901878357,2.0649895668029785,0.06732666492462158
133,TH0011AV/viewpoint_simulated_24_surface0.pcd,Testing,1.9228270053863525,2.01088547706604,0.0880584716796875
134,TH0011AV/viewpoint_simulated_25_surface0.pcd,Testing,2.073868989944458,1.9838535785675049,0.09001541137695312
135,TH0011AV/viewpoint_simulated_26_surface0.pcd,Testing,1.9386969804763794,1.9984296560287476,0.059732675552368164
136,TH0011AV/viewpoint_simulated_27_surface0.pcd,Testing,1.9194939136505127,1.9623640775680542,0.042870163917541504
137,TH0011AV/viewpoint_simulated_28_surface0.pcd,Testing,1.9969418048858643,1.9206615686416626,0.07628023624420166
138,TH0011AV/viewpoint_simulated_29_surface0.pcd,Testing,2.141404867172241,1.9007573127746582,0.240647554397583
139,TH0011AV/viewpoint_simulated_3_surface0.pcd,Testing,2.0915091037750244,1.9837095737457275,0.10779953002929688
140,TH0011AV/viewpoint_simulated_30_surface0.pcd,Testing,1.9726890325546265,1.9138234853744507,0.05886554718017578
141,TH0011AV/viewpoint_simulated_31_surface0.pcd,Testing,1.9709343910217285,1.9347487688064575,0.036185622215270996
142,TH0011AV/viewpoint_simulated_32_surface0.pcd,Testing,2.0537290573120117,1.9751495122909546,0.07857954502105713
143,TH0011AV/viewpoint_simulated_33_surface0.pcd,Testing,2.0817418098449707,2.021094560623169,0.06064724922180176
144,TH0011AV/viewpoint_simulated_34_surface0.pcd,Testing,2.0297746658325195,2.0395922660827637,0.00981760025024414
145,TH0011AV/viewpoint_simulated_35_surface0.pcd,Testing,2.0770797729492188,2.0630009174346924,0.014078855514526367
146,TH0011AV/viewpoint_simulated_36_surface0.pcd,Testing,2.235337018966675,2.050889015197754,0.1844480037689209
147,TH0011AV/viewpoint_simulated_37_surface0.pcd,Testing,1.9626641273498535,2.053877830505371,0.09121370315551758
148,TH0011AV/viewpoint_simulated_38_surface0.pcd,Testing,1.9839308261871338,2.0033187866210938,0.01938796043395996
149,TH0011AV/viewpoint_simulated_39_surface0.pcd,Testing,1.9470713138580322,2.0103161334991455,0.06324481964111328
150,TH0011AV/viewpoint_simulated_4_surface0.pcd,Testing,1.9496383666992188,1.9568848609924316,0.007246494293212891
151,TH0011AV/viewpoint_simulated_40_surface0.pcd,Testing,1.9315937757492065,1.980300784111023,0.048707008361816406
152,TH0011AV/viewpoint_simulated_41_surface0.pcd,Testing,1.9155734777450562,1.918817400932312,0.0032439231872558594
153,TH0011AV/viewpoint_simulated_42_surface0.pcd,Testing,1.9879581928253174,1.8958189487457275,0.09213924407958984
154,TH0011AV/viewpoint_simulated_43_surface0.pcd,Testing,1.9673031568527222,1.9234291315078735,0.04387402534484863
155,TH0011AV/viewpoint_simulated_44_surface0.pcd,Testing,2.0809319019317627,1.987210988998413,0.09372091293334961
156,TH0011AV/viewpoint_simulated_45_surface0.pcd,Testing,1.9212861061096191,2.0334370136260986,0.11215090751647949
157,TH0011AV/viewpoint_simulated_46_surface0.pcd,Testing,2.0257301330566406,2.042102813720703,0.0163726806640625
158,TH0011AV/viewpoint_simulated_47_surface0.pcd,Testing,1.948479175567627,2.071723461151123,0.1232442855834961
159,TH0011AV/viewpoint_simulated_48_surface0.pcd,Testing,2.0038461685180664,2.1077914237976074,0.10394525527954102
160,TH0011AV/viewpoint_simulated_49_surface0.pcd,Testing,2.020322561264038,2.114874839782715,0.09455227851867676
161,TH0011AV/viewpoint_simulated_5_surface0.pcd,Testing,1.8782931566238403,1.9654303789138794,0.08713722229003906
162,TH0011AV/viewpoint_simulated_50_surface0.pcd,Testing,1.9240317344665527,2.058396577835083,0.13436484336853027
163,TH0011AV/viewpoint_simulated_51_surface0.pcd,Testing,2.0677261352539062,2.031632423400879,0.036093711853027344
164,TH0011AV/viewpoint_simulated_52_surface0.pcd,Testing,2.0277740955352783,2.0383756160736084,0.010601520538330078
165,TH0011AV/viewpoint_simulated_53_surface0.pcd,Testing,2.0580685138702393,1.9587116241455078,0.09935688972473145
166,TH0011AV/viewpoint_simulated_54_surface0.pcd,Testing,1.9051153659820557,1.9122692346572876,0.007153868675231934
167,TH0011AV/viewpoint_simulated_55_surface0.pcd,Testing,2.1032252311706543,1.8925621509552002,0.2106630802154541
168,TH0011AV/viewpoint_simulated_56_surface0.pcd,Testing,1.918439507484436,2.0045549869537354,0.08611547946929932
169,TH0011AV/viewpoint_simulated_57_surface0.pcd,Testing,1.9293756484985352,2.021902561187744,0.09252691268920898
170,TH0011AV/viewpoint_simulated_58_surface0.pcd,Testing,2.0004968643188477,2.0473761558532715,0.04687929153442383
171,TH0011AV/viewpoint_simulated_59_surface0.pcd,Testing,2.0323119163513184,2.0481109619140625,0.01579904556274414
172,TH0011AV/viewpoint_simulated_6_surface0.pcd,Testing,1.9689666032791138,1.9620331525802612,0.006933450698852539
173,TH0011AV/viewpoint_simulated_60_surface0.pcd,Testing,2.0940322875976562,2.144498825073242,0.05046653747558594
174,TH0011AV/viewpoint_simulated_61_surface0.pcd,Testing,2.0453672409057617,2.125255584716797,0.07988834381103516
175,TH0011AV/viewpoint_simulated_62_surface0.pcd,Testing,2.0835623741149902,2.0720572471618652,0.011505126953125
176,TH0011AV/viewpoint_simulated_63_surface0.pcd,Testing,2.1404387950897217,2.0595343112945557,0.08090448379516602
177,TH0011AV/viewpoint_simulated_64_surface0.pcd,Testing,2.124258041381836,2.0601625442504883,0.06409549713134766
178,TH0011AV/viewpoint_simulated_65_surface0.pcd,Testing,1.879872441291809,1.9920858144760132,0.1122133731842041
179,TH0011AV/viewpoint_simulated_66_surface0.pcd,Testing,2.050854206085205,1.9227522611618042,0.12810194492340088
180,TH0011AV/viewpoint_simulated_67_surface0.pcd,Testing,2.002436399459839,1.889073133468628,0.11336326599121094
181,TH0011AV/viewpoint_simulated_68_surface0.pcd,Testing,2.0598366260528564,1.9962272644042969,0.06360936164855957
182,TH0011AV/viewpoint_simulated_69_surface0.pcd,Testing,2.032975673675537,2.058229446411133,0.025253772735595703
183,TH0011AV/viewpoint_simulated_7_surface0.pcd,Testing,1.8470697402954102,1.9783638715744019,0.1312941312789917
184,TH0011AV/viewpoint_simulated_70_surface0.pcd,Testing,1.9771413803100586,2.033597707748413,0.05645632743835449
185,TH0011AV/viewpoint_simulated_71_surface0.pcd,Testing,1.9802426099777222,2.069131851196289,0.0888892412185669
186,TH0011AV/viewpoint_simulated_72_surface0.pcd,Testing,1.8507928848266602,2.03544282913208,0.18464994430541992
187,TH0011AV/viewpoint_simulated_73_surface0.pcd,Testing,1.9773051738739014,1.9979737997055054,0.020668625831604004
188,TH0011AV/viewpoint_simulated_74_surface0.pcd,Testing,1.9945671558380127,1.991188883781433,0.00337827205657959
189,TH0011AV/viewpoint_simulated_75_surface0.pcd,Testing,1.865983247756958,1.9710489511489868,0.10506570339202881
190,TH0011AV/viewpoint_simulated_76_surface0.pcd,Testing,1.9416652917861938,1.9614943265914917,0.01982903480529785
191,TH0011AV/viewpoint_simulated_77_surface0.pcd,Testing,2.084231376647949,1.9625115394592285,0.1217198371887207
192,TH0011AV/viewpoint_simulated_78_surface0.pcd,Testing,2.025904893875122,1.9846771955490112,0.04122769832611084
193,TH0011AV/viewpoint_simulated_79_surface0.pcd,Testing,1.991147756576538,1.975654125213623,0.015493631362915039
194,TH0011AV/viewpoint_simulated_8_surface0.pcd,Testing,1.9670106172561646,1.9800827503204346,0.01307213306427002
195,TH0011AV/viewpoint_simulated_80_surface0.pcd,Testing,2.004525661468506,1.9928184747695923,0.011707186698913574
196,TH0011AV/viewpoint_simulated_81_surface0.pcd,Testing,2.0395967960357666,1.9864068031311035,0.053189992904663086
197,TH0011AV/viewpoint_simulated_82_surface0.pcd,Testing,2.058906078338623,2.0111701488494873,0.04773592948913574
198,TH0011AV/viewpoint_simulated_83_surface0.pcd,Testing,1.969770073890686,2.0315709114074707,0.06180083751678467
199,TH0011AV/viewpoint_simulated_84_surface0.pcd,Testing,2.1169142723083496,2.0099685192108154,0.10694575309753418
200,TH0011AV/viewpoint_simulated_85_surface0.pcd,Testing,1.959421992301941,1.9791584014892578,0.019736409187316895
201,TH0011AV/viewpoint_simulated_86_surface0.pcd,Testing,1.9632692337036133,1.9827865362167358,0.01951730251312256
202,TH0011AV/viewpoint_simulated_87_surface0.pcd,Testing,1.9598562717437744,1.967537760734558,0.007681488990783691
203,TH0011AV/viewpoint_simulated_88_surface0.pcd,Testing,1.9803310632705688,1.9224292039871216,0.057901859283447266
204,TH0011AV/viewpoint_simulated_89_surface0.pcd,Testing,1.9627586603164673,1.9178853034973145,0.04487335681915283
205,TH0011AV/viewpoint_simulated_9_surface0.pcd,Testing,1.9897466897964478,1.9888405799865723,0.0009061098098754883
206,TH0011AV/viewpoint_simulated_90_surface0.pcd,Testing,2.0013697147369385,1.9256445169448853,0.07572519779205322
207,TH0011AV/viewpoint_simulated_91_surface0.pcd,Testing,2.002100706100464,1.937219500541687,0.06488120555877686
208,TH0011AV/viewpoint_simulated_92_surface0.pcd,Testing,2.0044541358947754,1.9837533235549927,0.020700812339782715
209,TH0011AV/viewpoint_simulated_93_surface0.pcd,Testing,2.024678945541382,2.013791561126709,0.010887384414672852
210,TH0011AV/viewpoint_simulated_94_surface0.pcd,Testing,1.9521008729934692,2.05889892578125,0.10679805278778076
211,TH0011AV/viewpoint_simulated_95_surface0.pcd,Testing,1.8560800552368164,2.057507038116455,0.20142698287963867
212,TH0011AV/viewpoint_simulated_96_surface0.pcd,Testing,2.0843701362609863,2.017033100128174,0.0673370361328125
213,TH0011AV/viewpoint_simulated_97_surface0.pcd,Testing,2.0984067916870117,2.012606143951416,0.0858006477355957
214,TH0011AV/viewpoint_simulated_98_surface0.pcd,Testing,2.1913952827453613,1.9958148002624512,0.19558048248291016
215,TH0011AV/viewpoint_simulated_99_surface0.pcd,Testing,2.026698350906372,1.9655662775039673,0.061132073402404785
216,TH0011AV/viewpoint_simulated_0_surface1.pcd,Testing,2.1267075538635254,2.187913417816162,0.06120586395263672
217,TH0011AV/viewpoint_simulated_1_surface1.pcd,Testing,2.1186563968658447,2.2275776863098145,0.10892128944396973
218,TH0011AV/viewpoint_simulated_10_surface1.pcd,Testing,2.2086589336395264,2.1793432235717773,0.029315710067749023
219,TH0011AV/viewpoint_simulated_100_surface1.pcd,Testing,2.1497488021850586,2.2171902656555176,0.06744146347045898
220,TH0011AV/viewpoint_simulated_101_surface1.pcd,Testing,2.1050426959991455,2.2233550548553467,0.11831235885620117
221,TH0011AV/viewpoint_simulated_102_surface1.pcd,Testing,2.170283317565918,2.2024974822998047,0.03221416473388672
222,TH0011AV/viewpoint_simulated_103_surface1.pcd,Testing,2.1898200511932373,2.150080680847168,0.039739370346069336
223,TH0011AV/viewpoint_simulated_104_surface1.pcd,Testing,2.1064462661743164,2.0985424518585205,0.007903814315795898
224,TH0011AV/viewpoint_simulated_105_surface1.pcd,Testing,2.170081853866577,2.106146812438965,0.0639350414276123
225,TH0011AV/viewpoint_simulated_106_surface1.pcd,Testing,2.0759875774383545,2.1138482093811035,0.03786063194274902
226,TH0011AV/viewpoint_simulated_107_surface1.pcd,Testing,2.109476327896118,2.1401917934417725,0.030715465545654297
227,TH0011AV/viewpoint_simulated_108_surface1.pcd,Testing,2.1948459148406982,2.2011122703552246,0.006266355514526367
228,TH0011AV/viewpoint_simulated_109_surface1.pcd,Testing,2.147848129272461,2.1150994300842285,0.03274869918823242
229,TH0011AV/viewpoint_simulated_11_surface1.pcd,Testing,2.089596748352051,2.1331839561462402,0.04358720779418945
230,TH0011AV/viewpoint_simulated_110_surface1.pcd,Testing,2.1607425212860107,2.1633481979370117,0.0026056766510009766
231,TH0011AV/viewpoint_simulated_111_surface1.pcd,Testing,2.276218891143799,2.233008623123169,0.04321026802062988
232,TH0011AV/viewpoint_simulated_112_surface1.pcd,Testing,2.1659433841705322,2.1889536380767822,0.02301025390625
233,TH0011AV/viewpoint_simulated_113_surface1.pcd,Testing,2.102318048477173,2.201298952102661,0.09898090362548828
234,TH0011AV/viewpoint_simulated_114_surface1.pcd,Testing,2.1378955841064453,2.157013177871704,0.01911759376525879
235,TH0011AV/viewpoint_simulated_115_surface1.pcd,Testing,2.115022659301758,2.151324987411499,0.03630232810974121
236,TH0011AV/viewpoint_simulated_116_surface1.pcd,Testing,2.2103288173675537,2.1122512817382812,0.09807753562927246
237,TH0011AV/viewpoint_simulated_117_surface1.pcd,Testing,2.037952184677124,2.063774585723877,0.02582240104675293
238,TH0011AV/viewpoint_simulated_118_surface1.pcd,Testing,2.071164846420288,2.1102638244628906,0.03909897804260254
239,TH0011AV/viewpoint_simulated_119_surface1.pcd,Testing,2.3366355895996094,2.121382236480713,0.21525335311889648
240,TH0011AV/viewpoint_simulated_12_surface1.pcd,Testing,2.2356793880462646,2.22184419631958,0.01383519172668457
241,TH0011AV/viewpoint_simulated_120_surface1.pcd,Testing,2.256575584411621,2.1738028526306152,0.08277273178100586
242,TH0011AV/viewpoint_simulated_121_surface1.pcd,Testing,2.1613516807556152,2.111234664916992,0.05011701583862305
243,TH0011AV/viewpoint_simulated_122_surface1.pcd,Testing,2.298771381378174,2.113210439682007,0.185560941696167
244,TH0011AV/viewpoint_simulated_123_surface1.pcd,Testing,2.1258418560028076,2.1747899055480957,0.048948049545288086
245,TH0011AV/viewpoint_simulated_124_surface1.pcd,Testing,2.1471376419067383,2.109877109527588,0.03726053237915039
246,TH0011AV/viewpoint_simulated_125_surface1.pcd,Testing,2.12852144241333,2.125504493713379,0.003016948699951172
247,TH0011AV/viewpoint_simulated_126_surface1.pcd,Testing,2.1378157138824463,2.1130828857421875,0.02473282814025879
248,TH0011AV/viewpoint_simulated_127_surface1.pcd,Testing,2.1588969230651855,2.1523356437683105,0.006561279296875
249,TH0011AV/viewpoint_simulated_128_surface1.pcd,Testing,2.2182509899139404,2.1606802940368652,0.057570695877075195
250,TH0011AV/viewpoint_simulated_129_surface1.pcd,Testing,2.2184031009674072,2.1073122024536133,0.11109089851379395
251,TH0011AV/viewpoint_simulated_13_surface1.pcd,Testing,2.0853891372680664,2.2170467376708984,0.13165760040283203
252,TH0011AV/viewpoint_simulated_130_surface1.pcd,Testing,2.005291223526001,2.141134738922119,0.13584351539611816
253,TH0011AV/viewpoint_simulated_131_surface1.pcd,Testing,2.139143705368042,2.1706840991973877,0.0315403938293457
254,TH0011AV/viewpoint_simulated_132_surface1.pcd,Testing,2.217893600463867,2.121537446975708,0.09635615348815918
255,TH0011AV/viewpoint_simulated_133_surface1.pcd,Testing,2.4657766819000244,2.1192286014556885,0.34654808044433594
256,TH0011AV/viewpoint_simulated_134_surface1.pcd,Testing,2.1006739139556885,2.1601269245147705,0.05945301055908203
257,TH0011AV/viewpoint_simulated_135_surface1.pcd,Testing,2.1878395080566406,2.1183018684387207,0.06953763961791992
258,TH0011AV/viewpoint_simulated_136_surface1.pcd,Testing,2.090130567550659,2.1268744468688965,0.036743879318237305
259,TH0011AV/viewpoint_simulated_137_surface1.pcd,Testing,2.228736162185669,2.070091485977173,0.1586446762084961
260,TH0011AV/viewpoint_simulated_138_surface1.pcd,Testing,2.2625532150268555,2.09542179107666,0.1671314239501953
261,TH0011AV/viewpoint_simulated_139_surface1.pcd,Testing,2.1064693927764893,2.116774082183838,0.010304689407348633
262,TH0011AV/viewpoint_simulated_14_surface1.pcd,Testing,2.111217737197876,2.229529857635498,0.11831212043762207
263,TH0011AV/viewpoint_simulated_140_surface1.pcd,Testing,2.2723004817962646,2.1729636192321777,0.09933686256408691
264,TH0011AV/viewpoint_simulated_141_surface1.pcd,Testing,2.166478395462036,2.1068663597106934,0.05961203575134277
265,TH0011AV/viewpoint_simulated_142_surface1.pcd,Testing,2.1344876289367676,2.158700704574585,0.024213075637817383
266,TH0011AV/viewpoint_simulated_143_surface1.pcd,Testing,2.212822675704956,2.178316593170166,0.03450608253479004
267,TH0011AV/viewpoint_simulated_144_surface1.pcd,Testing,2.208639144897461,2.194507598876953,0.014131546020507812
268,TH0011AV/viewpoint_simulated_145_surface1.pcd,Testing,2.0038869380950928,2.2192792892456055,0.2153923511505127
269,TH0011AV/viewpoint_simulated_146_surface1.pcd,Testing,2.1465909481048584,2.214993476867676,0.06840252876281738
270,TH0011AV/viewpoint_simulated_147_surface1.pcd,Testing,2.072019577026367,2.2269058227539062,0.15488624572753906
271,TH0011AV/viewpoint_simulated_148_surface1.pcd,Testing,2.150733232498169,2.2266058921813965,0.07587265968322754
272,TH0011AV/viewpoint_simulated_149_surface1.pcd,Testing,2.1333436965942383,2.2348575592041016,0.10151386260986328
273,TH0011AV/viewpoint_simulated_15_surface1.pcd,Testing,2.05019211769104,2.2399051189422607,0.1897130012512207
274,TH0011AV/viewpoint_simulated_150_surface1.pcd,Testing,2.0501034259796143,2.215425968170166,0.16532254219055176
275,TH0011AV/viewpoint_simulated_151_surface1.pcd,Testing,2.2352635860443115,2.1994447708129883,0.03581881523132324
276,TH0011AV/viewpoint_simulated_152_surface1.pcd,Testing,2.2302193641662598,2.1380441188812256,0.09217524528503418
277,TH0011AV/viewpoint_simulated_153_surface1.pcd,Testing,2.2165350914001465,2.231917381286621,0.01538228988647461
278,TH0011AV/viewpoint_simulated_154_surface1.pcd,Testing,2.144052505493164,2.1698389053344727,0.025786399841308594
279,TH0011AV/viewpoint_simulated_155_surface1.pcd,Testing,2.006132125854492,2.160274028778076,0.15414190292358398
280,TH0011AV/viewpoint_simulated_156_surface1.pcd,Testing,2.265341281890869,2.180556297302246,0.08478498458862305
281,TH0011AV/viewpoint_simulated_157_surface1.pcd,Testing,2.105325222015381,2.213606595993042,0.10828137397766113
282,TH0011AV/viewpoint_simulated_158_surface1.pcd,Testing,2.250897169113159,2.2197368144989014,0.031160354614257812
283,TH0011AV/viewpoint_simulated_159_surface1.pcd,Testing,2.1144790649414062,2.244713306427002,0.1302342414855957
284,TH0011AV/viewpoint_simulated_16_surface1.pcd,Testing,2.0333991050720215,2.2342684268951416,0.20086932182312012
285,TH0011AV/viewpoint_simulated_160_surface1.pcd,Testing,2.086350202560425,2.2288455963134766,0.14249539375305176
286,TH0011AV/viewpoint_simulated_161_surface1.pcd,Testing,2.131739616394043,2.2369728088378906,0.10523319244384766
287,TH0011AV/viewpoint_simulated_162_surface1.pcd,Testing,2.0523104667663574,2.214108943939209,0.16179847717285156
288,TH0011AV/viewpoint_simulated_163_surface1.pcd,Testing,2.012524366378784,2.175323963165283,0.16279959678649902
289,TH0011AV/viewpoint_simulated_164_surface1.pcd,Testing,2.104320526123047,2.132901191711426,0.028580665588378906
290,TH0011AV/viewpoint_simulated_165_surface1.pcd,Testing,2.0614306926727295,2.1613762378692627,0.0999455451965332
291,TH0011AV/viewpoint_simulated_166_surface1.pcd,Testing,2.041217565536499,2.1335833072662354,0.09236574172973633
292,TH0011AV/viewpoint_simulated_167_surface1.pcd,Testing,2.1935880184173584,2.151124954223633,0.042463064193725586
293,TH0011AV/viewpoint_simulated_168_surface1.pcd,Testing,2.182924747467041,2.126909017562866,0.056015729904174805
294,TH0011AV/viewpoint_simulated_169_surface1.pcd,Testing,2.0008115768432617,2.166867733001709,0.16605615615844727
295,TH0011AV/viewpoint_simulated_17_surface1.pcd,Testing,2.1719307899475098,2.2386474609375,0.06671667098999023
296,TH0011AV/viewpoint_simulated_170_surface1.pcd,Testing,2.1862504482269287,2.2154364585876465,0.029186010360717773
297,TH0011AV/viewpoint_simulated_171_surface1.pcd,Testing,2.2096705436706543,2.2433009147644043,0.03363037109375
298,TH0011AV/viewpoint_simulated_172_surface1.pcd,Testing,2.1660659313201904,2.2067651748657227,0.04069924354553223
299,TH0011AV/viewpoint_simulated_173_surface1.pcd,Testing,2.023819923400879,2.2068827152252197,0.18306279182434082
300,TH0011AV/viewpoint_simulated_174_surface1.pcd,Testing,2.1603710651397705,2.191315174102783,0.030944108963012695
301,TH0011AV/viewpoint_simulated_175_surface1.pcd,Testing,2.0370726585388184,2.145747184753418,0.10867452621459961
302,TH0011AV/viewpoint_simulated_176_surface1.pcd,Testing,2.1817126274108887,2.1160244941711426,0.0656881332397461
303,TH0011AV/viewpoint_simulated_177_surface1.pcd,Testing,2.242337226867676,2.089909791946411,0.15242743492126465
304,TH0011AV/viewpoint_simulated_178_surface1.pcd,Testing,2.139228582382202,2.1160244941711426,0.02320408821105957
305,TH0011AV/viewpoint_simulated_179_surface1.pcd,Testing,2.2118704319000244,2.1334123611450195,0.07845807075500488
306,TH0011AV/viewpoint_simulated_18_surface1.pcd,Testing,2.2581965923309326,2.245668888092041,0.012527704238891602
307,TH0011AV/viewpoint_simulated_180_surface1.pcd,Testing,2.060647964477539,2.2042922973632812,0.1436443328857422
308,TH0011AV/viewpoint_simulated_181_surface1.pcd,Testing,2.3105902671813965,2.1114351749420166,0.19915509223937988
309,TH0011AV/viewpoint_simulated_182_surface1.pcd,Testing,2.095693826675415,2.1890830993652344,0.09338927268981934
310,TH0011AV/viewpoint_simulated_183_surface1.pcd,Testing,2.19083571434021,2.2119266986846924,0.021090984344482422
311,TH0011AV/viewpoint_simulated_184_surface1.pcd,Testing,2.099701404571533,2.177694797515869,0.07799339294433594
312,TH0011AV/viewpoint_simulated_185_surface1.pcd,Testing,2.139716625213623,2.1832332611083984,0.04351663589477539
313,TH0011AV/viewpoint_simulated_186_surface1.pcd,Testing,2.003302812576294,2.1601314544677734,0.1568286418914795
314,TH0011AV/viewpoint_simulated_187_surface1.pcd,Testing,2.206109046936035,2.143040180206299,0.06306886672973633
315,TH0011AV/viewpoint_simulated_188_surface1.pcd,Testing,2.1535487174987793,2.1048684120178223,0.04868030548095703
316,TH0011AV/viewpoint_simulated_189_surface1.pcd,Testing,2.219468355178833,2.0858893394470215,0.13357901573181152
317,TH0011AV/viewpoint_simulated_19_surface1.pcd,Testing,2.250525712966919,2.2122573852539062,0.038268327713012695
318,TH0011AV/viewpoint_simulated_190_surface1.pcd,Testing,2.034254550933838,2.1473727226257324,0.11311817169189453
319,TH0011AV/viewpoint_simulated_191_surface1.pcd,Testing,2.269226551055908,2.127129077911377,0.14209747314453125
320,TH0011AV/viewpoint_simulated_192_surface1.pcd,Testing,2.249711751937866,2.1750268936157227,0.07468485832214355
321,TH0011AV/viewpoint_simulated_193_surface1.pcd,Testing,2.157802104949951,2.0929408073425293,0.06486129760742188
322,TH0011AV/viewpoint_simulated_194_surface1.pcd,Testing,2.0622239112854004,2.1186141967773438,0.05639028549194336
323,TH0011AV/viewpoint_simulated_195_surface1.pcd,Testing,2.270646572113037,2.1677863597869873,0.1028602123260498
324,TH0011AV/viewpoint_simulated_196_surface1.pcd,Testing,2.099731922149658,2.1075801849365234,0.007848262786865234
325,TH0011AV/viewpoint_simulated_197_surface1.pcd,Testing,2.072631359100342,2.117724895477295,0.045093536376953125
326,TH0011AV/viewpoint_simulated_198_surface1.pcd,Testing,2.1290204524993896,2.132781982421875,0.0037615299224853516
327,TH0011AV/viewpoint_simulated_199_surface1.pcd,Testing,2.197157621383667,2.1114566326141357,0.08570098876953125
328,TH0011AV/viewpoint_simulated_2_surface1.pcd,Testing,2.0738046169281006,2.2213387489318848,0.14753413200378418
329,TH0011AV/viewpoint_simulated_20_surface1.pcd,Testing,2.217758893966675,2.161637306213379,0.0561215877532959
330,TH0011AV/viewpoint_simulated_200_surface1.pcd,Testing,2.2814934253692627,2.147897243499756,0.13359618186950684
331,TH0011AV/viewpoint_simulated_201_surface1.pcd,Testing,2.2890608310699463,2.096492052078247,0.19256877899169922
332,TH0011AV/viewpoint_simulated_202_surface1.pcd,Testing,2.1546452045440674,2.1606125831604004,0.005967378616333008
333,TH0011AV/viewpoint_simulated_203_surface1.pcd,Testing,2.2088916301727295,2.209404230117798,0.0005125999450683594
334,TH0011AV/viewpoint_simulated_204_surface1.pcd,Testing,2.100806474685669,2.14475417137146,0.043947696685791016
335,TH0011AV/viewpoint_simulated_205_surface1.pcd,Testing,2.1842923164367676,2.113931655883789,0.07036066055297852
336,TH0011AV/viewpoint_simulated_206_surface1.pcd,Testing,2.133690357208252,2.2277731895446777,0.09408283233642578
337,TH0011AV/viewpoint_simulated_207_surface1.pcd,Testing,2.0941333770751953,2.1298646926879883,0.03573131561279297
338,TH0011AV/viewpoint_simulated_208_surface1.pcd,Testing,1.9936635494232178,2.1254420280456543,0.13177847862243652
339,TH0011AV/viewpoint_simulated_209_surface1.pcd,Testing,2.302248954772949,2.0580859184265137,0.24416303634643555
340,TH0011AV/viewpoint_simulated_21_surface1.pcd,Testing,2.138322353363037,2.194932460784912,0.056610107421875
341,TH0011AV/viewpoint_simulated_210_surface1.pcd,Testing,2.1079885959625244,2.1073265075683594,0.0006620883941650391
342,TH0011AV/viewpoint_simulated_211_surface1.pcd,Testing,2.2349629402160645,2.131842613220215,0.10312032699584961
343,TH0011AV/viewpoint_simulated_212_surface1.pcd,Testing,2.234546422958374,2.164625883102417,0.06992053985595703
344,TH0011AV/viewpoint_simulated_213_surface1.pcd,Testing,2.0753157138824463,2.126103401184082,0.05078768730163574
345,TH0011AV/viewpoint_simulated_214_surface1.pcd,Testing,2.2253191471099854,2.1413512229919434,0.08396792411804199
346,TH0011AV/viewpoint_simulated_215_surface1.pcd,Testing,2.069664716720581,2.1828198432922363,0.11315512657165527
347,TH0011AV/viewpoint_simulated_22_surface1.pcd,Testing,2.200296640396118,2.155318021774292,0.04497861862182617
348,TH0011AV/viewpoint_simulated_23_surface1.pcd,Testing,2.0789952278137207,2.1907460689544678,0.11175084114074707
349,TH0011AV/viewpoint_simulated_24_surface1.pcd,Testing,2.2271218299865723,2.1117000579833984,0.11542177200317383
350,TH0011AV/viewpoint_simulated_25_surface1.pcd,Testing,2.107595682144165,2.1963424682617188,0.08874678611755371
351,TH0011AV/viewpoint_simulated_26_surface1.pcd,Testing,2.1625869274139404,2.2210540771484375,0.05846714973449707
352,TH0011AV/viewpoint_simulated_27_surface1.pcd,Testing,2.1164069175720215,2.2473220825195312,0.13091516494750977
353,TH0011AV/viewpoint_simulated_28_surface1.pcd,Testing,2.2574141025543213,2.234761953353882,0.022652149200439453
354,TH0011AV/viewpoint_simulated_29_surface1.pcd,Testing,2.1660256385803223,2.2167000770568848,0.0506744384765625
355,TH0011AV/viewpoint_simulated_3_surface1.pcd,Testing,2.040937900543213,2.223543167114258,0.18260526657104492
356,TH0011AV/viewpoint_simulated_30_surface1.pcd,Testing,2.132159948348999,2.2089545726776123,0.07679462432861328
357,TH0011AV/viewpoint_simulated_31_surface1.pcd,Testing,2.162338972091675,2.1388015747070312,0.023537397384643555
358,TH0011AV/viewpoint_simulated_32_surface1.pcd,Testing,2.2657759189605713,2.1099114418029785,0.15586447715759277
359,TH0011AV/viewpoint_simulated_33_surface1.pcd,Testing,2.199223518371582,2.1254444122314453,0.07377910614013672
360,TH0011AV/viewpoint_simulated_34_surface1.pcd,Testing,2.2166247367858887,2.1166868209838867,0.09993791580200195
361,TH0011AV/viewpoint_simulated_35_surface1.pcd,Testing,2.1448216438293457,2.1272597312927246,0.017561912536621094
362,TH0011AV/viewpoint_simulated_36_surface1.pcd,Testing,2.232591152191162,2.12020206451416,0.11238908767700195
363,TH0011AV/viewpoint_simulated_37_surface1.pcd,Testing,2.139313220977783,2.0983829498291016,0.04093027114868164
364,TH0011AV/viewpoint_simulated_38_surface1.pcd,Testing,2.074385643005371,2.191756248474121,0.11737060546875
365,TH0011AV/viewpoint_simulated_39_surface1.pcd,Testing,2.1739180088043213,2.2374677658081055,0.06354975700378418
366,TH0011AV/viewpoint_simulated_4_surface1.pcd,Testing,2.1935131549835205,2.235267162322998,0.04175400733947754
367,TH0011AV/viewpoint_simulated_40_surface1.pcd,Testing,2.1802845001220703,2.186788558959961,0.006504058837890625
368,TH0011AV/viewpoint_simulated_41_surface1.pcd,Testing,2.1555168628692627,2.20355486869812,0.04803800582885742
369,TH0011AV/viewpoint_simulated_42_surface1.pcd,Testing,2.100802421569824,2.169801712036133,0.0689992904663086
370,TH0011AV/viewpoint_simulated_43_surface1.pcd,Testing,2.235259532928467,2.1266918182373047,0.10856771469116211
371,TH0011AV/viewpoint_simulated_44_surface1.pcd,Testing,2.070492744445801,2.0915169715881348,0.021024227142333984
372,TH0011AV/viewpoint_simulated_45_surface1.pcd,Testing,2.2476086616516113,2.0857741832733154,0.1618344783782959
373,TH0011AV/viewpoint_simulated_46_surface1.pcd,Testing,2.125394344329834,2.1069693565368652,0.01842498779296875
374,TH0011AV/viewpoint_simulated_47_surface1.pcd,Testing,2.111398458480835,2.1136107444763184,0.0022122859954833984
375,TH0011AV/viewpoint_simulated_48_surface1.pcd,Testing,2.154798746109009,2.1270556449890137,0.027743101119995117
376,TH0011AV/viewpoint_simulated_49_surface1.pcd,Testing,2.0218300819396973,2.0906505584716797,0.06882047653198242
377,TH0011AV/viewpoint_simulated_5_surface1.pcd,Testing,2.0367228984832764,2.238243579864502,0.20152068138122559
378,TH0011AV/viewpoint_simulated_50_surface1.pcd,Testing,2.068828582763672,2.133437156677246,0.06460857391357422
379,TH0011AV/viewpoint_simulated_51_surface1.pcd,Testing,2.237246513366699,2.1834840774536133,0.05376243591308594
380,TH0011AV/viewpoint_simulated_52_surface1.pcd,Testing,2.233248710632324,2.130601167678833,0.10264754295349121
381,TH0011AV/viewpoint_simulated_53_surface1.pcd,Testing,2.2044379711151123,2.148792028427124,0.05564594268798828
382,TH0011AV/viewpoint_simulated_54_surface1.pcd,Testing,2.185914993286133,2.1338448524475098,0.05207014083862305
383,TH0011AV/viewpoint_simulated_55_surface1.pcd,Testing,2.268839120864868,2.133415699005127,0.1354234218597412
384,TH0011AV/viewpoint_simulated_56_surface1.pcd,Testing,2.1153910160064697,2.143435478210449,0.028044462203979492
385,TH0011AV/viewpoint_simulated_57_surface1.pcd,Testing,2.1880717277526855,2.1350018978118896,0.0530698299407959
386,TH0011AV/viewpoint_simulated_58_surface1.pcd,Testing,2.2425754070281982,2.1404898166656494,0.10208559036254883
387,TH0011AV/viewpoint_simulated_59_surface1.pcd,Testing,2.273951768875122,2.171558380126953,0.10239338874816895
388,TH0011AV/viewpoint_simulated_6_surface1.pcd,Testing,2.161008834838867,2.2125415802001953,0.051532745361328125
389,TH0011AV/viewpoint_simulated_60_surface1.pcd,Testing,2.2342638969421387,2.117699146270752,0.11656475067138672
390,TH0011AV/viewpoint_simulated_61_surface1.pcd,Testing,2.1639063358306885,2.072859287261963,0.09104704856872559
391,TH0011AV/viewpoint_simulated_62_surface1.pcd,Testing,2.4069104194641113,2.1103532314300537,0.2965571880340576
392,TH0011AV/viewpoint_simulated_63_surface1.pcd,Testing,2.0735371112823486,2.127286434173584,0.05374932289123535
393,TH0011AV/viewpoint_simulated_64_surface1.pcd,Testing,2.240156650543213,2.141303062438965,0.09885358810424805
394,TH0011AV/viewpoint_simulated_65_surface1.pcd,Testing,2.1507718563079834,2.0835120677948,0.0672597885131836
395,TH0011AV/viewpoint_simulated_66_surface1.pcd,Testing,2.1657402515411377,2.096003770828247,0.06973648071289062
396,TH0011AV/viewpoint_simulated_67_surface1.pcd,Testing,2.146456480026245,2.159306287765503,0.012849807739257812
397,TH0011AV/viewpoint_simulated_68_surface1.pcd,Testing,2.1210556030273438,2.156123161315918,0.03506755828857422
398,TH0011AV/viewpoint_simulated_69_surface1.pcd,Testing,2.0988378524780273,2.1377010345458984,0.038863182067871094
399,TH0011AV/viewpoint_simulated_7_surface1.pcd,Testing,2.025550603866577,2.1717028617858887,0.14615225791931152
400,TH0011AV/viewpoint_simulated_70_surface1.pcd,Testing,2.2121479511260986,2.1168503761291504,0.09529757499694824
401,TH0011AV/viewpoint_simulated_71_surface1.pcd,Testing,2.160937786102295,2.1795973777770996,0.018659591674804688
402,TH0011AV/viewpoint_simulated_72_surface1.pcd,Testing,2.119447708129883,2.2049646377563477,0.08551692962646484
403,TH0011AV/viewpoint_simulated_73_surface1.pcd,Testing,2.050368547439575,2.218541145324707,0.16817259788513184
404,TH0011AV/viewpoint_simulated_74_surface1.pcd,Testing,2.127695322036743,2.2311551570892334,0.10345983505249023
405,TH0011AV/viewpoint_simulated_75_surface1.pcd,Testing,2.035186767578125,2.2217254638671875,0.1865386962890625
406,TH0011AV/viewpoint_simulated_76_surface1.pcd,Testing,2.160991907119751,2.224815607070923,0.06382369995117188
407,TH0011AV/viewpoint_simulated_77_surface1.pcd,Testing,2.0669984817504883,2.217135190963745,0.15013670921325684
408,TH0011AV/viewpoint_simulated_78_surface1.pcd,Testing,2.1069281101226807,2.2224433422088623,0.11551523208618164
409,TH0011AV/viewpoint_simulated_79_surface1.pcd,Testing,2.0695300102233887,2.1720824241638184,0.10255241394042969
410,TH0011AV/viewpoint_simulated_8_surface1.pcd,Testing,2.194004535675049,2.196000099182129,0.001995563507080078
411,TH0011AV/viewpoint_simulated_80_surface1.pcd,Testing,2.1897592544555664,2.1922736167907715,0.002514362335205078
412,TH0011AV/viewpoint_simulated_81_surface1.pcd,Testing,2.105578660964966,2.2276949882507324,0.1221163272857666
413,TH0011AV/viewpoint_simulated_82_surface1.pcd,Testing,2.1380176544189453,2.1694419384002686,0.03142428398132324
414,TH0011AV/viewpoint_simulated_83_surface1.pcd,Testing,2.109271764755249,2.1559202671051025,0.046648502349853516
415,TH0011AV/viewpoint_simulated_84_surface1.pcd,Testing,2.119684934616089,2.1479411125183105,0.02825617790222168
416,TH0011AV/viewpoint_simulated_85_surface1.pcd,Testing,2.1788272857666016,2.2175135612487793,0.038686275482177734
417,TH0011AV/viewpoint_simulated_86_surface1.pcd,Testing,2.049873113632202,2.2129409313201904,0.16306781768798828
418,TH0011AV/viewpoint_simulated_87_surface1.pcd,Testing,2.1763274669647217,2.253965377807617,0.07763791084289551
419,TH0011AV/viewpoint_simulated_88_surface1.pcd,Testing,2.183277130126953,2.2181692123413086,0.03489208221435547
420,TH0011AV/viewpoint_simulated_89_surface1.pcd,Testing,2.0494801998138428,2.23286509513855,0.18338489532470703
421,TH0011AV/viewpoint_simulated_9_surface1.pcd,Testing,2.2245562076568604,2.2254176139831543,0.0008614063262939453
422,TH0011AV/viewpoint_simulated_90_surface1.pcd,Testing,2.068448781967163,2.167809009552002,0.09936022758483887
423,TH0011AV/viewpoint_simulated_91_surface1.pcd,Testing,2.031270742416382,2.184185266494751,0.15291452407836914
424,TH0011AV/viewpoint_simulated_92_surface1.pcd,Testing,2.0540413856506348,2.133584499359131,0.0795431137084961
425,TH0011AV/viewpoint_simulated_93_surface1.pcd,Testing,2.124896287918091,2.1801133155822754,0.05521702766418457
426,TH0011AV/viewpoint_simulated_94_surface1.pcd,Testing,2.2422406673431396,2.1276865005493164,0.11455416679382324
427,TH0011AV/viewpoint_simulated_95_surface1.pcd,Testing,2.1989331245422363,2.1373934745788574,0.061539649963378906
428,TH0011AV/viewpoint_simulated_96_surface1.pcd,Testing,2.1561849117279053,2.128232717514038,0.027952194213867188
429,TH0011AV/viewpoint_simulated_97_surface1.pcd,Testing,2.1706840991973877,2.192397356033325,0.0217132568359375
430,TH0011AV/viewpoint_simulated_98_surface1.pcd,Testing,2.2557179927825928,2.2076735496520996,0.048044443130493164
431,TH0011AV/viewpoint_simulated_99_surface1.pcd,Testing,2.227327346801758,2.2505784034729004,0.023251056671142578
432,TH0012AV/viewpoint_simulated_0_surface0.pcd,Testing,1.9299508333206177,2.031451940536499,0.10150110721588135
433,TH0012AV/viewpoint_simulated_1_surface0.pcd,Testing,1.9893535375595093,2.042912244796753,0.05355870723724365
434,TH0012AV/viewpoint_simulated_10_surface0.pcd,Testing,2.082723617553711,2.0579240322113037,0.024799585342407227
435,TH0012AV/viewpoint_simulated_100_surface0.pcd,Testing,1.9694883823394775,1.9771398305892944,0.0076514482498168945
436,TH0012AV/viewpoint_simulated_101_surface0.pcd,Testing,1.9775867462158203,1.896855354309082,0.08073139190673828
437,TH0012AV/viewpoint_simulated_102_surface0.pcd,Testing,1.9750667810440063,1.8907767534255981,0.0842900276184082
438,TH0012AV/viewpoint_simulated_103_surface0.pcd,Testing,2.0201950073242188,1.9222148656845093,0.09798014163970947
439,TH0012AV/viewpoint_simulated_104_surface0.pcd,Testing,2.0641157627105713,1.97431218624115,0.08980357646942139
440,TH0012AV/viewpoint_simulated_105_surface0.pcd,Testing,2.04528546333313,2.0294899940490723,0.015795469284057617
441,TH0012AV/viewpoint_simulated_106_surface0.pcd,Testing,1.9177086353302002,2.098529100418091,0.18082046508789062
442,TH0012AV/viewpoint_simulated_107_surface0.pcd,Testing,2.0146915912628174,2.0957839488983154,0.08109235763549805
443,TH0012AV/viewpoint_simulated_108_surface0.pcd,Testing,2.080533027648926,2.02262806892395,0.057904958724975586
444,TH0012AV/viewpoint_simulated_109_surface0.pcd,Testing,2.1044366359710693,2.062483787536621,0.04195284843444824
445,TH0012AV/viewpoint_simulated_11_surface0.pcd,Testing,1.92231285572052,2.033562421798706,0.11124956607818604
446,TH0012AV/viewpoint_simulated_110_surface0.pcd,Testing,2.0738577842712402,2.0444765090942383,0.029381275177001953
447,TH0012AV/viewpoint_simulated_111_surface0.pcd,Testing,1.9884580373764038,2.0212059020996094,0.032747864723205566
448,TH0012AV/viewpoint_simulated_112_surface0.pcd,Testing,2.007277250289917,2.0068440437316895,0.00043320655822753906
449,TH0012AV/viewpoint_simulated_113_surface0.pcd,Testing,2.0921103954315186,1.8942567110061646,0.197853684425354
450,TH0012AV/viewpoint_simulated_114_surface0.pcd,Testing,1.9354772567749023,1.8877257108688354,0.047751545906066895
451,TH0012AV/viewpoint_simulated_115_surface0.pcd,Testing,2.0187838077545166,1.91399085521698,0.10479295253753662
452,TH0012AV/viewpoint_simulated_116_surface0.pcd,Testing,2.0484204292297363,1.9734796285629272,0.07494080066680908
453,TH0012AV/viewpoint_simulated_117_surface0.pcd,Testing,2.1510677337646484,2.0472474098205566,0.1038203239440918
454,TH0012AV/viewpoint_simulated_118_surface0.pcd,Testing,1.963046669960022,2.059215784072876,0.096169114112854
455,TH0012AV/viewpoint_simulated_119_surface0.pcd,Testing,1.9901707172393799,2.0404210090637207,0.05025029182434082
456,TH0012AV/viewpoint_simulated_12_surface0.pcd,Testing,1.9732531309127808,2.042978286743164,0.0697251558303833
457,TH0012AV/viewpoint_simulated_120_surface0.pcd,Testing,2.1437833309173584,2.0955145359039307,0.048268795013427734
458,TH0012AV/viewpoint_simulated_121_surface0.pcd,Testing,2.1081924438476562,2.126025676727295,0.017833232879638672
459,TH0012AV/viewpoint_simulated_122_surface0.pcd,Testing,2.0617291927337646,2.0558524131774902,0.005876779556274414
460,TH0012AV/viewpoint_simulated_123_surface0.pcd,Testing,1.977247953414917,2.0394155979156494,0.06216764450073242
461,TH0012AV/viewpoint_simulated_124_surface0.pcd,Testing,2.083721160888672,2.036306381225586,0.04741477966308594
462,TH0012AV/viewpoint_simulated_125_surface0.pcd,Testing,2.0266988277435303,1.9462062120437622,0.08049261569976807
463,TH0012AV/viewpoint_simulated_126_surface0.pcd,Testing,2.002854585647583,1.8972963094711304,0.10555827617645264
464,TH0012AV/viewpoint_simulated_127_surface0.pcd,Testing,2.053013324737549,1.9063044786453247,0.14670884609222412
465,TH0012AV/viewpoint_simulated_128_surface0.pcd,Testing,1.996780514717102,2.0021495819091797,0.005369067192077637
466,TH0012AV/viewpoint_simulated_129_surface0.pcd,Testing,2.0394954681396484,2.0552074909210205,0.01571202278137207
467,TH0012AV/viewpoint_simulated_13_surface0.pcd,Testing,2.0259580612182617,2.003084897994995,0.0228731632232666
468,TH0012AV/viewpoint_simulated_130_surface0.pcd,Testing,2.091606616973877,2.0621018409729004,0.029504776000976562
469,TH0012AV/viewpoint_simulated_131_surface0.pcd,Testing,2.046372652053833,2.0582199096679688,0.011847257614135742
470,TH0012AV/viewpoint_simulated_132_surface0.pcd,Testing,2.0312607288360596,2.1000120639801025,0.06875133514404297
471,TH0012AV/viewpoint_simulated_133_surface0.pcd,Testing,2.092151641845703,2.1192424297332764,0.027090787887573242
472,TH0012AV/viewpoint_simulated_134_surface0.pcd,Testing,2.0774619579315186,2.08034348487854,0.0028815269470214844
473,TH0012AV/viewpoint_simulated_135_surface0.pcd,Testing,2.1068668365478516,2.054483413696289,0.0523834228515625
474,TH0012AV/viewpoint_simulated_136_surface0.pcd,Testing,2.07442045211792,2.0603137016296387,0.01410675048828125
475,TH0012AV/viewpoint_simulated_137_surface0.pcd,Testing,2.096198081970215,1.997518539428711,0.0986795425415039
476,TH0012AV/viewpoint_simulated_138_surface0.pcd,Testing,1.9925835132598877,1.9012888669967651,0.09129464626312256
477,TH0012AV/viewpoint_simulated_139_surface0.pcd,Testing,2.040532112121582,1.9089401960372925,0.13159191608428955
478,TH0012AV/viewpoint_simulated_14_surface0.pcd,Testing,2.0080747604370117,1.9788151979446411,0.029259562492370605
479,TH0012AV/viewpoint_simulated_140_surface0.pcd,Testing,2.129958152770996,1.990124225616455,0.13983392715454102
480,TH0012AV/viewpoint_simulated_141_surface0.pcd,Testing,2.1212222576141357,2.0444629192352295,0.07675933837890625
481,TH0012AV/viewpoint_simulated_142_surface0.pcd,Testing,2.081688165664673,2.061711311340332,0.01997685432434082
482,TH0012AV/viewpoint_simulated_143_surface0.pcd,Testing,1.9736541509628296,2.051830291748047,0.07817614078521729
483,TH0012AV/viewpoint_simulated_144_surface0.pcd,Testing,1.9982211589813232,2.031137466430664,0.03291630744934082
484,TH0012AV/viewpoint_simulated_145_surface0.pcd,Testing,2.123176097869873,2.025452136993408,0.09772396087646484
485,TH0012AV/viewpoint_simulated_146_surface0.pcd,Testing,1.977591633796692,2.0016579627990723,0.02406632900238037
486,TH0012AV/viewpoint_simulated_147_surface0.pcd,Testing,1.9649474620819092,1.9801853895187378,0.015237927436828613
487,TH0012AV/viewpoint_simulated_148_surface0.pcd,Testing,1.9163390398025513,1.9749664068222046,0.05862736701965332
488,TH0012AV/viewpoint_simulated_149_surface0.pcd,Testing,1.9706107378005981,1.9887253046035767,0.018114566802978516
489,TH0012AV/viewpoint_simulated_15_surface0.pcd,Testing,1.9514251947402954,1.9687809944152832,0.017355799674987793
490,TH0012AV/viewpoint_simulated_150_surface0.pcd,Testing,1.9398000240325928,1.9794087409973145,0.03960871696472168
491,TH0012AV/viewpoint_simulated_151_surface0.pcd,Testing,1.9293032884597778,1.9807747602462769,0.05147147178649902
492,TH0012AV/viewpoint_simulated_152_surface0.pcd,Testing,2.020293951034546,1.9845973253250122,0.03569662570953369
493,TH0012AV/viewpoint_simulated_153_surface0.pcd,Testing,1.8942395448684692,2.028402805328369,0.1341632604598999
494,TH0012AV/viewpoint_simulated_154_surface0.pcd,Testing,2.0240650177001953,2.0738019943237305,0.049736976623535156
495,TH0012AV/viewpoint_simulated_155_surface0.pcd,Testing,2.0500917434692383,2.0379858016967773,0.012105941772460938
496,TH0012AV/viewpoint_simulated_156_surface0.pcd,Testing,2.1448912620544434,2.0653491020202637,0.07954216003417969
497,TH0012AV/viewpoint_simulated_157_surface0.pcd,Testing,2.0794174671173096,1.9976850748062134,0.08173239231109619
498,TH0012AV/viewpoint_simulated_158_surface0.pcd,Testing,2.0424113273620605,1.9858876466751099,0.056523680686950684
499,TH0012AV/viewpoint_simulated_159_surface0.pcd,Testing,1.9917367696762085,1.9602487087249756,0.03148806095123291
500,TH0012AV/viewpoint_simulated_16_surface0.pcd,Testing,2.036665201187134,1.9305626153945923,0.1061025857925415
501,TH0012AV/viewpoint_simulated_160_surface0.pcd,Testing,2.0563576221466064,1.9462406635284424,0.11011695861816406
502,TH0012AV/viewpoint_simulated_161_surface0.pcd,Testing,2.0939838886260986,1.9263237714767456,0.16766011714935303
503,TH0012AV/viewpoint_simulated_162_surface0.pcd,Testing,2.0575003623962402,1.9195618629455566,0.1379384994506836
504,TH0012AV/viewpoint_simulated_163_surface0.pcd,Testing,1.9764260053634644,1.9273223876953125,0.049103617668151855
505,TH0012AV/viewpoint_simulated_164_surface0.pcd,Testing,2.0004894733428955,1.9788607358932495,0.021628737449645996
506,TH0012AV/viewpoint_simulated_165_surface0.pcd,Testing,2.0379440784454346,2.030588388442993,0.007355690002441406
507,TH0012AV/viewpoint_simulated_166_surface0.pcd,Testing,2.0077385902404785,2.0856375694274902,0.07789897918701172
508,TH0012AV/viewpoint_simulated_167_surface0.pcd,Testing,2.029888153076172,2.122446060180664,0.09255790710449219
509,TH0012AV/viewpoint_simulated_168_surface0.pcd,Testing,1.9203548431396484,2.0411646366119385,0.12080979347229004
510,TH0012AV/viewpoint_simulated_169_surface0.pcd,Testing,1.9782263040542603,1.9797903299331665,0.00156402587890625
511,TH0012AV/viewpoint_simulated_17_surface0.pcd,Testing,1.9464833736419678,1.9450739622116089,0.0014094114303588867
512,TH0012AV/viewpoint_simulated_170_surface0.pcd,Testing,2.1553139686584473,1.9962607622146606,0.15905320644378662
513,TH0012AV/viewpoint_simulated_171_surface0.pcd,Testing,2.0602805614471436,1.9925051927566528,0.06777536869049072
514,TH0012AV/viewpoint_simulated_172_surface0.pcd,Testing,2.0502171516418457,1.9711074829101562,0.07910966873168945
515,TH0012AV/viewpoint_simulated_173_surface0.pcd,Testing,2.1018624305725098,1.904154658317566,0.19770777225494385
516,TH0012AV/viewpoint_simulated_174_surface0.pcd,Testing,2.021031618118286,1.8999814987182617,0.12105011940002441
517,TH0012AV/viewpoint_simulated_175_surface0.pcd,Testing,1.9395155906677246,1.9185562133789062,0.02095937728881836
518,TH0012AV/viewpoint_simulated_176_surface0.pcd,Testing,1.9530847072601318,1.976276159286499,0.023191452026367188
519,TH0012AV/viewpoint_simulated_177_surface0.pcd,Testing,1.9807192087173462,2.0258941650390625,0.04517495632171631
520,TH0012AV/viewpoint_simulated_178_surface0.pcd,Testing,1.9943972826004028,2.0668587684631348,0.07246148586273193
521,TH0012AV/viewpoint_simulated_179_surface0.pcd,Testing,1.9676328897476196,2.099984884262085,0.13235199451446533
522,TH0012AV/viewpoint_simulated_18_surface0.pcd,Testing,2.03084659576416,1.9218701124191284,0.10897648334503174
523,TH0012AV/viewpoint_simulated_180_surface0.pcd,Testing,1.9568959474563599,2.0293619632720947,0.07246601581573486
524,TH0012AV/viewpoint_simulated_181_surface0.pcd,Testing,1.9510759115219116,2.0143930912017822,0.0633171796798706
525,TH0012AV/viewpoint_simulated_182_surface0.pcd,Testing,2.0169026851654053,2.0195722579956055,0.0026695728302001953
526,TH0012AV/viewpoint_simulated_183_surface0.pcd,Testing,2.0501949787139893,2.029909610748291,0.020285367965698242
527,TH0012AV/viewpoint_simulated_184_surface0.pcd,Testing,2.0133562088012695,2.015024185180664,0.0016679763793945312
528,TH0012AV/viewpoint_simulated_185_surface0.pcd,Testing,2.113278865814209,1.8993326425552368,0.21394622325897217
529,TH0012AV/viewpoint_simulated_186_surface0.pcd,Testing,2.009709596633911,1.8906317949295044,0.11907780170440674
530,TH0012AV/viewpoint_simulated_187_surface0.pcd,Testing,1.8998323678970337,1.9139798879623413,0.014147520065307617
531,TH0012AV/viewpoint_simulated_188_surface0.pcd,Testing,2.0020976066589355,1.9888601303100586,0.013237476348876953
532,TH0012AV/viewpoint_simulated_189_surface0.pcd,Testing,2.1021668910980225,2.037820816040039,0.0643460750579834
533,TH0012AV/viewpoint_simulated_19_surface0.pcd,Testing,2.0868966579437256,1.9439516067504883,0.1429450511932373
534,TH0012AV/viewpoint_simulated_190_surface0.pcd,Testing,2.141242742538452,2.070566415786743,0.07067632675170898
535,TH0012AV/viewpoint_simulated_191_surface0.pcd,Testing,1.8477200269699097,2.05950927734375,0.21178925037384033
536,TH0012AV/viewpoint_simulated_192_surface0.pcd,Testing,2.0062384605407715,2.080165386199951,0.07392692565917969
537,TH0012AV/viewpoint_simulated_193_surface0.pcd,Testing,2.0552077293395996,2.1278533935546875,0.07264566421508789
538,TH0012AV/viewpoint_simulated_194_surface0.pcd,Testing,2.018665075302124,2.06181263923645,0.04314756393432617
539,TH0012AV/viewpoint_simulated_195_surface0.pcd,Testing,2.0816712379455566,2.0396440029144287,0.04202723503112793
540,TH0012AV/viewpoint_simulated_196_surface0.pcd,Testing,1.958982229232788,2.041950225830078,0.08296799659729004
541,TH0012AV/viewpoint_simulated_197_surface0.pcd,Testing,2.011198043823242,1.9108233451843262,0.10037469863891602
542,TH0012AV/viewpoint_simulated_198_surface0.pcd,Testing,1.9564720392227173,1.881729006767273,0.07474303245544434
543,TH0012AV/viewpoint_simulated_199_surface0.pcd,Testing,1.9418660402297974,1.8979758024215698,0.04389023780822754
544,TH0012AV/viewpoint_simulated_2_surface0.pcd,Testing,2.014328956604004,2.010369300842285,0.00395965576171875
545,TH0012AV/viewpoint_simulated_20_surface0.pcd,Testing,1.9986499547958374,1.9876341819763184,0.011015772819519043
546,TH0012AV/viewpoint_simulated_200_surface0.pcd,Testing,2.097163438796997,1.9948452711105347,0.1023181676864624
547,TH0012AV/viewpoint_simulated_201_surface0.pcd,Testing,1.9891917705535889,2.059788703918457,0.07059693336486816
548,TH0012AV/viewpoint_simulated_202_surface0.pcd,Testing,2.088061571121216,2.055481433868408,0.03258013725280762
549,TH0012AV/viewpoint_simulated_203_surface0.pcd,Testing,2.0427095890045166,2.0482373237609863,0.0055277347564697266
550,TH0012AV/viewpoint_simulated_204_surface0.pcd,Testing,2.110137462615967,2.0964159965515137,0.013721466064453125
551,TH0012AV/viewpoint_simulated_205_surface0.pcd,Testing,2.0319602489471436,2.1169791221618652,0.08501887321472168
552,TH0012AV/viewpoint_simulated_206_surface0.pcd,Testing,2.18908429145813,2.0804059505462646,0.10867834091186523
553,TH0012AV/viewpoint_simulated_207_surface0.pcd,Testing,2.301225185394287,2.0494372844696045,0.2517879009246826
554,TH0012AV/viewpoint_simulated_208_surface0.pcd,Testing,2.0953311920166016,2.0606637001037598,0.0346674919128418
555,TH0012AV/viewpoint_simulated_209_surface0.pcd,Testing,2.023092031478882,1.9880484342575073,0.03504359722137451
556,TH0012AV/viewpoint_simulated_21_surface0.pcd,Testing,2.106847047805786,2.024801254272461,0.0820457935333252
557,TH0012AV/viewpoint_simulated_210_surface0.pcd,Testing,2.0519583225250244,1.9062925577163696,0.14566576480865479
558,TH0012AV/viewpoint_simulated_211_surface0.pcd,Testing,2.1063232421875,1.8990730047225952,0.20725023746490479
559,TH0012AV/viewpoint_simulated_212_surface0.pcd,Testing,2.0763635635375977,1.9768160581588745,0.09954750537872314
560,TH0012AV/viewpoint_simulated_213_surface0.pcd,Testing,2.0916922092437744,2.0554752349853516,0.03621697425842285
561,TH0012AV/viewpoint_simulated_214_surface0.pcd,Testing,2.039396286010742,2.0541858673095703,0.014789581298828125
562,TH0012AV/viewpoint_simulated_215_surface0.pcd,Testing,2.121033191680908,2.060120105743408,0.0609130859375
563,TH0012AV/viewpoint_simulated_22_surface0.pcd,Testing,1.905458688735962,2.103302478790283,0.1978437900543213
564,TH0012AV/viewpoint_simulated_23_surface0.pcd,Testing,1.9686799049377441,2.1243062019348145,0.1556262969970703
565,TH0012AV/viewpoint_simulated_24_surface0.pcd,Testing,2.0332093238830566,2.0575191974639893,0.024309873580932617
566,TH0012AV/viewpoint_simulated_25_surface0.pcd,Testing,1.928148865699768,1.9841591119766235,0.05601024627685547
567,TH0012AV/viewpoint_simulated_26_surface0.pcd,Testing,1.9423596858978271,1.9979573488235474,0.055597662925720215
568,TH0012AV/viewpoint_simulated_27_surface0.pcd,Testing,1.9569729566574097,1.9845927953720093,0.02761983871459961
569,TH0012AV/viewpoint_simulated_28_surface0.pcd,Testing,1.9539207220077515,1.959335446357727,0.005414724349975586
570,TH0012AV/viewpoint_simulated_29_surface0.pcd,Testing,1.9985703229904175,1.8972846269607544,0.10128569602966309
571,TH0012AV/viewpoint_simulated_3_surface0.pcd,Testing,1.9536534547805786,1.9952515363693237,0.04159808158874512
572,TH0012AV/viewpoint_simulated_30_surface0.pcd,Testing,1.9300439357757568,1.901094913482666,0.02894902229309082
573,TH0012AV/viewpoint_simulated_31_surface0.pcd,Testing,1.9658972024917603,1.9255592823028564,0.04033792018890381
574,TH0012AV/viewpoint_simulated_32_surface0.pcd,Testing,1.899787425994873,1.959617257118225,0.05982983112335205
575,TH0012AV/viewpoint_simulated_33_surface0.pcd,Testing,2.1090087890625,2.0457866191864014,0.06322216987609863
576,TH0012AV/viewpoint_simulated_34_surface0.pcd,Testing,2.1034836769104004,2.085347890853882,0.018135786056518555
577,TH0012AV/viewpoint_simulated_35_surface0.pcd,Testing,1.9158649444580078,2.090498685836792,0.17463374137878418
578,TH0012AV/viewpoint_simulated_36_surface0.pcd,Testing,1.9830963611602783,2.056196928024292,0.07310056686401367
579,TH0012AV/viewpoint_simulated_37_surface0.pcd,Testing,2.076878070831299,2.0081944465637207,0.06868362426757812
580,TH0012AV/viewpoint_simulated_38_surface0.pcd,Testing,2.009981632232666,2.025946855545044,0.01596522331237793
581,TH0012AV/viewpoint_simulated_39_surface0.pcd,Testing,2.1259799003601074,2.0238914489746094,0.10208845138549805
582,TH0012AV/viewpoint_simulated_4_surface0.pcd,Testing,1.9054839611053467,1.9801443815231323,0.07466042041778564
583,TH0012AV/viewpoint_simulated_40_surface0.pcd,Testing,2.0997984409332275,1.998627781867981,0.10117065906524658
584,TH0012AV/viewpoint_simulated_41_surface0.pcd,Testing,1.9649850130081177,1.8961273431777954,0.06885766983032227
585,TH0012AV/viewpoint_simulated_42_surface0.pcd,Testing,2.129911422729492,1.8925920724868774,0.23731935024261475
586,TH0012AV/viewpoint_simulated_43_surface0.pcd,Testing,2.0182859897613525,1.9118680953979492,0.10641789436340332
587,TH0012AV/viewpoint_simulated_44_surface0.pcd,Testing,2.041689872741699,1.9890152215957642,0.05267465114593506
588,TH0012AV/viewpoint_simulated_45_surface0.pcd,Testing,2.071692943572998,2.036550760269165,0.03514218330383301
589,TH0012AV/viewpoint_simulated_46_surface0.pcd,Testing,1.9859284162521362,2.0483860969543457,0.06245768070220947
590,TH0012AV/viewpoint_simulated_47_surface0.pcd,Testing,1.9800955057144165,2.068131923675537,0.0880364179611206
591,TH0012AV/viewpoint_simulated_48_surface0.pcd,Testing,2.027881622314453,2.087794542312622,0.059912919998168945
592,TH0012AV/viewpoint_simulated_49_surface0.pcd,Testing,2.1396617889404297,2.1315364837646484,0.00812530517578125
593,TH0012AV/viewpoint_simulated_5_surface0.pcd,Testing,1.904123306274414,1.985546350479126,0.08142304420471191
594,TH0012AV/viewpoint_simulated_50_surface0.pcd,Testing,1.9953832626342773,2.0676627159118652,0.07227945327758789
595,TH0012AV/viewpoint_simulated_51_surface0.pcd,Testing,2.00469970703125,2.0454490184783936,0.040749311447143555
596,TH0012AV/viewpoint_simulated_52_surface0.pcd,Testing,2.087273120880127,2.0429301261901855,0.044342994689941406
597,TH0012AV/viewpoint_simulated_53_surface0.pcd,Testing,2.005819320678711,1.9536176919937134,0.05220162868499756
598,TH0012AV/viewpoint_simulated_54_surface0.pcd,Testing,2.106471538543701,1.9067459106445312,0.19972562789916992
599,TH0012AV/viewpoint_simulated_55_surface0.pcd,Testing,1.9999027252197266,1.9049667119979858,0.09493601322174072
600,TH0012AV/viewpoint_simulated_56_surface0.pcd,Testing,2.102410078048706,2.0151195526123047,0.08729052543640137
601,TH0012AV/viewpoint_simulated_57_surface0.pcd,Testing,1.9829297065734863,2.046321153640747,0.06339144706726074
602,TH0012AV/viewpoint_simulated_58_surface0.pcd,Testing,2.001904249191284,2.0567524433135986,0.05484819412231445
603,TH0012AV/viewpoint_simulated_59_surface0.pcd,Testing,2.1009695529937744,2.0570602416992188,0.043909311294555664
604,TH0012AV/viewpoint_simulated_6_surface0.pcd,Testing,2.013523817062378,1.9805548191070557,0.032968997955322266
605,TH0012AV/viewpoint_simulated_60_surface0.pcd,Testing,2.0105631351470947,2.0938220024108887,0.08325886726379395
606,TH0012AV/viewpoint_simulated_61_surface0.pcd,Testing,1.9988292455673218,2.1164608001708984,0.11763155460357666
607,TH0012AV/viewpoint_simulated_62_surface0.pcd,Testing,1.9414805173873901,2.0777177810668945,0.1362372636795044
608,TH0012AV/viewpoint_simulated_63_surface0.pcd,Testing,2.038558006286621,2.057896137237549,0.019338130950927734
609,TH0012AV/viewpoint_simulated_64_surface0.pcd,Testing,2.160975933074951,2.058399200439453,0.10257673263549805
610,TH0012AV/viewpoint_simulated_65_surface0.pcd,Testing,2.1954386234283447,1.9758689403533936,0.21956968307495117
611,TH0012AV/viewpoint_simulated_66_surface0.pcd,Testing,2.0110015869140625,1.9206174612045288,0.09038412570953369
612,TH0012AV/viewpoint_simulated_67_surface0.pcd,Testing,2.0384013652801514,1.9119077920913696,0.12649357318878174
613,TH0012AV/viewpoint_simulated_68_surface0.pcd,Testing,1.9434200525283813,1.98928964138031,0.04586958885192871
614,TH0012AV/viewpoint_simulated_69_surface0.pcd,Testing,1.9837757349014282,2.0562832355499268,0.07250750064849854
615,TH0012AV/viewpoint_simulated_7_surface0.pcd,Testing,2.007054567337036,1.972334861755371,0.03471970558166504
616,TH0012AV/viewpoint_simulated_70_surface0.pcd,Testing,2.113335132598877,2.056070327758789,0.05726480484008789
617,TH0012AV/viewpoint_simulated_71_surface0.pcd,Testing,2.13197922706604,2.0588786602020264,0.07310056686401367
618,TH0012AV/viewpoint_simulated_72_surface0.pcd,Testing,2.169213056564331,2.0248820781707764,0.1443309783935547
619,TH0012AV/viewpoint_simulated_73_surface0.pcd,Testing,1.9641016721725464,2.045403003692627,0.08130133152008057
620,TH0012AV/viewpoint_simulated_74_surface0.pcd,Testing,1.977103352546692,2.0082263946533203,0.031123042106628418
621,TH0012AV/viewpoint_simulated_75_surface0.pcd,Testing,2.056896448135376,1.9818922281265259,0.0750042200088501
622,TH0012AV/viewpoint_simulated_76_surface0.pcd,Testing,1.982584834098816,1.9843050241470337,0.0017201900482177734
623,TH0012AV/viewpoint_simulated_77_surface0.pcd,Testing,1.9040940999984741,1.9853190183639526,0.08122491836547852
624,TH0012AV/viewpoint_simulated_78_surface0.pcd,Testing,2.012515068054199,1.9739152193069458,0.03859984874725342
625,TH0012AV/viewpoint_simulated_79_surface0.pcd,Testing,2.121647596359253,1.9878336191177368,0.1338139772415161
626,TH0012AV/viewpoint_simulated_8_surface0.pcd,Testing,2.088456392288208,2.0075325965881348,0.08092379570007324
627,TH0012AV/viewpoint_simulated_80_surface0.pcd,Testing,1.9370288848876953,2.014906883239746,0.07787799835205078
628,TH0012AV/viewpoint_simulated_81_surface0.pcd,Testing,1.9147958755493164,2.054443836212158,0.1396479606628418
629,TH0012AV/viewpoint_simulated_82_surface0.pcd,Testing,2.002807855606079,2.0804975032806396,0.07768964767456055
630,TH0012AV/viewpoint_simulated_83_surface0.pcd,Testing,2.073289632797241,2.024479389190674,0.04881024360656738
631,TH0012AV/viewpoint_simulated_84_surface0.pcd,Testing,2.0336663722991943,2.0491013526916504,0.015434980392456055
632,TH0012AV/viewpoint_simulated_85_surface0.pcd,Testing,2.0407092571258545,2.027747869491577,0.012961387634277344
633,TH0012AV/viewpoint_simulated_86_surface0.pcd,Testing,2.008389472961426,1.9743338823318481,0.03405559062957764
634,TH0012AV/viewpoint_simulated_87_surface0.pcd,Testing,2.0179286003112793,1.9623512029647827,0.05557739734649658
635,TH0012AV/viewpoint_simulated_88_surface0.pcd,Testing,2.0429718494415283,1.945786952972412,0.09718489646911621
636,TH0012AV/viewpoint_simulated_89_surface0.pcd,Testing,1.9682798385620117,1.929356575012207,0.03892326354980469
637,TH0012AV/viewpoint_simulated_9_surface0.pcd,Testing,1.9018974304199219,2.0392448902130127,0.13734745979309082
638,TH0012AV/viewpoint_simulated_90_surface0.pcd,Testing,2.001185894012451,1.9122861623764038,0.08889973163604736
639,TH0012AV/viewpoint_simulated_91_surface0.pcd,Testing,1.9657208919525146,1.9340230226516724,0.031697869300842285
640,TH0012AV/viewpoint_simulated_92_surface0.pcd,Testing,2.039108991622925,2.006122589111328,0.03298640251159668
641,TH0012AV/viewpoint_simulated_93_surface0.pcd,Testing,2.034395217895508,2.0366978645324707,0.0023026466369628906
642,TH0012AV/viewpoint_simulated_94_surface0.pcd,Testing,2.0595123767852783,2.0605316162109375,0.0010192394256591797
643,TH0012AV/viewpoint_simulated_95_surface0.pcd,Testing,1.9339573383331299,2.1145308017730713,0.1805734634399414
644,TH0012AV/viewpoint_simulated_96_surface0.pcd,Testing,2.013869047164917,2.0397889614105225,0.02591991424560547
645,TH0012AV/viewpoint_simulated_97_surface0.pcd,Testing,2.022458553314209,1.9812445640563965,0.0412139892578125
646,TH0012AV/viewpoint_simulated_98_surface0.pcd,Testing,1.983643651008606,1.9914427995681763,0.0077991485595703125
647,TH0012AV/viewpoint_simulated_99_surface0.pcd,Testing,1.9184061288833618,1.9816170930862427,0.06321096420288086
648,TH0012AV/viewpoint_simulated_0_surface1.pcd,Testing,2.2353737354278564,2.226741313934326,0.008632421493530273
649,TH0012AV/viewpoint_simulated_1_surface1.pcd,Testing,2.2152645587921143,2.2365078926086426,0.02124333381652832
650,TH0012AV/viewpoint_simulated_10_surface1.pcd,Testing,2.2593586444854736,2.1856651306152344,0.07369351387023926
651,TH0012AV/viewpoint_simulated_100_surface1.pcd,Testing,2.2757022380828857,2.2158260345458984,0.059876203536987305
652,TH0012AV/viewpoint_simulated_101_surface1.pcd,Testing,2.319422721862793,2.2412803173065186,0.07814240455627441
653,TH0012AV/viewpoint_simulated_102_surface1.pcd,Testing,2.248016595840454,2.243001937866211,0.005014657974243164
654,TH0012AV/viewpoint_simulated_103_surface1.pcd,Testing,2.183749198913574,2.1490557193756104,0.03469347953796387
655,TH0012AV/viewpoint_simulated_104_surface1.pcd,Testing,2.154822826385498,2.1155900955200195,0.039232730865478516
656,TH0012AV/viewpoint_simulated_105_surface1.pcd,Testing,2.1959388256073,2.1191866397857666,0.0767521858215332
657,TH0012AV/viewpoint_simulated_106_surface1.pcd,Testing,2.312969446182251,2.1428232192993164,0.17014622688293457
658,TH0012AV/viewpoint_simulated_107_surface1.pcd,Testing,2.2342729568481445,2.1493096351623535,0.08496332168579102
659,TH0012AV/viewpoint_simulated_108_surface1.pcd,Testing,2.2762465476989746,2.1060330867767334,0.1702134609222412
660,TH0012AV/viewpoint_simulated_109_surface1.pcd,Testing,2.2804479598999023,2.1215593814849854,0.158888578414917
661,TH0012AV/viewpoint_simulated_11_surface1.pcd,Testing,2.3925139904022217,2.1670446395874023,0.22546935081481934
662,TH0012AV/viewpoint_simulated_110_surface1.pcd,Testing,2.2451817989349365,2.1889374256134033,0.0562443733215332
663,TH0012AV/viewpoint_simulated_111_surface1.pcd,Testing,2.217440128326416,2.2306318283081055,0.013191699981689453
664,TH0012AV/viewpoint_simulated_112_surface1.pcd,Testing,2.418436050415039,2.1974284648895264,0.2210075855255127
665,TH0012AV/viewpoint_simulated_113_surface1.pcd,Testing,2.300851821899414,2.194629669189453,0.10622215270996094
666,TH0012AV/viewpoint_simulated_114_surface1.pcd,Testing,2.1908819675445557,2.2162070274353027,0.02532505989074707
667,TH0012AV/viewpoint_simulated_115_surface1.pcd,Testing,2.2643885612487793,2.142639398574829,0.1217491626739502
668,TH0012AV/viewpoint_simulated_116_surface1.pcd,Testing,2.297771692276001,2.1062405109405518,0.19153118133544922
669,TH0012AV/viewpoint_simulated_117_surface1.pcd,Testing,2.260542392730713,2.111589193344116,0.14895319938659668
670,TH0012AV/viewpoint_simulated_118_surface1.pcd,Testing,2.3302314281463623,2.148833751678467,0.1813976764678955
671,TH0012AV/viewpoint_simulated_119_surface1.pcd,Testing,2.3798205852508545,2.1695590019226074,0.21026158332824707
672,TH0012AV/viewpoint_simulated_12_surface1.pcd,Testing,2.1754839420318604,2.2390546798706055,0.06357073783874512
673,TH0012AV/viewpoint_simulated_120_surface1.pcd,Testing,2.200108766555786,2.1311702728271484,0.0689384937286377
674,TH0012AV/viewpoint_simulated_121_surface1.pcd,Testing,2.229097843170166,2.0795555114746094,0.14954233169555664
675,TH0012AV/viewpoint_simulated_122_surface1.pcd,Testing,2.2826147079467773,2.1275229454040527,0.1550917625427246
676,TH0012AV/viewpoint_simulated_123_surface1.pcd,Testing,2.1742939949035645,2.166276454925537,0.008017539978027344
677,TH0012AV/viewpoint_simulated_124_surface1.pcd,Testing,2.325714111328125,2.122067451477051,0.20364665985107422
678,TH0012AV/viewpoint_simulated_125_surface1.pcd,Testing,2.3232216835021973,2.1479406356811523,0.17528104782104492
679,TH0012AV/viewpoint_simulated_126_surface1.pcd,Testing,2.2598865032196045,2.180603504180908,0.07928299903869629
680,TH0012AV/viewpoint_simulated_127_surface1.pcd,Testing,2.312575101852417,2.1839890480041504,0.1285860538482666
681,TH0012AV/viewpoint_simulated_128_surface1.pcd,Testing,2.2295010089874268,2.1597609519958496,0.06974005699157715
682,TH0012AV/viewpoint_simulated_129_surface1.pcd,Testing,2.196075916290283,2.11738920211792,0.07868671417236328
683,TH0012AV/viewpoint_simulated_13_surface1.pcd,Testing,2.122454881668091,2.222520112991333,0.10006523132324219
684,TH0012AV/viewpoint_simulated_130_surface1.pcd,Testing,2.2824227809906006,2.163146495819092,0.11927628517150879
685,TH0012AV/viewpoint_simulated_131_surface1.pcd,Testing,2.302517890930176,2.1740403175354004,0.1284775733947754
686,TH0012AV/viewpoint_simulated_132_surface1.pcd,Testing,2.1703941822052,2.0907888412475586,0.0796053409576416
687,TH0012AV/viewpoint_simulated_133_surface1.pcd,Testing,2.311713933944702,2.0855588912963867,0.22615504264831543
688,TH0012AV/viewpoint_simulated_134_surface1.pcd,Testing,2.263462781906128,2.111109972000122,0.15235280990600586
689,TH0012AV/viewpoint_simulated_135_surface1.pcd,Testing,2.272287130355835,2.123654365539551,0.14863276481628418
690,TH0012AV/viewpoint_simulated_136_surface1.pcd,Testing,2.2906649112701416,2.1426806449890137,0.14798426628112793
691,TH0012AV/viewpoint_simulated_137_surface1.pcd,Testing,2.238682746887207,2.1108250617980957,0.12785768508911133
692,TH0012AV/viewpoint_simulated_138_surface1.pcd,Testing,2.1958208084106445,2.129938840866089,0.06588196754455566
693,TH0012AV/viewpoint_simulated_139_surface1.pcd,Testing,2.291358232498169,2.250918388366699,0.04043984413146973
694,TH0012AV/viewpoint_simulated_14_surface1.pcd,Testing,2.1903865337371826,2.2295539379119873,0.03916740417480469
695,TH0012AV/viewpoint_simulated_140_surface1.pcd,Testing,2.378739356994629,2.20882511138916,0.16991424560546875
696,TH0012AV/viewpoint_simulated_141_surface1.pcd,Testing,2.177884817123413,2.1538949012756348,0.02398991584777832
697,TH0012AV/viewpoint_simulated_142_surface1.pcd,Testing,2.3140172958374023,2.154893636703491,0.15912365913391113
698,TH0012AV/viewpoint_simulated_143_surface1.pcd,Testing,2.2737910747528076,2.185049533843994,0.08874154090881348
699,TH0012AV/viewpoint_simulated_144_surface1.pcd,Testing,2.2431647777557373,2.2252073287963867,0.017957448959350586
700,TH0012AV/viewpoint_simulated_145_surface1.pcd,Testing,2.280932903289795,2.231963872909546,0.04896903038024902
701,TH0012AV/viewpoint_simulated_146_surface1.pcd,Testing,2.182483434677124,2.225694417953491,0.04321098327636719
702,TH0012AV/viewpoint_simulated_147_surface1.pcd,Testing,2.2350103855133057,2.211796283721924,0.023214101791381836
703,TH0012AV/viewpoint_simulated_148_surface1.pcd,Testing,2.1817829608917236,2.237431764602661,0.0556488037109375
704,TH0012AV/viewpoint_simulated_149_surface1.pcd,Testing,2.1270389556884766,2.2514023780822754,0.12436342239379883
705,TH0012AV/viewpoint_simulated_15_surface1.pcd,Testing,2.2797272205352783,2.229672908782959,0.050054311752319336
706,TH0012AV/viewpoint_simulated_150_surface1.pcd,Testing,2.212358236312866,2.2665624618530273,0.05420422554016113
707,TH0012AV/viewpoint_simulated_151_surface1.pcd,Testing,2.2448558807373047,2.177830219268799,0.06702566146850586
708,TH0012AV/viewpoint_simulated_152_surface1.pcd,Testing,2.2538890838623047,2.1667065620422363,0.08718252182006836
709,TH0012AV/viewpoint_simulated_153_surface1.pcd,Testing,2.194908380508423,2.236649513244629,0.041741132736206055
710,TH0012AV/viewpoint_simulated_154_surface1.pcd,Testing,2.3071649074554443,2.1770973205566406,0.1300675868988037
711,TH0012AV/viewpoint_simulated_155_surface1.pcd,Testing,2.216907501220703,2.167278289794922,0.04962921142578125
712,TH0012AV/viewpoint_simulated_156_surface1.pcd,Testing,2.1916050910949707,2.217386245727539,0.02578115463256836
713,TH0012AV/viewpoint_simulated_157_surface1.pcd,Testing,2.164458990097046,2.209183692932129,0.04472470283508301
714,TH0012AV/viewpoint_simulated_158_surface1.pcd,Testing,2.172652244567871,2.2195377349853516,0.04688549041748047
715,TH0012AV/viewpoint_simulated_159_surface1.pcd,Testing,2.269458055496216,2.2338368892669678,0.03562116622924805
716,TH0012AV/viewpoint_simulated_16_surface1.pcd,Testing,2.3135781288146973,2.2256979942321777,0.08788013458251953
717,TH0012AV/viewpoint_simulated_160_surface1.pcd,Testing,2.2299163341522217,2.2292284965515137,0.0006878376007080078
718,TH0012AV/viewpoint_simulated_161_surface1.pcd,Testing,2.290158987045288,2.248640775680542,0.041518211364746094
719,TH0012AV/viewpoint_simulated_162_surface1.pcd,Testing,2.309143304824829,2.233914375305176,0.07522892951965332
720,TH0012AV/viewpoint_simulated_163_surface1.pcd,Testing,2.229757070541382,2.191786766052246,0.03797030448913574
721,TH0012AV/viewpoint_simulated_164_surface1.pcd,Testing,2.124913215637207,2.131842613220215,0.0069293975830078125
722,TH0012AV/viewpoint_simulated_165_surface1.pcd,Testing,2.143298387527466,2.1450178623199463,0.0017194747924804688
723,TH0012AV/viewpoint_simulated_166_surface1.pcd,Testing,2.096930742263794,2.1387596130371094,0.04182887077331543
724,TH0012AV/viewpoint_simulated_167_surface1.pcd,Testing,2.3287277221679688,2.163511276245117,0.16521644592285156
725,TH0012AV/viewpoint_simulated_168_surface1.pcd,Testing,2.11885929107666,2.127561569213867,0.008702278137207031
726,TH0012AV/viewpoint_simulated_169_surface1.pcd,Testing,2.1842823028564453,2.190359592437744,0.006077289581298828
727,TH0012AV/viewpoint_simulated_17_surface1.pcd,Testing,2.1978118419647217,2.2455496788024902,0.047737836837768555
728,TH0012AV/viewpoint_simulated_170_surface1.pcd,Testing,2.228907823562622,2.2172577381134033,0.01165008544921875
729,TH0012AV/viewpoint_simulated_171_surface1.pcd,Testing,2.102795362472534,2.229572296142578,0.12677693367004395
730,TH0012AV/viewpoint_simulated_172_surface1.pcd,Testing,2.2259132862091064,2.2215418815612793,0.0043714046478271484
731,TH0012AV/viewpoint_simulated_173_surface1.pcd,Testing,2.2408502101898193,2.235802173614502,0.005048036575317383
732,TH0012AV/viewpoint_simulated_174_surface1.pcd,Testing,2.174438953399658,2.2128825187683105,0.038443565368652344
733,TH0012AV/viewpoint_simulated_175_surface1.pcd,Testing,2.2853035926818848,2.158883810043335,0.1264197826385498
734,TH0012AV/viewpoint_simulated_176_surface1.pcd,Testing,2.1859867572784424,2.1157445907592773,0.07024216651916504
735,TH0012AV/viewpoint_simulated_177_surface1.pcd,Testing,2.282352924346924,2.1149704456329346,0.16738247871398926
736,TH0012AV/viewpoint_simulated_178_surface1.pcd,Testing,2.2526562213897705,2.1367580890655518,0.11589813232421875
737,TH0012AV/viewpoint_simulated_179_surface1.pcd,Testing,2.1984944343566895,2.1385953426361084,0.059899091720581055
738,TH0012AV/viewpoint_simulated_18_surface1.pcd,Testing,2.2058732509613037,2.252544403076172,0.046671152114868164
739,TH0012AV/viewpoint_simulated_180_surface1.pcd,Testing,2.2123303413391113,2.1572625637054443,0.05506777763366699
740,TH0012AV/viewpoint_simulated_181_surface1.pcd,Testing,2.1979775428771973,2.125600576400757,0.07237696647644043
741,TH0012AV/viewpoint_simulated_182_surface1.pcd,Testing,2.292020082473755,2.199021100997925,0.09299898147583008
742,TH0012AV/viewpoint_simulated_183_surface1.pcd,Testing,2.259341239929199,2.2228755950927734,0.03646564483642578
743,TH0012AV/viewpoint_simulated_184_surface1.pcd,Testing,2.3561644554138184,2.1859588623046875,0.17020559310913086
744,TH0012AV/viewpoint_simulated_185_surface1.pcd,Testing,2.220874547958374,2.186249017715454,0.03462553024291992
745,TH0012AV/viewpoint_simulated_186_surface1.pcd,Testing,2.377593755722046,2.189122200012207,0.18847155570983887
746,TH0012AV/viewpoint_simulated_187_surface1.pcd,Testing,2.126249074935913,2.1306557655334473,0.00440669059753418
747,TH0012AV/viewpoint_simulated_188_surface1.pcd,Testing,2.358797311782837,2.1378002166748047,0.22099709510803223
748,TH0012AV/viewpoint_simulated_189_surface1.pcd,Testing,2.1261937618255615,2.097386121749878,0.028807640075683594
749,TH0012AV/viewpoint_simulated_19_surface1.pcd,Testing,2.2624425888061523,2.2357723712921143,0.026670217514038086
750,TH0012AV/viewpoint_simulated_190_surface1.pcd,Testing,2.2898199558258057,2.173555374145508,0.11626458168029785
751,TH0012AV/viewpoint_simulated_191_surface1.pcd,Testing,2.396437406539917,2.1941802501678467,0.2022571563720703
752,TH0012AV/viewpoint_simulated_192_surface1.pcd,Testing,2.1236631870269775,2.161682605743408,0.038019418716430664
753,TH0012AV/viewpoint_simulated_193_surface1.pcd,Testing,2.4643726348876953,2.078861951828003,0.3855106830596924
754,TH0012AV/viewpoint_simulated_194_surface1.pcd,Testing,2.1684370040893555,2.1302623748779297,0.03817462921142578
755,TH0012AV/viewpoint_simulated_195_surface1.pcd,Testing,2.2953708171844482,2.19423246383667,0.10113835334777832
756,TH0012AV/viewpoint_simulated_196_surface1.pcd,Testing,2.41267466545105,2.129584789276123,0.28308987617492676
757,TH0012AV/viewpoint_simulated_197_surface1.pcd,Testing,2.3672003746032715,2.1114649772644043,0.2557353973388672
758,TH0012AV/viewpoint_simulated_198_surface1.pcd,Testing,2.1998448371887207,2.1528451442718506,0.04699969291687012
759,TH0012AV/viewpoint_simulated_199_surface1.pcd,Testing,2.23901104927063,2.190807819366455,0.048203229904174805
760,TH0012AV/viewpoint_simulated_2_surface1.pcd,Testing,2.237138032913208,2.2272820472717285,0.009855985641479492
761,TH0012AV/viewpoint_simulated_20_surface1.pcd,Testing,2.1628127098083496,2.143440008163452,0.01937270164489746
762,TH0012AV/viewpoint_simulated_200_surface1.pcd,Testing,2.252565622329712,2.170955181121826,0.08161044120788574
763,TH0012AV/viewpoint_simulated_201_surface1.pcd,Testing,2.352933645248413,2.149254322052002,0.20367932319641113
764,TH0012AV/viewpoint_simulated_202_surface1.pcd,Testing,2.3101844787597656,2.186075210571289,0.12410926818847656
765,TH0012AV/viewpoint_simulated_203_surface1.pcd,Testing,2.1628310680389404,2.207253932952881,0.04442286491394043
766,TH0012AV/viewpoint_simulated_204_surface1.pcd,Testing,2.1869711875915527,2.1439971923828125,0.042973995208740234
767,TH0012AV/viewpoint_simulated_205_surface1.pcd,Testing,2.249741792678833,2.0839900970458984,0.16575169563293457
768,TH0012AV/viewpoint_simulated_206_surface1.pcd,Testing,2.1595582962036133,2.114426612854004,0.045131683349609375
769,TH0012AV/viewpoint_simulated_207_surface1.pcd,Testing,2.1664133071899414,2.14284086227417,0.023572444915771484
770,TH0012AV/viewpoint_simulated_208_surface1.pcd,Testing,2.350644826889038,2.1425230503082275,0.20812177658081055
771,TH0012AV/viewpoint_simulated_209_surface1.pcd,Testing,2.209778070449829,2.0885982513427734,0.12117981910705566
772,TH0012AV/viewpoint_simulated_21_surface1.pcd,Testing,2.140695571899414,2.1828386783599854,0.04214310646057129
773,TH0012AV/viewpoint_simulated_210_surface1.pcd,Testing,2.2171871662139893,2.1079583168029785,0.10922884941101074
774,TH0012AV/viewpoint_simulated_211_surface1.pcd,Testing,2.304441213607788,2.2318804264068604,0.07256078720092773
775,TH0012AV/viewpoint_simulated_212_surface1.pcd,Testing,2.354356288909912,2.2249515056610107,0.12940478324890137
776,TH0012AV/viewpoint_simulated_213_surface1.pcd,Testing,2.224649667739868,2.176060199737549,0.048589468002319336
777,TH0012AV/viewpoint_simulated_214_surface1.pcd,Testing,2.3178322315216064,2.157809257507324,0.16002297401428223
778,TH0012AV/viewpoint_simulated_215_surface1.pcd,Testing,2.304668664932251,2.205693483352661,0.09897518157958984
779,TH0012AV/viewpoint_simulated_22_surface1.pcd,Testing,2.31083345413208,2.171119213104248,0.13971424102783203
780,TH0012AV/viewpoint_simulated_23_surface1.pcd,Testing,2.0878889560699463,2.209970474243164,0.12208151817321777
781,TH0012AV/viewpoint_simulated_24_surface1.pcd,Testing,2.321523666381836,2.1848130226135254,0.13671064376831055
782,TH0012AV/viewpoint_simulated_25_surface1.pcd,Testing,2.1564927101135254,2.198084831237793,0.04159212112426758
783,TH0012AV/viewpoint_simulated_26_surface1.pcd,Testing,2.2481746673583984,2.2388155460357666,0.009359121322631836
784,TH0012AV/viewpoint_simulated_27_surface1.pcd,Testing,2.198009729385376,2.220642566680908,0.022632837295532227
785,TH0012AV/viewpoint_simulated_28_surface1.pcd,Testing,2.1684036254882812,2.2283458709716797,0.05994224548339844
786,TH0012AV/viewpoint_simulated_29_surface1.pcd,Testing,2.2887048721313477,2.234050750732422,0.05465412139892578
787,TH0012AV/viewpoint_simulated_3_surface1.pcd,Testing,2.2670953273773193,2.2177467346191406,0.04934859275817871
788,TH0012AV/viewpoint_simulated_30_surface1.pcd,Testing,2.199145555496216,2.2659401893615723,0.06679463386535645
789,TH0012AV/viewpoint_simulated_31_surface1.pcd,Testing,2.1810145378112793,2.164320945739746,0.016693592071533203
790,TH0012AV/viewpoint_simulated_32_surface1.pcd,Testing,2.426401376724243,2.1179726123809814,0.3084287643432617
791,TH0012AV/viewpoint_simulated_33_surface1.pcd,Testing,2.2695188522338867,2.128926992416382,0.14059185981750488
792,TH0012AV/viewpoint_simulated_34_surface1.pcd,Testing,2.234961986541748,2.131453514099121,0.10350847244262695
793,TH0012AV/viewpoint_simulated_35_surface1.pcd,Testing,2.24269437789917,2.11698055267334,0.12571382522583008
794,TH0012AV/viewpoint_simulated_36_surface1.pcd,Testing,2.2853403091430664,2.088710308074951,0.19663000106811523
795,TH0012AV/viewpoint_simulated_37_surface1.pcd,Testing,2.2824790477752686,2.124891757965088,0.15758728981018066
796,TH0012AV/viewpoint_simulated_38_surface1.pcd,Testing,2.2916762828826904,2.204716920852661,0.0869593620300293
797,TH0012AV/viewpoint_simulated_39_surface1.pcd,Testing,2.2338974475860596,2.2170019149780273,0.016895532608032227
798,TH0012AV/viewpoint_simulated_4_surface1.pcd,Testing,2.2952935695648193,2.2389752864837646,0.05631828308105469
799,TH0012AV/viewpoint_simulated_40_surface1.pcd,Testing,2.2509562969207764,2.204050064086914,0.046906232833862305
800,TH0012AV/viewpoint_simulated_41_surface1.pcd,Testing,2.317631244659424,2.207214832305908,0.11041641235351562
801,TH0012AV/viewpoint_simulated_42_surface1.pcd,Testing,2.0986740589141846,2.245278835296631,0.1466047763824463
802,TH0012AV/viewpoint_simulated_43_surface1.pcd,Testing,2.2103748321533203,2.1512527465820312,0.05912208557128906
803,TH0012AV/viewpoint_simulated_44_surface1.pcd,Testing,2.2599570751190186,2.1113271713256836,0.14862990379333496
804,TH0012AV/viewpoint_simulated_45_surface1.pcd,Testing,2.3196470737457275,2.1201136112213135,0.19953346252441406
805,TH0012AV/viewpoint_simulated_46_surface1.pcd,Testing,2.2848238945007324,2.138005495071411,0.1468183994293213
806,TH0012AV/viewpoint_simulated_47_surface1.pcd,Testing,2.2603743076324463,2.1588003635406494,0.10157394409179688
807,TH0012AV/viewpoint_simulated_48_surface1.pcd,Testing,2.2296102046966553,2.1023151874542236,0.12729501724243164
808,TH0012AV/viewpoint_simulated_49_surface1.pcd,Testing,2.297398328781128,2.0740444660186768,0.22335386276245117
809,TH0012AV/viewpoint_simulated_5_surface1.pcd,Testing,2.2498185634613037,2.2349960803985596,0.01482248306274414
810,TH0012AV/viewpoint_simulated_50_surface1.pcd,Testing,2.2249555587768555,2.1372063159942627,0.08774924278259277
811,TH0012AV/viewpoint_simulated_51_surface1.pcd,Testing,2.269629716873169,2.17151141166687,0.09811830520629883
812,TH0012AV/viewpoint_simulated_52_surface1.pcd,Testing,2.12448787689209,2.124035358428955,0.0004525184631347656
813,TH0012AV/viewpoint_simulated_53_surface1.pcd,Testing,2.342529058456421,2.1508336067199707,0.1916954517364502
814,TH0012AV/viewpoint_simulated_54_surface1.pcd,Testing,2.3878843784332275,2.2073726654052734,0.1805117130279541
815,TH0012AV/viewpoint_simulated_55_surface1.pcd,Testing,2.2510688304901123,2.203319549560547,0.04774928092956543
816,TH0012AV/viewpoint_simulated_56_surface1.pcd,Testing,2.2294700145721436,2.1702117919921875,0.059258222579956055
817,TH0012AV/viewpoint_simulated_57_surface1.pcd,Testing,2.1188881397247314,2.113354206085205,0.005533933639526367
818,TH0012AV/viewpoint_simulated_58_surface1.pcd,Testing,2.2420692443847656,2.1560726165771484,0.08599662780761719
819,TH0012AV/viewpoint_simulated_59_surface1.pcd,Testing,2.2440667152404785,2.1809966564178467,0.06307005882263184
820,TH0012AV/viewpoint_simulated_6_surface1.pcd,Testing,2.2350034713745117,2.2655563354492188,0.03055286407470703
821,TH0012AV/viewpoint_simulated_60_surface1.pcd,Testing,2.192293882369995,2.0827829837799072,0.10951089859008789
822,TH0012AV/viewpoint_simulated_61_surface1.pcd,Testing,2.2857866287231445,2.0631062984466553,0.22268033027648926
823,TH0012AV/viewpoint_simulated_62_surface1.pcd,Testing,2.313424825668335,2.1190261840820312,0.1943986415863037
824,TH0012AV/viewpoint_simulated_63_surface1.pcd,Testing,2.352428913116455,2.1197328567504883,0.2326960563659668
825,TH0012AV/viewpoint_simulated_64_surface1.pcd,Testing,2.3540568351745605,2.1338746547698975,0.22018218040466309
826,TH0012AV/viewpoint_simulated_65_surface1.pcd,Testing,2.2296817302703857,2.107374906539917,0.12230682373046875
827,TH0012AV/viewpoint_simulated_66_surface1.pcd,Testing,2.4452641010284424,2.1153907775878906,0.32987332344055176
828,TH0012AV/viewpoint_simulated_67_surface1.pcd,Testing,2.359326124191284,2.2808895111083984,0.07843661308288574
829,TH0012AV/viewpoint_simulated_68_surface1.pcd,Testing,2.1902830600738525,2.2090003490448,0.018717288970947266
830,TH0012AV/viewpoint_simulated_69_surface1.pcd,Testing,2.3062219619750977,2.185184955596924,0.12103700637817383
831,TH0012AV/viewpoint_simulated_7_surface1.pcd,Testing,2.2709617614746094,2.19313645362854,0.07782530784606934
832,TH0012AV/viewpoint_simulated_70_surface1.pcd,Testing,2.2500288486480713,2.145611524581909,0.10441732406616211
833,TH0012AV/viewpoint_simulated_71_surface1.pcd,Testing,2.240706443786621,2.198829412460327,0.041877031326293945
834,TH0012AV/viewpoint_simulated_72_surface1.pcd,Testing,2.2479162216186523,2.2328591346740723,0.015057086944580078
835,TH0012AV/viewpoint_simulated_73_surface1.pcd,Testing,2.1218278408050537,2.231682538986206,0.10985469818115234
836,TH0012AV/viewpoint_simulated_74_surface1.pcd,Testing,2.2777860164642334,2.2272603511810303,0.050525665283203125
837,TH0012AV/viewpoint_simulated_75_surface1.pcd,Testing,2.2029926776885986,2.2134740352630615,0.01048135757446289
838,TH0012AV/viewpoint_simulated_76_surface1.pcd,Testing,2.179513692855835,2.2365896701812744,0.05707597732543945
839,TH0012AV/viewpoint_simulated_77_surface1.pcd,Testing,2.1614086627960205,2.235853672027588,0.07444500923156738
840,TH0012AV/viewpoint_simulated_78_surface1.pcd,Testing,2.3168108463287354,2.2783145904541016,0.03849625587463379
841,TH0012AV/viewpoint_simulated_79_surface1.pcd,Testing,2.357530355453491,2.198025703430176,0.15950465202331543
842,TH0012AV/viewpoint_simulated_8_surface1.pcd,Testing,2.2035715579986572,2.230759382247925,0.027187824249267578
843,TH0012AV/viewpoint_simulated_80_surface1.pcd,Testing,2.179806709289551,2.1895740032196045,0.009767293930053711
844,TH0012AV/viewpoint_simulated_81_surface1.pcd,Testing,2.2951738834381104,2.2190539836883545,0.07611989974975586
845,TH0012AV/viewpoint_simulated_82_surface1.pcd,Testing,2.25268816947937,2.1764392852783203,0.0762488842010498
846,TH0012AV/viewpoint_simulated_83_surface1.pcd,Testing,2.1843101978302,2.177128314971924,0.007181882858276367
847,TH0012AV/viewpoint_simulated_84_surface1.pcd,Testing,2.181420087814331,2.230027675628662,0.048607587814331055
848,TH0012AV/viewpoint_simulated_85_surface1.pcd,Testing,2.140357494354248,2.213764190673828,0.07340669631958008
849,TH0012AV/viewpoint_simulated_86_surface1.pcd,Testing,2.253577470779419,2.2293360233306885,0.02424144744873047
850,TH0012AV/viewpoint_simulated_87_surface1.pcd,Testing,2.180053949356079,2.2204105854034424,0.04035663604736328
851,TH0012AV/viewpoint_simulated_88_surface1.pcd,Testing,2.33241868019104,2.2222981452941895,0.11012053489685059
852,TH0012AV/viewpoint_simulated_89_surface1.pcd,Testing,2.2991418838500977,2.2530124187469482,0.046129465103149414
853,TH0012AV/viewpoint_simulated_9_surface1.pcd,Testing,2.2447452545166016,2.2465384006500244,0.0017931461334228516
854,TH0012AV/viewpoint_simulated_90_surface1.pcd,Testing,2.269104480743408,2.2560977935791016,0.01300668716430664
855,TH0012AV/viewpoint_simulated_91_surface1.pcd,Testing,2.132349967956543,2.1965484619140625,0.06419849395751953
856,TH0012AV/viewpoint_simulated_92_surface1.pcd,Testing,2.238651752471924,2.1367664337158203,0.10188531875610352
857,TH0012AV/viewpoint_simulated_93_surface1.pcd,Testing,2.2147574424743652,2.1546900272369385,0.06006741523742676
858,TH0012AV/viewpoint_simulated_94_surface1.pcd,Testing,2.2382073402404785,2.148662567138672,0.08954477310180664
859,TH0012AV/viewpoint_simulated_95_surface1.pcd,Testing,2.2759130001068115,2.1724720001220703,0.10344099998474121
860,TH0012AV/viewpoint_simulated_96_surface1.pcd,Testing,2.3529367446899414,2.167332172393799,0.18560457229614258
861,TH0012AV/viewpoint_simulated_97_surface1.pcd,Testing,2.134859085083008,2.1979124546051025,0.06305336952209473
862,TH0012AV/viewpoint_simulated_98_surface1.pcd,Testing,2.2182295322418213,2.2221503257751465,0.003920793533325195
863,TH0012AV/viewpoint_simulated_99_surface1.pcd,Testing,2.2914109230041504,2.242124319076538,0.049286603927612305
864,TH0021AV/viewpoint_simulated_0_surface0.pcd,Testing,1.9646518230438232,2.186178207397461,0.2215263843536377
865,TH0021AV/viewpoint_simulated_1_surface0.pcd,Testing,2.087364912033081,2.2112879753112793,0.12392306327819824
866,TH0021AV/viewpoint_simulated_10_surface0.pcd,Testing,2.137026071548462,2.167880058288574,0.030853986740112305
867,TH0021AV/viewpoint_simulated_100_surface0.pcd,Testing,2.102552652359009,2.174917697906494,0.07236504554748535
868,TH0021AV/viewpoint_simulated_101_surface0.pcd,Testing,2.348335027694702,2.151881217956543,0.19645380973815918
869,TH0021AV/viewpoint_simulated_102_surface0.pcd,Testing,2.139540672302246,2.158339500427246,0.018798828125
870,TH0021AV/viewpoint_simulated_103_surface0.pcd,Testing,2.2920310497283936,2.139298677444458,0.15273237228393555
871,TH0021AV/viewpoint_simulated_104_surface0.pcd,Testing,2.3414881229400635,2.1247823238372803,0.2167057991027832
872,TH0021AV/viewpoint_simulated_105_surface0.pcd,Testing,2.248948574066162,2.104482650756836,0.14446592330932617
873,TH0021AV/viewpoint_simulated_106_surface0.pcd,Testing,2.112645149230957,2.1182053089141846,0.005560159683227539
874,TH0021AV/viewpoint_simulated_107_surface0.pcd,Testing,2.274994373321533,2.1191627979278564,0.15583157539367676
875,TH0021AV/viewpoint_simulated_108_surface0.pcd,Testing,1.9286787509918213,2.168278932571411,0.23960018157958984
876,TH0021AV/viewpoint_simulated_109_surface0.pcd,Testing,2.2704060077667236,2.120844841003418,0.14956116676330566
877,TH0021AV/viewpoint_simulated_11_surface0.pcd,Testing,2.3309669494628906,2.12925124168396,0.20171570777893066
878,TH0021AV/viewpoint_simulated_110_surface0.pcd,Testing,2.133338689804077,2.1511762142181396,0.0178375244140625
879,TH0021AV/viewpoint_simulated_111_surface0.pcd,Testing,2.1986758708953857,2.170034170150757,0.028641700744628906
880,TH0021AV/viewpoint_simulated_112_surface0.pcd,Testing,1.982994794845581,2.0896620750427246,0.10666728019714355
881,TH0021AV/viewpoint_simulated_113_surface0.pcd,Testing,2.274998426437378,2.075592517852783,0.19940590858459473
882,TH0021AV/viewpoint_simulated_114_surface0.pcd,Testing,1.931538701057434,2.1177923679351807,0.18625366687774658
883,TH0021AV/viewpoint_simulated_115_surface0.pcd,Testing,2.1582512855529785,2.13800048828125,0.020250797271728516
884,TH0021AV/viewpoint_simulated_116_surface0.pcd,Testing,2.1744930744171143,2.097360372543335,0.0771327018737793
885,TH0021AV/viewpoint_simulated_117_surface0.pcd,Testing,2.3117103576660156,2.0785512924194336,0.23315906524658203
886,TH0021AV/viewpoint_simulated_118_surface0.pcd,Testing,2.26949143409729,2.125932216644287,0.14355921745300293
887,TH0021AV/viewpoint_simulated_119_surface0.pcd,Testing,2.367851734161377,2.112504720687866,0.25534701347351074
888,TH0021AV/viewpoint_simulated_12_surface0.pcd,Testing,2.1655900478363037,2.1845641136169434,0.01897406578063965
889,TH0021AV/viewpoint_simulated_120_surface0.pcd,Testing,2.235628604888916,2.2524468898773193,0.01681828498840332
890,TH0021AV/viewpoint_simulated_121_surface0.pcd,Testing,2.136087656021118,2.128654718399048,0.0074329376220703125
891,TH0021AV/viewpoint_simulated_122_surface0.pcd,Testing,2.2294912338256836,2.1139039993286133,0.11558723449707031
892,TH0021AV/viewpoint_simulated_123_surface0.pcd,Testing,2.2476303577423096,2.1283044815063477,0.11932587623596191
893,TH0021AV/viewpoint_simulated_124_surface0.pcd,Testing,2.282521963119507,2.1510403156280518,0.13148164749145508
894,TH0021AV/viewpoint_simulated_125_surface0.pcd,Testing,2.0286245346069336,2.093245029449463,0.0646204948425293
895,TH0021AV/viewpoint_simulated_126_surface0.pcd,Testing,2.265350341796875,2.094883441925049,0.17046689987182617
896,TH0021AV/viewpoint_simulated_127_surface0.pcd,Testing,2.2002334594726562,2.1247477531433105,0.0754857063293457
897,TH0021AV/viewpoint_simulated_128_surface0.pcd,Testing,2.298607587814331,2.0904335975646973,0.2081739902496338
898,TH0021AV/viewpoint_simulated_129_surface0.pcd,Testing,2.1946287155151367,2.068458080291748,0.12617063522338867
899,TH0021AV/viewpoint_simulated_13_surface0.pcd,Testing,2.1986377239227295,2.1836774349212646,0.014960289001464844
900,TH0021AV/viewpoint_simulated_130_surface0.pcd,Testing,2.2556471824645996,2.0992789268493652,0.15636825561523438
901,TH0021AV/viewpoint_simulated_131_surface0.pcd,Testing,2.1336376667022705,2.1179513931274414,0.0156862735748291
902,TH0021AV/viewpoint_simulated_132_surface0.pcd,Testing,2.1740126609802246,2.1806139945983887,0.0066013336181640625
903,TH0021AV/viewpoint_simulated_133_surface0.pcd,Testing,2.3600330352783203,2.165257453918457,0.19477558135986328
904,TH0021AV/viewpoint_simulated_134_surface0.pcd,Testing,2.284661293029785,2.114841938018799,0.16981935501098633
905,TH0021AV/viewpoint_simulated_135_surface0.pcd,Testing,2.0790205001831055,2.081453323364258,0.0024328231811523438
906,TH0021AV/viewpoint_simulated_136_surface0.pcd,Testing,2.1144421100616455,2.163844585418701,0.049402475357055664
907,TH0021AV/viewpoint_simulated_137_surface0.pcd,Testing,2.2282087802886963,2.043059825897217,0.1851489543914795
908,TH0021AV/viewpoint_simulated_138_surface0.pcd,Testing,2.3355767726898193,2.103888511657715,0.2316882610321045
909,TH0021AV/viewpoint_simulated_139_surface0.pcd,Testing,2.100776195526123,2.0880699157714844,0.012706279754638672
910,TH0021AV/viewpoint_simulated_14_surface0.pcd,Testing,2.1456732749938965,2.204000949859619,0.058327674865722656
911,TH0021AV/viewpoint_simulated_140_surface0.pcd,Testing,2.080075979232788,2.0577566623687744,0.022319316864013672
912,TH0021AV/viewpoint_simulated_141_surface0.pcd,Testing,2.2226173877716064,2.068815231323242,0.15380215644836426
913,TH0021AV/viewpoint_simulated_142_surface0.pcd,Testing,2.1970813274383545,2.071155309677124,0.12592601776123047
914,TH0021AV/viewpoint_simulated_143_surface0.pcd,Testing,2.3955650329589844,2.2084665298461914,0.18709850311279297
915,TH0021AV/viewpoint_simulated_144_surface0.pcd,Testing,2.15521240234375,2.1747019290924072,0.019489526748657227
916,TH0021AV/viewpoint_simulated_145_surface0.pcd,Testing,2.250016450881958,2.2066550254821777,0.04336142539978027
917,TH0021AV/viewpoint_simulated_146_surface0.pcd,Testing,2.1398088932037354,2.2266876697540283,0.08687877655029297
918,TH0021AV/viewpoint_simulated_147_surface0.pcd,Testing,2.0913002490997314,2.2111425399780273,0.1198422908782959
919,TH0021AV/viewpoint_simulated_148_surface0.pcd,Testing,2.226109743118286,2.2119483947753906,0.014161348342895508
920,TH0021AV/viewpoint_simulated_149_surface0.pcd,Testing,2.2290444374084473,2.2382872104644775,0.009242773056030273
921,TH0021AV/viewpoint_simulated_15_surface0.pcd,Testing,2.2090797424316406,2.214855194091797,0.00577545166015625
922,TH0021AV/viewpoint_simulated_150_surface0.pcd,Testing,2.011756181716919,2.243743896484375,0.23198771476745605
923,TH0021AV/viewpoint_simulated_151_surface0.pcd,Testing,2.149724245071411,2.197877883911133,0.04815363883972168
924,TH0021AV/viewpoint_simulated_152_surface0.pcd,Testing,2.313713312149048,2.131687879562378,0.18202543258666992
925,TH0021AV/viewpoint_simulated_153_surface0.pcd,Testing,2.141352415084839,2.133826971054077,0.007525444030761719
926,TH0021AV/viewpoint_simulated_154_surface0.pcd,Testing,1.960705041885376,2.1246726512908936,0.16396760940551758
927,TH0021AV/viewpoint_simulated_155_surface0.pcd,Testing,2.084886074066162,2.139525890350342,0.05463981628417969
928,TH0021AV/viewpoint_simulated_156_surface0.pcd,Testing,2.2337677478790283,2.151923656463623,0.08184409141540527
929,TH0021AV/viewpoint_simulated_157_surface0.pcd,Testing,2.2016677856445312,2.200047016143799,0.0016207695007324219
930,TH0021AV/viewpoint_simulated_158_surface0.pcd,Testing,2.2327587604522705,2.205519676208496,0.027239084243774414
931,TH0021AV/viewpoint_simulated_159_surface0.pcd,Testing,2.0999953746795654,2.2178566455841064,0.11786127090454102
932,TH0021AV/viewpoint_simulated_16_surface0.pcd,Testing,2.1335158348083496,2.191560745239258,0.0580449104309082
933,TH0021AV/viewpoint_simulated_160_surface0.pcd,Testing,2.200854539871216,2.2119340896606445,0.011079549789428711
934,TH0021AV/viewpoint_simulated_161_surface0.pcd,Testing,2.239842414855957,2.208463668823242,0.031378746032714844
935,TH0021AV/viewpoint_simulated_162_surface0.pcd,Testing,2.090660572052002,2.189269542694092,0.09860897064208984
936,TH0021AV/viewpoint_simulated_163_surface0.pcd,Testing,2.117314577102661,2.1711366176605225,0.05382204055786133
937,TH0021AV/viewpoint_simulated_164_surface0.pcd,Testing,2.1801793575286865,2.1580023765563965,0.02217698097229004
938,TH0021AV/viewpoint_simulated_165_surface0.pcd,Testing,2.1376841068267822,2.109361410140991,0.028322696685791016
939,TH0021AV/viewpoint_simulated_166_surface0.pcd,Testing,2.1101279258728027,2.1168131828308105,0.0066852569580078125
940,TH0021AV/viewpoint_simulated_167_surface0.pcd,Testing,2.221919536590576,2.1557722091674805,0.0661473274230957
941,TH0021AV/viewpoint_simulated_168_surface0.pcd,Testing,2.1754302978515625,2.1178689002990723,0.057561397552490234
942,TH0021AV/viewpoint_simulated_169_surface0.pcd,Testing,2.014592409133911,2.1568188667297363,0.1422264575958252
943,TH0021AV/viewpoint_simulated_17_surface0.pcd,Testing,2.1187169551849365,2.202580451965332,0.08386349678039551
944,TH0021AV/viewpoint_simulated_170_surface0.pcd,Testing,2.2740931510925293,2.185230255126953,0.08886289596557617
945,TH0021AV/viewpoint_simulated_171_surface0.pcd,Testing,2.117377519607544,2.20588755607605,0.08851003646850586
946,TH0021AV/viewpoint_simulated_172_surface0.pcd,Testing,2.154653787612915,2.194690465927124,0.040036678314208984
947,TH0021AV/viewpoint_simulated_173_surface0.pcd,Testing,2.093310594558716,2.1533091068267822,0.059998512268066406
948,TH0021AV/viewpoint_simulated_174_surface0.pcd,Testing,2.2396812438964844,2.1624770164489746,0.07720422744750977
949,TH0021AV/viewpoint_simulated_175_surface0.pcd,Testing,2.158796548843384,2.148214817047119,0.010581731796264648
950,TH0021AV/viewpoint_simulated_176_surface0.pcd,Testing,2.178438901901245,2.131610631942749,0.046828269958496094
951,TH0021AV/viewpoint_simulated_177_surface0.pcd,Testing,2.0661685466766357,2.097210645675659,0.031042098999023438
952,TH0021AV/viewpoint_simulated_178_surface0.pcd,Testing,2.233844041824341,2.1400060653686523,0.09383797645568848
953,TH0021AV/viewpoint_simulated_179_surface0.pcd,Testing,2.193837881088257,2.12381649017334,0.07002139091491699
954,TH0021AV/viewpoint_simulated_18_surface0.pcd,Testing,2.1010689735412598,2.1930971145629883,0.09202814102172852
955,TH0021AV/viewpoint_simulated_180_surface0.pcd,Testing,2.012406587600708,2.1763994693756104,0.16399288177490234
956,TH0021AV/viewpoint_simulated_181_surface0.pcd,Testing,1.9834343194961548,2.127682685852051,0.144248366355896
957,TH0021AV/viewpoint_simulated_182_surface0.pcd,Testing,2.2371041774749756,2.139232635498047,0.09787154197692871
958,TH0021AV/viewpoint_simulated_183_surface0.pcd,Testing,2.321153402328491,2.1750762462615967,0.14607715606689453
959,TH0021AV/viewpoint_simulated_184_surface0.pcd,Testing,2.192135810852051,2.0970616340637207,0.09507417678833008
960,TH0021AV/viewpoint_simulated_185_surface0.pcd,Testing,2.3263275623321533,2.0735936164855957,0.2527339458465576
961,TH0021AV/viewpoint_simulated_186_surface0.pcd,Testing,2.070643663406372,2.1185972690582275,0.04795360565185547
962,TH0021AV/viewpoint_simulated_187_surface0.pcd,Testing,2.013378620147705,2.131075620651245,0.11769700050354004
963,TH0021AV/viewpoint_simulated_188_surface0.pcd,Testing,2.010457754135132,2.1003530025482178,0.08989524841308594
964,TH0021AV/viewpoint_simulated_189_surface0.pcd,Testing,2.106158494949341,2.102133274078369,0.00402522087097168
965,TH0021AV/viewpoint_simulated_19_surface0.pcd,Testing,2.2445425987243652,2.1708571910858154,0.0736854076385498
966,TH0021AV/viewpoint_simulated_190_surface0.pcd,Testing,2.0768980979919434,2.1219089031219482,0.04501080513000488
967,TH0021AV/viewpoint_simulated_191_surface0.pcd,Testing,2.197106122970581,2.1275839805603027,0.06952214241027832
968,TH0021AV/viewpoint_simulated_192_surface0.pcd,Testing,2.211700201034546,2.232818365097046,0.0211181640625
969,TH0021AV/viewpoint_simulated_193_surface0.pcd,Testing,2.3893966674804688,2.1185531616210938,0.270843505859375
970,TH0021AV/viewpoint_simulated_194_surface0.pcd,Testing,2.27382755279541,2.112893581390381,0.1609339714050293
971,TH0021AV/viewpoint_simulated_195_surface0.pcd,Testing,2.2216687202453613,2.095703601837158,0.12596511840820312
972,TH0021AV/viewpoint_simulated_196_surface0.pcd,Testing,2.0321083068847656,2.1321942806243896,0.10008597373962402
973,TH0021AV/viewpoint_simulated_197_surface0.pcd,Testing,2.006861448287964,2.071159601211548,0.06429815292358398
974,TH0021AV/viewpoint_simulated_198_surface0.pcd,Testing,2.284456729888916,2.0857999324798584,0.19865679740905762
975,TH0021AV/viewpoint_simulated_199_surface0.pcd,Testing,2.1213366985321045,2.1144895553588867,0.0068471431732177734
976,TH0021AV/viewpoint_simulated_2_surface0.pcd,Testing,2.307523012161255,2.2237863540649414,0.08373665809631348
977,TH0021AV/viewpoint_simulated_20_surface0.pcd,Testing,2.1734979152679443,2.1503348350524902,0.0231630802154541
978,TH0021AV/viewpoint_simulated_200_surface0.pcd,Testing,2.29716157913208,2.0931859016418457,0.20397567749023438
979,TH0021AV/viewpoint_simulated_201_surface0.pcd,Testing,2.273000717163086,2.056612491607666,0.21638822555541992
980,TH0021AV/viewpoint_simulated_202_surface0.pcd,Testing,2.2211246490478516,2.104748249053955,0.11637639999389648
981,TH0021AV/viewpoint_simulated_203_surface0.pcd,Testing,2.1742897033691406,2.162679672241211,0.011610031127929688
982,TH0021AV/viewpoint_simulated_204_surface0.pcd,Testing,2.24839186668396,2.2015862464904785,0.046805620193481445
983,TH0021AV/viewpoint_simulated_205_surface0.pcd,Testing,2.0518460273742676,2.203835964202881,0.15198993682861328
984,TH0021AV/viewpoint_simulated_206_surface0.pcd,Testing,2.305820941925049,2.110438108444214,0.19538283348083496
985,TH0021AV/viewpoint_simulated_207_surface0.pcd,Testing,2.298163652420044,2.094542980194092,0.20362067222595215
986,TH0021AV/viewpoint_simulated_208_surface0.pcd,Testing,2.1486973762512207,2.1684184074401855,0.019721031188964844
987,TH0021AV/viewpoint_simulated_209_surface0.pcd,Testing,2.1201319694519043,2.0850071907043457,0.035124778747558594
988,TH0021AV/viewpoint_simulated_21_surface0.pcd,Testing,2.242894411087036,2.119363784790039,0.12353062629699707
989,TH0021AV/viewpoint_simulated_210_surface0.pcd,Testing,2.2468345165252686,2.097127914428711,0.14970660209655762
990,TH0021AV/viewpoint_simulated_211_surface0.pcd,Testing,2.214503765106201,2.1169943809509277,0.09750938415527344
991,TH0021AV/viewpoint_simulated_212_surface0.pcd,Testing,2.1561191082000732,2.0643064975738525,0.0918126106262207
992,TH0021AV/viewpoint_simulated_213_surface0.pcd,Testing,2.2104811668395996,2.0703625679016113,0.14011859893798828
993,TH0021AV/viewpoint_simulated_214_surface0.pcd,Testing,2.1448397636413574,2.094133138656616,0.05070662498474121
994,TH0021AV/viewpoint_simulated_215_surface0.pcd,Testing,2.250070333480835,2.2165451049804688,0.03352522850036621
995,TH0021AV/viewpoint_simulated_22_surface0.pcd,Testing,2.328732490539551,2.1577444076538086,0.1709880828857422
996,TH0021AV/viewpoint_simulated_23_surface0.pcd,Testing,2.1992130279541016,2.1575756072998047,0.041637420654296875
997,TH0021AV/viewpoint_simulated_24_surface0.pcd,Testing,2.3300862312316895,2.1342992782592773,0.1957869529724121
998,TH0021AV/viewpoint_simulated_25_surface0.pcd,Testing,2.0807812213897705,2.1588048934936523,0.07802367210388184
999,TH0021AV/viewpoint_simulated_26_surface0.pcd,Testing,2.2156784534454346,2.1766419410705566,0.03903651237487793
1000,TH0021AV/viewpoint_simulated_27_surface0.pcd,Testing,2.0553455352783203,2.2055716514587402,0.15022611618041992
1001,TH0021AV/viewpoint_simulated_28_surface0.pcd,Testing,2.2993781566619873,2.1867401599884033,0.11263799667358398
1002,TH0021AV/viewpoint_simulated_29_surface0.pcd,Testing,2.1867849826812744,2.165071487426758,0.0217134952545166
1003,TH0021AV/viewpoint_simulated_3_surface0.pcd,Testing,2.179229736328125,2.215391159057617,0.03616142272949219
1004,TH0021AV/viewpoint_simulated_30_surface0.pcd,Testing,2.028012275695801,2.1542720794677734,0.12625980377197266
1005,TH0021AV/viewpoint_simulated_31_surface0.pcd,Testing,2.3582851886749268,2.152496337890625,0.20578885078430176
1006,TH0021AV/viewpoint_simulated_32_surface0.pcd,Testing,2.274972677230835,2.129488229751587,0.14548444747924805
1007,TH0021AV/viewpoint_simulated_33_surface0.pcd,Testing,2.210108757019043,2.104923725128174,0.10518503189086914
1008,TH0021AV/viewpoint_simulated_34_surface0.pcd,Testing,2.103580951690674,2.129021644592285,0.025440692901611328
1009,TH0021AV/viewpoint_simulated_35_surface0.pcd,Testing,2.1424171924591064,2.114490509033203,0.02792668342590332
1010,TH0021AV/viewpoint_simulated_36_surface0.pcd,Testing,2.237870931625366,2.120755434036255,0.11711549758911133
1011,TH0021AV/viewpoint_simulated_37_surface0.pcd,Testing,2.127460479736328,2.123793125152588,0.0036673545837402344
1012,TH0021AV/viewpoint_simulated_38_surface0.pcd,Testing,2.2687456607818604,2.1378061771392822,0.13093948364257812
1013,TH0021AV/viewpoint_simulated_39_surface0.pcd,Testing,2.0986454486846924,2.169123649597168,0.07047820091247559
1014,TH0021AV/viewpoint_simulated_4_surface0.pcd,Testing,2.1241157054901123,2.1988565921783447,0.07474088668823242
1015,TH0021AV/viewpoint_simulated_40_surface0.pcd,Testing,2.077702522277832,2.0973660945892334,0.019663572311401367
1016,TH0021AV/viewpoint_simulated_41_surface0.pcd,Testing,2.398223400115967,2.072023391723633,0.326200008392334
1017,TH0021AV/viewpoint_simulated_42_surface0.pcd,Testing,2.10155987739563,2.1346139907836914,0.03305411338806152
1018,TH0021AV/viewpoint_simulated_43_surface0.pcd,Testing,2.2984888553619385,2.1319761276245117,0.16651272773742676
1019,TH0021AV/viewpoint_simulated_44_surface0.pcd,Testing,2.410155773162842,2.10312557220459,0.30703020095825195
1020,TH0021AV/viewpoint_simulated_45_surface0.pcd,Testing,2.150637149810791,2.0897562503814697,0.06088089942932129
1021,TH0021AV/viewpoint_simulated_46_surface0.pcd,Testing,2.2315597534179688,2.124293327331543,0.10726642608642578
1022,TH0021AV/viewpoint_simulated_47_surface0.pcd,Testing,2.2484209537506104,2.0972402095794678,0.15118074417114258
1023,TH0021AV/viewpoint_simulated_48_surface0.pcd,Testing,2.387995481491089,2.198383331298828,0.18961215019226074
1024,TH0021AV/viewpoint_simulated_49_surface0.pcd,Testing,2.1447277069091797,2.119985342025757,0.02474236488342285
1025,TH0021AV/viewpoint_simulated_5_surface0.pcd,Testing,2.177206516265869,2.2226803302764893,0.04547381401062012
1026,TH0021AV/viewpoint_simulated_50_surface0.pcd,Testing,2.251364231109619,2.1054306030273438,0.1459336280822754
1027,TH0021AV/viewpoint_simulated_51_surface0.pcd,Testing,1.9041438102722168,2.1120100021362305,0.20786619186401367
1028,TH0021AV/viewpoint_simulated_52_surface0.pcd,Testing,2.1578328609466553,2.1333155632019043,0.024517297744750977
1029,TH0021AV/viewpoint_simulated_53_surface0.pcd,Testing,2.302100896835327,2.084155321121216,0.21794557571411133
1030,TH0021AV/viewpoint_simulated_54_surface0.pcd,Testing,2.206892251968384,2.091918468475342,0.11497378349304199
1031,TH0021AV/viewpoint_simulated_55_surface0.pcd,Testing,2.2375030517578125,2.124209403991699,0.11329364776611328
1032,TH0021AV/viewpoint_simulated_56_surface0.pcd,Testing,2.1653897762298584,2.083470106124878,0.08191967010498047
1033,TH0021AV/viewpoint_simulated_57_surface0.pcd,Testing,2.138834238052368,2.0679211616516113,0.07091307640075684
1034,TH0021AV/viewpoint_simulated_58_surface0.pcd,Testing,2.124251127243042,2.101654052734375,0.022597074508666992
1035,TH0021AV/viewpoint_simulated_59_surface0.pcd,Testing,2.390493631362915,2.134312868118286,0.2561807632446289
1036,TH0021AV/viewpoint_simulated_6_surface0.pcd,Testing,2.1870908737182617,2.2420010566711426,0.05491018295288086
1037,TH0021AV/viewpoint_simulated_60_surface0.pcd,Testing,2.5817489624023438,2.197899580001831,0.3838493824005127
1038,TH0021AV/viewpoint_simulated_61_surface0.pcd,Testing,2.398914337158203,2.1453676223754883,0.25354671478271484
1039,TH0021AV/viewpoint_simulated_62_surface0.pcd,Testing,2.0814363956451416,2.110074043273926,0.02863764762878418
1040,TH0021AV/viewpoint_simulated_63_surface0.pcd,Testing,2.184507131576538,2.0854568481445312,0.09905028343200684
1041,TH0021AV/viewpoint_simulated_64_surface0.pcd,Testing,2.3645598888397217,2.1550650596618652,0.20949482917785645
1042,TH0021AV/viewpoint_simulated_65_surface0.pcd,Testing,2.117954969406128,2.0697622299194336,0.048192739486694336
1043,TH0021AV/viewpoint_simulated_66_surface0.pcd,Testing,2.25818133354187,2.1106560230255127,0.14752531051635742
1044,TH0021AV/viewpoint_simulated_67_surface0.pcd,Testing,2.226109266281128,2.1134369373321533,0.11267232894897461
1045,TH0021AV/viewpoint_simulated_68_surface0.pcd,Testing,2.2369344234466553,2.084869623184204,0.15206480026245117
1046,TH0021AV/viewpoint_simulated_69_surface0.pcd,Testing,2.2334439754486084,2.0687923431396484,0.16465163230895996
1047,TH0021AV/viewpoint_simulated_7_surface0.pcd,Testing,2.1731226444244385,2.1949961185455322,0.02187347412109375
1048,TH0021AV/viewpoint_simulated_70_surface0.pcd,Testing,2.2607576847076416,2.079345226287842,0.1814124584197998
1049,TH0021AV/viewpoint_simulated_71_surface0.pcd,Testing,2.3140981197357178,2.187281847000122,0.1268162727355957
1050,TH0021AV/viewpoint_simulated_72_surface0.pcd,Testing,2.2990212440490723,2.1801905632019043,0.11883068084716797
1051,TH0021AV/viewpoint_simulated_73_surface0.pcd,Testing,1.9923222064971924,2.218050003051758,0.22572779655456543
1052,TH0021AV/viewpoint_simulated_74_surface0.pcd,Testing,2.040595293045044,2.225062370300293,0.18446707725524902
1053,TH0021AV/viewpoint_simulated_75_surface0.pcd,Testing,2.3382341861724854,2.2111353874206543,0.12709879875183105
1054,TH0021AV/viewpoint_simulated_76_surface0.pcd,Testing,2.1680262088775635,2.2144980430603027,0.04647183418273926
1055,TH0021AV/viewpoint_simulated_77_surface0.pcd,Testing,2.065465211868286,2.220384120941162,0.15491890907287598
1056,TH0021AV/viewpoint_simulated_78_surface0.pcd,Testing,2.3026089668273926,2.2440836429595947,0.05852532386779785
1057,TH0021AV/viewpoint_simulated_79_surface0.pcd,Testing,2.2665367126464844,2.176272392272949,0.09026432037353516
1058,TH0021AV/viewpoint_simulated_8_surface0.pcd,Testing,2.14988112449646,2.170170307159424,0.020289182662963867
1059,TH0021AV/viewpoint_simulated_80_surface0.pcd,Testing,2.222355604171753,2.1698923110961914,0.05246329307556152
1060,TH0021AV/viewpoint_simulated_81_surface0.pcd,Testing,2.152353048324585,2.1276679039001465,0.024685144424438477
1061,TH0021AV/viewpoint_simulated_82_surface0.pcd,Testing,2.232313394546509,2.1527457237243652,0.07956767082214355
1062,TH0021AV/viewpoint_simulated_83_surface0.pcd,Testing,2.169557571411133,2.134629487991333,0.034928083419799805
1063,TH0021AV/viewpoint_simulated_84_surface0.pcd,Testing,2.0340778827667236,2.164029836654663,0.12995195388793945
1064,TH0021AV/viewpoint_simulated_85_surface0.pcd,Testing,2.2907321453094482,2.2008962631225586,0.08983588218688965
1065,TH0021AV/viewpoint_simulated_86_surface0.pcd,Testing,2.143306016921997,2.202699661254883,0.05939364433288574
1066,TH0021AV/viewpoint_simulated_87_surface0.pcd,Testing,2.138906717300415,2.2029378414154053,0.06403112411499023
1067,TH0021AV/viewpoint_simulated_88_surface0.pcd,Testing,2.1095926761627197,2.2012438774108887,0.09165120124816895
1068,TH0021AV/viewpoint_simulated_89_surface0.pcd,Testing,2.105975389480591,2.206122398376465,0.10014700889587402
1069,TH0021AV/viewpoint_simulated_9_surface0.pcd,Testing,2.2999792098999023,2.139901638031006,0.16007757186889648
1070,TH0021AV/viewpoint_simulated_90_surface0.pcd,Testing,2.214198112487793,2.198859691619873,0.015338420867919922
1071,TH0021AV/viewpoint_simulated_91_surface0.pcd,Testing,2.357172727584839,2.1719346046447754,0.18523812294006348
1072,TH0021AV/viewpoint_simulated_92_surface0.pcd,Testing,2.267064332962036,2.148768901824951,0.11829543113708496
1073,TH0021AV/viewpoint_simulated_93_surface0.pcd,Testing,2.185683012008667,2.114375114440918,0.07130789756774902
1074,TH0021AV/viewpoint_simulated_94_surface0.pcd,Testing,2.0634121894836426,2.14302396774292,0.07961177825927734
1075,TH0021AV/viewpoint_simulated_95_surface0.pcd,Testing,2.2185850143432617,2.1473042964935303,0.07128071784973145
1076,TH0021AV/viewpoint_simulated_96_surface0.pcd,Testing,2.0966038703918457,2.1181113719940186,0.02150750160217285
1077,TH0021AV/viewpoint_simulated_97_surface0.pcd,Testing,2.055882453918457,2.14703631401062,0.09115386009216309
1078,TH0021AV/viewpoint_simulated_98_surface0.pcd,Testing,2.068852186203003,2.175187587738037,0.10633540153503418
1079,TH0021AV/viewpoint_simulated_99_surface0.pcd,Testing,2.242823362350464,2.2025954723358154,0.04022789001464844
1080,TH0021AV/viewpoint_simulated_0_surface1.pcd,Testing,1.9438668489456177,2.0873348712921143,0.14346802234649658
1081,TH0021AV/viewpoint_simulated_1_surface1.pcd,Testing,1.9214082956314087,2.1240925788879395,0.20268428325653076
1082,TH0021AV/viewpoint_simulated_10_surface1.pcd,Testing,1.9246783256530762,2.0915794372558594,0.1669011116027832
1083,TH0021AV/viewpoint_simulated_100_surface1.pcd,Testing,2.0392532348632812,2.0130624771118164,0.026190757751464844
1084,TH0021AV/viewpoint_simulated_101_surface1.pcd,Testing,1.974327802658081,1.9606999158859253,0.013627886772155762
1085,TH0021AV/viewpoint_simulated_102_surface1.pcd,Testing,1.9798614978790283,1.9245591163635254,0.05530238151550293
1086,TH0021AV/viewpoint_simulated_103_surface1.pcd,Testing,1.9652734994888306,1.9391855001449585,0.02608799934387207
1087,TH0021AV/viewpoint_simulated_104_surface1.pcd,Testing,2.1457791328430176,2.0774707794189453,0.06830835342407227
1088,TH0021AV/viewpoint_simulated_105_surface1.pcd,Testing,1.9916930198669434,2.0763986110687256,0.08470559120178223
1089,TH0021AV/viewpoint_simulated_106_surface1.pcd,Testing,1.990662693977356,2.1038002967834473,0.11313760280609131
1090,TH0021AV/viewpoint_simulated_107_surface1.pcd,Testing,1.9669090509414673,2.092756509780884,0.1258474588394165
1091,TH0021AV/viewpoint_simulated_108_surface1.pcd,Testing,2.091212272644043,2.1088716983795166,0.017659425735473633
1092,TH0021AV/viewpoint_simulated_109_surface1.pcd,Testing,1.9633827209472656,2.0570833683013916,0.09370064735412598
1093,TH0021AV/viewpoint_simulated_11_surface1.pcd,Testing,2.020136594772339,2.080411434173584,0.06027483940124512
1094,TH0021AV/viewpoint_simulated_110_surface1.pcd,Testing,2.006143808364868,1.993618130683899,0.012525677680969238
1095,TH0021AV/viewpoint_simulated_111_surface1.pcd,Testing,2.0891005992889404,1.9823322296142578,0.10676836967468262
1096,TH0021AV/viewpoint_simulated_112_surface1.pcd,Testing,2.0473666191101074,1.90977144241333,0.13759517669677734
1097,TH0021AV/viewpoint_simulated_113_surface1.pcd,Testing,2.057020902633667,1.9255279302597046,0.1314929723739624
1098,TH0021AV/viewpoint_simulated_114_surface1.pcd,Testing,2.078092575073242,1.9166849851608276,0.16140758991241455
1099,TH0021AV/viewpoint_simulated_115_surface1.pcd,Testing,1.9465956687927246,1.8951306343078613,0.05146503448486328
1100,TH0021AV/viewpoint_simulated_116_surface1.pcd,Testing,2.114203453063965,2.0384340286254883,0.07576942443847656
1101,TH0021AV/viewpoint_simulated_117_surface1.pcd,Testing,2.0844457149505615,2.0563595294952393,0.028086185455322266
1102,TH0021AV/viewpoint_simulated_118_surface1.pcd,Testing,2.022061586380005,2.0979645252227783,0.07590293884277344
1103,TH0021AV/viewpoint_simulated_119_surface1.pcd,Testing,2.040663242340088,2.179039478302002,0.13837623596191406
1104,TH0021AV/viewpoint_simulated_12_surface1.pcd,Testing,1.9457039833068848,2.1311423778533936,0.1854383945465088
1105,TH0021AV/viewpoint_simulated_120_surface1.pcd,Testing,1.9427826404571533,2.0492286682128906,0.1064460277557373
1106,TH0021AV/viewpoint_simulated_121_surface1.pcd,Testing,1.9407280683517456,2.0203564167022705,0.0796283483505249
1107,TH0021AV/viewpoint_simulated_122_surface1.pcd,Testing,2.0135209560394287,1.983993411064148,0.02952754497528076
1108,TH0021AV/viewpoint_simulated_123_surface1.pcd,Testing,1.9775947332382202,1.9628320932388306,0.014762639999389648
1109,TH0021AV/viewpoint_simulated_124_surface1.pcd,Testing,2.0685813426971436,1.9084006547927856,0.1601806879043579
1110,TH0021AV/viewpoint_simulated_125_surface1.pcd,Testing,2.0535595417022705,1.965559482574463,0.08800005912780762
1111,TH0021AV/viewpoint_simulated_126_surface1.pcd,Testing,2.0501904487609863,1.9150720834732056,0.13511836528778076
1112,TH0021AV/viewpoint_simulated_127_surface1.pcd,Testing,1.9263029098510742,1.9026360511779785,0.023666858673095703
1113,TH0021AV/viewpoint_simulated_128_surface1.pcd,Testing,2.1056013107299805,2.033442497253418,0.0721588134765625
1114,TH0021AV/viewpoint_simulated_129_surface1.pcd,Testing,2.0178303718566895,2.0624330043792725,0.04460263252258301
1115,TH0021AV/viewpoint_simulated_13_surface1.pcd,Testing,2.053558349609375,2.099125385284424,0.04556703567504883
1116,TH0021AV/viewpoint_simulated_130_surface1.pcd,Testing,2.0527355670928955,2.1182055473327637,0.06546998023986816
1117,TH0021AV/viewpoint_simulated_131_surface1.pcd,Testing,1.965649962425232,2.1016483306884766,0.13599836826324463
1118,TH0021AV/viewpoint_simulated_132_surface1.pcd,Testing,2.0043632984161377,2.052600860595703,0.04823756217956543
1119,TH0021AV/viewpoint_simulated_133_surface1.pcd,Testing,2.0854663848876953,2.0419163703918457,0.04355001449584961
1120,TH0021AV/viewpoint_simulated_134_surface1.pcd,Testing,2.030257225036621,1.96652090549469,0.06373631954193115
1121,TH0021AV/viewpoint_simulated_135_surface1.pcd,Testing,2.0635147094726562,1.9779083728790283,0.08560633659362793
1122,TH0021AV/viewpoint_simulated_136_surface1.pcd,Testing,2.046989679336548,1.9094229936599731,0.1375666856765747
1123,TH0021AV/viewpoint_simulated_137_surface1.pcd,Testing,2.031872034072876,1.9869979619979858,0.04487407207489014
1124,TH0021AV/viewpoint_simulated_138_surface1.pcd,Testing,2.0282886028289795,1.9332822561264038,0.09500634670257568
1125,TH0021AV/viewpoint_simulated_139_surface1.pcd,Testing,1.960579752922058,1.9141395092010498,0.0464402437210083
1126,TH0021AV/viewpoint_simulated_14_surface1.pcd,Testing,1.9123899936676025,2.055920124053955,0.14353013038635254
1127,TH0021AV/viewpoint_simulated_140_surface1.pcd,Testing,2.047856569290161,2.0145814418792725,0.03327512741088867
1128,TH0021AV/viewpoint_simulated_141_surface1.pcd,Testing,2.1097378730773926,2.0370001792907715,0.0727376937866211
1129,TH0021AV/viewpoint_simulated_142_surface1.pcd,Testing,2.034452199935913,2.0949809551239014,0.06052875518798828
1130,TH0021AV/viewpoint_simulated_143_surface1.pcd,Testing,1.9013454914093018,2.114231586456299,0.21288609504699707
1131,TH0021AV/viewpoint_simulated_144_surface1.pcd,Testing,1.9568936824798584,2.104463815689087,0.14757013320922852
1132,TH0021AV/viewpoint_simulated_145_surface1.pcd,Testing,1.9564275741577148,2.0676136016845703,0.11118602752685547
1133,TH0021AV/viewpoint_simulated_146_surface1.pcd,Testing,2.0728039741516113,2.1097326278686523,0.036928653717041016
1134,TH0021AV/viewpoint_simulated_147_surface1.pcd,Testing,1.9312117099761963,2.1069111824035645,0.17569947242736816
1135,TH0021AV/viewpoint_simulated_148_surface1.pcd,Testing,1.9728562831878662,2.058152675628662,0.0852963924407959
1136,TH0021AV/viewpoint_simulated_149_surface1.pcd,Testing,2.14265513420105,2.0931944847106934,0.049460649490356445
1137,TH0021AV/viewpoint_simulated_15_surface1.pcd,Testing,1.8767801523208618,1.9964147806167603,0.11963462829589844
1138,TH0021AV/viewpoint_simulated_150_surface1.pcd,Testing,1.9469608068466187,2.0857062339782715,0.13874542713165283
1139,TH0021AV/viewpoint_simulated_151_surface1.pcd,Testing,1.9602622985839844,2.085120677947998,0.12485837936401367
1140,TH0021AV/viewpoint_simulated_152_surface1.pcd,Testing,1.9350368976593018,2.1459531784057617,0.21091628074645996
1141,TH0021AV/viewpoint_simulated_153_surface1.pcd,Testing,2.0986242294311523,2.158457040786743,0.05983281135559082
1142,TH0021AV/viewpoint_simulated_154_surface1.pcd,Testing,1.9064455032348633,2.065772771835327,0.15932726860046387
1143,TH0021AV/viewpoint_simulated_155_surface1.pcd,Testing,1.9167510271072388,2.1339406967163086,0.21718966960906982
1144,TH0021AV/viewpoint_simulated_156_surface1.pcd,Testing,2.0283236503601074,2.12192440032959,0.09360074996948242
1145,TH0021AV/viewpoint_simulated_157_surface1.pcd,Testing,1.9355487823486328,2.050593852996826,0.11504507064819336
1146,TH0021AV/viewpoint_simulated_158_surface1.pcd,Testing,2.0604825019836426,2.0370705127716064,0.023411989212036133
1147,TH0021AV/viewpoint_simulated_159_surface1.pcd,Testing,1.920379638671875,2.028778314590454,0.1083986759185791
1148,TH0021AV/viewpoint_simulated_16_surface1.pcd,Testing,1.9716181755065918,2.0138182640075684,0.04220008850097656
1149,TH0021AV/viewpoint_simulated_160_surface1.pcd,Testing,1.9573426246643066,2.040614604949951,0.08327198028564453
1150,TH0021AV/viewpoint_simulated_161_surface1.pcd,Testing,1.8842613697052002,2.0204920768737793,0.1362307071685791
1151,TH0021AV/viewpoint_simulated_162_surface1.pcd,Testing,1.9545669555664062,2.0321991443634033,0.07763218879699707
1152,TH0021AV/viewpoint_simulated_163_surface1.pcd,Testing,1.9982303380966187,2.0533037185668945,0.05507338047027588
1153,TH0021AV/viewpoint_simulated_164_surface1.pcd,Testing,2.0523338317871094,2.143284320831299,0.09095048904418945
1154,TH0021AV/viewpoint_simulated_165_surface1.pcd,Testing,1.952431559562683,2.1482715606689453,0.1958400011062622
1155,TH0021AV/viewpoint_simulated_166_surface1.pcd,Testing,2.113861560821533,2.13765811920166,0.023796558380126953
1156,TH0021AV/viewpoint_simulated_167_surface1.pcd,Testing,1.9564417600631714,2.1638588905334473,0.20741713047027588
1157,TH0021AV/viewpoint_simulated_168_surface1.pcd,Testing,2.002793312072754,2.070253610610962,0.06746029853820801
1158,TH0021AV/viewpoint_simulated_169_surface1.pcd,Testing,2.0006284713745117,2.1035382747650146,0.10290980339050293
1159,TH0021AV/viewpoint_simulated_17_surface1.pcd,Testing,1.9552918672561646,2.0295417308807373,0.07424986362457275
1160,TH0021AV/viewpoint_simulated_170_surface1.pcd,Testing,1.9295803308486938,2.0187478065490723,0.08916747570037842
1161,TH0021AV/viewpoint_simulated_171_surface1.pcd,Testing,2.035916805267334,1.9856640100479126,0.05025279521942139
1162,TH0021AV/viewpoint_simulated_172_surface1.pcd,Testing,1.9902843236923218,2.006127119064331,0.015842795372009277
1163,TH0021AV/viewpoint_simulated_173_surface1.pcd,Testing,1.9362872838974,1.9673572778701782,0.03106999397277832
1164,TH0021AV/viewpoint_simulated_174_surface1.pcd,Testing,2.011908531188965,1.9164406061172485,0.09546792507171631
1165,TH0021AV/viewpoint_simulated_175_surface1.pcd,Testing,2.163468837738037,1.9770179986953735,0.18645083904266357
1166,TH0021AV/viewpoint_simulated_176_surface1.pcd,Testing,2.096889019012451,2.092751979827881,0.0041370391845703125
1167,TH0021AV/viewpoint_simulated_177_surface1.pcd,Testing,1.9816486835479736,2.049724578857422,0.06807589530944824
1168,TH0021AV/viewpoint_simulated_178_surface1.pcd,Testing,1.981924057006836,2.1121630668640137,0.13023900985717773
1169,TH0021AV/viewpoint_simulated_179_surface1.pcd,Testing,1.9059686660766602,2.1748204231262207,0.26885175704956055
1170,TH0021AV/viewpoint_simulated_18_surface1.pcd,Testing,2.0052738189697266,2.058316707611084,0.05304288864135742
1171,TH0021AV/viewpoint_simulated_180_surface1.pcd,Testing,1.9651859998703003,2.075491428375244,0.11030542850494385
1172,TH0021AV/viewpoint_simulated_181_surface1.pcd,Testing,2.0187716484069824,2.0773651599884033,0.0585935115814209
1173,TH0021AV/viewpoint_simulated_182_surface1.pcd,Testing,1.970929503440857,1.9818323850631714,0.010902881622314453
1174,TH0021AV/viewpoint_simulated_183_surface1.pcd,Testing,1.9736970663070679,1.9672995805740356,0.0063974857330322266
1175,TH0021AV/viewpoint_simulated_184_surface1.pcd,Testing,1.954164743423462,1.9152408838272095,0.03892385959625244
1176,TH0021AV/viewpoint_simulated_185_surface1.pcd,Testing,2.111302375793457,1.9453734159469604,0.16592895984649658
1177,TH0021AV/viewpoint_simulated_186_surface1.pcd,Testing,2.0052506923675537,1.9121907949447632,0.09305989742279053
1178,TH0021AV/viewpoint_simulated_187_surface1.pcd,Testing,2.036672830581665,1.9034816026687622,0.13319122791290283
1179,TH0021AV/viewpoint_simulated_188_surface1.pcd,Testing,1.9191384315490723,2.0511932373046875,0.13205480575561523
1180,TH0021AV/viewpoint_simulated_189_surface1.pcd,Testing,1.9271235466003418,2.0688061714172363,0.14168262481689453
1181,TH0021AV/viewpoint_simulated_19_surface1.pcd,Testing,1.9209593534469604,2.014759063720703,0.09379971027374268
1182,TH0021AV/viewpoint_simulated_190_surface1.pcd,Testing,2.0339407920837402,2.1036386489868164,0.06969785690307617
1183,TH0021AV/viewpoint_simulated_191_surface1.pcd,Testing,2.069153308868408,2.1124074459075928,0.04325413703918457
1184,TH0021AV/viewpoint_simulated_192_surface1.pcd,Testing,2.095608949661255,2.0469069480895996,0.04870200157165527
1185,TH0021AV/viewpoint_simulated_193_surface1.pcd,Testing,2.029942512512207,2.032360076904297,0.0024175643920898438
1186,TH0021AV/viewpoint_simulated_194_surface1.pcd,Testing,2.0923197269439697,1.9859637022018433,0.10635602474212646
1187,TH0021AV/viewpoint_simulated_195_surface1.pcd,Testing,2.0448145866394043,1.9520058631896973,0.09280872344970703
1188,TH0021AV/viewpoint_simulated_196_surface1.pcd,Testing,1.9225776195526123,1.9028741121292114,0.01970350742340088
1189,TH0021AV/viewpoint_simulated_197_surface1.pcd,Testing,1.9824384450912476,1.9732067584991455,0.00923168659210205
1190,TH0021AV/viewpoint_simulated_198_surface1.pcd,Testing,2.1256625652313232,1.9310909509658813,0.1945716142654419
1191,TH0021AV/viewpoint_simulated_199_surface1.pcd,Testing,2.073441743850708,1.9037708044052124,0.1696709394454956
1192,TH0021AV/viewpoint_simulated_2_surface1.pcd,Testing,2.1021568775177,2.1138556003570557,0.011698722839355469
1193,TH0021AV/viewpoint_simulated_20_surface1.pcd,Testing,1.9343959093093872,2.1385726928710938,0.20417678356170654
1194,TH0021AV/viewpoint_simulated_200_surface1.pcd,Testing,2.0630786418914795,2.013688087463379,0.049390554428100586
1195,TH0021AV/viewpoint_simulated_201_surface1.pcd,Testing,2.080028533935547,2.0606324672698975,0.019396066665649414
1196,TH0021AV/viewpoint_simulated_202_surface1.pcd,Testing,1.9581478834152222,2.1043035984039307,0.1461557149887085
1197,TH0021AV/viewpoint_simulated_203_surface1.pcd,Testing,1.9664313793182373,2.179324150085449,0.21289277076721191
1198,TH0021AV/viewpoint_simulated_204_surface1.pcd,Testing,2.1153433322906494,2.04522705078125,0.07011628150939941
1199,TH0021AV/viewpoint_simulated_205_surface1.pcd,Testing,2.074613571166992,2.0177581310272217,0.05685544013977051
1200,TH0021AV/viewpoint_simulated_206_surface1.pcd,Testing,2.0604591369628906,1.9722236394882202,0.08823549747467041
1201,TH0021AV/viewpoint_simulated_207_surface1.pcd,Testing,2.019310474395752,1.9630316495895386,0.05627882480621338
1202,TH0021AV/viewpoint_simulated_208_surface1.pcd,Testing,2.0331900119781494,1.9201868772506714,0.11300313472747803
1203,TH0021AV/viewpoint_simulated_209_surface1.pcd,Testing,2.066021203994751,1.9795715808868408,0.08644962310791016
1204,TH0021AV/viewpoint_simulated_21_surface1.pcd,Testing,1.9561420679092407,2.1068246364593506,0.15068256855010986
1205,TH0021AV/viewpoint_simulated_210_surface1.pcd,Testing,2.0669569969177246,1.934576392173767,0.13238060474395752
1206,TH0021AV/viewpoint_simulated_211_surface1.pcd,Testing,2.0002753734588623,1.9227769374847412,0.0774984359741211
1207,TH0021AV/viewpoint_simulated_212_surface1.pcd,Testing,2.034245729446411,2.0256142616271973,0.008631467819213867
1208,TH0021AV/viewpoint_simulated_213_surface1.pcd,Testing,2.0569112300872803,2.048567533493042,0.008343696594238281
1209,TH0021AV/viewpoint_simulated_214_surface1.pcd,Testing,2.0859670639038086,2.088845729827881,0.0028786659240722656
1210,TH0021AV/viewpoint_simulated_215_surface1.pcd,Testing,2.076655387878418,2.1491856575012207,0.07253026962280273
1211,TH0021AV/viewpoint_simulated_22_surface1.pcd,Testing,2.0099406242370605,2.093379259109497,0.08343863487243652
1212,TH0021AV/viewpoint_simulated_23_surface1.pcd,Testing,1.951175332069397,2.1053900718688965,0.1542147397994995
1213,TH0021AV/viewpoint_simulated_24_surface1.pcd,Testing,2.0651190280914307,2.093080520629883,0.02796149253845215
1214,TH0021AV/viewpoint_simulated_25_surface1.pcd,Testing,2.0624423027038574,2.0880184173583984,0.025576114654541016
1215,TH0021AV/viewpoint_simulated_26_surface1.pcd,Testing,1.9780519008636475,1.9985946416854858,0.02054274082183838
1216,TH0021AV/viewpoint_simulated_27_surface1.pcd,Testing,2.041795253753662,1.9579836130142212,0.08381164073944092
1217,TH0021AV/viewpoint_simulated_28_surface1.pcd,Testing,1.948110818862915,2.0093817710876465,0.061270952224731445
1218,TH0021AV/viewpoint_simulated_29_surface1.pcd,Testing,1.9899851083755493,1.9675453901290894,0.02243971824645996
1219,TH0021AV/viewpoint_simulated_3_surface1.pcd,Testing,1.989332914352417,2.105813503265381,0.11648058891296387
1220,TH0021AV/viewpoint_simulated_30_surface1.pcd,Testing,2.032231569290161,1.9191471338272095,0.11308443546295166
1221,TH0021AV/viewpoint_simulated_31_surface1.pcd,Testing,1.9647921323776245,1.9181770086288452,0.0466151237487793
1222,TH0021AV/viewpoint_simulated_32_surface1.pcd,Testing,1.943542718887329,2.0752482414245605,0.13170552253723145
1223,TH0021AV/viewpoint_simulated_33_surface1.pcd,Testing,1.9009194374084473,2.044557809829712,0.14363837242126465
1224,TH0021AV/viewpoint_simulated_34_surface1.pcd,Testing,1.957263469696045,2.115501880645752,0.15823841094970703
1225,TH0021AV/viewpoint_simulated_35_surface1.pcd,Testing,2.0223913192749023,2.153123378753662,0.13073205947875977
1226,TH0021AV/viewpoint_simulated_36_surface1.pcd,Testing,1.9166001081466675,2.0281848907470703,0.11158478260040283
1227,TH0021AV/viewpoint_simulated_37_surface1.pcd,Testing,2.091437816619873,2.014327049255371,0.07711076736450195
1228,TH0021AV/viewpoint_simulated_38_surface1.pcd,Testing,1.996860146522522,1.979138731956482,0.01772141456604004
1229,TH0021AV/viewpoint_simulated_39_surface1.pcd,Testing,1.9829726219177246,1.971216082572937,0.011756539344787598
1230,TH0021AV/viewpoint_simulated_4_surface1.pcd,Testing,1.9159375429153442,2.086458206176758,0.17052066326141357
1231,TH0021AV/viewpoint_simulated_40_surface1.pcd,Testing,1.9876943826675415,1.9078785181045532,0.07981586456298828
1232,TH0021AV/viewpoint_simulated_41_surface1.pcd,Testing,2.0209529399871826,1.943904995918274,0.07704794406890869
1233,TH0021AV/viewpoint_simulated_42_surface1.pcd,Testing,2.086625814437866,1.9177604913711548,0.16886532306671143
1234,TH0021AV/viewpoint_simulated_43_surface1.pcd,Testing,2.052217960357666,1.8854485750198364,0.1667693853378296
1235,TH0021AV/viewpoint_simulated_44_surface1.pcd,Testing,1.981382131576538,2.06404185295105,0.08265972137451172
1236,TH0021AV/viewpoint_simulated_45_surface1.pcd,Testing,1.9584851264953613,2.079697608947754,0.12121248245239258
1237,TH0021AV/viewpoint_simulated_46_surface1.pcd,Testing,2.0172626972198486,2.0972723960876465,0.08000969886779785
1238,TH0021AV/viewpoint_simulated_47_surface1.pcd,Testing,2.016937017440796,2.072197437286377,0.055260419845581055
1239,TH0021AV/viewpoint_simulated_48_surface1.pcd,Testing,1.9396607875823975,2.0372421741485596,0.09758138656616211
1240,TH0021AV/viewpoint_simulated_49_surface1.pcd,Testing,2.0323967933654785,2.0237526893615723,0.00864410400390625
1241,TH0021AV/viewpoint_simulated_5_surface1.pcd,Testing,1.9359427690505981,2.1099853515625,0.17404258251190186
1242,TH0021AV/viewpoint_simulated_50_surface1.pcd,Testing,2.135089635848999,1.9868839979171753,0.14820563793182373
1243,TH0021AV/viewpoint_simulated_51_surface1.pcd,Testing,2.009105682373047,1.9580224752426147,0.05108320713043213
1244,TH0021AV/viewpoint_simulated_52_surface1.pcd,Testing,2.063917875289917,1.9056826829910278,0.15823519229888916
1245,TH0021AV/viewpoint_simulated_53_surface1.pcd,Testing,2.1125974655151367,1.9869167804718018,0.12568068504333496
1246,TH0021AV/viewpoint_simulated_54_surface1.pcd,Testing,2.042952060699463,1.9277459383010864,0.11520612239837646
1247,TH0021AV/viewpoint_simulated_55_surface1.pcd,Testing,2.0839345455169678,1.9132084846496582,0.17072606086730957
1248,TH0021AV/viewpoint_simulated_56_surface1.pcd,Testing,2.0684468746185303,2.014127731323242,0.054319143295288086
1249,TH0021AV/viewpoint_simulated_57_surface1.pcd,Testing,2.0613925457000732,2.060263156890869,0.0011293888092041016
1250,TH0021AV/viewpoint_simulated_58_surface1.pcd,Testing,1.9749300479888916,2.0888900756835938,0.11396002769470215
1251,TH0021AV/viewpoint_simulated_59_surface1.pcd,Testing,2.018829345703125,2.120022773742676,0.10119342803955078
1252,TH0021AV/viewpoint_simulated_6_surface1.pcd,Testing,2.0204572677612305,2.077092409133911,0.056635141372680664
1253,TH0021AV/viewpoint_simulated_60_surface1.pcd,Testing,2.1491847038269043,2.0476021766662598,0.10158252716064453
1254,TH0021AV/viewpoint_simulated_61_surface1.pcd,Testing,1.9427235126495361,1.9912034273147583,0.04847991466522217
1255,TH0021AV/viewpoint_simulated_62_surface1.pcd,Testing,2.057119607925415,1.9746272563934326,0.08249235153198242
1256,TH0021AV/viewpoint_simulated_63_surface1.pcd,Testing,2.087799549102783,1.9580084085464478,0.12979114055633545
1257,TH0021AV/viewpoint_simulated_64_surface1.pcd,Testing,1.9930258989334106,1.9196873903274536,0.07333850860595703
1258,TH0021AV/viewpoint_simulated_65_surface1.pcd,Testing,2.0237505435943604,1.981773018836975,0.041977524757385254
1259,TH0021AV/viewpoint_simulated_66_surface1.pcd,Testing,2.0390496253967285,1.9525700807571411,0.0864795446395874
1260,TH0021AV/viewpoint_simulated_67_surface1.pcd,Testing,2.0607335567474365,1.9159373044967651,0.1447962522506714
1261,TH0021AV/viewpoint_simulated_68_surface1.pcd,Testing,2.073274850845337,2.021300792694092,0.05197405815124512
1262,TH0021AV/viewpoint_simulated_69_surface1.pcd,Testing,1.9952400922775269,2.0365445613861084,0.04130446910858154
1263,TH0021AV/viewpoint_simulated_7_surface1.pcd,Testing,1.911872386932373,2.0970544815063477,0.1851820945739746
1264,TH0021AV/viewpoint_simulated_70_surface1.pcd,Testing,2.1396238803863525,2.089076042175293,0.05054783821105957
1265,TH0021AV/viewpoint_simulated_71_surface1.pcd,Testing,1.9683500528335571,2.1127238273620605,0.14437377452850342
1266,TH0021AV/viewpoint_simulated_72_surface1.pcd,Testing,2.0794498920440674,2.07674503326416,0.0027048587799072266
1267,TH0021AV/viewpoint_simulated_73_surface1.pcd,Testing,2.060486316680908,2.067228078842163,0.006741762161254883
1268,TH0021AV/viewpoint_simulated_74_surface1.pcd,Testing,1.9521560668945312,2.089503765106201,0.13734769821166992
1269,TH0021AV/viewpoint_simulated_75_surface1.pcd,Testing,2.0145761966705322,2.094510555267334,0.07993435859680176
1270,TH0021AV/viewpoint_simulated_76_surface1.pcd,Testing,2.044032573699951,2.088329553604126,0.044296979904174805
1271,TH0021AV/viewpoint_simulated_77_surface1.pcd,Testing,1.962526798248291,2.0978825092315674,0.13535571098327637
1272,TH0021AV/viewpoint_simulated_78_surface1.pcd,Testing,2.070584297180176,2.1096882820129395,0.03910398483276367
1273,TH0021AV/viewpoint_simulated_79_surface1.pcd,Testing,2.0652177333831787,2.0963125228881836,0.031094789505004883
1274,TH0021AV/viewpoint_simulated_8_surface1.pcd,Testing,1.9210201501846313,2.1286749839782715,0.20765483379364014
1275,TH0021AV/viewpoint_simulated_80_surface1.pcd,Testing,1.9507938623428345,2.138155937194824,0.18736207485198975
1276,TH0021AV/viewpoint_simulated_81_surface1.pcd,Testing,1.9916577339172363,2.1265997886657715,0.13494205474853516
1277,TH0021AV/viewpoint_simulated_82_surface1.pcd,Testing,1.9687936305999756,2.0890746116638184,0.12028098106384277
1278,TH0021AV/viewpoint_simulated_83_surface1.pcd,Testing,2.0251033306121826,2.0950112342834473,0.06990790367126465
1279,TH0021AV/viewpoint_simulated_84_surface1.pcd,Testing,2.0735886096954346,2.1118111610412598,0.038222551345825195
1280,TH0021AV/viewpoint_simulated_85_surface1.pcd,Testing,1.9795359373092651,2.1120660305023193,0.1325300931930542
1281,TH0021AV/viewpoint_simulated_86_surface1.pcd,Testing,1.9811900854110718,2.023848295211792,0.042658209800720215
1282,TH0021AV/viewpoint_simulated_87_surface1.pcd,Testing,1.9320553541183472,2.041938543319702,0.10988318920135498
1283,TH0021AV/viewpoint_simulated_88_surface1.pcd,Testing,1.878985047340393,2.021892786026001,0.1429077386856079
1284,TH0021AV/viewpoint_simulated_89_surface1.pcd,Testing,2.049342393875122,2.016996383666992,0.03234601020812988
1285,TH0021AV/viewpoint_simulated_9_surface1.pcd,Testing,1.989000678062439,2.108247995376587,0.11924731731414795
1286,TH0021AV/viewpoint_simulated_90_surface1.pcd,Testing,1.8998806476593018,2.023270845413208,0.12339019775390625
1287,TH0021AV/viewpoint_simulated_91_surface1.pcd,Testing,1.9501293897628784,2.078986883163452,0.12885749340057373
1288,TH0021AV/viewpoint_simulated_92_surface1.pcd,Testing,2.0779900550842285,2.1532280445098877,0.07523798942565918
1289,TH0021AV/viewpoint_simulated_93_surface1.pcd,Testing,2.0187058448791504,2.0854978561401367,0.06679201126098633
1290,TH0021AV/viewpoint_simulated_94_surface1.pcd,Testing,1.9219505786895752,2.145148754119873,0.22319817543029785
1291,TH0021AV/viewpoint_simulated_95_surface1.pcd,Testing,1.9471441507339478,2.156489610671997,0.20934545993804932
1292,TH0021AV/viewpoint_simulated_96_surface1.pcd,Testing,2.0916826725006104,2.1018526554107666,0.01016998291015625
1293,TH0021AV/viewpoint_simulated_97_surface1.pcd,Testing,1.9468964338302612,2.1195743083953857,0.1726778745651245
1294,TH0021AV/viewpoint_simulated_98_surface1.pcd,Testing,2.0624146461486816,2.022426128387451,0.03998851776123047
1295,TH0021AV/viewpoint_simulated_99_surface1.pcd,Testing,1.9426771402359009,1.9577280282974243,0.015050888061523438
1296,TH0022AV/viewpoint_simulated_0_surface0.pcd,Testing,1.9834837913513184,2.136007785797119,0.15252399444580078
1297,TH0022AV/viewpoint_simulated_1_surface0.pcd,Testing,1.975834846496582,2.1131865978240967,0.13735175132751465
1298,TH0022AV/viewpoint_simulated_10_surface0.pcd,Testing,2.0347704887390137,2.0803041458129883,0.04553365707397461
1299,TH0022AV/viewpoint_simulated_100_surface0.pcd,Testing,2.06561279296875,1.9585870504379272,0.10702574253082275
1300,TH0022AV/viewpoint_simulated_101_surface0.pcd,Testing,2.0556371212005615,1.9859923124313354,0.06964480876922607
1301,TH0022AV/viewpoint_simulated_102_surface0.pcd,Testing,1.9562089443206787,1.9154702425003052,0.040738701820373535
1302,TH0022AV/viewpoint_simulated_103_surface0.pcd,Testing,1.9305329322814941,1.9572771787643433,0.02674424648284912
1303,TH0022AV/viewpoint_simulated_104_surface0.pcd,Testing,1.9412832260131836,2.063218116760254,0.12193489074707031
1304,TH0022AV/viewpoint_simulated_105_surface0.pcd,Testing,2.0255110263824463,2.0888967514038086,0.0633857250213623
1305,TH0022AV/viewpoint_simulated_106_surface0.pcd,Testing,1.9387214183807373,2.0931434631347656,0.15442204475402832
1306,TH0022AV/viewpoint_simulated_107_surface0.pcd,Testing,2.011101245880127,2.147618293762207,0.13651704788208008
1307,TH0022AV/viewpoint_simulated_108_surface0.pcd,Testing,2.0440738201141357,2.07493257522583,0.030858755111694336
1308,TH0022AV/viewpoint_simulated_109_surface0.pcd,Testing,1.9296034574508667,2.051129102706909,0.12152564525604248
1309,TH0022AV/viewpoint_simulated_11_surface0.pcd,Testing,2.0161564350128174,2.149210214614868,0.13305377960205078
1310,TH0022AV/viewpoint_simulated_110_surface0.pcd,Testing,2.0726988315582275,2.005197048187256,0.06750178337097168
1311,TH0022AV/viewpoint_simulated_111_surface0.pcd,Testing,1.9721782207489014,1.9578014612197876,0.01437675952911377
1312,TH0022AV/viewpoint_simulated_112_surface0.pcd,Testing,2.096985101699829,1.912582516670227,0.18440258502960205
1313,TH0022AV/viewpoint_simulated_113_surface0.pcd,Testing,2.0135936737060547,1.9679399728775024,0.045653700828552246
1314,TH0022AV/viewpoint_simulated_114_surface0.pcd,Testing,2.148944854736328,1.8969718217849731,0.251973032951355
1315,TH0022AV/viewpoint_simulated_115_surface0.pcd,Testing,2.013428211212158,1.8855047225952148,0.12792348861694336
1316,TH0022AV/viewpoint_simulated_116_surface0.pcd,Testing,1.9507402181625366,2.0290253162384033,0.0782850980758667
1317,TH0022AV/viewpoint_simulated_117_surface0.pcd,Testing,2.0033421516418457,2.086714267730713,0.08337211608886719
1318,TH0022AV/viewpoint_simulated_118_surface0.pcd,Testing,2.049717664718628,2.1208653450012207,0.07114768028259277
1319,TH0022AV/viewpoint_simulated_119_surface0.pcd,Testing,2.0366108417510986,2.1528797149658203,0.11626887321472168
1320,TH0022AV/viewpoint_simulated_12_surface0.pcd,Testing,1.9761868715286255,2.1248984336853027,0.14871156215667725
1321,TH0022AV/viewpoint_simulated_120_surface0.pcd,Testing,2.0249767303466797,2.049898386001587,0.024921655654907227
1322,TH0022AV/viewpoint_simulated_121_surface0.pcd,Testing,2.101320743560791,2.0359020233154297,0.06541872024536133
1323,TH0022AV/viewpoint_simulated_122_surface0.pcd,Testing,2.0176596641540527,1.9953601360321045,0.022299528121948242
1324,TH0022AV/viewpoint_simulated_123_surface0.pcd,Testing,1.9125133752822876,1.946451187133789,0.033937811851501465
1325,TH0022AV/viewpoint_simulated_124_surface0.pcd,Testing,2.0995841026306152,1.9165059328079224,0.18307816982269287
1326,TH0022AV/viewpoint_simulated_125_surface0.pcd,Testing,2.0133349895477295,1.9827319383621216,0.03060305118560791
1327,TH0022AV/viewpoint_simulated_126_surface0.pcd,Testing,1.9755462408065796,1.9219285249710083,0.05361771583557129
1328,TH0022AV/viewpoint_simulated_127_surface0.pcd,Testing,2.0660622119903564,1.8957610130310059,0.17030119895935059
1329,TH0022AV/viewpoint_simulated_128_surface0.pcd,Testing,1.9940159320831299,2.009207248687744,0.015191316604614258
1330,TH0022AV/viewpoint_simulated_129_surface0.pcd,Testing,2.0500714778900146,2.061633586883545,0.011562108993530273
1331,TH0022AV/viewpoint_simulated_13_surface0.pcd,Testing,2.0270891189575195,2.101518392562866,0.07442927360534668
1332,TH0022AV/viewpoint_simulated_130_surface0.pcd,Testing,1.979101538658142,2.0661745071411133,0.08707296848297119
1333,TH0022AV/viewpoint_simulated_131_surface0.pcd,Testing,2.0027074813842773,2.1514883041381836,0.14878082275390625
1334,TH0022AV/viewpoint_simulated_132_surface0.pcd,Testing,2.072868585586548,2.070896863937378,0.001971721649169922
1335,TH0022AV/viewpoint_simulated_133_surface0.pcd,Testing,2.0607125759124756,2.0243630409240723,0.03634953498840332
1336,TH0022AV/viewpoint_simulated_134_surface0.pcd,Testing,2.1075057983398438,1.9922858476638794,0.11521995067596436
1337,TH0022AV/viewpoint_simulated_135_surface0.pcd,Testing,1.9852941036224365,1.9552685022354126,0.030025601387023926
1338,TH0022AV/viewpoint_simulated_136_surface0.pcd,Testing,2.0195460319519043,1.9193719625473022,0.10017406940460205
1339,TH0022AV/viewpoint_simulated_137_surface0.pcd,Testing,2.076965570449829,1.9851232767105103,0.09184229373931885
1340,TH0022AV/viewpoint_simulated_138_surface0.pcd,Testing,2.0778653621673584,1.921209692955017,0.1566556692123413
1341,TH0022AV/viewpoint_simulated_139_surface0.pcd,Testing,2.0599722862243652,1.920178771018982,0.1397935152053833
1342,TH0022AV/viewpoint_simulated_14_surface0.pcd,Testing,2.058236598968506,2.0650408267974854,0.006804227828979492
1343,TH0022AV/viewpoint_simulated_140_surface0.pcd,Testing,2.077239751815796,1.9969099760055542,0.0803297758102417
1344,TH0022AV/viewpoint_simulated_141_surface0.pcd,Testing,2.092346668243408,2.040254592895508,0.05209207534790039
1345,TH0022AV/viewpoint_simulated_142_surface0.pcd,Testing,2.0836641788482666,2.0475850105285645,0.03607916831970215
1346,TH0022AV/viewpoint_simulated_143_surface0.pcd,Testing,1.9831211566925049,2.142087459564209,0.1589663028717041
1347,TH0022AV/viewpoint_simulated_144_surface0.pcd,Testing,1.9514936208724976,2.079108715057373,0.1276150941848755
1348,TH0022AV/viewpoint_simulated_145_surface0.pcd,Testing,1.9796706438064575,2.1084351539611816,0.12876451015472412
1349,TH0022AV/viewpoint_simulated_146_surface0.pcd,Testing,1.934725284576416,2.0821657180786133,0.14744043350219727
1350,TH0022AV/viewpoint_simulated_147_surface0.pcd,Testing,2.0823423862457275,2.106442451477051,0.024100065231323242
1351,TH0022AV/viewpoint_simulated_148_surface0.pcd,Testing,1.9086838960647583,2.065473794937134,0.1567898988723755
1352,TH0022AV/viewpoint_simulated_149_surface0.pcd,Testing,2.0071914196014404,2.0712881088256836,0.06409668922424316
1353,TH0022AV/viewpoint_simulated_15_surface0.pcd,Testing,2.1042754650115967,2.041934013366699,0.06234145164489746
1354,TH0022AV/viewpoint_simulated_150_surface0.pcd,Testing,2.0313005447387695,2.103898763656616,0.07259821891784668
1355,TH0022AV/viewpoint_simulated_151_surface0.pcd,Testing,2.00734281539917,2.1238784790039062,0.11653566360473633
1356,TH0022AV/viewpoint_simulated_152_surface0.pcd,Testing,2.10737943649292,2.132998466491699,0.025619029998779297
1357,TH0022AV/viewpoint_simulated_153_surface0.pcd,Testing,2.0264179706573486,2.132343292236328,0.10592532157897949
1358,TH0022AV/viewpoint_simulated_154_surface0.pcd,Testing,1.9607088565826416,2.136568307876587,0.1758594512939453
1359,TH0022AV/viewpoint_simulated_155_surface0.pcd,Testing,2.0260016918182373,2.157374620437622,0.13137292861938477
1360,TH0022AV/viewpoint_simulated_156_surface0.pcd,Testing,2.00748348236084,2.1264986991882324,0.11901521682739258
1361,TH0022AV/viewpoint_simulated_157_surface0.pcd,Testing,1.9585070610046387,2.1151769161224365,0.15666985511779785
1362,TH0022AV/viewpoint_simulated_158_surface0.pcd,Testing,1.9255586862564087,2.055962324142456,0.13040363788604736
1363,TH0022AV/viewpoint_simulated_159_surface0.pcd,Testing,2.0532617568969727,2.035856246948242,0.01740550994873047
1364,TH0022AV/viewpoint_simulated_16_surface0.pcd,Testing,1.9477131366729736,2.0211386680603027,0.0734255313873291
1365,TH0022AV/viewpoint_simulated_160_surface0.pcd,Testing,1.9056321382522583,2.0090503692626953,0.10341823101043701
1366,TH0022AV/viewpoint_simulated_161_surface0.pcd,Testing,2.03177809715271,2.018514633178711,0.013263463973999023
1367,TH0022AV/viewpoint_simulated_162_surface0.pcd,Testing,1.9490125179290771,1.9729180335998535,0.023905515670776367
1368,TH0022AV/viewpoint_simulated_163_surface0.pcd,Testing,2.075862169265747,2.030674457550049,0.04518771171569824
1369,TH0022AV/viewpoint_simulated_164_surface0.pcd,Testing,1.938814640045166,2.0746593475341797,0.13584470748901367
1370,TH0022AV/viewpoint_simulated_165_surface0.pcd,Testing,1.9728153944015503,2.110499143600464,0.13768374919891357
1371,TH0022AV/viewpoint_simulated_166_surface0.pcd,Testing,1.9180831909179688,2.084458589553833,0.16637539863586426
1372,TH0022AV/viewpoint_simulated_167_surface0.pcd,Testing,1.9982845783233643,2.1843342781066895,0.1860496997833252
1373,TH0022AV/viewpoint_simulated_168_surface0.pcd,Testing,2.00430965423584,2.1111936569213867,0.10688400268554688
1374,TH0022AV/viewpoint_simulated_169_surface0.pcd,Testing,2.0333402156829834,2.065410614013672,0.03207039833068848
1375,TH0022AV/viewpoint_simulated_17_surface0.pcd,Testing,1.946151852607727,2.0243005752563477,0.0781487226486206
1376,TH0022AV/viewpoint_simulated_170_surface0.pcd,Testing,2.04901123046875,2.0307300090789795,0.018281221389770508
1377,TH0022AV/viewpoint_simulated_171_surface0.pcd,Testing,2.070598602294922,1.993950605392456,0.07664799690246582
1378,TH0022AV/viewpoint_simulated_172_surface0.pcd,Testing,1.9720889329910278,1.9651914834976196,0.006897449493408203
1379,TH0022AV/viewpoint_simulated_173_surface0.pcd,Testing,1.93194580078125,1.9760018587112427,0.044056057929992676
1380,TH0022AV/viewpoint_simulated_174_surface0.pcd,Testing,1.919468641281128,1.9092806577682495,0.010187983512878418
1381,TH0022AV/viewpoint_simulated_175_surface0.pcd,Testing,2.084637403488159,1.9446169137954712,0.140020489692688
1382,TH0022AV/viewpoint_simulated_176_surface0.pcd,Testing,2.0032339096069336,2.0522751808166504,0.0490412712097168
1383,TH0022AV/viewpoint_simulated_177_surface0.pcd,Testing,2.0113515853881836,2.0852651596069336,0.07391357421875
1384,TH0022AV/viewpoint_simulated_178_surface0.pcd,Testing,2.0191919803619385,2.109241008758545,0.09004902839660645
1385,TH0022AV/viewpoint_simulated_179_surface0.pcd,Testing,2.069754123687744,2.158447504043579,0.08869338035583496
1386,TH0022AV/viewpoint_simulated_18_surface0.pcd,Testing,1.9776978492736816,1.9995880126953125,0.02189016342163086
1387,TH0022AV/viewpoint_simulated_180_surface0.pcd,Testing,2.0532140731811523,2.084465503692627,0.03125143051147461
1388,TH0022AV/viewpoint_simulated_181_surface0.pcd,Testing,1.9996192455291748,2.0667786598205566,0.06715941429138184
1389,TH0022AV/viewpoint_simulated_182_surface0.pcd,Testing,2.0663955211639404,1.9906560182571411,0.07573950290679932
1390,TH0022AV/viewpoint_simulated_183_surface0.pcd,Testing,1.9573726654052734,1.9527392387390137,0.004633426666259766
1391,TH0022AV/viewpoint_simulated_184_surface0.pcd,Testing,2.127467393875122,1.9169973134994507,0.2104700803756714
1392,TH0022AV/viewpoint_simulated_185_surface0.pcd,Testing,1.916062831878662,1.9634770154953003,0.047414183616638184
1393,TH0022AV/viewpoint_simulated_186_surface0.pcd,Testing,1.982555866241455,1.90662682056427,0.07592904567718506
1394,TH0022AV/viewpoint_simulated_187_surface0.pcd,Testing,2.074138641357422,1.8879015445709229,0.18623709678649902
1395,TH0022AV/viewpoint_simulated_188_surface0.pcd,Testing,1.9894933700561523,2.0382888317108154,0.048795461654663086
1396,TH0022AV/viewpoint_simulated_189_surface0.pcd,Testing,1.976348638534546,2.0935006141662598,0.11715197563171387
1397,TH0022AV/viewpoint_simulated_19_surface0.pcd,Testing,2.1470847129821777,2.0494284629821777,0.09765625
1398,TH0022AV/viewpoint_simulated_190_surface0.pcd,Testing,1.9546465873718262,2.0792787075042725,0.12463212013244629
1399,TH0022AV/viewpoint_simulated_191_surface0.pcd,Testing,1.9703693389892578,2.143159866333008,0.17279052734375
1400,TH0022AV/viewpoint_simulated_192_surface0.pcd,Testing,2.078880786895752,2.0724291801452637,0.006451606750488281
1401,TH0022AV/viewpoint_simulated_193_surface0.pcd,Testing,2.1532912254333496,2.0239384174346924,0.12935280799865723
1402,TH0022AV/viewpoint_simulated_194_surface0.pcd,Testing,2.1729629039764404,1.9974365234375,0.17552638053894043
1403,TH0022AV/viewpoint_simulated_195_surface0.pcd,Testing,2.0890755653381348,1.9409799575805664,0.14809560775756836
1404,TH0022AV/viewpoint_simulated_196_surface0.pcd,Testing,1.9777933359146118,1.9175947904586792,0.06019854545593262
1405,TH0022AV/viewpoint_simulated_197_surface0.pcd,Testing,1.990985631942749,1.9752449989318848,0.015740633010864258
1406,TH0022AV/viewpoint_simulated_198_surface0.pcd,Testing,2.0223276615142822,1.9259188175201416,0.09640884399414062
1407,TH0022AV/viewpoint_simulated_199_surface0.pcd,Testing,1.9787970781326294,1.901872992515564,0.07692408561706543
1408,TH0022AV/viewpoint_simulated_2_surface0.pcd,Testing,1.9231497049331665,2.112983465194702,0.18983376026153564
1409,TH0022AV/viewpoint_simulated_20_surface0.pcd,Testing,1.951511025428772,2.11578631401062,0.16427528858184814
1410,TH0022AV/viewpoint_simulated_200_surface0.pcd,Testing,2.038208484649658,2.0173842906951904,0.020824193954467773
1411,TH0022AV/viewpoint_simulated_201_surface0.pcd,Testing,1.983862280845642,2.0583953857421875,0.07453310489654541
1412,TH0022AV/viewpoint_simulated_202_surface0.pcd,Testing,2.012704372406006,2.0582125186920166,0.04550814628601074
1413,TH0022AV/viewpoint_simulated_203_surface0.pcd,Testing,1.949441909790039,2.1777102947235107,0.22826838493347168
1414,TH0022AV/viewpoint_simulated_204_surface0.pcd,Testing,2.076507806777954,2.081531524658203,0.0050237178802490234
1415,TH0022AV/viewpoint_simulated_205_surface0.pcd,Testing,2.082036256790161,2.025777578353882,0.0562586784362793
1416,TH0022AV/viewpoint_simulated_206_surface0.pcd,Testing,1.991083025932312,1.9943310022354126,0.003247976303100586
1417,TH0022AV/viewpoint_simulated_207_surface0.pcd,Testing,2.123655080795288,1.9606742858886719,0.1629807949066162
1418,TH0022AV/viewpoint_simulated_208_surface0.pcd,Testing,2.132941961288452,1.9137845039367676,0.21915745735168457
1419,TH0022AV/viewpoint_simulated_209_surface0.pcd,Testing,2.074669599533081,1.9755715131759644,0.0990980863571167
1420,TH0022AV/viewpoint_simulated_21_surface0.pcd,Testing,2.0282528400421143,2.1032299995422363,0.07497715950012207
1421,TH0022AV/viewpoint_simulated_210_surface0.pcd,Testing,2.0441229343414307,1.914568305015564,0.1295546293258667
1422,TH0022AV/viewpoint_simulated_211_surface0.pcd,Testing,2.0310628414154053,1.9157005548477173,0.11536228656768799
1423,TH0022AV/viewpoint_simulated_212_surface0.pcd,Testing,2.1005847454071045,2.009228467941284,0.09135627746582031
1424,TH0022AV/viewpoint_simulated_213_surface0.pcd,Testing,2.0832884311676025,2.038055896759033,0.045232534408569336
1425,TH0022AV/viewpoint_simulated_214_surface0.pcd,Testing,2.0352320671081543,2.049375057220459,0.014142990112304688
1426,TH0022AV/viewpoint_simulated_215_surface0.pcd,Testing,2.0749847888946533,2.0831522941589355,0.008167505264282227
1427,TH0022AV/viewpoint_simulated_22_surface0.pcd,Testing,2.018754720687866,2.1016106605529785,0.0828559398651123
1428,TH0022AV/viewpoint_simulated_23_surface0.pcd,Testing,1.9637309312820435,2.140453577041626,0.17672264575958252
1429,TH0022AV/viewpoint_simulated_24_surface0.pcd,Testing,2.007417678833008,2.1215529441833496,0.1141352653503418
1430,TH0022AV/viewpoint_simulated_25_surface0.pcd,Testing,2.0300581455230713,2.0960443019866943,0.06598615646362305
1431,TH0022AV/viewpoint_simulated_26_surface0.pcd,Testing,1.9004026651382446,2.0139238834381104,0.11352121829986572
1432,TH0022AV/viewpoint_simulated_27_surface0.pcd,Testing,1.9428201913833618,1.966851830482483,0.024031639099121094
1433,TH0022AV/viewpoint_simulated_28_surface0.pcd,Testing,1.8982698917388916,1.9589389562606812,0.06066906452178955
1434,TH0022AV/viewpoint_simulated_29_surface0.pcd,Testing,2.1083881855010986,1.9654656648635864,0.1429225206375122
1435,TH0022AV/viewpoint_simulated_3_surface0.pcd,Testing,2.001626968383789,2.0901784896850586,0.08855152130126953
1436,TH0022AV/viewpoint_simulated_30_surface0.pcd,Testing,1.953127145767212,1.9111461639404297,0.04198098182678223
1437,TH0022AV/viewpoint_simulated_31_surface0.pcd,Testing,2.0727617740631104,1.9596256017684937,0.1131361722946167
1438,TH0022AV/viewpoint_simulated_32_surface0.pcd,Testing,2.0123355388641357,2.044222354888916,0.03188681602478027
1439,TH0022AV/viewpoint_simulated_33_surface0.pcd,Testing,1.9566872119903564,2.0954325199127197,0.13874530792236328
1440,TH0022AV/viewpoint_simulated_34_surface0.pcd,Testing,2.0224716663360596,2.1180272102355957,0.09555554389953613
1441,TH0022AV/viewpoint_simulated_35_surface0.pcd,Testing,1.8728467226028442,2.1753408908843994,0.3024941682815552
1442,TH0022AV/viewpoint_simulated_36_surface0.pcd,Testing,1.9350874423980713,2.1178228855133057,0.18273544311523438
1443,TH0022AV/viewpoint_simulated_37_surface0.pcd,Testing,2.0254697799682617,2.0340356826782227,0.008565902709960938
1444,TH0022AV/viewpoint_simulated_38_surface0.pcd,Testing,2.091008424758911,1.9973870515823364,0.09362137317657471
1445,TH0022AV/viewpoint_simulated_39_surface0.pcd,Testing,2.0221519470214844,1.9554603099822998,0.06669163703918457
1446,TH0022AV/viewpoint_simulated_4_surface0.pcd,Testing,2.035508155822754,2.078744411468506,0.04323625564575195
1447,TH0022AV/viewpoint_simulated_40_surface0.pcd,Testing,1.8968583345413208,1.9252458810806274,0.02838754653930664
1448,TH0022AV/viewpoint_simulated_41_surface0.pcd,Testing,1.8922417163848877,1.9624258279800415,0.07018411159515381
1449,TH0022AV/viewpoint_simulated_42_surface0.pcd,Testing,2.0383920669555664,1.8983527421951294,0.140039324760437
1450,TH0022AV/viewpoint_simulated_43_surface0.pcd,Testing,2.009093999862671,1.8861753940582275,0.12291860580444336
1451,TH0022AV/viewpoint_simulated_44_surface0.pcd,Testing,1.9338005781173706,2.015789270401001,0.08198869228363037
1452,TH0022AV/viewpoint_simulated_45_surface0.pcd,Testing,2.0886340141296387,2.075101852416992,0.013532161712646484
1453,TH0022AV/viewpoint_simulated_46_surface0.pcd,Testing,1.9535390138626099,2.0749011039733887,0.12136209011077881
1454,TH0022AV/viewpoint_simulated_47_surface0.pcd,Testing,2.0226593017578125,2.1951797008514404,0.17252039909362793
1455,TH0022AV/viewpoint_simulated_48_surface0.pcd,Testing,2.0950942039489746,2.042208194732666,0.052886009216308594
1456,TH0022AV/viewpoint_simulated_49_surface0.pcd,Testing,2.0712177753448486,2.037315607070923,0.03390216827392578
1457,TH0022AV/viewpoint_simulated_5_surface0.pcd,Testing,2.10801362991333,2.078284740447998,0.02972888946533203
1458,TH0022AV/viewpoint_simulated_50_surface0.pcd,Testing,1.973452091217041,1.9900846481323242,0.016632556915283203
1459,TH0022AV/viewpoint_simulated_51_surface0.pcd,Testing,2.1019446849823,1.9329310655593872,0.1690136194229126
1460,TH0022AV/viewpoint_simulated_52_surface0.pcd,Testing,2.1154098510742188,1.9186803102493286,0.19672954082489014
1461,TH0022AV/viewpoint_simulated_53_surface0.pcd,Testing,1.994436502456665,1.9803813695907593,0.014055132865905762
1462,TH0022AV/viewpoint_simulated_54_surface0.pcd,Testing,2.0388758182525635,1.9239884614944458,0.11488735675811768
1463,TH0022AV/viewpoint_simulated_55_surface0.pcd,Testing,2.045936107635498,1.8997944593429565,0.1461416482925415
1464,TH0022AV/viewpoint_simulated_56_surface0.pcd,Testing,1.9469348192214966,2.0101866722106934,0.06325185298919678
1465,TH0022AV/viewpoint_simulated_57_surface0.pcd,Testing,2.018603563308716,2.054969310760498,0.03636574745178223
1466,TH0022AV/viewpoint_simulated_58_surface0.pcd,Testing,1.9296621084213257,2.088528871536255,0.1588667631149292
1467,TH0022AV/viewpoint_simulated_59_surface0.pcd,Testing,2.0862724781036377,2.1217355728149414,0.03546309471130371
1468,TH0022AV/viewpoint_simulated_6_surface0.pcd,Testing,1.997798204421997,2.115997791290283,0.11819958686828613
1469,TH0022AV/viewpoint_simulated_60_surface0.pcd,Testing,2.0867109298706055,2.065610408782959,0.021100521087646484
1470,TH0022AV/viewpoint_simulated_61_surface0.pcd,Testing,1.9422588348388672,2.02252459526062,0.08026576042175293
1471,TH0022AV/viewpoint_simulated_62_surface0.pcd,Testing,2.2248809337615967,1.9885785579681396,0.23630237579345703
1472,TH0022AV/viewpoint_simulated_63_surface0.pcd,Testing,2.050302028656006,1.948150396347046,0.10215163230895996
1473,TH0022AV/viewpoint_simulated_64_surface0.pcd,Testing,1.9646040201187134,1.9064208269119263,0.05818319320678711
1474,TH0022AV/viewpoint_simulated_65_surface0.pcd,Testing,2.078509569168091,1.9873690605163574,0.0911405086517334
1475,TH0022AV/viewpoint_simulated_66_surface0.pcd,Testing,2.2362987995147705,1.9096051454544067,0.32669365406036377
1476,TH0022AV/viewpoint_simulated_67_surface0.pcd,Testing,2.0705246925354004,1.9269007444381714,0.143623948097229
1477,TH0022AV/viewpoint_simulated_68_surface0.pcd,Testing,2.1199936866760254,2.015251874923706,0.10474181175231934
1478,TH0022AV/viewpoint_simulated_69_surface0.pcd,Testing,2.026625394821167,2.0359878540039062,0.009362459182739258
1479,TH0022AV/viewpoint_simulated_7_surface0.pcd,Testing,1.9232115745544434,2.117805004119873,0.1945934295654297
1480,TH0022AV/viewpoint_simulated_70_surface0.pcd,Testing,2.0013010501861572,2.0736498832702637,0.07234883308410645
1481,TH0022AV/viewpoint_simulated_71_surface0.pcd,Testing,2.0179219245910645,2.0915567874908447,0.07363486289978027
1482,TH0022AV/viewpoint_simulated_72_surface0.pcd,Testing,2.035062074661255,2.103609323501587,0.06854724884033203
1483,TH0022AV/viewpoint_simulated_73_surface0.pcd,Testing,2.0734074115753174,2.114441394805908,0.04103398323059082
1484,TH0022AV/viewpoint_simulated_74_surface0.pcd,Testing,2.0666849613189697,2.1048386096954346,0.038153648376464844
1485,TH0022AV/viewpoint_simulated_75_surface0.pcd,Testing,2.049204111099243,2.102454423904419,0.05325031280517578
1486,TH0022AV/viewpoint_simulated_76_surface0.pcd,Testing,2.093644618988037,2.0550906658172607,0.03855395317077637
1487,TH0022AV/viewpoint_simulated_77_surface0.pcd,Testing,2.0470054149627686,2.0899429321289062,0.042937517166137695
1488,TH0022AV/viewpoint_simulated_78_surface0.pcd,Testing,1.9789795875549316,2.1075401306152344,0.12856054306030273
1489,TH0022AV/viewpoint_simulated_79_surface0.pcd,Testing,2.047529697418213,2.106926918029785,0.059397220611572266
1490,TH0022AV/viewpoint_simulated_8_surface0.pcd,Testing,1.9834363460540771,2.1538732051849365,0.17043685913085938
1491,TH0022AV/viewpoint_simulated_80_surface0.pcd,Testing,1.9635316133499146,2.1222100257873535,0.15867841243743896
1492,TH0022AV/viewpoint_simulated_81_surface0.pcd,Testing,2.083984851837158,2.0895113945007324,0.005526542663574219
1493,TH0022AV/viewpoint_simulated_82_surface0.pcd,Testing,2.0414445400238037,2.1147279739379883,0.07328343391418457
1494,TH0022AV/viewpoint_simulated_83_surface0.pcd,Testing,1.9531737565994263,2.163731098175049,0.21055734157562256
1495,TH0022AV/viewpoint_simulated_84_surface0.pcd,Testing,1.9803744554519653,2.126800775527954,0.14642632007598877
1496,TH0022AV/viewpoint_simulated_85_surface0.pcd,Testing,1.9441264867782593,2.122368812561035,0.17824232578277588
1497,TH0022AV/viewpoint_simulated_86_surface0.pcd,Testing,2.002772331237793,2.0443034172058105,0.04153108596801758
1498,TH0022AV/viewpoint_simulated_87_surface0.pcd,Testing,2.023834228515625,2.0180933475494385,0.0057408809661865234
1499,TH0022AV/viewpoint_simulated_88_surface0.pcd,Testing,2.135509490966797,2.010817766189575,0.12469172477722168
1500,TH0022AV/viewpoint_simulated_89_surface0.pcd,Testing,1.9831552505493164,2.0356249809265137,0.052469730377197266
1501,TH0022AV/viewpoint_simulated_9_surface0.pcd,Testing,1.9485958814620972,2.101609230041504,0.15301334857940674
1502,TH0022AV/viewpoint_simulated_90_surface0.pcd,Testing,2.01021671295166,1.9712663888931274,0.038950324058532715
1503,TH0022AV/viewpoint_simulated_91_surface0.pcd,Testing,1.9612752199172974,2.051499605178833,0.09022438526153564
1504,TH0022AV/viewpoint_simulated_92_surface0.pcd,Testing,1.8866395950317383,2.1250429153442383,0.2384033203125
1505,TH0022AV/viewpoint_simulated_93_surface0.pcd,Testing,1.9139372110366821,2.1332554817199707,0.21931827068328857
1506,TH0022AV/viewpoint_simulated_94_surface0.pcd,Testing,2.0220255851745605,2.111290454864502,0.0892648696899414
1507,TH0022AV/viewpoint_simulated_95_surface0.pcd,Testing,2.062567710876465,2.185467004776001,0.12289929389953613
1508,TH0022AV/viewpoint_simulated_96_surface0.pcd,Testing,2.024360418319702,2.129671812057495,0.10531139373779297
1509,TH0022AV/viewpoint_simulated_97_surface0.pcd,Testing,1.9703116416931152,2.084967613220215,0.11465597152709961
1510,TH0022AV/viewpoint_simulated_98_surface0.pcd,Testing,2.1034481525421143,2.016568899154663,0.08687925338745117
1511,TH0022AV/viewpoint_simulated_99_surface0.pcd,Testing,1.9775408506393433,1.9747469425201416,0.00279390811920166
1512,TH0022AV/viewpoint_simulated_0_surface1.pcd,Testing,2.0953409671783447,2.21260929107666,0.11726832389831543
1513,TH0022AV/viewpoint_simulated_1_surface1.pcd,Testing,2.254096746444702,2.2170753479003906,0.03702139854431152
1514,TH0022AV/viewpoint_simulated_10_surface1.pcd,Testing,2.0652999877929688,2.1598336696624756,0.09453368186950684
1515,TH0022AV/viewpoint_simulated_100_surface1.pcd,Testing,2.2579891681671143,2.20540452003479,0.05258464813232422
1516,TH0022AV/viewpoint_simulated_101_surface1.pcd,Testing,2.469311475753784,2.1940672397613525,0.27524423599243164
1517,TH0022AV/viewpoint_simulated_102_surface1.pcd,Testing,2.316632032394409,2.1612415313720703,0.15539050102233887
1518,TH0022AV/viewpoint_simulated_103_surface1.pcd,Testing,2.193775177001953,2.1531929969787598,0.04058218002319336
1519,TH0022AV/viewpoint_simulated_104_surface1.pcd,Testing,2.295987367630005,2.137967586517334,0.1580197811126709
1520,TH0022AV/viewpoint_simulated_105_surface1.pcd,Testing,2.1510157585144043,2.12014102935791,0.03087472915649414
1521,TH0022AV/viewpoint_simulated_106_surface1.pcd,Testing,2.2711429595947266,2.13480544090271,0.1363375186920166
1522,TH0022AV/viewpoint_simulated_107_surface1.pcd,Testing,2.2838377952575684,2.1073198318481445,0.17651796340942383
1523,TH0022AV/viewpoint_simulated_108_surface1.pcd,Testing,2.4532055854797363,2.1416115760803223,0.31159400939941406
1524,TH0022AV/viewpoint_simulated_109_surface1.pcd,Testing,2.411194324493408,2.1434226036071777,0.26777172088623047
1525,TH0022AV/viewpoint_simulated_11_surface1.pcd,Testing,2.0822830200195312,2.146179676055908,0.06389665603637695
1526,TH0022AV/viewpoint_simulated_110_surface1.pcd,Testing,2.3005921840667725,2.1713509559631348,0.1292412281036377
1527,TH0022AV/viewpoint_simulated_111_surface1.pcd,Testing,2.418185234069824,2.180792808532715,0.23739242553710938
1528,TH0022AV/viewpoint_simulated_112_surface1.pcd,Testing,2.3919179439544678,2.111825466156006,0.2800924777984619
1529,TH0022AV/viewpoint_simulated_113_surface1.pcd,Testing,2.2822842597961426,2.095275402069092,0.18700885772705078
1530,TH0022AV/viewpoint_simulated_114_surface1.pcd,Testing,2.295461893081665,2.1346323490142822,0.1608295440673828
1531,TH0022AV/viewpoint_simulated_115_surface1.pcd,Testing,2.2294697761535645,2.1162614822387695,0.11320829391479492
1532,TH0022AV/viewpoint_simulated_116_surface1.pcd,Testing,2.238179922103882,2.100681781768799,0.137498140335083
1533,TH0022AV/viewpoint_simulated_117_surface1.pcd,Testing,2.21561598777771,2.093262195587158,0.12235379219055176
1534,TH0022AV/viewpoint_simulated_118_surface1.pcd,Testing,2.3637983798980713,2.1149396896362305,0.24885869026184082
1535,TH0022AV/viewpoint_simulated_119_surface1.pcd,Testing,2.207423210144043,2.115553379058838,0.09186983108520508
1536,TH0022AV/viewpoint_simulated_12_surface1.pcd,Testing,2.359642744064331,2.1827709674835205,0.17687177658081055
1537,TH0022AV/viewpoint_simulated_120_surface1.pcd,Testing,2.5221383571624756,2.2475686073303223,0.2745697498321533
1538,TH0022AV/viewpoint_simulated_121_surface1.pcd,Testing,2.3247077465057373,2.1322789192199707,0.1924288272857666
1539,TH0022AV/viewpoint_simulated_122_surface1.pcd,Testing,2.271728754043579,2.1192307472229004,0.1524980068206787
1540,TH0022AV/viewpoint_simulated_123_surface1.pcd,Testing,2.2906687259674072,2.1309125423431396,0.15975618362426758
1541,TH0022AV/viewpoint_simulated_124_surface1.pcd,Testing,2.221357822418213,2.0960781574249268,0.12527966499328613
1542,TH0022AV/viewpoint_simulated_125_surface1.pcd,Testing,2.1609973907470703,2.0529377460479736,0.10805964469909668
1543,TH0022AV/viewpoint_simulated_126_surface1.pcd,Testing,2.32321834564209,2.1295173168182373,0.19370102882385254
1544,TH0022AV/viewpoint_simulated_127_surface1.pcd,Testing,2.3531625270843506,2.1109399795532227,0.24222254753112793
1545,TH0022AV/viewpoint_simulated_128_surface1.pcd,Testing,2.406672954559326,2.0879359245300293,0.3187370300292969
1546,TH0022AV/viewpoint_simulated_129_surface1.pcd,Testing,2.294043779373169,2.0652010440826416,0.22884273529052734
1547,TH0022AV/viewpoint_simulated_13_surface1.pcd,Testing,2.2947165966033936,2.202017307281494,0.09269928932189941
1548,TH0022AV/viewpoint_simulated_130_surface1.pcd,Testing,2.257322311401367,2.1419429779052734,0.11537933349609375
1549,TH0022AV/viewpoint_simulated_131_surface1.pcd,Testing,2.322431802749634,2.163334369659424,0.15909743309020996
1550,TH0022AV/viewpoint_simulated_132_surface1.pcd,Testing,2.3284456729888916,2.235579013824463,0.09286665916442871
1551,TH0022AV/viewpoint_simulated_133_surface1.pcd,Testing,2.4002535343170166,2.1978161334991455,0.2024374008178711
1552,TH0022AV/viewpoint_simulated_134_surface1.pcd,Testing,2.2870991230010986,2.1016640663146973,0.18543505668640137
1553,TH0022AV/viewpoint_simulated_135_surface1.pcd,Testing,2.2501680850982666,2.055082082748413,0.19508600234985352
1554,TH0022AV/viewpoint_simulated_136_surface1.pcd,Testing,2.3174781799316406,2.1402735710144043,0.17720460891723633
1555,TH0022AV/viewpoint_simulated_137_surface1.pcd,Testing,2.3131015300750732,2.0240705013275146,0.2890310287475586
1556,TH0022AV/viewpoint_simulated_138_surface1.pcd,Testing,2.417400360107422,2.101231813430786,0.31616854667663574
1557,TH0022AV/viewpoint_simulated_139_surface1.pcd,Testing,2.3053059577941895,2.083909749984741,0.22139620780944824
1558,TH0022AV/viewpoint_simulated_14_surface1.pcd,Testing,2.4095473289489746,2.1859798431396484,0.22356748580932617
1559,TH0022AV/viewpoint_simulated_140_surface1.pcd,Testing,2.2046406269073486,2.081744432449341,0.12289619445800781
1560,TH0022AV/viewpoint_simulated_141_surface1.pcd,Testing,2.178797960281372,2.0640687942504883,0.11472916603088379
1561,TH0022AV/viewpoint_simulated_142_surface1.pcd,Testing,2.38071608543396,2.1402411460876465,0.24047493934631348
1562,TH0022AV/viewpoint_simulated_143_surface1.pcd,Testing,2.2960405349731445,2.221700429916382,0.0743401050567627
1563,TH0022AV/viewpoint_simulated_144_surface1.pcd,Testing,2.2439072132110596,2.2114615440368652,0.032445669174194336
1564,TH0022AV/viewpoint_simulated_145_surface1.pcd,Testing,2.209216356277466,2.211014747619629,0.001798391342163086
1565,TH0022AV/viewpoint_simulated_146_surface1.pcd,Testing,2.251587152481079,2.2167224884033203,0.03486466407775879
1566,TH0022AV/viewpoint_simulated_147_surface1.pcd,Testing,2.3285529613494873,2.213224172592163,0.11532878875732422
1567,TH0022AV/viewpoint_simulated_148_surface1.pcd,Testing,2.099339008331299,2.2213525772094727,0.12201356887817383
1568,TH0022AV/viewpoint_simulated_149_surface1.pcd,Testing,2.1337897777557373,2.2249202728271484,0.09113049507141113
1569,TH0022AV/viewpoint_simulated_15_surface1.pcd,Testing,2.4063260555267334,2.2012572288513184,0.20506882667541504
1570,TH0022AV/viewpoint_simulated_150_surface1.pcd,Testing,2.21732759475708,2.22481107711792,0.007483482360839844
1571,TH0022AV/viewpoint_simulated_151_surface1.pcd,Testing,2.1456902027130127,2.1879703998565674,0.04228019714355469
1572,TH0022AV/viewpoint_simulated_152_surface1.pcd,Testing,2.0999457836151123,2.1490721702575684,0.049126386642456055
1573,TH0022AV/viewpoint_simulated_153_surface1.pcd,Testing,2.2122108936309814,2.123919725418091,0.08829116821289062
1574,TH0022AV/viewpoint_simulated_154_surface1.pcd,Testing,2.3158621788024902,2.149125099182129,0.16673707962036133
1575,TH0022AV/viewpoint_simulated_155_surface1.pcd,Testing,2.2299959659576416,2.1448259353637695,0.08517003059387207
1576,TH0022AV/viewpoint_simulated_156_surface1.pcd,Testing,2.446105718612671,2.1554155349731445,0.29069018363952637
1577,TH0022AV/viewpoint_simulated_157_surface1.pcd,Testing,2.467721700668335,2.1826798915863037,0.28504180908203125
1578,TH0022AV/viewpoint_simulated_158_surface1.pcd,Testing,2.2080302238464355,2.1981801986694336,0.009850025177001953
1579,TH0022AV/viewpoint_simulated_159_surface1.pcd,Testing,2.2101638317108154,2.216681957244873,0.006518125534057617
1580,TH0022AV/viewpoint_simulated_16_surface1.pcd,Testing,2.2474632263183594,2.2176361083984375,0.029827117919921875
1581,TH0022AV/viewpoint_simulated_160_surface1.pcd,Testing,2.3827717304229736,2.21978759765625,0.16298413276672363
1582,TH0022AV/viewpoint_simulated_161_surface1.pcd,Testing,2.3829636573791504,2.221449851989746,0.1615138053894043
1583,TH0022AV/viewpoint_simulated_162_surface1.pcd,Testing,2.4213407039642334,2.2101845741271973,0.21115612983703613
1584,TH0022AV/viewpoint_simulated_163_surface1.pcd,Testing,2.4317853450775146,2.172272205352783,0.25951313972473145
1585,TH0022AV/viewpoint_simulated_164_surface1.pcd,Testing,2.232947826385498,2.144792318344116,0.08815550804138184
1586,TH0022AV/viewpoint_simulated_165_surface1.pcd,Testing,2.295670509338379,2.1167056560516357,0.17896485328674316
1587,TH0022AV/viewpoint_simulated_166_surface1.pcd,Testing,2.159308671951294,2.1364970207214355,0.0228116512298584
1588,TH0022AV/viewpoint_simulated_167_surface1.pcd,Testing,2.3385415077209473,2.1375644207000732,0.20097708702087402
1589,TH0022AV/viewpoint_simulated_168_surface1.pcd,Testing,2.34426212310791,2.1329238414764404,0.21133828163146973
1590,TH0022AV/viewpoint_simulated_169_surface1.pcd,Testing,2.2776782512664795,2.1744284629821777,0.10324978828430176
1591,TH0022AV/viewpoint_simulated_17_surface1.pcd,Testing,2.347316265106201,2.218709707260132,0.12860655784606934
1592,TH0022AV/viewpoint_simulated_170_surface1.pcd,Testing,2.293544292449951,2.1866798400878906,0.10686445236206055
1593,TH0022AV/viewpoint_simulated_171_surface1.pcd,Testing,2.1157948970794678,2.2080698013305664,0.09227490425109863
1594,TH0022AV/viewpoint_simulated_172_surface1.pcd,Testing,2.322340726852417,2.201585054397583,0.12075567245483398
1595,TH0022AV/viewpoint_simulated_173_surface1.pcd,Testing,2.1085431575775146,2.1859688758850098,0.07742571830749512
1596,TH0022AV/viewpoint_simulated_174_surface1.pcd,Testing,2.2796168327331543,2.170532703399658,0.1090841293334961
1597,TH0022AV/viewpoint_simulated_175_surface1.pcd,Testing,2.207125425338745,2.1441125869750977,0.06301283836364746
1598,TH0022AV/viewpoint_simulated_176_surface1.pcd,Testing,2.3280811309814453,2.1267218589782715,0.20135927200317383
1599,TH0022AV/viewpoint_simulated_177_surface1.pcd,Testing,2.257967948913574,2.0991079807281494,0.1588599681854248
1600,TH0022AV/viewpoint_simulated_178_surface1.pcd,Testing,2.2134265899658203,2.114032506942749,0.09939408302307129
1601,TH0022AV/viewpoint_simulated_179_surface1.pcd,Testing,2.3076698780059814,2.109147071838379,0.19852280616760254
1602,TH0022AV/viewpoint_simulated_18_surface1.pcd,Testing,2.4172213077545166,2.2240853309631348,0.19313597679138184
1603,TH0022AV/viewpoint_simulated_180_surface1.pcd,Testing,2.249006748199463,2.193455696105957,0.05555105209350586
1604,TH0022AV/viewpoint_simulated_181_surface1.pcd,Testing,2.269298791885376,2.136363983154297,0.1329348087310791
1605,TH0022AV/viewpoint_simulated_182_surface1.pcd,Testing,2.2892937660217285,2.1677558422088623,0.12153792381286621
1606,TH0022AV/viewpoint_simulated_183_surface1.pcd,Testing,2.382112979888916,2.1729254722595215,0.20918750762939453
1607,TH0022AV/viewpoint_simulated_184_surface1.pcd,Testing,2.4059033393859863,2.1104423999786377,0.29546093940734863
1608,TH0022AV/viewpoint_simulated_185_surface1.pcd,Testing,2.3062684535980225,2.0775773525238037,0.22869110107421875
1609,TH0022AV/viewpoint_simulated_186_surface1.pcd,Testing,2.278926372528076,2.1250414848327637,0.1538848876953125
1610,TH0022AV/viewpoint_simulated_187_surface1.pcd,Testing,2.4093692302703857,2.123328685760498,0.2860405445098877
1611,TH0022AV/viewpoint_simulated_188_surface1.pcd,Testing,2.366067409515381,2.1050634384155273,0.2610039710998535
1612,TH0022AV/viewpoint_simulated_189_surface1.pcd,Testing,2.4175405502319336,2.1024296283721924,0.3151109218597412
1613,TH0022AV/viewpoint_simulated_19_surface1.pcd,Testing,2.3316309452056885,2.1655497550964355,0.16608119010925293
1614,TH0022AV/viewpoint_simulated_190_surface1.pcd,Testing,2.239699125289917,2.1175289154052734,0.12217020988464355
1615,TH0022AV/viewpoint_simulated_191_surface1.pcd,Testing,2.301971912384033,2.1208043098449707,0.1811676025390625
1616,TH0022AV/viewpoint_simulated_192_surface1.pcd,Testing,2.3109443187713623,2.235199451446533,0.0757448673248291
1617,TH0022AV/viewpoint_simulated_193_surface1.pcd,Testing,2.2763962745666504,2.1979923248291016,0.07840394973754883
1618,TH0022AV/viewpoint_simulated_194_surface1.pcd,Testing,2.3067374229431152,2.129892349243164,0.17684507369995117
1619,TH0022AV/viewpoint_simulated_195_surface1.pcd,Testing,2.3990864753723145,2.113994598388672,0.2850918769836426
1620,TH0022AV/viewpoint_simulated_196_surface1.pcd,Testing,2.438265800476074,2.075759172439575,0.362506628036499
1621,TH0022AV/viewpoint_simulated_197_surface1.pcd,Testing,2.252420663833618,2.032879590988159,0.21954107284545898
1622,TH0022AV/viewpoint_simulated_198_surface1.pcd,Testing,2.4231765270233154,2.1166465282440186,0.3065299987792969
1623,TH0022AV/viewpoint_simulated_199_surface1.pcd,Testing,2.5565829277038574,2.0805182456970215,0.47606468200683594
1624,TH0022AV/viewpoint_simulated_2_surface1.pcd,Testing,2.2103817462921143,2.222661018371582,0.012279272079467773
1625,TH0022AV/viewpoint_simulated_20_surface1.pcd,Testing,2.3609297275543213,2.1739964485168457,0.18693327903747559
1626,TH0022AV/viewpoint_simulated_200_surface1.pcd,Testing,2.3244810104370117,2.0911130905151367,0.233367919921875
1627,TH0022AV/viewpoint_simulated_201_surface1.pcd,Testing,2.1506311893463135,2.0784647464752197,0.07216644287109375
1628,TH0022AV/viewpoint_simulated_202_surface1.pcd,Testing,2.3432600498199463,2.1387548446655273,0.20450520515441895
1629,TH0022AV/viewpoint_simulated_203_surface1.pcd,Testing,2.3130640983581543,2.198183536529541,0.11488056182861328
1630,TH0022AV/viewpoint_simulated_204_surface1.pcd,Testing,2.422837495803833,2.246530532836914,0.17630696296691895
1631,TH0022AV/viewpoint_simulated_205_surface1.pcd,Testing,2.3352303504943848,2.131527900695801,0.20370244979858398
1632,TH0022AV/viewpoint_simulated_206_surface1.pcd,Testing,2.3383352756500244,2.1023473739624023,0.23598790168762207
1633,TH0022AV/viewpoint_simulated_207_surface1.pcd,Testing,2.427156686782837,2.0615997314453125,0.3655569553375244
1634,TH0022AV/viewpoint_simulated_208_surface1.pcd,Testing,2.3842084407806396,2.109286069869995,0.27492237091064453
1635,TH0022AV/viewpoint_simulated_209_surface1.pcd,Testing,2.238945722579956,2.018325090408325,0.22062063217163086
1636,TH0022AV/viewpoint_simulated_21_surface1.pcd,Testing,2.4313852787017822,2.1296470165252686,0.30173826217651367
1637,TH0022AV/viewpoint_simulated_210_surface1.pcd,Testing,2.235931158065796,2.0793793201446533,0.15655183792114258
1638,TH0022AV/viewpoint_simulated_211_surface1.pcd,Testing,2.304353952407837,2.0880088806152344,0.21634507179260254
1639,TH0022AV/viewpoint_simulated_212_surface1.pcd,Testing,2.3627853393554688,2.0790834426879883,0.28370189666748047
1640,TH0022AV/viewpoint_simulated_213_surface1.pcd,Testing,2.1113767623901367,2.0812230110168457,0.030153751373291016
1641,TH0022AV/viewpoint_simulated_214_surface1.pcd,Testing,2.3723158836364746,2.1529510021209717,0.21936488151550293
1642,TH0022AV/viewpoint_simulated_215_surface1.pcd,Testing,2.1975631713867188,2.2143561840057373,0.016793012619018555
1643,TH0022AV/viewpoint_simulated_22_surface1.pcd,Testing,2.2347495555877686,2.1402578353881836,0.09449172019958496
1644,TH0022AV/viewpoint_simulated_23_surface1.pcd,Testing,2.195202589035034,2.1299407482147217,0.0652618408203125
1645,TH0022AV/viewpoint_simulated_24_surface1.pcd,Testing,2.2097816467285156,2.141406536102295,0.0683751106262207
1646,TH0022AV/viewpoint_simulated_25_surface1.pcd,Testing,2.2668416500091553,2.1571462154388428,0.1096954345703125
1647,TH0022AV/viewpoint_simulated_26_surface1.pcd,Testing,2.5159807205200195,2.1814517974853516,0.33452892303466797
1648,TH0022AV/viewpoint_simulated_27_surface1.pcd,Testing,2.3035402297973633,2.212986946105957,0.09055328369140625
1649,TH0022AV/viewpoint_simulated_28_surface1.pcd,Testing,2.1939990520477295,2.184142589569092,0.009856462478637695
1650,TH0022AV/viewpoint_simulated_29_surface1.pcd,Testing,2.2726311683654785,2.2021236419677734,0.07050752639770508
1651,TH0022AV/viewpoint_simulated_3_surface1.pcd,Testing,2.013713836669922,2.2171244621276855,0.20341062545776367
1652,TH0022AV/viewpoint_simulated_30_surface1.pcd,Testing,2.2931485176086426,2.183117151260376,0.1100313663482666
1653,TH0022AV/viewpoint_simulated_31_surface1.pcd,Testing,2.462498903274536,2.1411266326904297,0.32137227058410645
1654,TH0022AV/viewpoint_simulated_32_surface1.pcd,Testing,2.438028573989868,2.14298152923584,0.2950470447540283
1655,TH0022AV/viewpoint_simulated_33_surface1.pcd,Testing,2.2474875450134277,2.111485481262207,0.1360020637512207
1656,TH0022AV/viewpoint_simulated_34_surface1.pcd,Testing,2.3495895862579346,2.1153368949890137,0.2342526912689209
1657,TH0022AV/viewpoint_simulated_35_surface1.pcd,Testing,2.292874336242676,2.1120007038116455,0.18087363243103027
1658,TH0022AV/viewpoint_simulated_36_surface1.pcd,Testing,2.350267171859741,2.155383348464966,0.1948838233947754
1659,TH0022AV/viewpoint_simulated_37_surface1.pcd,Testing,2.320673942565918,2.129760265350342,0.19091367721557617
1660,TH0022AV/viewpoint_simulated_38_surface1.pcd,Testing,2.273761034011841,2.169421672821045,0.1043393611907959
1661,TH0022AV/viewpoint_simulated_39_surface1.pcd,Testing,2.2604260444641113,2.166365146636963,0.09406089782714844
1662,TH0022AV/viewpoint_simulated_4_surface1.pcd,Testing,2.0913124084472656,2.220585823059082,0.1292734146118164
1663,TH0022AV/viewpoint_simulated_40_surface1.pcd,Testing,2.231266498565674,2.080876111984253,0.1503903865814209
1664,TH0022AV/viewpoint_simulated_41_surface1.pcd,Testing,2.3067970275878906,2.1118204593658447,0.1949765682220459
1665,TH0022AV/viewpoint_simulated_42_surface1.pcd,Testing,2.2772345542907715,2.132960081100464,0.14427447319030762
1666,TH0022AV/viewpoint_simulated_43_surface1.pcd,Testing,2.3523709774017334,2.136221170425415,0.21614980697631836
1667,TH0022AV/viewpoint_simulated_44_surface1.pcd,Testing,2.2322425842285156,2.102099895477295,0.1301426887512207
1668,TH0022AV/viewpoint_simulated_45_surface1.pcd,Testing,2.267315626144409,2.103813648223877,0.16350197792053223
1669,TH0022AV/viewpoint_simulated_46_surface1.pcd,Testing,2.393913745880127,2.1094532012939453,0.28446054458618164
1670,TH0022AV/viewpoint_simulated_47_surface1.pcd,Testing,2.3495609760284424,2.1031346321105957,0.24642634391784668
1671,TH0022AV/viewpoint_simulated_48_surface1.pcd,Testing,2.1985466480255127,2.229201555252075,0.0306549072265625
1672,TH0022AV/viewpoint_simulated_49_surface1.pcd,Testing,2.3093035221099854,2.129545211791992,0.17975831031799316
1673,TH0022AV/viewpoint_simulated_5_surface1.pcd,Testing,2.3688528537750244,2.225593090057373,0.14325976371765137
1674,TH0022AV/viewpoint_simulated_50_surface1.pcd,Testing,2.182340621948242,2.1187267303466797,0.0636138916015625
1675,TH0022AV/viewpoint_simulated_51_surface1.pcd,Testing,2.278085231781006,2.1005640029907227,0.1775212287902832
1676,TH0022AV/viewpoint_simulated_52_surface1.pcd,Testing,2.322859525680542,2.104487657546997,0.21837186813354492
1677,TH0022AV/viewpoint_simulated_53_surface1.pcd,Testing,2.3685624599456787,2.0968823432922363,0.2716801166534424
1678,TH0022AV/viewpoint_simulated_54_surface1.pcd,Testing,2.258523941040039,2.1311118602752686,0.1274120807647705
1679,TH0022AV/viewpoint_simulated_55_surface1.pcd,Testing,2.3620471954345703,2.130819320678711,0.23122787475585938
1680,TH0022AV/viewpoint_simulated_56_surface1.pcd,Testing,2.3388781547546387,2.10247802734375,0.23640012741088867
1681,TH0022AV/viewpoint_simulated_57_surface1.pcd,Testing,2.3878939151763916,2.059575319290161,0.32831859588623047
1682,TH0022AV/viewpoint_simulated_58_surface1.pcd,Testing,2.1662049293518066,2.115459442138672,0.050745487213134766
1683,TH0022AV/viewpoint_simulated_59_surface1.pcd,Testing,2.475156307220459,2.182483196258545,0.29267311096191406
1684,TH0022AV/viewpoint_simulated_6_surface1.pcd,Testing,2.2639570236206055,2.2365524768829346,0.0274045467376709
1685,TH0022AV/viewpoint_simulated_60_surface1.pcd,Testing,2.2800538539886475,2.213172435760498,0.06688141822814941
1686,TH0022AV/viewpoint_simulated_61_surface1.pcd,Testing,2.2448196411132812,2.1593685150146484,0.08545112609863281
1687,TH0022AV/viewpoint_simulated_62_surface1.pcd,Testing,2.3313066959381104,2.106187105178833,0.22511959075927734
1688,TH0022AV/viewpoint_simulated_63_surface1.pcd,Testing,2.454679489135742,2.0725579261779785,0.38212156295776367
1689,TH0022AV/viewpoint_simulated_64_surface1.pcd,Testing,2.357174873352051,2.131016254425049,0.22615861892700195
1690,TH0022AV/viewpoint_simulated_65_surface1.pcd,Testing,2.419421911239624,2.0426454544067383,0.37677645683288574
1691,TH0022AV/viewpoint_simulated_66_surface1.pcd,Testing,2.483518600463867,2.0879578590393066,0.39556074142456055
1692,TH0022AV/viewpoint_simulated_67_surface1.pcd,Testing,2.253854513168335,2.1205902099609375,0.13326430320739746
1693,TH0022AV/viewpoint_simulated_68_surface1.pcd,Testing,2.2889046669006348,2.083101987838745,0.20580267906188965
1694,TH0022AV/viewpoint_simulated_69_surface1.pcd,Testing,2.33880877494812,2.0862889289855957,0.2525198459625244
1695,TH0022AV/viewpoint_simulated_7_surface1.pcd,Testing,2.2780847549438477,2.2127301692962646,0.06535458564758301
1696,TH0022AV/viewpoint_simulated_70_surface1.pcd,Testing,2.3321878910064697,2.1418471336364746,0.19034075736999512
1697,TH0022AV/viewpoint_simulated_71_surface1.pcd,Testing,2.33799409866333,2.2374815940856934,0.10051250457763672
1698,TH0022AV/viewpoint_simulated_72_surface1.pcd,Testing,2.096564531326294,2.212181568145752,0.11561703681945801
1699,TH0022AV/viewpoint_simulated_73_surface1.pcd,Testing,2.2443060874938965,2.2156424522399902,0.02866363525390625
1700,TH0022AV/viewpoint_simulated_74_surface1.pcd,Testing,2.036632537841797,2.22613525390625,0.18950271606445312
1701,TH0022AV/viewpoint_simulated_75_surface1.pcd,Testing,2.248037576675415,2.22399640083313,0.024041175842285156
1702,TH0022AV/viewpoint_simulated_76_surface1.pcd,Testing,2.465597152709961,2.2216439247131348,0.24395322799682617
1703,TH0022AV/viewpoint_simulated_77_surface1.pcd,Testing,2.267789363861084,2.2329554557800293,0.03483390808105469
1704,TH0022AV/viewpoint_simulated_78_surface1.pcd,Testing,2.424234628677368,2.226550579071045,0.19768404960632324
1705,TH0022AV/viewpoint_simulated_79_surface1.pcd,Testing,2.3720598220825195,2.198603868484497,0.17345595359802246
1706,TH0022AV/viewpoint_simulated_8_surface1.pcd,Testing,2.197873830795288,2.1769371032714844,0.02093672752380371
1707,TH0022AV/viewpoint_simulated_80_surface1.pcd,Testing,2.248546600341797,2.164475917816162,0.08407068252563477
1708,TH0022AV/viewpoint_simulated_81_surface1.pcd,Testing,2.331727981567383,2.14068603515625,0.1910419464111328
1709,TH0022AV/viewpoint_simulated_82_surface1.pcd,Testing,2.1313090324401855,2.1485555171966553,0.017246484756469727
1710,TH0022AV/viewpoint_simulated_83_surface1.pcd,Testing,2.2420849800109863,2.151210308074951,0.09087467193603516
1711,TH0022AV/viewpoint_simulated_84_surface1.pcd,Testing,2.17828369140625,2.1725873947143555,0.005696296691894531
1712,TH0022AV/viewpoint_simulated_85_surface1.pcd,Testing,2.1536943912506104,2.193962574005127,0.0402681827545166
1713,TH0022AV/viewpoint_simulated_86_surface1.pcd,Testing,2.1405575275421143,2.188878297805786,0.048320770263671875
1714,TH0022AV/viewpoint_simulated_87_surface1.pcd,Testing,2.251378297805786,2.210221767425537,0.04115653038024902
1715,TH0022AV/viewpoint_simulated_88_surface1.pcd,Testing,2.2684125900268555,2.211709976196289,0.056702613830566406
1716,TH0022AV/viewpoint_simulated_89_surface1.pcd,Testing,2.192159414291382,2.2222585678100586,0.030099153518676758
1717,TH0022AV/viewpoint_simulated_9_surface1.pcd,Testing,2.3047873973846436,2.12092661857605,0.18386077880859375
1718,TH0022AV/viewpoint_simulated_90_surface1.pcd,Testing,2.3313074111938477,2.2192444801330566,0.11206293106079102
1719,TH0022AV/viewpoint_simulated_91_surface1.pcd,Testing,2.201049327850342,2.172290325164795,0.028759002685546875
1720,TH0022AV/viewpoint_simulated_92_surface1.pcd,Testing,2.192819833755493,2.1692919731140137,0.023527860641479492
1721,TH0022AV/viewpoint_simulated_93_surface1.pcd,Testing,2.182129383087158,2.1190831661224365,0.06304621696472168
1722,TH0022AV/viewpoint_simulated_94_surface1.pcd,Testing,2.252872943878174,2.1487207412719727,0.10415220260620117
1723,TH0022AV/viewpoint_simulated_95_surface1.pcd,Testing,2.1384925842285156,2.1377053260803223,0.0007872581481933594
1724,TH0022AV/viewpoint_simulated_96_surface1.pcd,Testing,2.3585128784179688,2.124610185623169,0.2339026927947998
1725,TH0022AV/viewpoint_simulated_97_surface1.pcd,Testing,2.4580674171447754,2.1744847297668457,0.2835826873779297
1726,TH0022AV/viewpoint_simulated_98_surface1.pcd,Testing,2.2325901985168457,2.1761255264282227,0.05646467208862305
1727,TH0022AV/viewpoint_simulated_99_surface1.pcd,Testing,2.2340190410614014,2.1958720684051514,0.03814697265625
1728,TH0031AV/viewpoint_simulated_0_surface0.pcd,Testing,1.9789533615112305,2.0120556354522705,0.03310227394104004
1729,TH0031AV/viewpoint_simulated_1_surface0.pcd,Testing,1.9115813970565796,2.0024282932281494,0.09084689617156982
1730,TH0031AV/viewpoint_simulated_10_surface0.pcd,Testing,1.9905734062194824,2.0163040161132812,0.025730609893798828
1731,TH0031AV/viewpoint_simulated_100_surface0.pcd,Testing,1.9559537172317505,1.977710247039795,0.021756529808044434
1732,TH0031AV/viewpoint_simulated_101_surface0.pcd,Testing,2.0294644832611084,1.8898996114730835,0.1395648717880249
1733,TH0031AV/viewpoint_simulated_102_surface0.pcd,Testing,1.970390796661377,1.9039459228515625,0.06644487380981445
1734,TH0031AV/viewpoint_simulated_103_surface0.pcd,Testing,1.991141438484192,1.921977162361145,0.06916427612304688
1735,TH0031AV/viewpoint_simulated_104_surface0.pcd,Testing,1.9262131452560425,1.9888378381729126,0.06262469291687012
1736,TH0031AV/viewpoint_simulated_105_surface0.pcd,Testing,2.0601184368133545,2.052495002746582,0.007623434066772461
1737,TH0031AV/viewpoint_simulated_106_surface0.pcd,Testing,1.9040532112121582,2.083200693130493,0.17914748191833496
1738,TH0031AV/viewpoint_simulated_107_surface0.pcd,Testing,2.1579556465148926,2.064713954925537,0.09324169158935547
1739,TH0031AV/viewpoint_simulated_108_surface0.pcd,Testing,2.0864105224609375,2.049644947052002,0.03676557540893555
1740,TH0031AV/viewpoint_simulated_109_surface0.pcd,Testing,2.008812665939331,2.0506911277770996,0.041878461837768555
1741,TH0031AV/viewpoint_simulated_11_surface0.pcd,Testing,2.0591108798980713,2.0165505409240723,0.04256033897399902
1742,TH0031AV/viewpoint_simulated_110_surface0.pcd,Testing,1.9066243171691895,2.100320816040039,0.1936964988708496
1743,TH0031AV/viewpoint_simulated_111_surface0.pcd,Testing,2.0297467708587646,2.041170120239258,0.011423349380493164
1744,TH0031AV/viewpoint_simulated_112_surface0.pcd,Testing,2.0288636684417725,2.0229203701019287,0.00594329833984375
1745,TH0031AV/viewpoint_simulated_113_surface0.pcd,Testing,2.1088101863861084,1.9065097570419312,0.20230042934417725
1746,TH0031AV/viewpoint_simulated_114_surface0.pcd,Testing,2.1755857467651367,1.8832197189331055,0.29236602783203125
1747,TH0031AV/viewpoint_simulated_115_surface0.pcd,Testing,2.0700056552886963,1.9229763746261597,0.14702928066253662
1748,TH0031AV/viewpoint_simulated_116_surface0.pcd,Testing,2.055269241333008,2.006913185119629,0.048356056213378906
1749,TH0031AV/viewpoint_simulated_117_surface0.pcd,Testing,1.9970771074295044,2.0701494216918945,0.07307231426239014
1750,TH0031AV/viewpoint_simulated_118_surface0.pcd,Testing,1.9834232330322266,2.078176498413086,0.09475326538085938
1751,TH0031AV/viewpoint_simulated_119_surface0.pcd,Testing,1.9885343313217163,2.077857255935669,0.08932292461395264
1752,TH0031AV/viewpoint_simulated_12_surface0.pcd,Testing,1.9290915727615356,2.024606466293335,0.09551489353179932
1753,TH0031AV/viewpoint_simulated_120_surface0.pcd,Testing,1.9601494073867798,2.0868847370147705,0.12673532962799072
1754,TH0031AV/viewpoint_simulated_121_surface0.pcd,Testing,1.9964183568954468,2.097172975540161,0.10075461864471436
1755,TH0031AV/viewpoint_simulated_122_surface0.pcd,Testing,1.955372929573059,2.0971949100494385,0.1418219804763794
1756,TH0031AV/viewpoint_simulated_123_surface0.pcd,Testing,2.066560983657837,2.0684783458709717,0.0019173622131347656
1757,TH0031AV/viewpoint_simulated_124_surface0.pcd,Testing,2.1715221405029297,2.0644567012786865,0.10706543922424316
1758,TH0031AV/viewpoint_simulated_125_surface0.pcd,Testing,1.9887045621871948,1.9921201467514038,0.0034155845642089844
1759,TH0031AV/viewpoint_simulated_126_surface0.pcd,Testing,2.1406874656677246,1.8875247240066528,0.2531627416610718
1760,TH0031AV/viewpoint_simulated_127_surface0.pcd,Testing,1.9136683940887451,1.9056446552276611,0.008023738861083984
1761,TH0031AV/viewpoint_simulated_128_surface0.pcd,Testing,2.0641140937805176,2.004422187805176,0.0596919059753418
1762,TH0031AV/viewpoint_simulated_129_surface0.pcd,Testing,2.093876838684082,2.061828374862671,0.03204846382141113
1763,TH0031AV/viewpoint_simulated_13_surface0.pcd,Testing,2.0624048709869385,1.9910486936569214,0.07135617733001709
1764,TH0031AV/viewpoint_simulated_130_surface0.pcd,Testing,2.0165445804595947,2.0748963356018066,0.058351755142211914
1765,TH0031AV/viewpoint_simulated_131_surface0.pcd,Testing,2.01326060295105,2.08546781539917,0.07220721244812012
1766,TH0031AV/viewpoint_simulated_132_surface0.pcd,Testing,2.0960235595703125,2.099587917327881,0.0035643577575683594
1767,TH0031AV/viewpoint_simulated_133_surface0.pcd,Testing,2.1558034420013428,2.1173255443573,0.03847789764404297
1768,TH0031AV/viewpoint_simulated_134_surface0.pcd,Testing,2.096336841583252,2.094540596008301,0.0017962455749511719
1769,TH0031AV/viewpoint_simulated_135_surface0.pcd,Testing,2.0650835037231445,2.079540491104126,0.014456987380981445
1770,TH0031AV/viewpoint_simulated_136_surface0.pcd,Testing,2.1236226558685303,2.0764565467834473,0.04716610908508301
1771,TH0031AV/viewpoint_simulated_137_surface0.pcd,Testing,2.0794034004211426,1.9700591564178467,0.1093442440032959
1772,TH0031AV/viewpoint_simulated_138_surface0.pcd,Testing,2.018061637878418,1.8928195238113403,0.12524211406707764
1773,TH0031AV/viewpoint_simulated_139_surface0.pcd,Testing,1.8925262689590454,1.9162447452545166,0.02371847629547119
1774,TH0031AV/viewpoint_simulated_14_surface0.pcd,Testing,1.9248634576797485,2.007697105407715,0.08283364772796631
1775,TH0031AV/viewpoint_simulated_140_surface0.pcd,Testing,2.0856688022613525,1.9932031631469727,0.09246563911437988
1776,TH0031AV/viewpoint_simulated_141_surface0.pcd,Testing,2.0566489696502686,2.0730528831481934,0.016403913497924805
1777,TH0031AV/viewpoint_simulated_142_surface0.pcd,Testing,2.0654993057250977,2.080871820449829,0.015372514724731445
1778,TH0031AV/viewpoint_simulated_143_surface0.pcd,Testing,2.0551276206970215,2.093303680419922,0.03817605972290039
1779,TH0031AV/viewpoint_simulated_144_surface0.pcd,Testing,1.968262791633606,2.004840135574341,0.03657734394073486
1780,TH0031AV/viewpoint_simulated_145_surface0.pcd,Testing,1.9241224527359009,2.004840612411499,0.08071815967559814
1781,TH0031AV/viewpoint_simulated_146_surface0.pcd,Testing,1.9239842891693115,1.9953733682632446,0.0713890790939331
1782,TH0031AV/viewpoint_simulated_147_surface0.pcd,Testing,2.038479804992676,1.9858578443527222,0.05262196063995361
1783,TH0031AV/viewpoint_simulated_148_surface0.pcd,Testing,1.9943066835403442,1.9777463674545288,0.01656031608581543
1784,TH0031AV/viewpoint_simulated_149_surface0.pcd,Testing,2.1683449745178223,1.9696463346481323,0.19869863986968994
1785,TH0031AV/viewpoint_simulated_15_surface0.pcd,Testing,1.9330775737762451,2.004563331604004,0.07148575782775879
1786,TH0031AV/viewpoint_simulated_150_surface0.pcd,Testing,1.9557620286941528,1.967172622680664,0.01141059398651123
1787,TH0031AV/viewpoint_simulated_151_surface0.pcd,Testing,1.9908169507980347,1.9771004915237427,0.013716459274291992
1788,TH0031AV/viewpoint_simulated_152_surface0.pcd,Testing,1.894562005996704,2.0001108646392822,0.10554885864257812
1789,TH0031AV/viewpoint_simulated_153_surface0.pcd,Testing,2.0031516551971436,2.022449016571045,0.019297361373901367
1790,TH0031AV/viewpoint_simulated_154_surface0.pcd,Testing,2.0043163299560547,2.0065367221832275,0.0022203922271728516
1791,TH0031AV/viewpoint_simulated_155_surface0.pcd,Testing,2.056077480316162,2.0148913860321045,0.04118609428405762
1792,TH0031AV/viewpoint_simulated_156_surface0.pcd,Testing,1.9345118999481201,2.0466578006744385,0.11214590072631836
1793,TH0031AV/viewpoint_simulated_157_surface0.pcd,Testing,1.9694486856460571,1.9938684701919556,0.024419784545898438
1794,TH0031AV/viewpoint_simulated_158_surface0.pcd,Testing,2.0796167850494385,2.0114734172821045,0.06814336776733398
1795,TH0031AV/viewpoint_simulated_159_surface0.pcd,Testing,1.9922523498535156,1.9929447174072266,0.0006923675537109375
1796,TH0031AV/viewpoint_simulated_16_surface0.pcd,Testing,2.04971981048584,1.957464337348938,0.09225547313690186
1797,TH0031AV/viewpoint_simulated_160_surface0.pcd,Testing,1.98286771774292,1.952262043952942,0.030605673789978027
1798,TH0031AV/viewpoint_simulated_161_surface0.pcd,Testing,2.0545997619628906,1.9224141836166382,0.13218557834625244
1799,TH0031AV/viewpoint_simulated_162_surface0.pcd,Testing,2.1260457038879395,1.9175208806991577,0.20852482318878174
1800,TH0031AV/viewpoint_simulated_163_surface0.pcd,Testing,1.9484915733337402,1.9362441301345825,0.012247443199157715
1801,TH0031AV/viewpoint_simulated_164_surface0.pcd,Testing,1.9492613077163696,1.9936991930007935,0.04443788528442383
1802,TH0031AV/viewpoint_simulated_165_surface0.pcd,Testing,1.9056577682495117,2.041396141052246,0.13573837280273438
1803,TH0031AV/viewpoint_simulated_166_surface0.pcd,Testing,1.9636298418045044,2.0514535903930664,0.08782374858856201
1804,TH0031AV/viewpoint_simulated_167_surface0.pcd,Testing,1.9866760969161987,2.0363681316375732,0.04969203472137451
1805,TH0031AV/viewpoint_simulated_168_surface0.pcd,Testing,1.9816480875015259,2.0441856384277344,0.0625375509262085
1806,TH0031AV/viewpoint_simulated_169_surface0.pcd,Testing,1.967603325843811,1.9889596700668335,0.02135634422302246
1807,TH0031AV/viewpoint_simulated_17_surface0.pcd,Testing,1.9697256088256836,1.921676516532898,0.048049092292785645
1808,TH0031AV/viewpoint_simulated_170_surface0.pcd,Testing,1.9985166788101196,2.064507484436035,0.06599080562591553
1809,TH0031AV/viewpoint_simulated_171_surface0.pcd,Testing,2.0341007709503174,2.0216400623321533,0.012460708618164062
1810,TH0031AV/viewpoint_simulated_172_surface0.pcd,Testing,2.0103023052215576,1.9679466485977173,0.04235565662384033
1811,TH0031AV/viewpoint_simulated_173_surface0.pcd,Testing,2.0553340911865234,1.890799880027771,0.16453421115875244
1812,TH0031AV/viewpoint_simulated_174_surface0.pcd,Testing,2.1017191410064697,1.8977501392364502,0.20396900177001953
1813,TH0031AV/viewpoint_simulated_175_surface0.pcd,Testing,2.002345561981201,1.927681803703308,0.07466375827789307
1814,TH0031AV/viewpoint_simulated_176_surface0.pcd,Testing,1.9838273525238037,1.9950417280197144,0.011214375495910645
1815,TH0031AV/viewpoint_simulated_177_surface0.pcd,Testing,2.024658441543579,2.068089246749878,0.04343080520629883
1816,TH0031AV/viewpoint_simulated_178_surface0.pcd,Testing,2.0609426498413086,2.0789308547973633,0.017988204956054688
1817,TH0031AV/viewpoint_simulated_179_surface0.pcd,Testing,2.0533015727996826,2.090697765350342,0.03739619255065918
1818,TH0031AV/viewpoint_simulated_18_surface0.pcd,Testing,2.0971643924713135,1.9293063879013062,0.16785800457000732
1819,TH0031AV/viewpoint_simulated_180_surface0.pcd,Testing,2.037081241607666,2.0451579093933105,0.008076667785644531
1820,TH0031AV/viewpoint_simulated_181_surface0.pcd,Testing,2.2161498069763184,2.031623125076294,0.18452668190002441
1821,TH0031AV/viewpoint_simulated_182_surface0.pcd,Testing,2.0313775539398193,2.0946738719940186,0.06329631805419922
1822,TH0031AV/viewpoint_simulated_183_surface0.pcd,Testing,2.027315139770508,2.0663435459136963,0.03902840614318848
1823,TH0031AV/viewpoint_simulated_184_surface0.pcd,Testing,2.0680153369903564,2.037022829055786,0.030992507934570312
1824,TH0031AV/viewpoint_simulated_185_surface0.pcd,Testing,2.026641607284546,1.9182944297790527,0.10834717750549316
1825,TH0031AV/viewpoint_simulated_186_surface0.pcd,Testing,1.9565479755401611,1.8983248472213745,0.05822312831878662
1826,TH0031AV/viewpoint_simulated_187_surface0.pcd,Testing,1.977295994758606,1.9175208806991577,0.05977511405944824
1827,TH0031AV/viewpoint_simulated_188_surface0.pcd,Testing,2.0693986415863037,2.0162696838378906,0.053128957748413086
1828,TH0031AV/viewpoint_simulated_189_surface0.pcd,Testing,2.1450037956237793,2.0705108642578125,0.0744929313659668
1829,TH0031AV/viewpoint_simulated_19_surface0.pcd,Testing,2.0077943801879883,1.9352054595947266,0.07258892059326172
1830,TH0031AV/viewpoint_simulated_190_surface0.pcd,Testing,2.074730396270752,2.08036470413208,0.005634307861328125
1831,TH0031AV/viewpoint_simulated_191_surface0.pcd,Testing,2.0562705993652344,2.0825676918029785,0.02629709243774414
1832,TH0031AV/viewpoint_simulated_192_surface0.pcd,Testing,2.1388163566589355,2.0867180824279785,0.05209827423095703
1833,TH0031AV/viewpoint_simulated_193_surface0.pcd,Testing,1.990875244140625,2.091400146484375,0.10052490234375
1834,TH0031AV/viewpoint_simulated_194_surface0.pcd,Testing,2.0708396434783936,2.096743583679199,0.025903940200805664
1835,TH0031AV/viewpoint_simulated_195_surface0.pcd,Testing,2.0727686882019043,2.0682125091552734,0.004556179046630859
1836,TH0031AV/viewpoint_simulated_196_surface0.pcd,Testing,2.121270179748535,2.076005458831787,0.04526472091674805
1837,TH0031AV/viewpoint_simulated_197_surface0.pcd,Testing,1.9039416313171387,1.9746342897415161,0.07069265842437744
1838,TH0031AV/viewpoint_simulated_198_surface0.pcd,Testing,2.1538190841674805,1.8934727907180786,0.26034629344940186
1839,TH0031AV/viewpoint_simulated_199_surface0.pcd,Testing,2.0256447792053223,1.903011441230774,0.12263333797454834
1840,TH0031AV/viewpoint_simulated_2_surface0.pcd,Testing,1.9375803470611572,1.9997020959854126,0.06212174892425537
1841,TH0031AV/viewpoint_simulated_20_surface0.pcd,Testing,1.9032747745513916,2.00076961517334,0.09749484062194824
1842,TH0031AV/viewpoint_simulated_200_surface0.pcd,Testing,2.0357236862182617,1.9957023859024048,0.040021300315856934
1843,TH0031AV/viewpoint_simulated_201_surface0.pcd,Testing,2.160529375076294,2.08059024810791,0.07993912696838379
1844,TH0031AV/viewpoint_simulated_202_surface0.pcd,Testing,1.9629839658737183,2.0784735679626465,0.11548960208892822
1845,TH0031AV/viewpoint_simulated_203_surface0.pcd,Testing,2.0372519493103027,2.0906550884246826,0.05340313911437988
1846,TH0031AV/viewpoint_simulated_204_surface0.pcd,Testing,2.0020108222961426,2.1037228107452393,0.10171198844909668
1847,TH0031AV/viewpoint_simulated_205_surface0.pcd,Testing,2.0956106185913086,2.109295129776001,0.013684511184692383
1848,TH0031AV/viewpoint_simulated_206_surface0.pcd,Testing,2.1151278018951416,2.0904455184936523,0.024682283401489258
1849,TH0031AV/viewpoint_simulated_207_surface0.pcd,Testing,2.134350299835205,2.076599359512329,0.05775094032287598
1850,TH0031AV/viewpoint_simulated_208_surface0.pcd,Testing,2.0694870948791504,2.0763440132141113,0.0068569183349609375
1851,TH0031AV/viewpoint_simulated_209_surface0.pcd,Testing,2.067498207092285,1.9674557447433472,0.10004246234893799
1852,TH0031AV/viewpoint_simulated_21_surface0.pcd,Testing,1.8968555927276611,2.049706220626831,0.15285062789916992
1853,TH0031AV/viewpoint_simulated_210_surface0.pcd,Testing,2.0596683025360107,1.8859717845916748,0.17369651794433594
1854,TH0031AV/viewpoint_simulated_211_surface0.pcd,Testing,1.9982867240905762,1.9096579551696777,0.08862876892089844
1855,TH0031AV/viewpoint_simulated_212_surface0.pcd,Testing,2.0886213779449463,2.00602650642395,0.0825948715209961
1856,TH0031AV/viewpoint_simulated_213_surface0.pcd,Testing,2.077587842941284,2.089388847351074,0.011801004409790039
1857,TH0031AV/viewpoint_simulated_214_surface0.pcd,Testing,2.038054943084717,2.0752053260803223,0.03715038299560547
1858,TH0031AV/viewpoint_simulated_215_surface0.pcd,Testing,2.05067777633667,2.0814712047576904,0.030793428421020508
1859,TH0031AV/viewpoint_simulated_22_surface0.pcd,Testing,1.9442962408065796,2.0464799404144287,0.10218369960784912
1860,TH0031AV/viewpoint_simulated_23_surface0.pcd,Testing,2.1543099880218506,2.043243885040283,0.11106610298156738
1861,TH0031AV/viewpoint_simulated_24_surface0.pcd,Testing,2.019465684890747,2.041323184967041,0.021857500076293945
1862,TH0031AV/viewpoint_simulated_25_surface0.pcd,Testing,2.020341634750366,1.998039722442627,0.022301912307739258
1863,TH0031AV/viewpoint_simulated_26_surface0.pcd,Testing,2.1030521392822266,2.063364028930664,0.0396881103515625
1864,TH0031AV/viewpoint_simulated_27_surface0.pcd,Testing,1.8721983432769775,2.0192952156066895,0.14709687232971191
1865,TH0031AV/viewpoint_simulated_28_surface0.pcd,Testing,2.0622222423553467,1.9738353490829468,0.0883868932723999
1866,TH0031AV/viewpoint_simulated_29_surface0.pcd,Testing,1.998410940170288,1.886271595954895,0.11213934421539307
1867,TH0031AV/viewpoint_simulated_3_surface0.pcd,Testing,1.9700473546981812,1.999035358428955,0.028988003730773926
1868,TH0031AV/viewpoint_simulated_30_surface0.pcd,Testing,2.0378739833831787,1.9048455953598022,0.13302838802337646
1869,TH0031AV/viewpoint_simulated_31_surface0.pcd,Testing,2.00734806060791,1.9351311922073364,0.07221686840057373
1870,TH0031AV/viewpoint_simulated_32_surface0.pcd,Testing,2.0224642753601074,1.9868026971817017,0.03566157817840576
1871,TH0031AV/viewpoint_simulated_33_surface0.pcd,Testing,1.9954075813293457,2.0614256858825684,0.06601810455322266
1872,TH0031AV/viewpoint_simulated_34_surface0.pcd,Testing,2.0389773845672607,2.078646183013916,0.03966879844665527
1873,TH0031AV/viewpoint_simulated_35_surface0.pcd,Testing,2.0380139350891113,2.101790428161621,0.06377649307250977
1874,TH0031AV/viewpoint_simulated_36_surface0.pcd,Testing,2.0434248447418213,2.0523786544799805,0.00895380973815918
1875,TH0031AV/viewpoint_simulated_37_surface0.pcd,Testing,2.1308465003967285,2.0791501998901367,0.0516963005065918
1876,TH0031AV/viewpoint_simulated_38_surface0.pcd,Testing,1.979017734527588,2.0977494716644287,0.11873173713684082
1877,TH0031AV/viewpoint_simulated_39_surface0.pcd,Testing,2.057891368865967,2.0592050552368164,0.0013136863708496094
1878,TH0031AV/viewpoint_simulated_4_surface0.pcd,Testing,1.8831286430358887,1.971737027168274,0.08860838413238525
1879,TH0031AV/viewpoint_simulated_40_surface0.pcd,Testing,2.0184884071350098,2.022268056869507,0.0037796497344970703
1880,TH0031AV/viewpoint_simulated_41_surface0.pcd,Testing,1.9683102369308472,1.912615418434143,0.0556948184967041
1881,TH0031AV/viewpoint_simulated_42_surface0.pcd,Testing,2.026181697845459,1.886956810951233,0.13922488689422607
1882,TH0031AV/viewpoint_simulated_43_surface0.pcd,Testing,2.079907178878784,1.9126187562942505,0.1672884225845337
1883,TH0031AV/viewpoint_simulated_44_surface0.pcd,Testing,1.9695466756820679,2.0051679611206055,0.0356212854385376
1884,TH0031AV/viewpoint_simulated_45_surface0.pcd,Testing,2.001225709915161,2.0658884048461914,0.06466269493103027
1885,TH0031AV/viewpoint_simulated_46_surface0.pcd,Testing,1.924196481704712,2.0775933265686035,0.1533968448638916
1886,TH0031AV/viewpoint_simulated_47_surface0.pcd,Testing,1.9699323177337646,2.0704617500305176,0.10052943229675293
1887,TH0031AV/viewpoint_simulated_48_surface0.pcd,Testing,2.0035085678100586,2.0761451721191406,0.07263660430908203
1888,TH0031AV/viewpoint_simulated_49_surface0.pcd,Testing,2.0370285511016846,2.121342658996582,0.08431410789489746
1889,TH0031AV/viewpoint_simulated_5_surface0.pcd,Testing,2.011073589324951,1.985045075416565,0.02602851390838623
1890,TH0031AV/viewpoint_simulated_50_surface0.pcd,Testing,2.0277254581451416,2.0984268188476562,0.07070136070251465
1891,TH0031AV/viewpoint_simulated_51_surface0.pcd,Testing,2.070657730102539,2.0677833557128906,0.0028743743896484375
1892,TH0031AV/viewpoint_simulated_52_surface0.pcd,Testing,2.044647216796875,2.063117027282715,0.018469810485839844
1893,TH0031AV/viewpoint_simulated_53_surface0.pcd,Testing,2.0038983821868896,1.9654741287231445,0.03842425346374512
1894,TH0031AV/viewpoint_simulated_54_surface0.pcd,Testing,1.9625422954559326,1.8935014009475708,0.06904089450836182
1895,TH0031AV/viewpoint_simulated_55_surface0.pcd,Testing,1.9464398622512817,1.9031535387039185,0.04328632354736328
1896,TH0031AV/viewpoint_simulated_56_surface0.pcd,Testing,2.1679558753967285,2.0031039714813232,0.16485190391540527
1897,TH0031AV/viewpoint_simulated_57_surface0.pcd,Testing,1.977726697921753,2.0735859870910645,0.09585928916931152
1898,TH0031AV/viewpoint_simulated_58_surface0.pcd,Testing,2.054544687271118,2.0776543617248535,0.02310967445373535
1899,TH0031AV/viewpoint_simulated_59_surface0.pcd,Testing,2.0854568481445312,2.0794191360473633,0.006037712097167969
1900,TH0031AV/viewpoint_simulated_6_surface0.pcd,Testing,2.0518081188201904,1.9716812372207642,0.08012688159942627
1901,TH0031AV/viewpoint_simulated_60_surface0.pcd,Testing,2.0275936126708984,2.112602472305298,0.08500885963439941
1902,TH0031AV/viewpoint_simulated_61_surface0.pcd,Testing,1.9233760833740234,2.1138062477111816,0.1904301643371582
1903,TH0031AV/viewpoint_simulated_62_surface0.pcd,Testing,2.1306934356689453,2.0886292457580566,0.04206418991088867
1904,TH0031AV/viewpoint_simulated_63_surface0.pcd,Testing,1.9974658489227295,2.0730488300323486,0.07558298110961914
1905,TH0031AV/viewpoint_simulated_64_surface0.pcd,Testing,2.070863962173462,2.080495834350586,0.009631872177124023
1906,TH0031AV/viewpoint_simulated_65_surface0.pcd,Testing,2.0654749870300293,1.9722164869308472,0.09325850009918213
1907,TH0031AV/viewpoint_simulated_66_surface0.pcd,Testing,1.9731810092926025,1.8904680013656616,0.08271300792694092
1908,TH0031AV/viewpoint_simulated_67_surface0.pcd,Testing,2.1582694053649902,1.9217771291732788,0.23649227619171143
1909,TH0031AV/viewpoint_simulated_68_surface0.pcd,Testing,2.0131070613861084,1.997373104095459,0.015733957290649414
1910,TH0031AV/viewpoint_simulated_69_surface0.pcd,Testing,2.0183753967285156,2.1012744903564453,0.08289909362792969
1911,TH0031AV/viewpoint_simulated_7_surface0.pcd,Testing,1.9447211027145386,1.976926565170288,0.03220546245574951
1912,TH0031AV/viewpoint_simulated_70_surface0.pcd,Testing,2.0723133087158203,2.068683624267578,0.0036296844482421875
1913,TH0031AV/viewpoint_simulated_71_surface0.pcd,Testing,2.000371217727661,2.092688798904419,0.09231758117675781
1914,TH0031AV/viewpoint_simulated_72_surface0.pcd,Testing,2.0898396968841553,2.010805606842041,0.07903409004211426
1915,TH0031AV/viewpoint_simulated_73_surface0.pcd,Testing,2.1642284393310547,2.011587142944336,0.15264129638671875
1916,TH0031AV/viewpoint_simulated_74_surface0.pcd,Testing,1.9759160280227661,2.0077831745147705,0.031867146492004395
1917,TH0031AV/viewpoint_simulated_75_surface0.pcd,Testing,2.0487117767333984,1.9886822700500488,0.06002950668334961
1918,TH0031AV/viewpoint_simulated_76_surface0.pcd,Testing,2.0216991901397705,1.9772108793258667,0.04448831081390381
1919,TH0031AV/viewpoint_simulated_77_surface0.pcd,Testing,1.953413486480713,1.9726848602294922,0.019271373748779297
1920,TH0031AV/viewpoint_simulated_78_surface0.pcd,Testing,1.9656107425689697,1.974617838859558,0.009007096290588379
1921,TH0031AV/viewpoint_simulated_79_surface0.pcd,Testing,1.9685490131378174,1.9815582036972046,0.013009190559387207
1922,TH0031AV/viewpoint_simulated_8_surface0.pcd,Testing,1.9840459823608398,2.007902145385742,0.023856163024902344
1923,TH0031AV/viewpoint_simulated_80_surface0.pcd,Testing,2.0362017154693604,2.0046796798706055,0.03152203559875488
1924,TH0031AV/viewpoint_simulated_81_surface0.pcd,Testing,1.8715797662734985,2.0243046283721924,0.15272486209869385
1925,TH0031AV/viewpoint_simulated_82_surface0.pcd,Testing,1.9130305051803589,2.0160787105560303,0.10304820537567139
1926,TH0031AV/viewpoint_simulated_83_surface0.pcd,Testing,1.974968433380127,2.011711359024048,0.0367429256439209
1927,TH0031AV/viewpoint_simulated_84_surface0.pcd,Testing,1.8734111785888672,2.0179014205932617,0.14449024200439453
1928,TH0031AV/viewpoint_simulated_85_surface0.pcd,Testing,1.9958451986312866,1.991953730583191,0.003891468048095703
1929,TH0031AV/viewpoint_simulated_86_surface0.pcd,Testing,1.9940558671951294,1.9935988187789917,0.0004570484161376953
1930,TH0031AV/viewpoint_simulated_87_surface0.pcd,Testing,2.025592088699341,1.9987837076187134,0.02680838108062744
1931,TH0031AV/viewpoint_simulated_88_surface0.pcd,Testing,1.8584727048873901,1.954074740409851,0.09560203552246094
1932,TH0031AV/viewpoint_simulated_89_surface0.pcd,Testing,2.025773763656616,1.9305434226989746,0.0952303409576416
1933,TH0031AV/viewpoint_simulated_9_surface0.pcd,Testing,1.9684897661209106,2.026113986968994,0.057624220848083496
1934,TH0031AV/viewpoint_simulated_90_surface0.pcd,Testing,1.9441769123077393,1.92803156375885,0.01614534854888916
1935,TH0031AV/viewpoint_simulated_91_surface0.pcd,Testing,2.0409483909606934,1.924707293510437,0.11624109745025635
1936,TH0031AV/viewpoint_simulated_92_surface0.pcd,Testing,2.0606229305267334,2.0028223991394043,0.0578005313873291
1937,TH0031AV/viewpoint_simulated_93_surface0.pcd,Testing,1.9438362121582031,2.038052558898926,0.09421634674072266
1938,TH0031AV/viewpoint_simulated_94_surface0.pcd,Testing,2.041567802429199,2.0447864532470703,0.0032186508178710938
1939,TH0031AV/viewpoint_simulated_95_surface0.pcd,Testing,2.0091631412506104,2.026883602142334,0.017720460891723633
1940,TH0031AV/viewpoint_simulated_96_surface0.pcd,Testing,1.9665449857711792,2.0377910137176514,0.07124602794647217
1941,TH0031AV/viewpoint_simulated_97_surface0.pcd,Testing,1.9757468700408936,1.9966953992843628,0.02094852924346924
1942,TH0031AV/viewpoint_simulated_98_surface0.pcd,Testing,1.9741847515106201,2.065577745437622,0.09139299392700195
1943,TH0031AV/viewpoint_simulated_99_surface0.pcd,Testing,1.9987590312957764,2.0120580196380615,0.013298988342285156
1944,TH0031AV/viewpoint_simulated_0_surface1.pcd,Testing,2.118849754333496,2.2221004962921143,0.10325074195861816
1945,TH0031AV/viewpoint_simulated_1_surface1.pcd,Testing,2.1462507247924805,2.226015567779541,0.07976484298706055
1946,TH0031AV/viewpoint_simulated_10_surface1.pcd,Testing,1.9896632432937622,2.1781883239746094,0.18852508068084717
1947,TH0031AV/viewpoint_simulated_100_surface1.pcd,Testing,2.244492769241333,2.210172653198242,0.03432011604309082
1948,TH0031AV/viewpoint_simulated_101_surface1.pcd,Testing,2.084514856338501,2.2427756786346436,0.15826082229614258
1949,TH0031AV/viewpoint_simulated_102_surface1.pcd,Testing,2.1167290210723877,2.238304615020752,0.12157559394836426
1950,TH0031AV/viewpoint_simulated_103_surface1.pcd,Testing,2.0807275772094727,2.1869454383850098,0.10621786117553711
1951,TH0031AV/viewpoint_simulated_104_surface1.pcd,Testing,2.309525489807129,2.1233162879943848,0.18620920181274414
1952,TH0031AV/viewpoint_simulated_105_surface1.pcd,Testing,2.177105665206909,2.1075916290283203,0.06951403617858887
1953,TH0031AV/viewpoint_simulated_106_surface1.pcd,Testing,2.12951397895813,2.120371103286743,0.009142875671386719
1954,TH0031AV/viewpoint_simulated_107_surface1.pcd,Testing,2.1956076622009277,2.1315109729766846,0.06409668922424316
1955,TH0031AV/viewpoint_simulated_108_surface1.pcd,Testing,2.088935375213623,2.140657424926758,0.051722049713134766
1956,TH0031AV/viewpoint_simulated_109_surface1.pcd,Testing,2.053102970123291,2.1414785385131836,0.08837556838989258
1957,TH0031AV/viewpoint_simulated_11_surface1.pcd,Testing,2.25667405128479,2.178621768951416,0.07805228233337402
1958,TH0031AV/viewpoint_simulated_110_surface1.pcd,Testing,2.093705415725708,2.189075469970703,0.09537005424499512
1959,TH0031AV/viewpoint_simulated_111_surface1.pcd,Testing,2.2298061847686768,2.2386584281921387,0.008852243423461914
1960,TH0031AV/viewpoint_simulated_112_surface1.pcd,Testing,2.079777717590332,2.2072887420654297,0.12751102447509766
1961,TH0031AV/viewpoint_simulated_113_surface1.pcd,Testing,2.192615509033203,2.222492218017578,0.029876708984375
1962,TH0031AV/viewpoint_simulated_114_surface1.pcd,Testing,2.165682077407837,2.193369150161743,0.02768707275390625
1963,TH0031AV/viewpoint_simulated_115_surface1.pcd,Testing,2.228325366973877,2.135782241821289,0.09254312515258789
1964,TH0031AV/viewpoint_simulated_116_surface1.pcd,Testing,2.1260361671447754,2.1038012504577637,0.02223491668701172
1965,TH0031AV/viewpoint_simulated_117_surface1.pcd,Testing,1.981770634651184,2.0858266353607178,0.10405600070953369
1966,TH0031AV/viewpoint_simulated_118_surface1.pcd,Testing,2.3813412189483643,2.107065439224243,0.2742757797241211
1967,TH0031AV/viewpoint_simulated_119_surface1.pcd,Testing,2.232553243637085,2.124969959259033,0.10758328437805176
1968,TH0031AV/viewpoint_simulated_12_surface1.pcd,Testing,2.1227099895477295,2.2256271839141846,0.10291719436645508
1969,TH0031AV/viewpoint_simulated_120_surface1.pcd,Testing,2.3260085582733154,2.2529447078704834,0.07306385040283203
1970,TH0031AV/viewpoint_simulated_121_surface1.pcd,Testing,2.1829209327697754,2.080458641052246,0.1024622917175293
1971,TH0031AV/viewpoint_simulated_122_surface1.pcd,Testing,2.2496538162231445,2.1458637714385986,0.1037900447845459
1972,TH0031AV/viewpoint_simulated_123_surface1.pcd,Testing,2.082284927368164,2.1725847721099854,0.09029984474182129
1973,TH0031AV/viewpoint_simulated_124_surface1.pcd,Testing,2.185870885848999,2.121074914932251,0.06479597091674805
1974,TH0031AV/viewpoint_simulated_125_surface1.pcd,Testing,2.3041763305664062,2.1456501483917236,0.15852618217468262
1975,TH0031AV/viewpoint_simulated_126_surface1.pcd,Testing,2.093496799468994,2.1594362258911133,0.06593942642211914
1976,TH0031AV/viewpoint_simulated_127_surface1.pcd,Testing,2.155670166015625,2.1389553546905518,0.016714811325073242
1977,TH0031AV/viewpoint_simulated_128_surface1.pcd,Testing,2.202488422393799,2.1223018169403076,0.08018660545349121
1978,TH0031AV/viewpoint_simulated_129_surface1.pcd,Testing,2.1277737617492676,2.070050001144409,0.0577237606048584
1979,TH0031AV/viewpoint_simulated_13_surface1.pcd,Testing,2.1974141597747803,2.2200794219970703,0.02266526222229004
1980,TH0031AV/viewpoint_simulated_130_surface1.pcd,Testing,2.2414731979370117,2.100290536880493,0.14118266105651855
1981,TH0031AV/viewpoint_simulated_131_surface1.pcd,Testing,2.132518768310547,2.1210708618164062,0.011447906494140625
1982,TH0031AV/viewpoint_simulated_132_surface1.pcd,Testing,2.0634138584136963,2.0824599266052246,0.01904606819152832
1983,TH0031AV/viewpoint_simulated_133_surface1.pcd,Testing,2.1597213745117188,2.0738461017608643,0.08587527275085449
1984,TH0031AV/viewpoint_simulated_134_surface1.pcd,Testing,2.1744227409362793,2.120785713195801,0.053637027740478516
1985,TH0031AV/viewpoint_simulated_135_surface1.pcd,Testing,2.2845559120178223,2.100278615951538,0.18427729606628418
1986,TH0031AV/viewpoint_simulated_136_surface1.pcd,Testing,2.1006312370300293,2.127753734588623,0.02712249755859375
1987,TH0031AV/viewpoint_simulated_137_surface1.pcd,Testing,2.2112152576446533,2.103747606277466,0.1074676513671875
1988,TH0031AV/viewpoint_simulated_138_surface1.pcd,Testing,2.0960540771484375,2.1266491413116455,0.030595064163208008
1989,TH0031AV/viewpoint_simulated_139_surface1.pcd,Testing,2.273735523223877,2.164844512939453,0.10889101028442383
1990,TH0031AV/viewpoint_simulated_14_surface1.pcd,Testing,2.028381586074829,2.228229522705078,0.19984793663024902
1991,TH0031AV/viewpoint_simulated_140_surface1.pcd,Testing,2.2213258743286133,2.1161420345306396,0.10518383979797363
1992,TH0031AV/viewpoint_simulated_141_surface1.pcd,Testing,2.086373805999756,2.062833309173584,0.023540496826171875
1993,TH0031AV/viewpoint_simulated_142_surface1.pcd,Testing,2.082113027572632,2.082263469696045,0.00015044212341308594
1994,TH0031AV/viewpoint_simulated_143_surface1.pcd,Testing,2.2205111980438232,2.170742988586426,0.04976820945739746
1995,TH0031AV/viewpoint_simulated_144_surface1.pcd,Testing,1.8993535041809082,2.2157793045043945,0.31642580032348633
1996,TH0031AV/viewpoint_simulated_145_surface1.pcd,Testing,2.080425500869751,2.2306032180786133,0.1501777172088623
1997,TH0031AV/viewpoint_simulated_146_surface1.pcd,Testing,1.9631412029266357,2.221285820007324,0.2581446170806885
1998,TH0031AV/viewpoint_simulated_147_surface1.pcd,Testing,2.1578171253204346,2.2275404930114746,0.06972336769104004
1999,TH0031AV/viewpoint_simulated_148_surface1.pcd,Testing,2.0948920249938965,2.230851173400879,0.13595914840698242
2000,TH0031AV/viewpoint_simulated_149_surface1.pcd,Testing,2.055321455001831,2.2406163215637207,0.18529486656188965
2001,TH0031AV/viewpoint_simulated_15_surface1.pcd,Testing,2.1646323204040527,2.2420995235443115,0.07746720314025879
2002,TH0031AV/viewpoint_simulated_150_surface1.pcd,Testing,2.0984578132629395,2.259843349456787,0.16138553619384766
2003,TH0031AV/viewpoint_simulated_151_surface1.pcd,Testing,2.24688720703125,2.201021194458008,0.04586601257324219
2004,TH0031AV/viewpoint_simulated_152_surface1.pcd,Testing,2.005035638809204,2.1705093383789062,0.16547369956970215
2005,TH0031AV/viewpoint_simulated_153_surface1.pcd,Testing,2.2262399196624756,2.1534159183502197,0.07282400131225586
2006,TH0031AV/viewpoint_simulated_154_surface1.pcd,Testing,2.2525930404663086,2.1763362884521484,0.07625675201416016
2007,TH0031AV/viewpoint_simulated_155_surface1.pcd,Testing,2.130873918533325,2.188164710998535,0.05729079246520996
2008,TH0031AV/viewpoint_simulated_156_surface1.pcd,Testing,2.2403156757354736,2.193650484085083,0.046665191650390625
2009,TH0031AV/viewpoint_simulated_157_surface1.pcd,Testing,2.063173532485962,2.2087996006011963,0.14562606811523438
2010,TH0031AV/viewpoint_simulated_158_surface1.pcd,Testing,2.052027702331543,2.2272329330444336,0.17520523071289062
2011,TH0031AV/viewpoint_simulated_159_surface1.pcd,Testing,2.1263346672058105,2.239788055419922,0.11345338821411133
2012,TH0031AV/viewpoint_simulated_16_surface1.pcd,Testing,2.1006722450256348,2.2345521450042725,0.1338798999786377
2013,TH0031AV/viewpoint_simulated_160_surface1.pcd,Testing,2.2236764430999756,2.229252815246582,0.005576372146606445
2014,TH0031AV/viewpoint_simulated_161_surface1.pcd,Testing,2.2676541805267334,2.225294589996338,0.04235959053039551
2015,TH0031AV/viewpoint_simulated_162_surface1.pcd,Testing,2.100433826446533,2.2421157360076904,0.14168190956115723
2016,TH0031AV/viewpoint_simulated_163_surface1.pcd,Testing,2.1216118335723877,2.2073493003845215,0.08573746681213379
2017,TH0031AV/viewpoint_simulated_164_surface1.pcd,Testing,2.210131883621216,2.1540164947509766,0.05611538887023926
2018,TH0031AV/viewpoint_simulated_165_surface1.pcd,Testing,1.9743143320083618,2.132833957672119,0.15851962566375732
2019,TH0031AV/viewpoint_simulated_166_surface1.pcd,Testing,2.015716791152954,2.1422369480133057,0.12652015686035156
2020,TH0031AV/viewpoint_simulated_167_surface1.pcd,Testing,2.3830227851867676,2.174139976501465,0.20888280868530273
2021,TH0031AV/viewpoint_simulated_168_surface1.pcd,Testing,2.155773162841797,2.130887746810913,0.02488541603088379
2022,TH0031AV/viewpoint_simulated_169_surface1.pcd,Testing,1.9736891984939575,2.202345371246338,0.22865617275238037
2023,TH0031AV/viewpoint_simulated_17_surface1.pcd,Testing,2.113955497741699,2.2454757690429688,0.13152027130126953
2024,TH0031AV/viewpoint_simulated_170_surface1.pcd,Testing,2.148444175720215,2.2203917503356934,0.07194757461547852
2025,TH0031AV/viewpoint_simulated_171_surface1.pcd,Testing,2.303199529647827,2.2408883571624756,0.06231117248535156
2026,TH0031AV/viewpoint_simulated_172_surface1.pcd,Testing,2.1862215995788574,2.2365758419036865,0.0503542423248291
2027,TH0031AV/viewpoint_simulated_173_surface1.pcd,Testing,2.2176618576049805,2.2485270500183105,0.030865192413330078
2028,TH0031AV/viewpoint_simulated_174_surface1.pcd,Testing,2.1424641609191895,2.2369894981384277,0.09452533721923828
2029,TH0031AV/viewpoint_simulated_175_surface1.pcd,Testing,2.136747121810913,2.1839513778686523,0.04720425605773926
2030,TH0031AV/viewpoint_simulated_176_surface1.pcd,Testing,2.122232437133789,2.120638370513916,0.0015940666198730469
2031,TH0031AV/viewpoint_simulated_177_surface1.pcd,Testing,2.066429615020752,2.1057968139648438,0.0393671989440918
2032,TH0031AV/viewpoint_simulated_178_surface1.pcd,Testing,2.0586423873901367,2.121075391769409,0.06243300437927246
2033,TH0031AV/viewpoint_simulated_179_surface1.pcd,Testing,2.0749282836914062,2.147294759750366,0.07236647605895996
2034,TH0031AV/viewpoint_simulated_18_surface1.pcd,Testing,1.999208688735962,2.260829448699951,0.26162075996398926
2035,TH0031AV/viewpoint_simulated_180_surface1.pcd,Testing,2.25907301902771,2.0999302864074707,0.15914273262023926
2036,TH0031AV/viewpoint_simulated_181_surface1.pcd,Testing,2.2526040077209473,2.1432225704193115,0.10938143730163574
2037,TH0031AV/viewpoint_simulated_182_surface1.pcd,Testing,2.1007239818573,2.211303234100342,0.11057925224304199
2038,TH0031AV/viewpoint_simulated_183_surface1.pcd,Testing,2.190458297729492,2.2097134590148926,0.01925516128540039
2039,TH0031AV/viewpoint_simulated_184_surface1.pcd,Testing,2.20600962638855,2.2134556770324707,0.0074460506439208984
2040,TH0031AV/viewpoint_simulated_185_surface1.pcd,Testing,2.184615135192871,2.209120273590088,0.024505138397216797
2041,TH0031AV/viewpoint_simulated_186_surface1.pcd,Testing,2.0489308834075928,2.1790497303009033,0.13011884689331055
2042,TH0031AV/viewpoint_simulated_187_surface1.pcd,Testing,2.1785507202148438,2.1267621517181396,0.0517885684967041
2043,TH0031AV/viewpoint_simulated_188_surface1.pcd,Testing,2.1263036727905273,2.1204864978790283,0.0058171749114990234
2044,TH0031AV/viewpoint_simulated_189_surface1.pcd,Testing,2.0742318630218506,2.0871732234954834,0.012941360473632812
2045,TH0031AV/viewpoint_simulated_19_surface1.pcd,Testing,2.2562267780303955,2.2343029975891113,0.02192378044128418
2046,TH0031AV/viewpoint_simulated_190_surface1.pcd,Testing,2.1336941719055176,2.1195268630981445,0.014167308807373047
2047,TH0031AV/viewpoint_simulated_191_surface1.pcd,Testing,2.2438931465148926,2.1520895957946777,0.09180355072021484
2048,TH0031AV/viewpoint_simulated_192_surface1.pcd,Testing,2.0740368366241455,2.149733781814575,0.07569694519042969
2049,TH0031AV/viewpoint_simulated_193_surface1.pcd,Testing,2.2220687866210938,2.082571029663086,0.1394977569580078
2050,TH0031AV/viewpoint_simulated_194_surface1.pcd,Testing,1.904995083808899,2.1414623260498047,0.23646724224090576
2051,TH0031AV/viewpoint_simulated_195_surface1.pcd,Testing,2.20638108253479,2.1513853073120117,0.05499577522277832
2052,TH0031AV/viewpoint_simulated_196_surface1.pcd,Testing,2.2159807682037354,2.119051933288574,0.09692883491516113
2053,TH0031AV/viewpoint_simulated_197_surface1.pcd,Testing,2.17620587348938,2.1467223167419434,0.029483556747436523
2054,TH0031AV/viewpoint_simulated_198_surface1.pcd,Testing,2.062387704849243,2.1391990184783936,0.07681131362915039
2055,TH0031AV/viewpoint_simulated_199_surface1.pcd,Testing,2.1184215545654297,2.129295587539673,0.010874032974243164
2056,TH0031AV/viewpoint_simulated_2_surface1.pcd,Testing,2.096226692199707,2.225968360900879,0.12974166870117188
2057,TH0031AV/viewpoint_simulated_20_surface1.pcd,Testing,2.0970585346221924,2.215071201324463,0.11801266670227051
2058,TH0031AV/viewpoint_simulated_200_surface1.pcd,Testing,2.190904378890991,2.1097965240478516,0.08110785484313965
2059,TH0031AV/viewpoint_simulated_201_surface1.pcd,Testing,2.1816956996917725,2.064554214477539,0.1171414852142334
2060,TH0031AV/viewpoint_simulated_202_surface1.pcd,Testing,2.177363395690918,2.1432271003723145,0.034136295318603516
2061,TH0031AV/viewpoint_simulated_203_surface1.pcd,Testing,1.9719551801681519,2.1365408897399902,0.16458570957183838
2062,TH0031AV/viewpoint_simulated_204_surface1.pcd,Testing,2.1817800998687744,2.10910964012146,0.07267045974731445
2063,TH0031AV/viewpoint_simulated_205_surface1.pcd,Testing,2.2760281562805176,2.1284139156341553,0.1476142406463623
2064,TH0031AV/viewpoint_simulated_206_surface1.pcd,Testing,2.19881010055542,2.1183578968048096,0.08045220375061035
2065,TH0031AV/viewpoint_simulated_207_surface1.pcd,Testing,2.25681471824646,2.1145756244659424,0.14223909378051758
2066,TH0031AV/viewpoint_simulated_208_surface1.pcd,Testing,2.214386224746704,2.1144895553588867,0.09989666938781738
2067,TH0031AV/viewpoint_simulated_209_surface1.pcd,Testing,2.0994651317596436,2.0807199478149414,0.01874518394470215
2068,TH0031AV/viewpoint_simulated_21_surface1.pcd,Testing,2.20059871673584,2.1508665084838867,0.049732208251953125
2069,TH0031AV/viewpoint_simulated_210_surface1.pcd,Testing,2.262793779373169,2.1236624717712402,0.1391313076019287
2070,TH0031AV/viewpoint_simulated_211_surface1.pcd,Testing,2.0667524337768555,2.1570966243743896,0.09034419059753418
2071,TH0031AV/viewpoint_simulated_212_surface1.pcd,Testing,2.069070339202881,2.153456449508667,0.08438611030578613
2072,TH0031AV/viewpoint_simulated_213_surface1.pcd,Testing,2.017479181289673,2.068462610244751,0.050983428955078125
2073,TH0031AV/viewpoint_simulated_214_surface1.pcd,Testing,2.31638503074646,2.0882887840270996,0.22809624671936035
2074,TH0031AV/viewpoint_simulated_215_surface1.pcd,Testing,2.1844334602355957,2.1758065223693848,0.008626937866210938
2075,TH0031AV/viewpoint_simulated_22_surface1.pcd,Testing,2.062488555908203,2.159604787826538,0.09711623191833496
2076,TH0031AV/viewpoint_simulated_23_surface1.pcd,Testing,2.06120228767395,2.188070774078369,0.12686848640441895
2077,TH0031AV/viewpoint_simulated_24_surface1.pcd,Testing,2.131324052810669,2.1430790424346924,0.011754989624023438
2078,TH0031AV/viewpoint_simulated_25_surface1.pcd,Testing,2.139666795730591,2.1766715049743652,0.037004709243774414
2079,TH0031AV/viewpoint_simulated_26_surface1.pcd,Testing,2.146794080734253,2.236637830734253,0.08984375
2080,TH0031AV/viewpoint_simulated_27_surface1.pcd,Testing,2.1068196296691895,2.2448911666870117,0.13807153701782227
2081,TH0031AV/viewpoint_simulated_28_surface1.pcd,Testing,2.367210626602173,2.2104249000549316,0.1567857265472412
2082,TH0031AV/viewpoint_simulated_29_surface1.pcd,Testing,2.148920774459839,2.262890338897705,0.11396956443786621
2083,TH0031AV/viewpoint_simulated_3_surface1.pcd,Testing,2.1476058959960938,2.230842113494873,0.0832362174987793
2084,TH0031AV/viewpoint_simulated_30_surface1.pcd,Testing,2.2713592052459717,2.2762303352355957,0.0048711299896240234
2085,TH0031AV/viewpoint_simulated_31_surface1.pcd,Testing,2.2974066734313965,2.1708180904388428,0.1265885829925537
2086,TH0031AV/viewpoint_simulated_32_surface1.pcd,Testing,2.1166601181030273,2.1135597229003906,0.0031003952026367188
2087,TH0031AV/viewpoint_simulated_33_surface1.pcd,Testing,2.002443552017212,2.1062545776367188,0.10381102561950684
2088,TH0031AV/viewpoint_simulated_34_surface1.pcd,Testing,2.2285120487213135,2.134363889694214,0.09414815902709961
2089,TH0031AV/viewpoint_simulated_35_surface1.pcd,Testing,2.205122470855713,2.1733286380767822,0.031793832778930664
2090,TH0031AV/viewpoint_simulated_36_surface1.pcd,Testing,2.276292562484741,2.1350464820861816,0.14124608039855957
2091,TH0031AV/viewpoint_simulated_37_surface1.pcd,Testing,2.141251564025879,2.1535348892211914,0.0122833251953125
2092,TH0031AV/viewpoint_simulated_38_surface1.pcd,Testing,2.0506081581115723,2.1798572540283203,0.12924909591674805
2093,TH0031AV/viewpoint_simulated_39_surface1.pcd,Testing,2.145294666290283,2.2288990020751953,0.08360433578491211
2094,TH0031AV/viewpoint_simulated_4_surface1.pcd,Testing,1.9991998672485352,2.228353500366211,0.22915363311767578
2095,TH0031AV/viewpoint_simulated_40_surface1.pcd,Testing,2.0790467262268066,2.155489444732666,0.07644271850585938
2096,TH0031AV/viewpoint_simulated_41_surface1.pcd,Testing,2.1817405223846436,2.2152976989746094,0.03355717658996582
2097,TH0031AV/viewpoint_simulated_42_surface1.pcd,Testing,2.1896185874938965,2.2023448944091797,0.012726306915283203
2098,TH0031AV/viewpoint_simulated_43_surface1.pcd,Testing,2.1581838130950928,2.147503614425659,0.010680198669433594
2099,TH0031AV/viewpoint_simulated_44_surface1.pcd,Testing,2.0457370281219482,2.1086063385009766,0.06286931037902832
2100,TH0031AV/viewpoint_simulated_45_surface1.pcd,Testing,2.149751663208008,2.0799763202667236,0.06977534294128418
2101,TH0031AV/viewpoint_simulated_46_surface1.pcd,Testing,2.1705853939056396,2.099031686782837,0.07155370712280273
2102,TH0031AV/viewpoint_simulated_47_surface1.pcd,Testing,2.191255569458008,2.1068763732910156,0.08437919616699219
2103,TH0031AV/viewpoint_simulated_48_surface1.pcd,Testing,2.1633987426757812,2.105167865753174,0.05823087692260742
2104,TH0031AV/viewpoint_simulated_49_surface1.pcd,Testing,2.1003050804138184,2.0938525199890137,0.0064525604248046875
2105,TH0031AV/viewpoint_simulated_5_surface1.pcd,Testing,2.1413400173187256,2.2366325855255127,0.09529256820678711
2106,TH0031AV/viewpoint_simulated_50_surface1.pcd,Testing,2.113323450088501,2.1409432888031006,0.02761983871459961
2107,TH0031AV/viewpoint_simulated_51_surface1.pcd,Testing,2.157677412033081,2.123014450073242,0.03466296195983887
2108,TH0031AV/viewpoint_simulated_52_surface1.pcd,Testing,2.3844451904296875,2.135223865509033,0.2492213249206543
2109,TH0031AV/viewpoint_simulated_53_surface1.pcd,Testing,2.298943281173706,2.096299409866333,0.20264387130737305
2110,TH0031AV/viewpoint_simulated_54_surface1.pcd,Testing,2.1328125,2.1491100788116455,0.016297578811645508
2111,TH0031AV/viewpoint_simulated_55_surface1.pcd,Testing,2.229576826095581,2.1637461185455322,0.06583070755004883
2112,TH0031AV/viewpoint_simulated_56_surface1.pcd,Testing,2.297459840774536,2.1000819206237793,0.19737792015075684
2113,TH0031AV/viewpoint_simulated_57_surface1.pcd,Testing,2.2281723022460938,2.0675277709960938,0.16064453125
2114,TH0031AV/viewpoint_simulated_58_surface1.pcd,Testing,2.2519702911376953,2.12251353263855,0.1294567584991455
2115,TH0031AV/viewpoint_simulated_59_surface1.pcd,Testing,2.288057565689087,2.203596591949463,0.08446097373962402
2116,TH0031AV/viewpoint_simulated_6_surface1.pcd,Testing,1.993994951248169,2.261610507965088,0.26761555671691895
2117,TH0031AV/viewpoint_simulated_60_surface1.pcd,Testing,2.0321664810180664,2.0932159423828125,0.061049461364746094
2118,TH0031AV/viewpoint_simulated_61_surface1.pcd,Testing,2.200770854949951,2.13499116897583,0.0657796859741211
2119,TH0031AV/viewpoint_simulated_62_surface1.pcd,Testing,2.2691595554351807,2.090238094329834,0.17892146110534668
2120,TH0031AV/viewpoint_simulated_63_surface1.pcd,Testing,2.3007774353027344,2.115812301635742,0.1849651336669922
2121,TH0031AV/viewpoint_simulated_64_surface1.pcd,Testing,2.2669637203216553,2.1752381324768066,0.09172558784484863
2122,TH0031AV/viewpoint_simulated_65_surface1.pcd,Testing,2.250713348388672,2.113973617553711,0.13673973083496094
2123,TH0031AV/viewpoint_simulated_66_surface1.pcd,Testing,2.121091842651367,2.1209981441497803,9.369850158691406e-05
2124,TH0031AV/viewpoint_simulated_67_surface1.pcd,Testing,2.110704183578491,2.1621646881103516,0.05146050453186035
2125,TH0031AV/viewpoint_simulated_68_surface1.pcd,Testing,2.1052744388580322,2.1239490509033203,0.018674612045288086
2126,TH0031AV/viewpoint_simulated_69_surface1.pcd,Testing,2.1922926902770996,2.067122459411621,0.12517023086547852
2127,TH0031AV/viewpoint_simulated_7_surface1.pcd,Testing,2.182453155517578,2.2472574710845947,0.0648043155670166
2128,TH0031AV/viewpoint_simulated_70_surface1.pcd,Testing,2.004521369934082,2.068206310272217,0.06368494033813477
2129,TH0031AV/viewpoint_simulated_71_surface1.pcd,Testing,2.2240817546844482,2.2245938777923584,0.0005121231079101562
2130,TH0031AV/viewpoint_simulated_72_surface1.pcd,Testing,2.215998649597168,2.225698232650757,0.009699583053588867
2131,TH0031AV/viewpoint_simulated_73_surface1.pcd,Testing,2.1294546127319336,2.2211172580718994,0.09166264533996582
2132,TH0031AV/viewpoint_simulated_74_surface1.pcd,Testing,2.0807907581329346,2.2305197715759277,0.14972901344299316
2133,TH0031AV/viewpoint_simulated_75_surface1.pcd,Testing,2.216282606124878,2.233083724975586,0.016801118850708008
2134,TH0031AV/viewpoint_simulated_76_surface1.pcd,Testing,2.1800148487091064,2.2253150939941406,0.04530024528503418
2135,TH0031AV/viewpoint_simulated_77_surface1.pcd,Testing,2.165390968322754,2.248811721801758,0.0834207534790039
2136,TH0031AV/viewpoint_simulated_78_surface1.pcd,Testing,2.2350821495056152,2.2609286308288574,0.025846481323242188
2137,TH0031AV/viewpoint_simulated_79_surface1.pcd,Testing,2.1494879722595215,2.2297232151031494,0.08023524284362793
2138,TH0031AV/viewpoint_simulated_8_surface1.pcd,Testing,2.040231227874756,2.215902328491211,0.17567110061645508
2139,TH0031AV/viewpoint_simulated_80_surface1.pcd,Testing,2.1176602840423584,2.1922197341918945,0.07455945014953613
2140,TH0031AV/viewpoint_simulated_81_surface1.pcd,Testing,2.150991201400757,2.167008638381958,0.016017436981201172
2141,TH0031AV/viewpoint_simulated_82_surface1.pcd,Testing,2.190256357192993,2.168160915374756,0.022095441818237305
2142,TH0031AV/viewpoint_simulated_83_surface1.pcd,Testing,2.070735454559326,2.1821165084838867,0.11138105392456055
2143,TH0031AV/viewpoint_simulated_84_surface1.pcd,Testing,2.096355438232422,2.1982884407043457,0.10193300247192383
2144,TH0031AV/viewpoint_simulated_85_surface1.pcd,Testing,2.0228450298309326,2.211456298828125,0.18861126899719238
2145,TH0031AV/viewpoint_simulated_86_surface1.pcd,Testing,1.9940046072006226,2.231062173843384,0.23705756664276123
2146,TH0031AV/viewpoint_simulated_87_surface1.pcd,Testing,1.9094390869140625,2.2489418983459473,0.33950281143188477
2147,TH0031AV/viewpoint_simulated_88_surface1.pcd,Testing,2.035372734069824,2.2297205924987793,0.19434785842895508
2148,TH0031AV/viewpoint_simulated_89_surface1.pcd,Testing,2.110921621322632,2.2278499603271484,0.1169283390045166
2149,TH0031AV/viewpoint_simulated_9_surface1.pcd,Testing,2.0667970180511475,2.170515537261963,0.10371851921081543
2150,TH0031AV/viewpoint_simulated_90_surface1.pcd,Testing,2.259704351425171,2.2502236366271973,0.009480714797973633
2151,TH0031AV/viewpoint_simulated_91_surface1.pcd,Testing,2.084960699081421,2.1970064640045166,0.1120457649230957
2152,TH0031AV/viewpoint_simulated_92_surface1.pcd,Testing,2.1246609687805176,2.1556549072265625,0.030993938446044922
2153,TH0031AV/viewpoint_simulated_93_surface1.pcd,Testing,2.1009361743927,2.13210391998291,0.03116774559020996
2154,TH0031AV/viewpoint_simulated_94_surface1.pcd,Testing,2.307844877243042,2.183321952819824,0.12452292442321777
2155,TH0031AV/viewpoint_simulated_95_surface1.pcd,Testing,2.000312328338623,2.1807477474212646,0.1804354190826416
2156,TH0031AV/viewpoint_simulated_96_surface1.pcd,Testing,2.1696135997772217,2.1402366161346436,0.029376983642578125
2157,TH0031AV/viewpoint_simulated_97_surface1.pcd,Testing,2.0130844116210938,2.1967437267303467,0.18365931510925293
2158,TH0031AV/viewpoint_simulated_98_surface1.pcd,Testing,2.0878446102142334,2.214189052581787,0.1263444423675537
2159,TH0031AV/viewpoint_simulated_99_surface1.pcd,Testing,2.152191638946533,2.240543842315674,0.08835220336914062
2160,TH0032AV/viewpoint_simulated_0_surface0.pcd,Testing,1.9265022277832031,2.0103673934936523,0.08386516571044922
2161,TH0032AV/viewpoint_simulated_1_surface0.pcd,Testing,2.0609920024871826,2.004783868789673,0.056208133697509766
2162,TH0032AV/viewpoint_simulated_10_surface0.pcd,Testing,1.962172508239746,2.017669677734375,0.055497169494628906
2163,TH0032AV/viewpoint_simulated_100_surface0.pcd,Testing,2.064840316772461,1.9324458837509155,0.1323944330215454
2164,TH0032AV/viewpoint_simulated_101_surface0.pcd,Testing,1.931321144104004,1.9018542766571045,0.029466867446899414
2165,TH0032AV/viewpoint_simulated_102_surface0.pcd,Testing,2.0077929496765137,1.8707467317581177,0.137046217918396
2166,TH0032AV/viewpoint_simulated_103_surface0.pcd,Testing,2.0281455516815186,1.91787850856781,0.1102670431137085
2167,TH0032AV/viewpoint_simulated_104_surface0.pcd,Testing,1.9342074394226074,1.983781337738037,0.04957389831542969
2168,TH0032AV/viewpoint_simulated_105_surface0.pcd,Testing,1.9149901866912842,2.0694377422332764,0.1544475555419922
2169,TH0032AV/viewpoint_simulated_106_surface0.pcd,Testing,2.045158863067627,2.0651464462280273,0.01998758316040039
2170,TH0032AV/viewpoint_simulated_107_surface0.pcd,Testing,1.9438128471374512,2.15084171295166,0.20702886581420898
2171,TH0032AV/viewpoint_simulated_108_surface0.pcd,Testing,1.9575767517089844,2.023428440093994,0.06585168838500977
2172,TH0032AV/viewpoint_simulated_109_surface0.pcd,Testing,2.0268778800964355,2.033442974090576,0.006565093994140625
2173,TH0032AV/viewpoint_simulated_11_surface0.pcd,Testing,1.9259355068206787,2.0150222778320312,0.08908677101135254
2174,TH0032AV/viewpoint_simulated_110_surface0.pcd,Testing,2.004059076309204,2.0959506034851074,0.09189152717590332
2175,TH0032AV/viewpoint_simulated_111_surface0.pcd,Testing,2.0246682167053223,2.056068181991577,0.03139996528625488
2176,TH0032AV/viewpoint_simulated_112_surface0.pcd,Testing,2.1596713066101074,2.0262014865875244,0.133469820022583
2177,TH0032AV/viewpoint_simulated_113_surface0.pcd,Testing,2.184079885482788,1.9077402353286743,0.27633965015411377
2178,TH0032AV/viewpoint_simulated_114_surface0.pcd,Testing,1.9315794706344604,1.8895153999328613,0.04206407070159912
2179,TH0032AV/viewpoint_simulated_115_surface0.pcd,Testing,1.9920085668563843,1.8890248537063599,0.10298371315002441
2180,TH0032AV/viewpoint_simulated_116_surface0.pcd,Testing,1.9394841194152832,1.9989186525344849,0.05943453311920166
2181,TH0032AV/viewpoint_simulated_117_surface0.pcd,Testing,1.9205927848815918,2.042440414428711,0.12184762954711914
2182,TH0032AV/viewpoint_simulated_118_surface0.pcd,Testing,2.0257742404937744,2.0629801750183105,0.03720593452453613
2183,TH0032AV/viewpoint_simulated_119_surface0.pcd,Testing,2.117462158203125,2.092285633087158,0.025176525115966797
2184,TH0032AV/viewpoint_simulated_12_surface0.pcd,Testing,2.0518081188201904,2.034181594848633,0.017626523971557617
2185,TH0032AV/viewpoint_simulated_120_surface0.pcd,Testing,2.1342978477478027,2.0598440170288086,0.07445383071899414
2186,TH0032AV/viewpoint_simulated_121_surface0.pcd,Testing,2.0659983158111572,2.1188979148864746,0.05289959907531738
2187,TH0032AV/viewpoint_simulated_122_surface0.pcd,Testing,2.1255645751953125,2.098893880844116,0.02667069435119629
2188,TH0032AV/viewpoint_simulated_123_surface0.pcd,Testing,1.957329511642456,2.0608696937561035,0.10354018211364746
2189,TH0032AV/viewpoint_simulated_124_surface0.pcd,Testing,2.0608980655670166,1.9353933334350586,0.125504732131958
2190,TH0032AV/viewpoint_simulated_125_surface0.pcd,Testing,1.9131920337677002,1.9493340253829956,0.03614199161529541
2191,TH0032AV/viewpoint_simulated_126_surface0.pcd,Testing,2.030184507369995,1.8747400045394897,0.15544450283050537
2192,TH0032AV/viewpoint_simulated_127_surface0.pcd,Testing,1.9457820653915405,1.8869097232818604,0.058872342109680176
2193,TH0032AV/viewpoint_simulated_128_surface0.pcd,Testing,2.073529005050659,1.9869065284729004,0.08662247657775879
2194,TH0032AV/viewpoint_simulated_129_surface0.pcd,Testing,2.0632567405700684,2.0638184547424316,0.0005617141723632812
2195,TH0032AV/viewpoint_simulated_13_surface0.pcd,Testing,2.034971237182617,2.0100932121276855,0.02487802505493164
2196,TH0032AV/viewpoint_simulated_130_surface0.pcd,Testing,2.118107318878174,2.069479465484619,0.04862785339355469
2197,TH0032AV/viewpoint_simulated_131_surface0.pcd,Testing,2.0635151863098145,2.0756163597106934,0.012101173400878906
2198,TH0032AV/viewpoint_simulated_132_surface0.pcd,Testing,2.020578622817993,2.0531864166259766,0.0326077938079834
2199,TH0032AV/viewpoint_simulated_133_surface0.pcd,Testing,1.9950416088104248,2.0920848846435547,0.09704327583312988
2200,TH0032AV/viewpoint_simulated_134_surface0.pcd,Testing,2.045758008956909,2.093282461166382,0.047524452209472656
2201,TH0032AV/viewpoint_simulated_135_surface0.pcd,Testing,2.0897216796875,2.0787882804870605,0.010933399200439453
2202,TH0032AV/viewpoint_simulated_136_surface0.pcd,Testing,2.081047773361206,2.0649495124816895,0.0160982608795166
2203,TH0032AV/viewpoint_simulated_137_surface0.pcd,Testing,2.0769121646881104,1.9700387716293335,0.10687339305877686
2204,TH0032AV/viewpoint_simulated_138_surface0.pcd,Testing,1.9645746946334839,1.892439603805542,0.0721350908279419
2205,TH0032AV/viewpoint_simulated_139_surface0.pcd,Testing,2.0346157550811768,1.9028409719467163,0.13177478313446045
2206,TH0032AV/viewpoint_simulated_14_surface0.pcd,Testing,1.9512214660644531,2.0311179161071777,0.07989645004272461
2207,TH0032AV/viewpoint_simulated_140_surface0.pcd,Testing,2.0381367206573486,1.9766297340393066,0.06150698661804199
2208,TH0032AV/viewpoint_simulated_141_surface0.pcd,Testing,2.141359329223633,2.050626516342163,0.09073281288146973
2209,TH0032AV/viewpoint_simulated_142_surface0.pcd,Testing,2.102233648300171,2.0789642333984375,0.0232694149017334
2210,TH0032AV/viewpoint_simulated_143_surface0.pcd,Testing,2.100541830062866,2.0673131942749023,0.03322863578796387
2211,TH0032AV/viewpoint_simulated_144_surface0.pcd,Testing,2.0514144897460938,2.0232644081115723,0.028150081634521484
2212,TH0032AV/viewpoint_simulated_145_surface0.pcd,Testing,1.9570446014404297,2.0091192722320557,0.05207467079162598
2213,TH0032AV/viewpoint_simulated_146_surface0.pcd,Testing,2.0642142295837402,2.0103299617767334,0.053884267807006836
2214,TH0032AV/viewpoint_simulated_147_surface0.pcd,Testing,2.041504383087158,2.0063507556915283,0.03515362739562988
2215,TH0032AV/viewpoint_simulated_148_surface0.pcd,Testing,2.075514078140259,1.975682020187378,0.09983205795288086
2216,TH0032AV/viewpoint_simulated_149_surface0.pcd,Testing,1.8804839849472046,1.982185959815979,0.10170197486877441
2217,TH0032AV/viewpoint_simulated_15_surface0.pcd,Testing,2.011090040206909,1.9852778911590576,0.025812149047851562
2218,TH0032AV/viewpoint_simulated_150_surface0.pcd,Testing,2.050156593322754,1.9784525632858276,0.07170403003692627
2219,TH0032AV/viewpoint_simulated_151_surface0.pcd,Testing,1.9994498491287231,1.9791184663772583,0.020331382751464844
2220,TH0032AV/viewpoint_simulated_152_surface0.pcd,Testing,1.9504575729370117,2.008145809173584,0.057688236236572266
2221,TH0032AV/viewpoint_simulated_153_surface0.pcd,Testing,1.9747517108917236,2.017836570739746,0.04308485984802246
2222,TH0032AV/viewpoint_simulated_154_surface0.pcd,Testing,2.012537717819214,2.0143558979034424,0.0018181800842285156
2223,TH0032AV/viewpoint_simulated_155_surface0.pcd,Testing,1.9044384956359863,2.021838426589966,0.11739993095397949
2224,TH0032AV/viewpoint_simulated_156_surface0.pcd,Testing,1.9262518882751465,2.026118516921997,0.09986662864685059
2225,TH0032AV/viewpoint_simulated_157_surface0.pcd,Testing,2.0240726470947266,2.0118284225463867,0.012244224548339844
2226,TH0032AV/viewpoint_simulated_158_surface0.pcd,Testing,1.9318753480911255,2.031698226928711,0.09982287883758545
2227,TH0032AV/viewpoint_simulated_159_surface0.pcd,Testing,2.0074031352996826,2.017137050628662,0.009733915328979492
2228,TH0032AV/viewpoint_simulated_16_surface0.pcd,Testing,1.994073510169983,1.9559091329574585,0.038164377212524414
2229,TH0032AV/viewpoint_simulated_160_surface0.pcd,Testing,1.9382604360580444,1.9569350481033325,0.018674612045288086
2230,TH0032AV/viewpoint_simulated_161_surface0.pcd,Testing,1.9187875986099243,1.9276928901672363,0.008905291557312012
2231,TH0032AV/viewpoint_simulated_162_surface0.pcd,Testing,2.0635459423065186,1.9061113595962524,0.1574345827102661
2232,TH0032AV/viewpoint_simulated_163_surface0.pcd,Testing,2.0530881881713867,1.933351993560791,0.1197361946105957
2233,TH0032AV/viewpoint_simulated_164_surface0.pcd,Testing,1.9013699293136597,1.9937645196914673,0.09239459037780762
2234,TH0032AV/viewpoint_simulated_165_surface0.pcd,Testing,2.0763680934906006,2.0259616374969482,0.050406455993652344
2235,TH0032AV/viewpoint_simulated_166_surface0.pcd,Testing,1.9499558210372925,2.0351321697235107,0.08517634868621826
2236,TH0032AV/viewpoint_simulated_167_surface0.pcd,Testing,1.929517149925232,2.094355821609497,0.16483867168426514
2237,TH0032AV/viewpoint_simulated_168_surface0.pcd,Testing,2.068283796310425,2.0204572677612305,0.047826528549194336
2238,TH0032AV/viewpoint_simulated_169_surface0.pcd,Testing,2.0375609397888184,2.010162830352783,0.027398109436035156
2239,TH0032AV/viewpoint_simulated_17_surface0.pcd,Testing,2.0261807441711426,1.9336037635803223,0.09257698059082031
2240,TH0032AV/viewpoint_simulated_170_surface0.pcd,Testing,2.024824380874634,2.0647659301757812,0.03994154930114746
2241,TH0032AV/viewpoint_simulated_171_surface0.pcd,Testing,1.9197232723236084,2.0077505111694336,0.0880272388458252
2242,TH0032AV/viewpoint_simulated_172_surface0.pcd,Testing,2.009840250015259,1.983111023902893,0.026729226112365723
2243,TH0032AV/viewpoint_simulated_173_surface0.pcd,Testing,2.1302831172943115,1.8833098411560059,0.24697327613830566
2244,TH0032AV/viewpoint_simulated_174_surface0.pcd,Testing,1.9801161289215088,1.8797125816345215,0.1004035472869873
2245,TH0032AV/viewpoint_simulated_175_surface0.pcd,Testing,2.0163891315460205,1.923038363456726,0.09335076808929443
2246,TH0032AV/viewpoint_simulated_176_surface0.pcd,Testing,2.0253243446350098,1.996214509010315,0.029109835624694824
2247,TH0032AV/viewpoint_simulated_177_surface0.pcd,Testing,2.1275839805603027,2.0614564418792725,0.06612753868103027
2248,TH0032AV/viewpoint_simulated_178_surface0.pcd,Testing,1.9873279333114624,2.056649923324585,0.06932199001312256
2249,TH0032AV/viewpoint_simulated_179_surface0.pcd,Testing,2.1394617557525635,2.1422696113586426,0.0028078556060791016
2250,TH0032AV/viewpoint_simulated_18_surface0.pcd,Testing,1.9676549434661865,1.8964139223098755,0.07124102115631104
2251,TH0032AV/viewpoint_simulated_180_surface0.pcd,Testing,1.9560270309448242,2.0332534313201904,0.07722640037536621
2252,TH0032AV/viewpoint_simulated_181_surface0.pcd,Testing,2.030163288116455,2.064601421356201,0.034438133239746094
2253,TH0032AV/viewpoint_simulated_182_surface0.pcd,Testing,2.0532190799713135,2.078101873397827,0.024882793426513672
2254,TH0032AV/viewpoint_simulated_183_surface0.pcd,Testing,1.9439791440963745,2.050225257873535,0.10624611377716064
2255,TH0032AV/viewpoint_simulated_184_surface0.pcd,Testing,2.1302521228790283,1.9397374391555786,0.1905146837234497
2256,TH0032AV/viewpoint_simulated_185_surface0.pcd,Testing,2.036524534225464,1.8897088766098022,0.14681565761566162
2257,TH0032AV/viewpoint_simulated_186_surface0.pcd,Testing,1.9315500259399414,1.873538851737976,0.05801117420196533
2258,TH0032AV/viewpoint_simulated_187_surface0.pcd,Testing,1.983473777770996,1.8878873586654663,0.09558641910552979
2259,TH0032AV/viewpoint_simulated_188_surface0.pcd,Testing,2.0232951641082764,1.999118447303772,0.024176716804504395
2260,TH0032AV/viewpoint_simulated_189_surface0.pcd,Testing,2.002349376678467,2.0661020278930664,0.06375265121459961
2261,TH0032AV/viewpoint_simulated_19_surface0.pcd,Testing,1.96157968044281,1.9443376064300537,0.017242074012756348
2262,TH0032AV/viewpoint_simulated_190_surface0.pcd,Testing,1.9344830513000488,2.067589282989502,0.13310623168945312
2263,TH0032AV/viewpoint_simulated_191_surface0.pcd,Testing,2.094208002090454,2.0991134643554688,0.0049054622650146484
2264,TH0032AV/viewpoint_simulated_192_surface0.pcd,Testing,2.1026368141174316,2.05452823638916,0.048108577728271484
2265,TH0032AV/viewpoint_simulated_193_surface0.pcd,Testing,2.0005862712860107,2.100257396697998,0.0996711254119873
2266,TH0032AV/viewpoint_simulated_194_surface0.pcd,Testing,1.9892845153808594,2.0999743938446045,0.11068987846374512
2267,TH0032AV/viewpoint_simulated_195_surface0.pcd,Testing,2.0336697101593018,2.0597259998321533,0.026056289672851562
2268,TH0032AV/viewpoint_simulated_196_surface0.pcd,Testing,2.1049225330352783,2.0564627647399902,0.048459768295288086
2269,TH0032AV/viewpoint_simulated_197_surface0.pcd,Testing,2.000023603439331,1.934818148612976,0.06520545482635498
2270,TH0032AV/viewpoint_simulated_198_surface0.pcd,Testing,2.074298620223999,1.88113534450531,0.19316327571868896
2271,TH0032AV/viewpoint_simulated_199_surface0.pcd,Testing,1.9595746994018555,1.887175440788269,0.07239925861358643
2272,TH0032AV/viewpoint_simulated_2_surface0.pcd,Testing,1.915832757949829,2.0121281147003174,0.09629535675048828
2273,TH0032AV/viewpoint_simulated_20_surface0.pcd,Testing,2.0409748554229736,1.9803727865219116,0.06060206890106201
2274,TH0032AV/viewpoint_simulated_200_surface0.pcd,Testing,2.0752174854278564,1.9931172132492065,0.0821002721786499
2275,TH0032AV/viewpoint_simulated_201_surface0.pcd,Testing,1.8511322736740112,2.0633976459503174,0.21226537227630615
2276,TH0032AV/viewpoint_simulated_202_surface0.pcd,Testing,2.152475357055664,2.064516067504883,0.08795928955078125
2277,TH0032AV/viewpoint_simulated_203_surface0.pcd,Testing,1.9202494621276855,2.070011615753174,0.14976215362548828
2278,TH0032AV/viewpoint_simulated_204_surface0.pcd,Testing,2.052370309829712,2.0840234756469727,0.03165316581726074
2279,TH0032AV/viewpoint_simulated_205_surface0.pcd,Testing,2.169003963470459,2.0866992473602295,0.08230471611022949
2280,TH0032AV/viewpoint_simulated_206_surface0.pcd,Testing,2.0997180938720703,2.089219570159912,0.010498523712158203
2281,TH0032AV/viewpoint_simulated_207_surface0.pcd,Testing,2.0524449348449707,2.077958345413208,0.025513410568237305
2282,TH0032AV/viewpoint_simulated_208_surface0.pcd,Testing,2.1355271339416504,2.0651111602783203,0.07041597366333008
2283,TH0032AV/viewpoint_simulated_209_surface0.pcd,Testing,1.9405030012130737,1.9397122859954834,0.000790715217590332
2284,TH0032AV/viewpoint_simulated_21_surface0.pcd,Testing,1.9932641983032227,2.0274603366851807,0.03419613838195801
2285,TH0032AV/viewpoint_simulated_210_surface0.pcd,Testing,2.099062919616699,1.901332139968872,0.19773077964782715
2286,TH0032AV/viewpoint_simulated_211_surface0.pcd,Testing,2.061373472213745,1.9013257026672363,0.1600477695465088
2287,TH0032AV/viewpoint_simulated_212_surface0.pcd,Testing,2.0353786945343018,1.9887183904647827,0.04666030406951904
2288,TH0032AV/viewpoint_simulated_213_surface0.pcd,Testing,2.0792312622070312,2.0574097633361816,0.02182149887084961
2289,TH0032AV/viewpoint_simulated_214_surface0.pcd,Testing,2.0690670013427734,2.07157039642334,0.0025033950805664062
2290,TH0032AV/viewpoint_simulated_215_surface0.pcd,Testing,1.8952361345291138,2.076448917388916,0.18121278285980225
2291,TH0032AV/viewpoint_simulated_22_surface0.pcd,Testing,2.044623374938965,2.041198253631592,0.003425121307373047
2292,TH0032AV/viewpoint_simulated_23_surface0.pcd,Testing,1.8562815189361572,2.071960926055908,0.21567940711975098
2293,TH0032AV/viewpoint_simulated_24_surface0.pcd,Testing,1.9075428247451782,2.0366642475128174,0.12912142276763916
2294,TH0032AV/viewpoint_simulated_25_surface0.pcd,Testing,1.9742240905761719,2.007510185241699,0.033286094665527344
2295,TH0032AV/viewpoint_simulated_26_surface0.pcd,Testing,1.924440622329712,2.0766990184783936,0.15225839614868164
2296,TH0032AV/viewpoint_simulated_27_surface0.pcd,Testing,2.129279613494873,1.9664342403411865,0.16284537315368652
2297,TH0032AV/viewpoint_simulated_28_surface0.pcd,Testing,2.04298996925354,1.9335285425186157,0.10946142673492432
2298,TH0032AV/viewpoint_simulated_29_surface0.pcd,Testing,2.1543490886688232,1.890282154083252,0.2640669345855713
2299,TH0032AV/viewpoint_simulated_3_surface0.pcd,Testing,2.0904455184936523,1.9896965026855469,0.10074901580810547
2300,TH0032AV/viewpoint_simulated_30_surface0.pcd,Testing,1.9923666715621948,1.8897407054901123,0.10262596607208252
2301,TH0032AV/viewpoint_simulated_31_surface0.pcd,Testing,1.9083607196807861,1.923022985458374,0.01466226577758789
2302,TH0032AV/viewpoint_simulated_32_surface0.pcd,Testing,2.029132843017578,1.9875893592834473,0.04154348373413086
2303,TH0032AV/viewpoint_simulated_33_surface0.pcd,Testing,1.9358515739440918,2.036362648010254,0.10051107406616211
2304,TH0032AV/viewpoint_simulated_34_surface0.pcd,Testing,2.04569935798645,2.0616817474365234,0.015982389450073242
2305,TH0032AV/viewpoint_simulated_35_surface0.pcd,Testing,2.0456926822662354,2.0978312492370605,0.052138566970825195
2306,TH0032AV/viewpoint_simulated_36_surface0.pcd,Testing,2.0367863178253174,2.008441209793091,0.028345108032226562
2307,TH0032AV/viewpoint_simulated_37_surface0.pcd,Testing,1.9668737649917603,2.044788360595703,0.07791459560394287
2308,TH0032AV/viewpoint_simulated_38_surface0.pcd,Testing,2.1072404384613037,2.0942695140838623,0.012970924377441406
2309,TH0032AV/viewpoint_simulated_39_surface0.pcd,Testing,2.1017532348632812,2.0507020950317383,0.05105113983154297
2310,TH0032AV/viewpoint_simulated_4_surface0.pcd,Testing,1.8735181093215942,1.976561188697815,0.1030430793762207
2311,TH0032AV/viewpoint_simulated_40_surface0.pcd,Testing,2.0210988521575928,2.0142416954040527,0.006857156753540039
2312,TH0032AV/viewpoint_simulated_41_surface0.pcd,Testing,2.0003836154937744,1.9052411317825317,0.09514248371124268
2313,TH0032AV/viewpoint_simulated_42_surface0.pcd,Testing,1.938492774963379,1.8870958089828491,0.051396965980529785
2314,TH0032AV/viewpoint_simulated_43_surface0.pcd,Testing,2.02559232711792,1.8994853496551514,0.12610697746276855
2315,TH0032AV/viewpoint_simulated_44_surface0.pcd,Testing,2.068286657333374,1.9962964057922363,0.0719902515411377
2316,TH0032AV/viewpoint_simulated_45_surface0.pcd,Testing,2.0144457817077637,2.0407989025115967,0.026353120803833008
2317,TH0032AV/viewpoint_simulated_46_surface0.pcd,Testing,2.0217742919921875,2.0624868869781494,0.040712594985961914
2318,TH0032AV/viewpoint_simulated_47_surface0.pcd,Testing,2.077434778213501,2.0924630165100098,0.015028238296508789
2319,TH0032AV/viewpoint_simulated_48_surface0.pcd,Testing,2.1054999828338623,2.0426788330078125,0.0628211498260498
2320,TH0032AV/viewpoint_simulated_49_surface0.pcd,Testing,1.9388374090194702,2.0985608100891113,0.1597234010696411
2321,TH0032AV/viewpoint_simulated_5_surface0.pcd,Testing,1.962816834449768,1.968994140625,0.006177306175231934
2322,TH0032AV/viewpoint_simulated_50_surface0.pcd,Testing,1.974770426750183,2.0889341831207275,0.11416375637054443
2323,TH0032AV/viewpoint_simulated_51_surface0.pcd,Testing,2.0044960975646973,2.057006359100342,0.05251026153564453
2324,TH0032AV/viewpoint_simulated_52_surface0.pcd,Testing,1.8605245351791382,2.0503201484680176,0.1897956132888794
2325,TH0032AV/viewpoint_simulated_53_surface0.pcd,Testing,2.2078423500061035,1.9400116205215454,0.2678307294845581
2326,TH0032AV/viewpoint_simulated_54_surface0.pcd,Testing,2.0041768550872803,1.8853713274002075,0.11880552768707275
2327,TH0032AV/viewpoint_simulated_55_surface0.pcd,Testing,1.9823031425476074,1.8816295862197876,0.10067355632781982
2328,TH0032AV/viewpoint_simulated_56_surface0.pcd,Testing,1.9727346897125244,1.9876700639724731,0.01493537425994873
2329,TH0032AV/viewpoint_simulated_57_surface0.pcd,Testing,2.100787878036499,2.053372383117676,0.04741549491882324
2330,TH0032AV/viewpoint_simulated_58_surface0.pcd,Testing,2.1341493129730225,2.0697710514068604,0.06437826156616211
2331,TH0032AV/viewpoint_simulated_59_surface0.pcd,Testing,2.067983865737915,2.074753522872925,0.006769657135009766
2332,TH0032AV/viewpoint_simulated_6_surface0.pcd,Testing,2.068650484085083,1.9750782251358032,0.09357225894927979
2333,TH0032AV/viewpoint_simulated_60_surface0.pcd,Testing,2.031853437423706,2.1136651039123535,0.08181166648864746
2334,TH0032AV/viewpoint_simulated_61_surface0.pcd,Testing,1.9768908023834229,2.125004291534424,0.14811348915100098
2335,TH0032AV/viewpoint_simulated_62_surface0.pcd,Testing,2.06618595123291,2.1001815795898438,0.033995628356933594
2336,TH0032AV/viewpoint_simulated_63_surface0.pcd,Testing,2.0920774936676025,2.0690505504608154,0.02302694320678711
2337,TH0032AV/viewpoint_simulated_64_surface0.pcd,Testing,2.04645037651062,2.0602517127990723,0.013801336288452148
2338,TH0032AV/viewpoint_simulated_65_surface0.pcd,Testing,1.9947049617767334,1.9646683931350708,0.030036568641662598
2339,TH0032AV/viewpoint_simulated_66_surface0.pcd,Testing,2.085099220275879,1.8933128118515015,0.19178640842437744
2340,TH0032AV/viewpoint_simulated_67_surface0.pcd,Testing,2.025698184967041,1.9029459953308105,0.12275218963623047
2341,TH0032AV/viewpoint_simulated_68_surface0.pcd,Testing,2.0756571292877197,1.9811595678329468,0.09449756145477295
2342,TH0032AV/viewpoint_simulated_69_surface0.pcd,Testing,2.0729904174804688,2.0379042625427246,0.03508615493774414
2343,TH0032AV/viewpoint_simulated_7_surface0.pcd,Testing,2.0918984413146973,1.9709609746932983,0.12093746662139893
2344,TH0032AV/viewpoint_simulated_70_surface0.pcd,Testing,1.99919593334198,2.076904773712158,0.07770884037017822
2345,TH0032AV/viewpoint_simulated_71_surface0.pcd,Testing,2.082324743270874,2.0756959915161133,0.006628751754760742
2346,TH0032AV/viewpoint_simulated_72_surface0.pcd,Testing,2.101766586303711,2.0175747871398926,0.08419179916381836
2347,TH0032AV/viewpoint_simulated_73_surface0.pcd,Testing,1.9270172119140625,2.012894868850708,0.08587765693664551
2348,TH0032AV/viewpoint_simulated_74_surface0.pcd,Testing,1.878846526145935,2.0144097805023193,0.13556325435638428
2349,TH0032AV/viewpoint_simulated_75_surface0.pcd,Testing,2.022376298904419,1.987465500831604,0.03491079807281494
2350,TH0032AV/viewpoint_simulated_76_surface0.pcd,Testing,2.118806838989258,1.986944556236267,0.13186228275299072
2351,TH0032AV/viewpoint_simulated_77_surface0.pcd,Testing,1.905726671218872,1.9732165336608887,0.0674898624420166
2352,TH0032AV/viewpoint_simulated_78_surface0.pcd,Testing,1.9863568544387817,1.976232886314392,0.010123968124389648
2353,TH0032AV/viewpoint_simulated_79_surface0.pcd,Testing,1.9858633279800415,1.9734989404678345,0.012364387512207031
2354,TH0032AV/viewpoint_simulated_8_surface0.pcd,Testing,2.1098825931549072,1.9919369220733643,0.11794567108154297
2355,TH0032AV/viewpoint_simulated_80_surface0.pcd,Testing,2.0204365253448486,1.9837270975112915,0.03670942783355713
2356,TH0032AV/viewpoint_simulated_81_surface0.pcd,Testing,1.9264099597930908,2.0238637924194336,0.09745383262634277
2357,TH0032AV/viewpoint_simulated_82_surface0.pcd,Testing,1.998964786529541,2.0115630626678467,0.012598276138305664
2358,TH0032AV/viewpoint_simulated_83_surface0.pcd,Testing,1.9851775169372559,2.013768196105957,0.028590679168701172
2359,TH0032AV/viewpoint_simulated_84_surface0.pcd,Testing,1.94581139087677,2.0468339920043945,0.10102260112762451
2360,TH0032AV/viewpoint_simulated_85_surface0.pcd,Testing,2.019343376159668,2.0127944946289062,0.006548881530761719
2361,TH0032AV/viewpoint_simulated_86_surface0.pcd,Testing,1.9083212614059448,2.031855583190918,0.12353432178497314
2362,TH0032AV/viewpoint_simulated_87_surface0.pcd,Testing,1.9164899587631226,2.0188674926757812,0.10237753391265869
2363,TH0032AV/viewpoint_simulated_88_surface0.pcd,Testing,1.9249353408813477,1.9657078981399536,0.04077255725860596
2364,TH0032AV/viewpoint_simulated_89_surface0.pcd,Testing,2.0533816814422607,1.9285231828689575,0.12485849857330322
2365,TH0032AV/viewpoint_simulated_9_surface0.pcd,Testing,2.0979068279266357,2.0203306674957275,0.0775761604309082
2366,TH0032AV/viewpoint_simulated_90_surface0.pcd,Testing,2.0421900749206543,1.9048508405685425,0.13733923435211182
2367,TH0032AV/viewpoint_simulated_91_surface0.pcd,Testing,2.0531466007232666,1.9365535974502563,0.11659300327301025
2368,TH0032AV/viewpoint_simulated_92_surface0.pcd,Testing,1.941474199295044,1.9844785928726196,0.043004393577575684
2369,TH0032AV/viewpoint_simulated_93_surface0.pcd,Testing,2.058542490005493,2.0244386196136475,0.0341038703918457
2370,TH0032AV/viewpoint_simulated_94_surface0.pcd,Testing,1.9899652004241943,2.0438711643218994,0.05390596389770508
2371,TH0032AV/viewpoint_simulated_95_surface0.pcd,Testing,2.190807342529297,2.079367160797119,0.11144018173217773
2372,TH0032AV/viewpoint_simulated_96_surface0.pcd,Testing,1.994246006011963,2.022042751312256,0.02779674530029297
2373,TH0032AV/viewpoint_simulated_97_surface0.pcd,Testing,2.0843679904937744,2.0071897506713867,0.0771782398223877
2374,TH0032AV/viewpoint_simulated_98_surface0.pcd,Testing,2.0321578979492188,2.0793325901031494,0.047174692153930664
2375,TH0032AV/viewpoint_simulated_99_surface0.pcd,Testing,2.0089612007141113,2.036653518676758,0.027692317962646484
2376,TH0032AV/viewpoint_simulated_0_surface1.pcd,Testing,2.305295705795288,2.230722665786743,0.07457304000854492
2377,TH0032AV/viewpoint_simulated_1_surface1.pcd,Testing,2.211895704269409,2.223860740661621,0.011965036392211914
2378,TH0032AV/viewpoint_simulated_10_surface1.pcd,Testing,2.2325456142425537,2.167698383331299,0.06484723091125488
2379,TH0032AV/viewpoint_simulated_100_surface1.pcd,Testing,2.2233266830444336,2.23685884475708,0.013532161712646484
2380,TH0032AV/viewpoint_simulated_101_surface1.pcd,Testing,2.2621278762817383,2.260113477706909,0.0020143985748291016
2381,TH0032AV/viewpoint_simulated_102_surface1.pcd,Testing,2.2701306343078613,2.2827200889587402,0.012589454650878906
2382,TH0032AV/viewpoint_simulated_103_surface1.pcd,Testing,2.3155839443206787,2.1723015308380127,0.14328241348266602
2383,TH0032AV/viewpoint_simulated_104_surface1.pcd,Testing,2.276076316833496,2.126859664916992,0.1492166519165039
2384,TH0032AV/viewpoint_simulated_105_surface1.pcd,Testing,2.2124428749084473,2.1295766830444336,0.08286619186401367
2385,TH0032AV/viewpoint_simulated_106_surface1.pcd,Testing,2.23067045211792,2.1221513748168945,0.10851907730102539
2386,TH0032AV/viewpoint_simulated_107_surface1.pcd,Testing,2.1781013011932373,2.1152024269104004,0.06289887428283691
2387,TH0032AV/viewpoint_simulated_108_surface1.pcd,Testing,2.125675678253174,2.1578478813171387,0.032172203063964844
2388,TH0032AV/viewpoint_simulated_109_surface1.pcd,Testing,2.2785208225250244,2.140281915664673,0.13823890686035156
2389,TH0032AV/viewpoint_simulated_11_surface1.pcd,Testing,2.093024253845215,2.166562557220459,0.07353830337524414
2390,TH0032AV/viewpoint_simulated_110_surface1.pcd,Testing,2.272094488143921,2.198066234588623,0.07402825355529785
2391,TH0032AV/viewpoint_simulated_111_surface1.pcd,Testing,2.295581340789795,2.2363510131835938,0.05923032760620117
2392,TH0032AV/viewpoint_simulated_112_surface1.pcd,Testing,2.2855217456817627,2.199728012084961,0.08579373359680176
2393,TH0032AV/viewpoint_simulated_113_surface1.pcd,Testing,2.1448721885681152,2.12164044380188,0.02323174476623535
2394,TH0032AV/viewpoint_simulated_114_surface1.pcd,Testing,2.2958438396453857,2.1723241806030273,0.1235196590423584
2395,TH0032AV/viewpoint_simulated_115_surface1.pcd,Testing,2.248880624771118,2.1517019271850586,0.09717869758605957
2396,TH0032AV/viewpoint_simulated_116_surface1.pcd,Testing,2.364884614944458,2.110504150390625,0.254380464553833
2397,TH0032AV/viewpoint_simulated_117_surface1.pcd,Testing,2.111562967300415,2.1168437004089355,0.005280733108520508
2398,TH0032AV/viewpoint_simulated_118_surface1.pcd,Testing,2.265690565109253,2.1665284633636475,0.09916210174560547
2399,TH0032AV/viewpoint_simulated_119_surface1.pcd,Testing,2.1551997661590576,2.188622236251831,0.03342247009277344
2400,TH0032AV/viewpoint_simulated_12_surface1.pcd,Testing,2.1486456394195557,2.2304131984710693,0.08176755905151367
2401,TH0032AV/viewpoint_simulated_120_surface1.pcd,Testing,2.3637590408325195,2.2199769020080566,0.1437821388244629
2402,TH0032AV/viewpoint_simulated_121_surface1.pcd,Testing,2.2881228923797607,2.1601715087890625,0.12795138359069824
2403,TH0032AV/viewpoint_simulated_122_surface1.pcd,Testing,2.3206584453582764,2.153524160385132,0.16713428497314453
2404,TH0032AV/viewpoint_simulated_123_surface1.pcd,Testing,2.2105863094329834,2.182896137237549,0.02769017219543457
2405,TH0032AV/viewpoint_simulated_124_surface1.pcd,Testing,2.240870475769043,2.0926012992858887,0.1482691764831543
2406,TH0032AV/viewpoint_simulated_125_surface1.pcd,Testing,2.3677496910095215,2.0660624504089355,0.30168724060058594
2407,TH0032AV/viewpoint_simulated_126_surface1.pcd,Testing,2.3706586360931396,2.1268413066864014,0.24381732940673828
2408,TH0032AV/viewpoint_simulated_127_surface1.pcd,Testing,2.2847301959991455,2.182616710662842,0.10211348533630371
2409,TH0032AV/viewpoint_simulated_128_surface1.pcd,Testing,2.194254159927368,2.167799472808838,0.026454687118530273
2410,TH0032AV/viewpoint_simulated_129_surface1.pcd,Testing,2.194032669067383,2.084571123123169,0.10946154594421387
2411,TH0032AV/viewpoint_simulated_13_surface1.pcd,Testing,2.111178159713745,2.240447998046875,0.12926983833312988
2412,TH0032AV/viewpoint_simulated_130_surface1.pcd,Testing,2.3971993923187256,2.149491786956787,0.24770760536193848
2413,TH0032AV/viewpoint_simulated_131_surface1.pcd,Testing,2.2573065757751465,2.2638585567474365,0.006551980972290039
2414,TH0032AV/viewpoint_simulated_132_surface1.pcd,Testing,2.2301111221313477,2.2156386375427246,0.014472484588623047
2415,TH0032AV/viewpoint_simulated_133_surface1.pcd,Testing,2.1524641513824463,2.2398204803466797,0.0873563289642334
2416,TH0032AV/viewpoint_simulated_134_surface1.pcd,Testing,2.2372119426727295,2.1043171882629395,0.13289475440979004
2417,TH0032AV/viewpoint_simulated_135_surface1.pcd,Testing,2.2732768058776855,2.1057562828063965,0.16752052307128906
2418,TH0032AV/viewpoint_simulated_136_surface1.pcd,Testing,2.2945942878723145,2.2069995403289795,0.08759474754333496
2419,TH0032AV/viewpoint_simulated_137_surface1.pcd,Testing,2.3348116874694824,2.083526611328125,0.2512850761413574
2420,TH0032AV/viewpoint_simulated_138_surface1.pcd,Testing,2.2132952213287354,2.1135847568511963,0.09971046447753906
2421,TH0032AV/viewpoint_simulated_139_surface1.pcd,Testing,2.3182990550994873,2.164463996887207,0.15383505821228027
2422,TH0032AV/viewpoint_simulated_14_surface1.pcd,Testing,2.2193429470062256,2.2251648902893066,0.005821943283081055
2423,TH0032AV/viewpoint_simulated_140_surface1.pcd,Testing,2.175359010696411,2.1589016914367676,0.016457319259643555
2424,TH0032AV/viewpoint_simulated_141_surface1.pcd,Testing,2.3405191898345947,2.0904974937438965,0.25002169609069824
2425,TH0032AV/viewpoint_simulated_142_surface1.pcd,Testing,2.282585859298706,2.1600143909454346,0.12257146835327148
2426,TH0032AV/viewpoint_simulated_143_surface1.pcd,Testing,2.3370912075042725,2.259949207305908,0.07714200019836426
2427,TH0032AV/viewpoint_simulated_144_surface1.pcd,Testing,2.1550681591033936,2.2372074127197266,0.08213925361633301
2428,TH0032AV/viewpoint_simulated_145_surface1.pcd,Testing,2.0823659896850586,2.2230286598205566,0.14066267013549805
2429,TH0032AV/viewpoint_simulated_146_surface1.pcd,Testing,2.2607386112213135,2.223438024520874,0.03730058670043945
2430,TH0032AV/viewpoint_simulated_147_surface1.pcd,Testing,2.417795181274414,2.2344532012939453,0.18334197998046875
2431,TH0032AV/viewpoint_simulated_148_surface1.pcd,Testing,2.016826629638672,2.23162841796875,0.21480178833007812
2432,TH0032AV/viewpoint_simulated_149_surface1.pcd,Testing,2.205411195755005,2.2356343269348145,0.03022313117980957
2433,TH0032AV/viewpoint_simulated_15_surface1.pcd,Testing,2.273710012435913,2.246480941772461,0.02722907066345215
2434,TH0032AV/viewpoint_simulated_150_surface1.pcd,Testing,2.306694984436035,2.268096923828125,0.038598060607910156
2435,TH0032AV/viewpoint_simulated_151_surface1.pcd,Testing,2.2617242336273193,2.23435640335083,0.027367830276489258
2436,TH0032AV/viewpoint_simulated_152_surface1.pcd,Testing,2.209676504135132,2.1689558029174805,0.04072070121765137
2437,TH0032AV/viewpoint_simulated_153_surface1.pcd,Testing,2.4178948402404785,2.1551196575164795,0.262775182723999
2438,TH0032AV/viewpoint_simulated_154_surface1.pcd,Testing,2.3536083698272705,2.171621322631836,0.18198704719543457
2439,TH0032AV/viewpoint_simulated_155_surface1.pcd,Testing,2.1263179779052734,2.1760730743408203,0.049755096435546875
2440,TH0032AV/viewpoint_simulated_156_surface1.pcd,Testing,2.143847703933716,2.214916944503784,0.07106924057006836
2441,TH0032AV/viewpoint_simulated_157_surface1.pcd,Testing,2.2319653034210205,2.23317551612854,0.0012102127075195312
2442,TH0032AV/viewpoint_simulated_158_surface1.pcd,Testing,2.1001482009887695,2.217373847961426,0.11722564697265625
2443,TH0032AV/viewpoint_simulated_159_surface1.pcd,Testing,1.9823710918426514,2.2462480068206787,0.26387691497802734
2444,TH0032AV/viewpoint_simulated_16_surface1.pcd,Testing,2.1906256675720215,2.2308077812194824,0.04018211364746094
2445,TH0032AV/viewpoint_simulated_160_surface1.pcd,Testing,2.0996451377868652,2.2345542907714844,0.13490915298461914
2446,TH0032AV/viewpoint_simulated_161_surface1.pcd,Testing,2.2621653079986572,2.2382516860961914,0.02391362190246582
2447,TH0032AV/viewpoint_simulated_162_surface1.pcd,Testing,2.100632667541504,2.2605316638946533,0.15989899635314941
2448,TH0032AV/viewpoint_simulated_163_surface1.pcd,Testing,2.3912837505340576,2.200610399246216,0.1906733512878418
2449,TH0032AV/viewpoint_simulated_164_surface1.pcd,Testing,2.123792886734009,2.1598920822143555,0.03609919548034668
2450,TH0032AV/viewpoint_simulated_165_surface1.pcd,Testing,2.1949622631073,2.138859272003174,0.05610299110412598
2451,TH0032AV/viewpoint_simulated_166_surface1.pcd,Testing,2.3188767433166504,2.161550998687744,0.15732574462890625
2452,TH0032AV/viewpoint_simulated_167_surface1.pcd,Testing,2.22358775138855,2.1389527320861816,0.08463501930236816
2453,TH0032AV/viewpoint_simulated_168_surface1.pcd,Testing,2.3075573444366455,2.1527678966522217,0.15478944778442383
2454,TH0032AV/viewpoint_simulated_169_surface1.pcd,Testing,2.191483736038208,2.199169635772705,0.00768589973449707
2455,TH0032AV/viewpoint_simulated_17_surface1.pcd,Testing,2.27349591255188,2.2324280738830566,0.04106783866882324
2456,TH0032AV/viewpoint_simulated_170_surface1.pcd,Testing,2.2637412548065186,2.231217861175537,0.032523393630981445
2457,TH0032AV/viewpoint_simulated_171_surface1.pcd,Testing,2.1517844200134277,2.241323709487915,0.0895392894744873
2458,TH0032AV/viewpoint_simulated_172_surface1.pcd,Testing,2.1623382568359375,2.234067916870117,0.07172966003417969
2459,TH0032AV/viewpoint_simulated_173_surface1.pcd,Testing,2.3235249519348145,2.2282497882843018,0.0952751636505127
2460,TH0032AV/viewpoint_simulated_174_surface1.pcd,Testing,2.1200485229492188,2.215639352798462,0.09559082984924316
2461,TH0032AV/viewpoint_simulated_175_surface1.pcd,Testing,2.124246120452881,2.1557414531707764,0.03149533271789551
2462,TH0032AV/viewpoint_simulated_176_surface1.pcd,Testing,2.2394983768463135,2.132986068725586,0.10651230812072754
2463,TH0032AV/viewpoint_simulated_177_surface1.pcd,Testing,2.178567409515381,2.1195285320281982,0.05903887748718262
2464,TH0032AV/viewpoint_simulated_178_surface1.pcd,Testing,2.346034526824951,2.1256299018859863,0.22040462493896484
2465,TH0032AV/viewpoint_simulated_179_surface1.pcd,Testing,2.186835289001465,2.118785858154297,0.06804943084716797
2466,TH0032AV/viewpoint_simulated_18_surface1.pcd,Testing,2.3431615829467773,2.2449283599853516,0.09823322296142578
2467,TH0032AV/viewpoint_simulated_180_surface1.pcd,Testing,2.3710687160491943,2.2087221145629883,0.16234660148620605
2468,TH0032AV/viewpoint_simulated_181_surface1.pcd,Testing,2.3976898193359375,2.137455701828003,0.26023411750793457
2469,TH0032AV/viewpoint_simulated_182_surface1.pcd,Testing,2.1178174018859863,2.197507858276367,0.07969045639038086
2470,TH0032AV/viewpoint_simulated_183_surface1.pcd,Testing,2.321707248687744,2.227675676345825,0.09403157234191895
2471,TH0032AV/viewpoint_simulated_184_surface1.pcd,Testing,2.209531784057617,2.1934895515441895,0.016042232513427734
2472,TH0032AV/viewpoint_simulated_185_surface1.pcd,Testing,2.3213467597961426,2.107835292816162,0.21351146697998047
2473,TH0032AV/viewpoint_simulated_186_surface1.pcd,Testing,2.1892237663269043,2.1642556190490723,0.02496814727783203
2474,TH0032AV/viewpoint_simulated_187_surface1.pcd,Testing,2.29789400100708,2.1496620178222656,0.14823198318481445
2475,TH0032AV/viewpoint_simulated_188_surface1.pcd,Testing,2.436426877975464,2.114621639251709,0.3218052387237549
2476,TH0032AV/viewpoint_simulated_189_surface1.pcd,Testing,2.1569154262542725,2.111859083175659,0.04505634307861328
2477,TH0032AV/viewpoint_simulated_19_surface1.pcd,Testing,2.2485275268554688,2.227527618408203,0.020999908447265625
2478,TH0032AV/viewpoint_simulated_190_surface1.pcd,Testing,2.192411422729492,2.155574321746826,0.036837100982666016
2479,TH0032AV/viewpoint_simulated_191_surface1.pcd,Testing,2.408931255340576,2.211185932159424,0.19774532318115234
2480,TH0032AV/viewpoint_simulated_192_surface1.pcd,Testing,2.3139150142669678,2.2462825775146484,0.06763243675231934
2481,TH0032AV/viewpoint_simulated_193_surface1.pcd,Testing,2.333772659301758,2.1548686027526855,0.17890405654907227
2482,TH0032AV/viewpoint_simulated_194_surface1.pcd,Testing,2.2047886848449707,2.123610019683838,0.08117866516113281
2483,TH0032AV/viewpoint_simulated_195_surface1.pcd,Testing,2.2853729724884033,2.1580498218536377,0.12732315063476562
2484,TH0032AV/viewpoint_simulated_196_surface1.pcd,Testing,2.2914459705352783,2.085742950439453,0.2057030200958252
2485,TH0032AV/viewpoint_simulated_197_surface1.pcd,Testing,2.2771177291870117,2.0752344131469727,0.20188331604003906
2486,TH0032AV/viewpoint_simulated_198_surface1.pcd,Testing,2.3921492099761963,2.162400722503662,0.22974848747253418
2487,TH0032AV/viewpoint_simulated_199_surface1.pcd,Testing,2.1296191215515137,2.152836561203003,0.023217439651489258
2488,TH0032AV/viewpoint_simulated_2_surface1.pcd,Testing,2.1153297424316406,2.207144260406494,0.09181451797485352
2489,TH0032AV/viewpoint_simulated_20_surface1.pcd,Testing,2.392843246459961,2.194251537322998,0.1985917091369629
2490,TH0032AV/viewpoint_simulated_200_surface1.pcd,Testing,2.1653146743774414,2.1461710929870605,0.01914358139038086
2491,TH0032AV/viewpoint_simulated_201_surface1.pcd,Testing,2.2403225898742676,2.090665340423584,0.1496572494506836
2492,TH0032AV/viewpoint_simulated_202_surface1.pcd,Testing,2.131962299346924,2.1988606452941895,0.06689834594726562
2493,TH0032AV/viewpoint_simulated_203_surface1.pcd,Testing,2.4727742671966553,2.272650718688965,0.20012354850769043
2494,TH0032AV/viewpoint_simulated_204_surface1.pcd,Testing,2.1385374069213867,2.204010486602783,0.06547307968139648
2495,TH0032AV/viewpoint_simulated_205_surface1.pcd,Testing,2.3402771949768066,2.156672477722168,0.18360471725463867
2496,TH0032AV/viewpoint_simulated_206_surface1.pcd,Testing,2.3695645332336426,2.1205739974975586,0.24899053573608398
2497,TH0032AV/viewpoint_simulated_207_surface1.pcd,Testing,2.2632431983947754,2.1026535034179688,0.16058969497680664
2498,TH0032AV/viewpoint_simulated_208_surface1.pcd,Testing,2.337693929672241,2.2095813751220703,0.1281125545501709
2499,TH0032AV/viewpoint_simulated_209_surface1.pcd,Testing,2.319648504257202,2.099660873413086,0.2199876308441162
2500,TH0032AV/viewpoint_simulated_21_surface1.pcd,Testing,2.18141508102417,2.142364501953125,0.03905057907104492
2501,TH0032AV/viewpoint_simulated_210_surface1.pcd,Testing,2.1752443313598633,2.1598000526428223,0.015444278717041016
2502,TH0032AV/viewpoint_simulated_211_surface1.pcd,Testing,2.210874080657959,2.153925895690918,0.056948184967041016
2503,TH0032AV/viewpoint_simulated_212_surface1.pcd,Testing,2.2791357040405273,2.1529111862182617,0.12622451782226562
2504,TH0032AV/viewpoint_simulated_213_surface1.pcd,Testing,2.325362205505371,2.070770025253296,0.2545921802520752
2505,TH0032AV/viewpoint_simulated_214_surface1.pcd,Testing,2.340075731277466,2.1853833198547363,0.1546924114227295
2506,TH0032AV/viewpoint_simulated_215_surface1.pcd,Testing,2.4014968872070312,2.3058247566223145,0.0956721305847168
2507,TH0032AV/viewpoint_simulated_22_surface1.pcd,Testing,2.258043050765991,2.199331760406494,0.05871129035949707
2508,TH0032AV/viewpoint_simulated_23_surface1.pcd,Testing,2.174004316329956,2.145991563796997,0.028012752532958984
2509,TH0032AV/viewpoint_simulated_24_surface1.pcd,Testing,2.17504620552063,2.1967568397521973,0.021710634231567383
2510,TH0032AV/viewpoint_simulated_25_surface1.pcd,Testing,2.20173978805542,2.215357780456543,0.013617992401123047
2511,TH0032AV/viewpoint_simulated_26_surface1.pcd,Testing,2.2745254039764404,2.2300028800964355,0.04452252388000488
2512,TH0032AV/viewpoint_simulated_27_surface1.pcd,Testing,2.1372673511505127,2.2434372901916504,0.1061699390411377
2513,TH0032AV/viewpoint_simulated_28_surface1.pcd,Testing,2.3000435829162598,2.240548849105835,0.059494733810424805
2514,TH0032AV/viewpoint_simulated_29_surface1.pcd,Testing,2.439448356628418,2.2657952308654785,0.17365312576293945
2515,TH0032AV/viewpoint_simulated_3_surface1.pcd,Testing,2.242786407470703,2.239454746246338,0.0033316612243652344
2516,TH0032AV/viewpoint_simulated_30_surface1.pcd,Testing,2.2171695232391357,2.2719931602478027,0.05482363700866699
2517,TH0032AV/viewpoint_simulated_31_surface1.pcd,Testing,2.4274988174438477,2.1710281372070312,0.2564706802368164
2518,TH0032AV/viewpoint_simulated_32_surface1.pcd,Testing,2.3290293216705322,2.155038595199585,0.17399072647094727
2519,TH0032AV/viewpoint_simulated_33_surface1.pcd,Testing,2.3833937644958496,2.1266140937805176,0.25677967071533203
2520,TH0032AV/viewpoint_simulated_34_surface1.pcd,Testing,2.162271499633789,2.128592014312744,0.03367948532104492
2521,TH0032AV/viewpoint_simulated_35_surface1.pcd,Testing,2.261441230773926,2.143035411834717,0.11840581893920898
2522,TH0032AV/viewpoint_simulated_36_surface1.pcd,Testing,2.283517599105835,2.129373550415039,0.1541440486907959
2523,TH0032AV/viewpoint_simulated_37_surface1.pcd,Testing,2.3582136631011963,2.1241235733032227,0.23409008979797363
2524,TH0032AV/viewpoint_simulated_38_surface1.pcd,Testing,2.2684695720672607,2.215057849884033,0.05341172218322754
2525,TH0032AV/viewpoint_simulated_39_surface1.pcd,Testing,2.2067956924438477,2.221729278564453,0.014933586120605469
2526,TH0032AV/viewpoint_simulated_4_surface1.pcd,Testing,2.2996182441711426,2.2319178581237793,0.06770038604736328
2527,TH0032AV/viewpoint_simulated_40_surface1.pcd,Testing,2.354997158050537,2.20821475982666,0.14678239822387695
2528,TH0032AV/viewpoint_simulated_41_surface1.pcd,Testing,2.2810981273651123,2.1385130882263184,0.14258503913879395
2529,TH0032AV/viewpoint_simulated_42_surface1.pcd,Testing,2.342180013656616,2.2119030952453613,0.13027691841125488
2530,TH0032AV/viewpoint_simulated_43_surface1.pcd,Testing,2.281550407409668,2.163146734237671,0.11840367317199707
2531,TH0032AV/viewpoint_simulated_44_surface1.pcd,Testing,2.381439447402954,2.1041336059570312,0.27730584144592285
2532,TH0032AV/viewpoint_simulated_45_surface1.pcd,Testing,2.235703468322754,2.1145453453063965,0.12115812301635742
2533,TH0032AV/viewpoint_simulated_46_surface1.pcd,Testing,2.338433027267456,2.154165744781494,0.18426728248596191
2534,TH0032AV/viewpoint_simulated_47_surface1.pcd,Testing,2.409376382827759,2.1631929874420166,0.2461833953857422
2535,TH0032AV/viewpoint_simulated_48_surface1.pcd,Testing,2.229743003845215,2.1857221126556396,0.044020891189575195
2536,TH0032AV/viewpoint_simulated_49_surface1.pcd,Testing,2.2895798683166504,2.167835235595703,0.12174463272094727
2537,TH0032AV/viewpoint_simulated_5_surface1.pcd,Testing,2.290611743927002,2.2467305660247803,0.04388117790222168
2538,TH0032AV/viewpoint_simulated_50_surface1.pcd,Testing,2.286202907562256,2.1812405586242676,0.10496234893798828
2539,TH0032AV/viewpoint_simulated_51_surface1.pcd,Testing,2.3173420429229736,2.18253755569458,0.13480448722839355
2540,TH0032AV/viewpoint_simulated_52_surface1.pcd,Testing,2.311246633529663,2.1186718940734863,0.19257473945617676
2541,TH0032AV/viewpoint_simulated_53_surface1.pcd,Testing,2.258344888687134,2.0808773040771484,0.17746758460998535
2542,TH0032AV/viewpoint_simulated_54_surface1.pcd,Testing,2.345029592514038,2.140587091445923,0.20444250106811523
2543,TH0032AV/viewpoint_simulated_55_surface1.pcd,Testing,2.229320526123047,2.168630361557007,0.06069016456604004
2544,TH0032AV/viewpoint_simulated_56_surface1.pcd,Testing,2.220632553100586,2.157522678375244,0.0631098747253418
2545,TH0032AV/viewpoint_simulated_57_surface1.pcd,Testing,2.1249616146087646,2.0818731784820557,0.043088436126708984
2546,TH0032AV/viewpoint_simulated_58_surface1.pcd,Testing,2.2847440242767334,2.117288112640381,0.16745591163635254
2547,TH0032AV/viewpoint_simulated_59_surface1.pcd,Testing,2.3657524585723877,2.228412628173828,0.13733983039855957
2548,TH0032AV/viewpoint_simulated_6_surface1.pcd,Testing,2.148909091949463,2.2616701126098633,0.11276102066040039
2549,TH0032AV/viewpoint_simulated_60_surface1.pcd,Testing,2.3217177391052246,2.180087089538574,0.1416306495666504
2550,TH0032AV/viewpoint_simulated_61_surface1.pcd,Testing,2.239565134048462,2.2203116416931152,0.01925349235534668
2551,TH0032AV/viewpoint_simulated_62_surface1.pcd,Testing,2.3130383491516113,2.1039581298828125,0.20908021926879883
2552,TH0032AV/viewpoint_simulated_63_surface1.pcd,Testing,2.3044116497039795,2.094329357147217,0.2100822925567627
2553,TH0032AV/viewpoint_simulated_64_surface1.pcd,Testing,2.3106110095977783,2.212977409362793,0.09763360023498535
2554,TH0032AV/viewpoint_simulated_65_surface1.pcd,Testing,2.1599745750427246,2.071502685546875,0.08847188949584961
2555,TH0032AV/viewpoint_simulated_66_surface1.pcd,Testing,2.2240679264068604,2.0968103408813477,0.1272575855255127
2556,TH0032AV/viewpoint_simulated_67_surface1.pcd,Testing,2.336880922317505,2.1862759590148926,0.1506049633026123
2557,TH0032AV/viewpoint_simulated_68_surface1.pcd,Testing,2.2738473415374756,2.169370651245117,0.1044766902923584
2558,TH0032AV/viewpoint_simulated_69_surface1.pcd,Testing,2.271092176437378,2.1002941131591797,0.17079806327819824
2559,TH0032AV/viewpoint_simulated_7_surface1.pcd,Testing,2.3032524585723877,2.2244224548339844,0.07883000373840332
2560,TH0032AV/viewpoint_simulated_70_surface1.pcd,Testing,2.140514612197876,2.188354730606079,0.047840118408203125
2561,TH0032AV/viewpoint_simulated_71_surface1.pcd,Testing,2.291795253753662,2.2727928161621094,0.019002437591552734
2562,TH0032AV/viewpoint_simulated_72_surface1.pcd,Testing,2.108165740966797,2.2365171909332275,0.12835144996643066
2563,TH0032AV/viewpoint_simulated_73_surface1.pcd,Testing,2.24198317527771,2.2303409576416016,0.011642217636108398
2564,TH0032AV/viewpoint_simulated_74_surface1.pcd,Testing,2.1601808071136475,2.220083713531494,0.05990290641784668
2565,TH0032AV/viewpoint_simulated_75_surface1.pcd,Testing,2.2544944286346436,2.2345385551452637,0.019955873489379883
2566,TH0032AV/viewpoint_simulated_76_surface1.pcd,Testing,2.2266485691070557,2.2343504428863525,0.007701873779296875
2567,TH0032AV/viewpoint_simulated_77_surface1.pcd,Testing,2.3445606231689453,2.242802619934082,0.10175800323486328
2568,TH0032AV/viewpoint_simulated_78_surface1.pcd,Testing,2.2058298587799072,2.26566219329834,0.05983233451843262
2569,TH0032AV/viewpoint_simulated_79_surface1.pcd,Testing,2.1336495876312256,2.2386863231658936,0.10503673553466797
2570,TH0032AV/viewpoint_simulated_8_surface1.pcd,Testing,2.3239951133728027,2.1936237812042236,0.1303713321685791
2571,TH0032AV/viewpoint_simulated_80_surface1.pcd,Testing,2.3535051345825195,2.2025794982910156,0.1509256362915039
2572,TH0032AV/viewpoint_simulated_81_surface1.pcd,Testing,2.3821258544921875,2.1537394523620605,0.22838640213012695
2573,TH0032AV/viewpoint_simulated_82_surface1.pcd,Testing,2.169776439666748,2.1775245666503906,0.007748126983642578
2574,TH0032AV/viewpoint_simulated_83_surface1.pcd,Testing,2.198693037033081,2.1805450916290283,0.018147945404052734
2575,TH0032AV/viewpoint_simulated_84_surface1.pcd,Testing,2.3731484413146973,2.219235420227051,0.15391302108764648
2576,TH0032AV/viewpoint_simulated_85_surface1.pcd,Testing,2.2096166610717773,2.2207961082458496,0.011179447174072266
2577,TH0032AV/viewpoint_simulated_86_surface1.pcd,Testing,2.173982620239258,2.2202515602111816,0.04626893997192383
2578,TH0032AV/viewpoint_simulated_87_surface1.pcd,Testing,2.186737537384033,2.2363390922546387,0.04960155487060547
2579,TH0032AV/viewpoint_simulated_88_surface1.pcd,Testing,2.1372952461242676,2.2334489822387695,0.09615373611450195
2580,TH0032AV/viewpoint_simulated_89_surface1.pcd,Testing,2.1050145626068115,2.2255098819732666,0.12049531936645508
2581,TH0032AV/viewpoint_simulated_9_surface1.pcd,Testing,2.184563398361206,2.1841580867767334,0.00040531158447265625
2582,TH0032AV/viewpoint_simulated_90_surface1.pcd,Testing,2.244386911392212,2.265211343765259,0.020824432373046875
2583,TH0032AV/viewpoint_simulated_91_surface1.pcd,Testing,2.192462682723999,2.1962499618530273,0.0037872791290283203
2584,TH0032AV/viewpoint_simulated_92_surface1.pcd,Testing,2.28311824798584,2.1934704780578613,0.08964776992797852
2585,TH0032AV/viewpoint_simulated_93_surface1.pcd,Testing,2.245762825012207,2.1299045085906982,0.11585831642150879
2586,TH0032AV/viewpoint_simulated_94_surface1.pcd,Testing,2.2402119636535645,2.189030408859253,0.05118155479431152
2587,TH0032AV/viewpoint_simulated_95_surface1.pcd,Testing,2.28133487701416,2.1410350799560547,0.14029979705810547
2588,TH0032AV/viewpoint_simulated_96_surface1.pcd,Testing,2.3905460834503174,2.181511163711548,0.20903491973876953
2589,TH0032AV/viewpoint_simulated_97_surface1.pcd,Testing,2.1631691455841064,2.1992454528808594,0.03607630729675293
2590,TH0032AV/viewpoint_simulated_98_surface1.pcd,Testing,2.3225135803222656,2.231290817260742,0.09122276306152344
2591,TH0032AV/viewpoint_simulated_99_surface1.pcd,Testing,2.3348686695098877,2.2445807456970215,0.09028792381286621
