ID,Workpiece,Viewpoint,dist,elevation,azimuth,dist_s2r,dist_r2s,GroundTruth_CD,asymmetry_value,Predicted_CD,Error
0,Workpiece1 - Training,0,400,5,0,19.33752034,5.112271727,24.42,12.51,15.14,9.28
1,Workpiece1 - Validation,1,400,5,30,17.9026984,4.009478849,18.96,34.46,19.77,0.81
2,Workpiece1 - Training,2,400,5,60,11.14876565,5.034007703,17.50,11.95,14.76,2.74
3,Workpiece1 - Training,3,400,5,90,16.02623682,3.932077483,21.49,12.20,14.99,6.50
4,Workpiece1 - Training,4,400,5,120,5.564161076,3.908598706,10.86,6.62,12.63,1.77
5,Workpiece1 - Training,5,400,5,150,4.449840528,3.502058396,8.57,6.78,8.99,0.42
6,Workpiece1 - Training,6,400,5,180,3.933170534,2.983287974,7.56,6.12,8.48,0.93
7,Workpiece1 - Training,7,400,5,210,3.798384471,2.800410211,7.17,5.55,8.30,1.13
8,Workpiece1 - Training,8,400,5,240,3.465940809,3.390995675,8.06,4.82,10.41,2.34
9,Workpiece1 - Training,9,400,5,270,4.623358745,3.388052285,9.18,5.04,8.99,0.20
10,Workpiece1 - Training,10,400,5,300,8.064128318,4.882034322,14.33,8.89,15.19,0.86
11,Workpiece1 - Training,11,400,5,330,4.916841964,2.817735146,17.95,7.92,17.81,0.14
12,Workpiece1 - Training,12,400,10,0,4.645300925,3.39393726,7.33,8.55,7.51,0.18
13,Workpiece1 - Validation,13,400,10,30,4.511362891,3.243947302,10.31,12.88,9.75,0.56
14,Workpiece1 - Training,14,400,10,60,3.812840058,2.773719489,8.63,6.83,8.67,0.03
15,Workpiece1 - Training,15,400,10,90,4.507741705,2.605172173,12.56,8.16,9.98,2.58
16,Workpiece1 - Training,16,400,10,120,5.230769174,3.533758803,7.75,8.40,9.21,1.47
17,Workpiece1 - Training,17,400,10,150,4.904673518,3.79718438,8.27,10.89,9.13,0.86
18,Workpiece1 - Training,18,400,10,180,3.714526904,2.912548926,8.55,7.01,8.72,0.17
19,Workpiece1 - Training,19,400,10,210,3.782384679,3.088614936,6.56,6.75,8.38,1.82
20,Workpiece1 - Validation,20,400,10,240,3.741283956,2.828139379,6.38,10.85,7.49,1.12
21,Workpiece1 - Validation,21,400,10,270,13.23144147,4.4943133,8.57,5.04,10.09,1.52
22,Workpiece1 - Training,22,400,10,300,4.514958077,2.945184352,8.46,7.10,11.93,3.47
23,Workpiece1 - Training,23,400,10,330,6.231950412,3.619892055,9.61,7.58,10.44,0.83
24,Workpiece1 - Training,24,400,15,0,6.89164647,2.436884608,8.04,8.33,8.55,0.52
25,Workpiece1 - Training,25,400,15,30,4.990665282,2.983724478,8.20,6.67,8.90,0.70
26,Workpiece1 - Training,26,400,15,60,4.792850337,3.47378751,8.45,7.40,9.17,0.72
27,Workpiece1 - Training,27,400,15,90,4.75712521,3.105401342,9.87,7.66,10.10,0.23
28,Workpiece1 - Training,28,400,15,120,3.400394313,2.859456178,9.26,8.34,9.46,0.20
29,Workpiece1 - Training,29,400,15,150,4.833737112,3.332072889,8.60,10.51,9.65,1.04
30,Workpiece1 - Training,30,400,15,180,4.200264987,3.185936275,9.05,7.00,8.77,0.28
31,Workpiece1 - Training,31,400,15,210,3.320381598,2.700048705,6.12,5.79,8.08,1.95
32,Workpiece1 - Training,32,400,15,240,4.081959609,2.787674297,6.37,5.58,7.88,1.51
33,Workpiece1 - Training,33,400,15,270,3.642530887,3.3540492,9.50,4.87,10.57,1.07
34,Workpiece1 - Validation,34,400,15,300,5.100474599,2.613751401,7.42,7.33,7.85,0.43
35,Workpiece1 - Training,35,400,15,330,4.898596893,2.951747786,5.51,7.88,9.80,4.29
36,Workpiece1 - Training,36,400,20,0,5.210677088,3.771854646,6.52,7.96,9.28,2.75
37,Workpiece1 - Training,37,400,20,30,5.544859971,2.940204414,7.50,5.96,7.73,0.22
38,Workpiece1 - Training,38,400,20,60,5.764660602,3.191077225,11.94,7.90,8.86,3.08
39,Workpiece1 - Training,39,400,20,90,5.932071408,4.332809543,9.57,7.99,10.84,1.27
40,Workpiece1 - Training,40,400,20,120,4.257498921,2.972423702,9.63,5.90,9.26,0.37
41,Workpiece1 - Training,41,400,20,150,4.666260903,3.362748301,11.61,9.43,9.94,1.68
42,Workpiece1 - Training,42,400,20,180,6.107492335,3.263739639,9.77,6.56,9.63,0.14
43,Workpiece1 - Validation,43,400,20,210,6.632676535,3.090900589,7.67,6.43,8.67,0.99
44,Workpiece1 - Training,44,400,20,240,4.668888001,2.60413184,7.36,6.40,7.42,0.05
45,Workpiece1 - Training,45,400,20,270,3.169483777,2.375369432,12.33,5.07,10.03,2.30
46,Workpiece1 - Training,46,400,20,300,4.247788044,3.588390853,8.42,7.63,7.12,1.30
47,Workpiece1 - Training,47,400,20,330,6.611466129,2.516116185,6.30,8.02,9.19,2.89
48,Workpiece1 - Validation,48,400,25,0,5.460117575,3.012516815,8.10,8.02,8.68,0.57
49,Workpiece1 - Validation,49,400,25,30,5.342218791,4.143163484,8.13,6.96,7.93,0.20
50,Workpiece1 - Validation,50,400,25,60,8.604419997,2.957915044,9.28,7.57,9.57,0.28
51,Workpiece1 - Training,51,400,25,90,5.659212946,3.468588609,9.37,7.66,12.14,2.77
52,Workpiece1 - Validation,52,400,25,120,7.065962859,4.837060593,12.92,5.38,9.75,3.17
53,Workpiece1 - Validation,53,400,25,150,4.405499725,3.498149225,10.41,5.32,9.66,0.75
54,Workpiece1 - Validation,54,400,25,180,4.976743291,3.100253785,11.91,6.35,9.69,2.22
55,Workpiece1 - Training,55,400,25,210,3.709465363,2.616699118,9.32,5.66,8.55,0.77
56,Workpiece1 - Training,56,400,25,240,6.971939057,3.366569794,7.63,7.42,9.24,1.61
57,Workpiece1 - Training,57,400,25,270,3.653549902,2.588186972,9.04,4.63,9.96,0.92
58,Workpiece1 - Validation,58,400,25,300,3.354715237,2.775699403,6.08,8.02,9.51,3.43
59,Workpiece1 - Training,59,400,25,330,5.3313069,4.351570524,6.31,8.48,10.07,3.76
60,Workpiece1 - Training,60,400,30,0,4.941151763,3.067289298,7.42,8.41,10.02,2.60
61,Workpiece1 - Training,61,400,30,30,6.464045688,3.663316091,10.43,7.22,9.17,1.26
62,Workpiece1 - Training,62,400,30,60,5.447658682,3.828507045,10.69,7.70,9.97,0.73
63,Workpiece1 - Training,63,400,30,90,6.819886458,4.140442087,10.85,7.32,13.07,2.23
64,Workpiece1 - Training,64,400,30,120,6.669127799,4.29018006,10.72,10.46,9.09,1.63
65,Workpiece1 - Training,65,400,30,150,7.764127748,3.485849209,11.09,9.39,11.58,0.50
66,Workpiece1 - Training,66,400,30,180,7.108418111,4.292371194,11.39,6.91,10.55,0.84
67,Workpiece1 - Training,67,400,30,210,6.416660711,3.239842738,8.16,9.87,9.32,1.16
68,Workpiece1 - Training,68,400,30,240,3.710315351,2.641103262,7.36,6.15,7.36,0.00
69,Workpiece1 - Training,69,400,30,270,7.959918484,3.642479178,10.05,5.89,9.67,0.37
70,Workpiece1 - Training,70,400,30,300,3.30758243,2.430749142,5.45,7.67,8.77,3.32
71,Workpiece1 - Validation,71,400,30,330,3.524427743,2.99008833,7.95,8.61,9.88,1.93
72,Workpiece1 - Training,72,400,35,0,5.670044885,3.828419362,7.82,8.61,9.92,2.10
73,Workpiece1 - Training,73,400,35,30,5.359276256,3.263170976,10.92,7.12,9.13,1.79
74,Workpiece1 - Training,74,400,35,60,11.44800019,3.776706758,10.31,8.84,10.94,0.63
75,Workpiece1 - Training,75,400,35,90,5.872925974,4.480481318,17.80,7.14,12.66,5.14
76,Workpiece1 - Training,76,400,35,120,4.271726703,2.903976996,15.25,10.32,11.23,4.02
77,Workpiece1 - Training,77,400,35,150,10.40692513,4.289794346,11.73,10.14,10.84,0.89
78,Workpiece1 - Training,78,400,35,180,7.239413225,4.369799923,15.56,5.90,11.01,4.55
79,Workpiece1 - Training,79,400,35,210,7.539764948,4.045423426,10.51,6.65,9.48,1.03
80,Workpiece1 - Validation,80,400,35,240,4.538594197,3.192310541,7.25,6.91,7.61,0.36
81,Workpiece1 - Training,81,400,35,270,4.537835302,2.845464456,9.42,5.45,10.25,0.83
82,Workpiece1 - Training,82,400,35,300,9.833430774,3.99525425,6.16,8.45,8.62,2.46
83,Workpiece1 - Training,83,400,35,330,3.164161795,2.393798113,6.83,7.76,9.71,2.88
84,Workpiece1 - Training,84,420,5,0,4.40157563,3.261280227,19.39,10.41,19.02,0.37
85,Workpiece1 - Training,85,420,5,30,38.58756193,8.286560714,19.55,31.88,17.58,1.98
86,Workpiece1 - Training,86,420,5,60,17.09436958,4.501554487,17.20,11.95,16.40,0.80
87,Workpiece1 - Validation,87,420,5,90,4.78766946,2.957826782,16.74,9.36,14.82,1.92
88,Workpiece1 - Validation,88,420,5,120,9.322732586,4.338321862,11.91,6.38,12.70,0.80
89,Workpiece1 - Training,89,420,5,150,8.361104908,4.172892687,8.99,6.77,9.31,0.32
90,Workpiece1 - Training,90,420,5,180,6.603890628,5.259823851,8.21,6.26,8.14,0.07
91,Workpiece1 - Validation,91,420,5,210,5.274592718,4.296768645,8.12,5.97,8.97,0.86
92,Workpiece1 - Training,92,420,5,240,3.657196026,3.139097009,9.78,4.69,10.87,1.10
93,Workpiece1 - Training,93,420,5,270,4.081628577,3.077796957,10.25,4.11,9.38,0.87
94,Workpiece1 - Training,94,420,5,300,4.514276975,3.884616445,15.64,8.69,14.85,0.79
95,Workpiece1 - Training,95,420,5,330,5.065055437,4.067876829,20.06,7.93,12.27,7.79
96,Workpiece1 - Training,96,420,10,0,11.25713846,5.795579329,9.16,9.08,7.52,1.64
97,Workpiece1 - Training,97,420,10,30,13.4506837,3.982399382,10.33,12.97,8.89,1.45
98,Workpiece1 - Training,98,420,10,60,4.9014268,3.120340258,8.46,6.81,8.84,0.38
99,Workpiece1 - Validation,99,420,10,90,3.641453716,3.071038576,11.94,8.31,10.21,1.72
100,Workpiece1 - Training,100,420,10,120,6.262541994,3.380355715,8.48,8.44,9.10,0.62
101,Workpiece1 - Training,101,420,10,150,7.700170512,3.342115367,8.40,10.90,8.99,0.60
102,Workpiece1 - Validation,102,420,10,180,6.025971983,4.116964127,8.23,7.37,8.70,0.47
103,Workpiece1 - Training,103,420,10,210,4.516591786,3.101506851,6.94,6.73,7.88,0.94
104,Workpiece1 - Training,104,420,10,240,4.292165548,3.354640414,7.76,10.75,7.43,0.33
105,Workpiece1 - Validation,105,420,10,270,4.021490125,3.396209317,9.84,5.51,9.97,0.13
106,Workpiece1 - Validation,106,420,10,300,3.680286849,3.094284187,9.05,7.09,12.40,3.35
107,Workpiece1 - Training,107,420,10,330,4.011255586,2.864229057,7.19,7.60,10.41,3.22
108,Workpiece1 - Training,108,420,15,0,5.104044362,3.667117156,7.19,8.39,8.71,1.52
109,Workpiece1 - Training,109,420,15,30,3.604255098,2.599068891,6.85,6.27,8.56,1.71
110,Workpiece1 - Training,110,420,15,60,5.78340264,4.0193294,8.02,7.39,9.25,1.23
111,Workpiece1 - Training,111,420,15,90,4.517260553,2.957958021,10.95,7.80,10.51,0.44
112,Workpiece1 - Training,112,420,15,120,4.12798169,3.345652808,9.87,8.34,9.82,0.05
113,Workpiece1 - Training,113,420,15,150,3.802169302,3.006555166,8.37,10.53,9.35,0.98
114,Workpiece1 - Training,114,420,15,180,4.613778698,3.119828672,8.80,7.33,8.83,0.03
115,Workpiece1 - Training,115,420,15,210,4.524681991,3.668886929,8.33,5.81,8.52,0.19
116,Workpiece1 - Training,116,420,15,240,4.118697646,3.271904181,6.85,5.37,7.81,0.97
117,Workpiece1 - Training,117,420,15,270,4.926524938,3.139586011,9.36,5.16,11.23,1.86
118,Workpiece1 - Training,118,420,15,300,3.98137966,3.231876361,7.75,7.32,7.59,0.17
119,Workpiece1 - Training,119,420,15,330,3.692835152,3.09273003,6.12,7.88,9.50,3.38
120,Workpiece1 - Training,120,420,20,0,3.23949623,2.581670062,7.17,7.94,9.60,2.43
121,Workpiece1 - Validation,121,420,20,30,5.204823654,3.008939019,7.90,6.12,7.50,0.40
122,Workpiece1 - Training,122,420,20,60,4.366909255,3.330695951,8.36,7.90,9.80,1.44
123,Workpiece1 - Training,123,420,20,90,3.948585035,3.24049399,10.16,7.84,10.88,0.71
124,Workpiece1 - Training,124,420,20,120,3.254781053,2.500573221,8.95,5.90,9.04,0.09
125,Workpiece1 - Training,125,420,20,150,4.149443419,3.127574562,9.22,9.58,10.46,1.24
126,Workpiece1 - Training,126,420,20,180,4.245477577,2.892407845,10.75,6.88,9.88,0.87
127,Workpiece1 - Training,127,420,20,210,4.268334337,3.165429835,7.50,6.44,8.48,0.98
128,Workpiece1 - Training,128,420,20,240,5.712168983,4.210393839,8.58,6.33,7.72,0.86
129,Workpiece1 - Training,129,420,20,270,5.952132244,2.87362518,10.77,5.43,10.50,0.27
130,Workpiece1 - Validation,130,420,20,300,5.101053746,3.464269496,7.90,7.60,9.06,1.15
131,Workpiece1 - Training,131,420,20,330,4.31908737,3.239833884,5.81,8.10,9.43,3.61
132,Workpiece1 - Training,132,420,25,0,4.871564511,3.829365847,8.20,8.09,9.13,0.93
133,Workpiece1 - Training,133,420,25,30,5.040020663,3.253413263,9.32,6.98,8.36,0.96
134,Workpiece1 - Validation,134,420,25,60,4.098227946,2.939564545,8.83,7.49,9.43,0.60
135,Workpiece1 - Training,135,420,25,90,7.233800525,3.726472544,10.39,7.72,11.85,1.46
136,Workpiece1 - Training,136,420,25,120,5.01329149,2.906974257,11.88,5.52,9.03,2.85
137,Workpiece1 - Training,137,420,25,150,3.733154912,2.961601709,9.38,5.31,9.19,0.19
138,Workpiece1 - Training,138,420,25,180,5.160429878,3.773435327,12.49,6.08,10.38,2.10
139,Workpiece1 - Training,139,420,25,210,4.580622064,3.244111541,8.15,5.47,8.90,0.75
140,Workpiece1 - Training,140,420,25,240,4.890912041,3.088574715,6.87,7.41,8.94,2.07
141,Workpiece1 - Training,141,420,25,270,6.008514828,4.532380082,11.49,6.48,9.87,1.61
142,Workpiece1 - Training,142,420,25,300,4.166214253,3.884892322,6.51,8.06,8.99,2.47
143,Workpiece1 - Training,143,420,25,330,8.328978788,3.23741061,6.18,8.42,9.81,3.63
144,Workpiece1 - Training,144,420,30,0,4.946213545,3.7217561,9.94,8.22,9.46,0.47
145,Workpiece1 - Training,145,420,30,30,6.277076283,4.339813786,8.20,7.21,8.83,0.63
146,Workpiece1 - Training,146,420,30,60,4.85993673,3.388921499,10.41,7.25,9.61,0.80
147,Workpiece1 - Training,147,420,30,90,3.968196472,2.710191154,10.20,7.20,13.76,3.55
148,Workpiece1 - Training,148,420,30,120,5.423823279,3.961564521,11.14,10.45,9.92,1.22
149,Workpiece1 - Validation,149,420,30,150,3.604441869,2.788722016,11.32,9.43,10.58,0.74
150,Workpiece1 - Training,150,420,30,180,3.435128948,2.844564748,11.99,6.93,10.29,1.71
151,Workpiece1 - Validation,151,420,30,210,4.862590069,4.061095412,10.09,9.87,9.38,0.71
152,Workpiece1 - Training,152,420,30,240,4.669228275,3.500661305,6.84,6.17,7.28,0.44
153,Workpiece1 - Training,153,420,30,270,5.980110378,3.336907272,12.66,5.48,9.39,3.28
154,Workpiece1 - Training,154,420,30,300,5.506031893,3.810050008,6.06,8.08,8.02,1.96
155,Workpiece1 - Training,155,420,30,330,6.68420033,4.570217805,6.72,8.44,9.83,3.11
156,Workpiece1 - Training,156,420,35,0,7.581699407,4.29345033,9.91,8.82,9.64,0.27
157,Workpiece1 - Training,157,420,35,30,7.261594909,4.113199718,8.84,7.33,8.61,0.24
158,Workpiece1 - Training,158,420,35,60,6.932398123,5.307119381,15.64,8.23,10.11,5.53
159,Workpiece1 - Training,159,420,35,90,3.958340438,3.375300365,11.00,7.21,12.38,1.38
160,Workpiece1 - Validation,160,420,35,120,3.924259469,3.16705361,15.06,10.37,10.45,4.61
161,Workpiece1 - Validation,161,420,35,150,5.380371802,3.132744329,11.81,10.13,11.08,0.73
162,Workpiece1 - Training,162,420,35,180,3.254930637,2.59360694,11.84,5.71,11.14,0.70
163,Workpiece1 - Training,163,420,35,210,3.917319264,3.133671162,8.11,6.65,9.45,1.34
164,Workpiece1 - Training,164,420,35,240,4.500598849,3.036597591,7.96,6.87,7.29,0.67
165,Workpiece1 - Training,165,420,35,270,6.120012767,4.417463936,14.81,5.62,11.41,3.40
166,Workpiece1 - Validation,166,420,35,300,5.478340736,3.47077512,5.92,8.24,8.95,3.03
167,Workpiece1 - Training,167,420,35,330,6.450404701,3.754012383,7.94,7.76,10.17,2.23
168,Workpiece1 - Training,168,440,5,0,7.561522104,5.304801532,47.16,10.91,21.91,25.24
169,Workpiece1 - Validation,169,440,5,30,6.785581276,4.152800782,19.52,8.86,19.31,0.21
170,Workpiece1 - Training,170,440,5,60,7.423865212,4.275257892,14.72,11.93,15.63,0.92
171,Workpiece1 - Training,171,440,5,90,8.027005324,4.89256277,13.53,8.93,16.17,2.64
172,Workpiece1 - Training,172,440,5,120,4.44545734,3.41565487,13.24,6.34,11.65,1.59
173,Workpiece1 - Training,173,440,5,150,4.133352303,3.321009649,10.22,8.19,9.12,1.09
174,Workpiece1 - Validation,174,440,5,180,7.666475345,3.873126888,7.39,6.31,9.15,1.76
175,Workpiece1 - Training,175,440,5,210,4.898282375,2.902599061,7.81,6.16,8.66,0.85
176,Workpiece1 - Training,176,440,5,240,3.835165472,2.91236516,9.72,5.08,9.49,0.22
177,Workpiece1 - Training,177,440,5,270,4.042756907,3.356747829,10.17,4.75,9.51,0.66
178,Workpiece1 - Training,178,440,5,300,11.38730378,4.633255074,19.04,11.48,13.33,5.71
179,Workpiece1 - Training,179,440,5,330,14.99045049,3.81939071,17.94,7.98,10.91,7.03
180,Workpiece1 - Training,180,440,10,0,11.65914793,4.404189684,7.07,9.10,7.37,0.30
181,Workpiece1 - Training,181,440,10,30,10.76066653,4.714134936,10.14,8.75,7.88,2.25
182,Workpiece1 - Training,182,440,10,60,5.367403875,4.483070286,11.62,6.79,8.94,2.68
183,Workpiece1 - Training,183,440,10,90,4.832228468,4.538693457,11.15,7.95,9.43,1.71
184,Workpiece1 - Training,184,440,10,120,4.216643524,3.261184561,8.14,8.37,8.93,0.79
185,Workpiece1 - Training,185,440,10,150,4.227629433,3.373684301,8.21,10.73,9.32,1.11
186,Workpiece1 - Training,186,440,10,180,5.258680672,2.750208921,8.04,7.44,9.04,0.99
187,Workpiece1 - Validation,187,440,10,210,4.460261137,3.939139363,7.28,6.81,7.63,0.35
188,Workpiece1 - Validation,188,440,10,240,5.59656386,4.554719762,7.54,10.75,7.55,0.01
189,Workpiece1 - Validation,189,440,10,270,9.978850757,5.047084142,9.78,4.66,11.01,1.23
190,Workpiece1 - Validation,190,440,10,300,18.14371538,5.857390737,10.28,7.08,12.56,2.28
191,Workpiece1 - Validation,191,440,10,330,5.14194317,3.501497118,7.98,7.59,9.04,1.06
192,Workpiece1 - Training,192,440,15,0,6.534984695,3.50114818,7.81,8.42,8.94,1.13
193,Workpiece1 - Training,193,440,15,30,4.723778077,3.343559086,6.95,6.51,8.00,1.05
194,Workpiece1 - Training,194,440,15,60,6.615109263,4.199313989,8.21,7.37,8.49,0.28
195,Workpiece1 - Training,195,440,15,90,4.13065064,3.275504129,9.38,7.79,10.39,1.01
196,Workpiece1 - Training,196,440,15,120,4.959236039,3.341986735,7.73,9.40,9.68,1.95
197,Workpiece1 - Training,197,440,15,150,5.642666441,3.041159946,8.45,10.84,8.64,0.18
198,Workpiece1 - Training,198,440,15,180,4.696796298,3.508918158,7.80,7.55,8.68,0.88
199,Workpiece1 - Training,199,440,15,210,4.161347944,2.96303043,7.22,5.50,7.97,0.75
200,Workpiece1 - Training,200,440,15,240,4.343639943,2.837950546,8.68,5.39,8.03,0.65
201,Workpiece1 - Validation,201,440,15,270,5.50223477,4.18551136,8.81,5.23,10.65,1.85
202,Workpiece1 - Training,202,440,15,300,5.016126974,4.189820589,7.45,7.24,8.34,0.89
203,Workpiece1 - Training,203,440,15,330,5.670814884,3.142133476,6.10,7.87,9.14,3.03
204,Workpiece1 - Training,204,440,20,0,5.288664719,3.592305401,7.37,7.92,8.83,1.46
205,Workpiece1 - Validation,205,440,20,30,4.277020879,3.072044672,7.36,6.14,7.82,0.46
206,Workpiece1 - Training,206,440,20,60,4.64228201,3.318841496,7.85,7.91,9.61,1.76
207,Workpiece1 - Validation,207,440,20,90,3.943805463,3.792293513,10.79,7.85,9.96,0.83
208,Workpiece1 - Training,208,440,20,120,6.095954248,2.638242832,9.34,5.91,8.79,0.55
209,Workpiece1 - Training,209,440,20,150,5.197497285,3.148523886,8.84,9.32,10.00,1.16
210,Workpiece1 - Training,210,440,20,180,4.368487966,3.265666675,9.06,7.11,9.73,0.67
211,Workpiece1 - Training,211,440,20,210,5.456083975,4.088835461,8.79,6.37,8.57,0.21
212,Workpiece1 - Validation,212,440,20,240,4.356009482,3.021904355,7.54,6.29,8.06,0.52
213,Workpiece1 - Training,213,440,20,270,4.397074785,3.061269546,12.15,5.47,10.69,1.46
214,Workpiece1 - Validation,214,440,20,300,5.85874045,4.133376267,8.51,7.60,7.17,1.34
215,Workpiece1 - Training,215,440,20,330,4.104165466,3.685889256,6.99,8.10,8.47,1.48
216,Workpiece1 - Training,216,440,25,0,4.746949307,3.178683879,9.37,8.12,8.82,0.56
217,Workpiece1 - Validation,217,440,25,30,4.039349776,3.761498613,8.11,6.98,8.55,0.44
218,Workpiece1 - Training,218,440,25,60,4.284050855,3.097992457,8.41,7.51,9.11,0.71
219,Workpiece1 - Training,219,440,25,90,5.255102899,3.033233914,11.39,7.51,13.53,2.14
220,Workpiece1 - Training,220,440,25,120,4.702781686,3.420924799,11.91,5.54,9.26,2.65
221,Workpiece1 - Training,221,440,25,150,5.04052582,4.053337078,8.96,6.15,8.90,0.06
222,Workpiece1 - Training,222,440,25,180,4.167819778,3.082711579,11.05,6.05,9.87,1.17
223,Workpiece1 - Training,223,440,25,210,5.314448184,3.659896449,8.72,5.71,9.16,0.44
224,Workpiece1 - Training,224,440,25,240,6.051950643,4.41411319,7.15,7.40,8.20,1.04
225,Workpiece1 - Training,225,440,25,270,5.689304822,3.341694702,10.42,6.86,10.45,0.03
226,Workpiece1 - Training,226,440,25,300,4.100315632,2.952522837,6.77,8.04,8.99,2.22
227,Workpiece1 - Training,227,440,25,330,7.022797672,4.387102285,6.39,8.41,9.60,3.22
228,Workpiece1 - Training,228,440,30,0,4.652540736,3.272600034,9.23,8.26,9.62,0.39
229,Workpiece1 - Training,229,440,30,30,4.648443913,3.251069608,8.38,7.24,9.49,1.11
230,Workpiece1 - Training,230,440,30,60,5.134747463,3.517198303,9.50,7.25,9.79,0.30
231,Workpiece1 - Training,231,440,30,90,4.237114908,3.840574221,12.22,7.12,15.39,3.17
232,Workpiece1 - Training,232,440,30,120,4.280606,3.614335532,12.29,10.36,10.49,1.80
233,Workpiece1 - Training,233,440,30,150,5.722941864,3.835005653,11.68,9.41,10.90,0.78
234,Workpiece1 - Training,234,440,30,180,5.443255961,4.698775161,12.74,6.89,10.49,2.24
235,Workpiece1 - Validation,235,440,30,210,6.634229595,3.922702562,7.50,8.35,8.96,1.46
236,Workpiece1 - Training,236,440,30,240,5.744994351,3.990618029,7.60,6.06,8.37,0.77
237,Workpiece1 - Training,237,440,30,270,5.585972156,4.518748339,9.82,6.90,10.73,0.91
238,Workpiece1 - Training,238,440,30,300,5.411542668,3.602967987,6.22,7.73,9.62,3.41
239,Workpiece1 - Training,239,440,30,330,4.77682554,3.074404297,7.32,8.18,9.66,2.34
240,Workpiece1 - Training,240,440,35,0,5.794853463,3.900968702,10.83,8.82,9.30,1.53
241,Workpiece1 - Validation,241,440,35,30,3.479119401,2.274791779,9.12,7.35,8.91,0.21
242,Workpiece1 - Training,242,440,35,60,4.15757006,2.990319682,10.56,8.23,11.36,0.81
243,Workpiece1 - Validation,243,440,35,90,3.493202567,3.006422751,13.63,6.99,13.02,0.61
244,Workpiece1 - Training,244,440,35,120,6.036176995,4.044332243,11.31,10.41,10.66,0.65
245,Workpiece1 - Training,245,440,35,150,4.877454015,3.430871635,11.87,10.10,10.83,1.04
246,Workpiece1 - Training,246,440,35,180,4.826496363,4.147616813,13.25,6.08,11.15,2.10
247,Workpiece1 - Training,247,440,35,210,5.580951047,4.637532334,8.26,6.66,9.59,1.33
248,Workpiece1 - Training,248,440,35,240,7.981879925,4.357892013,7.86,6.76,7.85,0.01
249,Workpiece1 - Training,249,440,35,270,5.154974113,3.862305143,12.82,5.90,11.92,0.90
250,Workpiece1 - Training,250,440,35,300,6.307658224,5.07228587,7.10,8.24,10.60,3.50
251,Workpiece1 - Validation,251,440,35,330,5.140254001,3.544556379,7.65,7.81,9.91,2.26
252,Workpiece1 - Validation,252,460,5,0,3.6185971,2.35816714,16.35,8.16,24.70,8.35
253,Workpiece1 - Training,253,460,5,30,4.373103768,3.05994412,19.81,8.95,19.81,0.00
254,Workpiece1 - Training,254,460,5,60,5.21374694,3.709451261,17.28,8.45,14.88,2.40
255,Workpiece1 - Training,255,460,5,90,4.245990169,2.871210527,16.61,7.65,16.73,0.12
256,Workpiece1 - Training,256,460,5,120,3.522692067,3.380128045,10.92,7.22,13.60,2.68
257,Workpiece1 - Validation,257,460,5,150,7.912670903,4.841674288,9.96,6.95,9.20,0.75
258,Workpiece1 - Training,258,460,5,180,6.033800504,4.29248541,8.10,6.23,8.10,0.00
259,Workpiece1 - Validation,259,460,5,210,6.231896726,4.131979118,8.09,6.10,8.72,0.62
260,Workpiece1 - Training,260,460,5,240,8.388705875,5.757408735,9.69,11.88,8.47,1.22
261,Workpiece1 - Training,261,460,5,270,5.610942147,4.361225443,11.21,6.13,11.19,0.02
262,Workpiece1 - Training,262,460,5,300,5.573132022,4.535329235,16.64,8.99,14.02,2.62
263,Workpiece1 - Validation,263,460,5,330,5.162575013,3.200910893,21.15,7.98,11.78,9.36
264,Workpiece1 - Validation,264,460,10,0,6.30431631,5.051574763,8.95,9.18,7.67,1.28
265,Workpiece1 - Training,265,460,10,30,5.296941005,4.079524939,10.60,8.58,7.84,2.75
266,Workpiece1 - Training,266,460,10,60,4.36953041,3.534752241,8.52,6.75,10.35,1.83
267,Workpiece1 - Training,267,460,10,90,5.497928633,4.202574571,12.00,8.02,9.64,2.36
268,Workpiece1 - Training,268,460,10,120,3.973452686,3.07228908,8.06,8.38,9.16,1.10
269,Workpiece1 - Validation,269,460,10,150,3.455006581,3.27599243,8.85,10.60,8.75,0.10
270,Workpiece1 - Validation,270,460,10,180,12.05895406,4.794627988,8.68,7.40,8.82,0.14
271,Workpiece1 - Training,271,460,10,210,13.10015574,5.445127289,7.63,6.85,7.84,0.21
272,Workpiece1 - Training,272,460,10,240,17.60696795,4.692164927,7.77,11.40,7.25,0.52
273,Workpiece1 - Validation,273,460,10,270,9.598221978,4.958183457,10.84,5.47,12.26,1.43
274,Workpiece1 - Training,274,460,10,300,3.779482803,3.296240043,9.27,7.07,11.99,2.71
275,Workpiece1 - Training,275,460,10,330,5.818340224,4.137213715,9.40,7.26,8.92,0.48
276,Workpiece1 - Validation,276,460,15,0,4.975540648,3.948347542,9.34,8.50,8.51,0.82
277,Workpiece1 - Training,277,460,15,30,4.812594689,3.844681908,7.75,6.51,8.49,0.74
278,Workpiece1 - Training,278,460,15,60,4.752977547,3.511258616,8.29,7.38,8.54,0.25
279,Workpiece1 - Training,279,460,15,90,4.766244343,3.931741973,8.75,7.75,10.32,1.57
280,Workpiece1 - Training,280,460,15,120,7.097014123,4.356767828,8.83,9.40,9.54,0.71
281,Workpiece1 - Training,281,460,15,150,9.444593353,7.244114886,8.00,10.86,8.95,0.95
282,Workpiece1 - Training,282,460,15,180,9.58781309,4.181117335,9.99,7.70,8.70,1.29
283,Workpiece1 - Training,283,460,15,210,5.233688266,3.878372056,7.87,5.55,8.08,0.21
284,Workpiece1 - Training,284,460,15,240,6.274572868,3.328448211,7.99,5.39,7.55,0.44
285,Workpiece1 - Training,285,460,15,270,2.984613897,2.214943801,11.21,5.92,10.38,0.83
286,Workpiece1 - Training,286,460,15,300,5.082938785,3.558423609,8.20,7.19,7.70,0.50
287,Workpiece1 - Training,287,460,15,330,6.782863995,4.633998186,8.29,7.88,8.08,0.21
288,Workpiece1 - Training,288,460,20,0,4.674298548,3.202006238,7.88,8.08,9.69,1.81
289,Workpiece1 - Training,289,460,20,30,4.292892405,3.700751032,7.56,6.65,7.39,0.17
290,Workpiece1 - Training,290,460,20,60,5.139185207,3.656811639,8.57,7.88,9.16,0.59
291,Workpiece1 - Training,291,460,20,90,4.360709716,2.981568684,10.04,7.80,9.63,0.40
292,Workpiece1 - Training,292,460,20,120,3.842983459,2.781351061,7.73,5.76,8.72,0.98
293,Workpiece1 - Validation,293,460,20,150,7.692284914,4.010190553,9.38,9.32,8.94,0.44
294,Workpiece1 - Training,294,460,20,180,9.340624303,5.24957868,10.83,7.29,9.67,1.16
295,Workpiece1 - Validation,295,460,20,210,4.104504447,3.302043555,9.56,6.40,8.41,1.14
296,Workpiece1 - Training,296,460,20,240,3.370482327,2.909125824,7.66,6.30,8.39,0.73
297,Workpiece1 - Training,297,460,20,270,5.516030867,3.851628357,12.48,5.87,11.50,0.97
298,Workpiece1 - Training,298,460,20,300,4.849286353,3.212799762,8.30,7.66,7.28,1.02
299,Workpiece1 - Training,299,460,20,330,4.888418207,3.639939359,8.37,8.15,8.52,0.15
300,Workpiece1 - Training,300,460,25,0,5.422185235,4.529367152,8.46,8.11,9.79,1.33
301,Workpiece1 - Training,301,460,25,30,5.472065807,3.497943197,8.04,7.15,8.15,0.10
302,Workpiece1 - Training,302,460,25,60,4.08295466,3.425525813,9.94,7.52,9.67,0.28
303,Workpiece1 - Validation,303,460,25,90,6.334952396,3.895964136,11.14,7.48,13.58,2.44
304,Workpiece1 - Training,304,460,25,120,4.217764652,3.078450055,10.96,5.55,8.90,2.06
305,Workpiece1 - Training,305,460,25,150,5.036732578,2.928872183,10.02,6.24,9.06,0.97
306,Workpiece1 - Validation,306,460,25,180,7.699154683,3.771871367,10.53,6.16,9.77,0.76
307,Workpiece1 - Training,307,460,25,210,4.599631749,2.673267855,9.46,5.94,8.32,1.14
308,Workpiece1 - Validation,308,460,25,240,6.124930514,3.365181797,8.50,7.49,8.62,0.12
309,Workpiece1 - Validation,309,460,25,270,4.627328434,3.03736328,10.75,7.86,9.70,1.05
310,Workpiece1 - Training,310,460,25,300,4.49002225,3.924840142,7.58,8.04,9.64,2.06
311,Workpiece1 - Training,311,460,25,330,5.330607684,3.378822334,6.74,8.50,9.56,2.82
312,Workpiece1 - Training,312,460,30,0,4.805676864,3.729920645,10.56,8.25,10.44,0.12
313,Workpiece1 - Validation,313,460,30,30,6.9232006,4.896079911,8.66,7.24,9.01,0.34
314,Workpiece1 - Training,314,460,30,60,4.829484657,3.82765538,9.11,7.39,9.89,0.77
315,Workpiece1 - Validation,315,460,30,90,6.389079409,3.626474574,11.14,7.19,14.55,3.41
316,Workpiece1 - Training,316,460,30,120,6.279690605,4.308025136,12.63,10.40,9.22,3.41
317,Workpiece1 - Training,317,460,30,150,5.010420973,3.133347912,9.27,9.54,10.64,1.37
318,Workpiece1 - Training,318,460,30,180,8.794378692,2.507376567,11.65,6.87,10.39,1.27
319,Workpiece1 - Validation,319,460,30,210,5.851993119,3.276452372,9.22,8.06,9.19,0.03
320,Workpiece1 - Training,320,460,30,240,7.877412202,3.885202978,8.07,6.02,8.64,0.57
321,Workpiece1 - Training,321,460,30,270,4.129227042,3.02504585,10.12,6.20,13.60,3.48
322,Workpiece1 - Training,322,460,30,300,5.275003336,3.329408939,7.55,7.71,9.62,2.07
323,Workpiece1 - Training,323,460,30,330,5.357706461,4.000052268,7.10,8.20,9.57,2.46
324,Workpiece1 - Training,324,460,35,0,4.213565834,3.693318101,13.02,8.70,10.12,2.90
325,Workpiece1 - Training,325,460,35,30,5.802610256,3.925517854,10.45,7.79,8.13,2.32
326,Workpiece1 - Training,326,460,35,60,6.054980574,5.266470837,10.72,8.34,11.25,0.53
327,Workpiece1 - Training,327,460,35,90,5.65569276,4.042869094,14.94,7.11,13.50,1.44
328,Workpiece1 - Validation,328,460,35,120,5.524352174,4.189380673,10.21,10.55,10.02,0.20
329,Workpiece1 - Training,329,460,35,150,5.411655375,3.139889888,10.40,10.08,11.12,0.72
330,Workpiece1 - Validation,330,460,35,180,6.499958003,4.768078692,11.50,6.14,11.31,0.20
331,Workpiece1 - Training,331,460,35,210,3.784832744,3.092229325,9.79,6.79,10.69,0.89
332,Workpiece1 - Training,332,460,35,240,4.805353416,3.445071009,8.36,6.76,7.80,0.57
333,Workpiece1 - Training,333,460,35,270,8.168131664,3.330340287,10.87,5.97,12.41,1.54
334,Workpiece1 - Training,334,460,35,300,4.319255299,3.07421705,7.36,8.21,10.17,2.81
335,Workpiece1 - Training,335,460,35,330,4.567301818,3.263410553,6.91,7.81,10.70,3.78
336,Workpiece1 - Training,336,480,5,0,6.873953088,4.58496188,17.19,8.17,23.16,5.97
337,Workpiece1 - Training,337,480,5,30,4.995204066,3.64497692,19.30,7.58,22.13,2.83
338,Workpiece1 - Training,338,480,5,60,4.962722445,4.113431594,23.46,8.55,14.78,8.68
339,Workpiece1 - Validation,339,480,5,90,6.687221352,5.350032089,15.69,8.00,16.37,0.68
340,Workpiece1 - Training,340,480,5,120,6.194442807,3.138513484,11.22,8.05,12.80,1.58
341,Workpiece1 - Training,341,480,5,150,7.748268917,4.415411913,9.42,10.14,9.67,0.24
342,Workpiece1 - Training,342,480,5,180,5.671720174,4.187141727,9.23,6.30,8.77,0.46
343,Workpiece1 - Validation,343,480,5,210,9.949631081,4.797556515,8.85,6.15,8.72,0.14
344,Workpiece1 - Validation,344,480,5,240,5.318956774,3.888550271,10.02,6.29,9.88,0.14
345,Workpiece1 - Validation,345,480,5,270,4.495247784,3.230134364,12.33,6.22,12.70,0.37
346,Workpiece1 - Training,346,480,5,300,7.956306512,3.877565912,17.89,9.34,12.20,5.69
347,Workpiece1 - Training,347,480,5,330,4.194413094,3.354553959,14.21,7.99,9.79,4.42
348,Workpiece1 - Validation,348,480,10,0,4.07143736,3.419334963,9.41,8.11,7.93,1.48
349,Workpiece1 - Training,349,480,10,30,7.791897476,4.965436032,10.23,8.66,7.47,2.75
350,Workpiece1 - Validation,350,480,10,60,5.66829529,3.929604537,9.09,6.70,9.15,0.06
351,Workpiece1 - Training,351,480,10,90,8.028351854,3.274916107,12.54,8.10,9.45,3.10
352,Workpiece1 - Training,352,480,10,120,6.179099516,4.27649731,8.40,8.30,8.92,0.52
353,Workpiece1 - Training,353,480,10,150,8.397804728,5.582641874,8.40,10.60,9.40,1.01
354,Workpiece1 - Training,354,480,10,180,6.399229247,5.101123491,9.22,7.41,9.01,0.21
355,Workpiece1 - Training,355,480,10,210,4.84343625,4.190448155,7.82,6.76,7.44,0.38
356,Workpiece1 - Training,356,480,10,240,11.15343445,5.770302098,7.25,11.40,7.29,0.03
357,Workpiece1 - Training,357,480,10,270,5.844413914,4.073496906,12.76,5.73,12.53,0.22
358,Workpiece1 - Training,358,480,10,300,3.730543666,3.845711143,14.96,7.10,13.45,1.51
359,Workpiece1 - Validation,359,480,10,330,8.623120211,4.380699803,7.78,7.29,9.91,2.12
360,Workpiece1 - Training,360,480,15,0,4.699810356,3.425243439,9.74,8.42,8.70,1.04
361,Workpiece1 - Training,361,480,15,30,3.976679631,3.390608851,8.42,7.01,8.18,0.24
362,Workpiece1 - Training,362,480,15,60,5.238559289,4.11974138,8.87,7.39,8.22,0.65
363,Workpiece1 - Validation,363,480,15,90,14.8726835,5.856690349,10.96,7.66,10.01,0.95
364,Workpiece1 - Training,364,480,15,120,27.65319816,5.40038768,9.50,10.97,9.04,0.46
365,Workpiece1 - Training,365,480,15,150,12.50128111,4.307951155,7.91,10.85,9.45,1.54
366,Workpiece1 - Validation,366,480,15,180,8.965109381,5.237870392,10.72,7.76,8.89,1.82
367,Workpiece1 - Training,367,480,15,210,4.58472947,4.301631893,7.83,5.52,8.09,0.26
368,Workpiece1 - Training,368,480,15,240,6.064946629,4.430029611,8.52,5.42,7.61,0.91
369,Workpiece1 - Training,369,480,15,270,4.579547366,3.687534834,12.46,6.00,11.66,0.81
370,Workpiece1 - Training,370,480,15,300,4.869890176,3.578763554,9.96,7.26,8.57,1.38
371,Workpiece1 - Training,371,480,15,330,5.125431621,4.216731052,7.92,8.06,9.85,1.93
372,Workpiece1 - Validation,372,480,20,0,6.587641202,4.466572482,8.76,8.04,11.42,2.66
373,Workpiece1 - Training,373,480,20,30,4.310934496,3.070504843,8.99,6.66,7.62,1.38
374,Workpiece1 - Training,374,480,20,60,8.629139844,5.128224607,8.84,7.88,8.60,0.24
375,Workpiece1 - Training,375,480,20,90,9.891674357,3.788537037,12.75,7.54,10.49,2.26
376,Workpiece1 - Training,376,480,20,120,5.03539811,3.703278568,9.13,5.77,8.85,0.28
377,Workpiece1 - Training,377,480,20,150,5.70632751,3.646100623,10.41,8.18,10.21,0.20
378,Workpiece1 - Training,378,480,20,180,6.13304396,3.447638436,11.01,7.05,9.97,1.04
379,Workpiece1 - Training,379,480,20,210,7.244909127,4.907990536,8.59,6.40,8.43,0.17
380,Workpiece1 - Training,380,480,20,240,6.220228032,2.945129971,9.71,6.12,8.48,1.23
381,Workpiece1 - Training,381,480,20,270,5.645324954,3.378149208,12.77,6.63,12.29,0.48
382,Workpiece1 - Training,382,480,20,300,5.54492798,3.92568588,7.64,7.33,7.33,0.31
383,Workpiece1 - Training,383,480,20,330,5.254798933,3.094078134,8.97,8.13,9.84,0.87
384,Workpiece1 - Training,384,480,25,0,4.573342037,2.506988153,9.84,8.14,10.01,0.18
385,Workpiece1 - Validation,385,480,25,30,4.563567108,3.360435717,8.12,7.16,8.56,0.44
386,Workpiece1 - Training,386,480,25,60,7.230283647,4.376648499,10.01,7.53,9.64,0.38
387,Workpiece1 - Validation,387,480,25,90,8.484904077,3.580085827,12.18,7.49,14.02,1.84
388,Workpiece1 - Training,388,480,25,120,4.703007072,3.269320504,10.07,5.56,8.79,1.28
389,Workpiece1 - Validation,389,480,25,150,5.441709821,4.011748302,10.07,6.24,9.49,0.58
390,Workpiece1 - Training,390,480,25,180,5.075723095,3.245262381,11.72,6.26,10.37,1.36
391,Workpiece1 - Training,391,480,25,210,5.07698376,3.89886863,7.25,5.85,8.64,1.39
392,Workpiece1 - Training,392,480,25,240,4.724972995,4.514131161,8.82,7.48,9.67,0.86
393,Workpiece1 - Training,393,480,25,270,5.546348158,3.368821479,12.79,7.24,12.05,0.73
394,Workpiece1 - Training,394,480,25,300,4.674786667,3.402293145,7.64,8.04,8.97,1.34
395,Workpiece1 - Training,395,480,25,330,7.854949982,3.323334865,8.15,8.53,9.25,1.10
396,Workpiece1 - Training,396,480,30,0,5.642008813,4.357488935,11.64,8.24,9.67,1.97
397,Workpiece1 - Training,397,480,30,30,5.253768544,3.158192093,9.10,7.19,9.17,0.07
398,Workpiece1 - Training,398,480,30,60,5.469337611,3.277916815,9.39,7.42,9.58,0.19
399,Workpiece1 - Training,399,480,30,90,7.946423006,4.374397259,13.00,7.19,13.81,0.81
400,Workpiece1 - Training,400,480,30,120,6.635452129,2.881595288,12.48,10.57,10.52,1.96
401,Workpiece1 - Validation,401,480,30,150,4.562808723,3.365411366,10.22,9.52,10.33,0.10
402,Workpiece1 - Training,402,480,30,180,4.864256631,4.026178703,14.85,8.02,10.77,4.08
403,Workpiece1 - Training,403,480,30,210,4.758294136,3.482073325,9.44,10.19,9.59,0.15
404,Workpiece1 - Training,404,480,30,240,5.419632436,3.698841302,8.15,6.01,8.47,0.32
405,Workpiece1 - Training,405,480,30,270,7.14043686,5.321301517,12.99,7.61,11.75,1.24
406,Workpiece1 - Training,406,480,30,300,5.341514371,2.501702251,7.95,7.71,9.97,2.02
407,Workpiece1 - Training,407,480,30,330,5.811598371,3.836884581,7.86,8.16,9.15,1.29
408,Workpiece1 - Training,408,480,35,0,6.924131147,3.270584467,13.18,8.73,9.33,3.84
409,Workpiece1 - Training,409,480,35,30,5.062452185,4.538574457,9.89,7.79,7.99,1.90
410,Workpiece1 - Training,410,480,35,60,4.796315029,3.517748044,10.83,8.03,10.60,0.24
411,Workpiece1 - Training,411,480,35,90,5.049387992,3.129623017,14.91,7.01,14.02,0.89
412,Workpiece1 - Training,412,480,35,120,7.554244195,4.170166273,11.77,10.22,9.64,2.14
413,Workpiece1 - Validation,413,480,35,150,4.447246961,3.111699931,9.27,9.92,10.62,1.35
414,Workpiece1 - Training,414,480,35,180,5.782494439,3.247869016,17.31,6.11,11.51,5.80
415,Workpiece1 - Training,415,480,35,210,5.398676551,4.234574839,10.28,6.90,10.15,0.13
416,Workpiece1 - Training,416,480,35,240,3.934971249,3.770155217,7.87,6.70,7.85,0.01
417,Workpiece1 - Training,417,480,35,270,3.275627895,2.760289881,14.01,5.31,13.20,0.81
418,Workpiece1 - Training,418,480,35,300,6.46627095,3.875570159,8.64,8.21,10.15,1.51
419,Workpiece1 - Training,419,480,35,330,5.214776415,5.297936442,7.64,7.80,10.44,2.80
420,Workpiece1 - Training,420,500,5,0,6.201096815,4.091317857,20.55,8.18,16.43,4.12
421,Workpiece1 - Training,421,500,5,30,5.414101579,3.710617662,34.19,7.69,22.35,11.84
422,Workpiece1 - Training,422,500,5,60,5.381880801,4.6704645,17.78,6.87,16.02,1.76
423,Workpiece1 - Training,423,500,5,90,4.097631545,3.148234218,15.22,7.23,13.66,1.56
424,Workpiece1 - Training,424,500,5,120,4.936653974,3.323729789,10.10,8.08,11.47,1.37
425,Workpiece1 - Training,425,500,5,150,8.646535392,4.917847075,11.06,10.55,9.34,1.72
426,Workpiece1 - Training,426,500,5,180,3.912577822,3.244384867,8.82,6.34,9.07,0.26
427,Workpiece1 - Training,427,500,5,210,5.573341119,3.511876974,8.96,6.13,8.67,0.30
428,Workpiece1 - Training,428,500,5,240,4.266883154,3.527246574,10.64,6.31,10.03,0.62
429,Workpiece1 - Training,429,500,5,270,4.824810318,4.359253622,12.08,6.65,10.31,1.76
430,Workpiece1 - Training,430,500,5,300,5.339901575,4.111078255,14.68,5.25,12.24,2.44
431,Workpiece1 - Training,431,500,5,330,5.212693746,4.301908065,14.40,8.00,10.88,3.52
432,Workpiece1 - Training,432,500,10,0,6.047384655,5.518156056,9.01,8.11,8.33,0.68
433,Workpiece1 - Validation,433,500,10,30,8.239189424,4.424088904,9.75,8.65,8.06,1.68
434,Workpiece1 - Training,434,500,10,60,5.091339526,4.21918285,10.14,6.70,9.43,0.72
435,Workpiece1 - Validation,435,500,10,90,5.422169754,5.023522801,13.15,8.04,9.79,3.36
436,Workpiece1 - Training,436,500,10,120,5.478939034,3.529769942,9.74,8.30,8.84,0.90
437,Workpiece1 - Training,437,500,10,150,4.267818501,3.08118563,9.45,10.62,9.18,0.27
438,Workpiece1 - Training,438,500,10,180,8.762860393,4.673938077,9.95,7.37,8.62,1.33
439,Workpiece1 - Training,439,500,10,210,5.430782937,2.521115724,8.89,6.78,7.68,1.21
440,Workpiece1 - Training,440,500,10,240,4.079474365,3.359356914,8.52,11.37,7.44,1.08
441,Workpiece1 - Training,441,500,10,270,4.923578805,3.688618845,12.59,5.95,12.16,0.43
442,Workpiece1 - Training,442,500,10,300,5.893102275,2.811710851,12.68,7.10,13.62,0.95
443,Workpiece1 - Validation,443,500,10,330,5.236445763,3.319374306,8.19,7.32,8.74,0.55
444,Workpiece1 - Training,444,500,15,0,9.610482562,3.038228184,9.86,8.48,8.92,0.94
445,Workpiece1 - Validation,445,500,15,30,6.60505973,3.624060588,8.70,7.05,8.32,0.38
446,Workpiece1 - Training,446,500,15,60,6.787640534,4.912184651,9.28,7.51,8.54,0.74
447,Workpiece1 - Training,447,500,15,90,5.618859094,3.371090023,10.41,7.65,9.64,0.78
448,Workpiece1 - Validation,448,500,15,120,4.433455967,2.513256766,9.39,10.97,8.91,0.48
449,Workpiece1 - Validation,449,500,15,150,4.915823205,3.21888994,8.43,10.74,8.96,0.53
450,Workpiece1 - Validation,450,500,15,180,3.506638284,2.300781627,10.44,7.82,9.06,1.38
451,Workpiece1 - Training,451,500,15,210,3.76459751,2.447121322,8.87,5.52,7.85,1.02
452,Workpiece1 - Training,452,500,15,240,3.929051141,3.302382006,9.20,5.41,7.48,1.72
453,Workpiece1 - Training,453,500,15,270,7.512836964,2.615134256,13.38,6.49,11.86,1.52
454,Workpiece1 - Training,454,500,15,300,7.129301346,3.309176783,10.05,7.26,8.47,1.59
455,Workpiece1 - Training,455,500,15,330,6.693902364,3.444586609,8.38,7.52,8.27,0.10
456,Workpiece1 - Training,456,500,20,0,6.74929115,3.811101429,9.11,8.05,12.69,3.58
457,Workpiece1 - Training,457,500,20,30,6.925053766,3.945623455,8.52,6.67,7.82,0.71
458,Workpiece1 - Validation,458,500,20,60,6.551477245,4.626202813,9.32,8.01,8.76,0.56
459,Workpiece1 - Validation,459,500,20,90,4.69276425,3.125260812,13.40,7.61,11.05,2.35
460,Workpiece1 - Training,460,500,20,120,4.11295213,2.691139788,10.14,5.76,8.65,1.49
461,Workpiece1 - Training,461,500,20,150,5.679268037,3.257154194,10.58,8.20,9.63,0.95
462,Workpiece1 - Training,462,500,20,180,2.802529216,2.378581873,9.96,6.63,10.29,0.33
463,Workpiece1 - Training,463,500,20,210,4.506514904,3.061187321,8.71,5.76,8.23,0.48
464,Workpiece1 - Training,464,500,20,240,4.179584523,3.404749009,8.71,6.06,8.55,0.16
465,Workpiece1 - Validation,465,500,20,270,7.229518112,3.473157625,12.59,6.80,13.05,0.46
466,Workpiece1 - Validation,466,500,20,300,6.783619352,3.247936163,7.86,7.33,8.17,0.30
467,Workpiece1 - Training,467,500,20,330,12.06781329,5.162981661,9.39,8.12,9.72,0.34
468,Workpiece1 - Training,468,500,25,0,10.61096729,4.454697442,9.85,8.12,11.02,1.17
469,Workpiece1 - Training,469,500,25,30,7.201446031,4.376319944,7.86,7.08,8.61,0.75
470,Workpiece1 - Training,470,500,25,60,10.72701686,4.751194199,10.80,7.53,9.54,1.26
471,Workpiece1 - Training,471,500,25,90,6.907022968,3.181873725,11.55,7.46,14.27,2.72
472,Workpiece1 - Validation,472,500,25,120,4.252600309,2.718758063,10.53,5.54,8.84,1.70
473,Workpiece1 - Training,473,500,25,150,5.19391595,3.244748619,9.48,5.16,9.09,0.39
474,Workpiece1 - Validation,474,500,25,180,3.249552877,2.677421532,10.43,6.84,10.72,0.29
475,Workpiece1 - Training,475,500,25,210,3.970075906,2.706649347,7.70,5.81,8.85,1.15
476,Workpiece1 - Training,476,500,25,240,13.87348732,5.380371322,8.80,7.70,7.91,0.89
477,Workpiece1 - Training,477,500,25,270,18.16886346,4.108435738,14.42,12.15,12.39,2.03
478,Workpiece1 - Training,478,500,25,300,10.54703197,5.607153033,7.46,8.04,9.29,1.83
479,Workpiece1 - Training,479,500,25,330,11.56280853,3.887503097,9.46,8.53,9.61,0.15
480,Workpiece1 - Validation,480,500,30,0,5.079869713,5.589091749,9.62,8.30,9.76,0.14
481,Workpiece1 - Training,481,500,30,30,4.761330483,3.49745068,9.67,7.12,9.18,0.49
482,Workpiece1 - Training,482,500,30,60,4.320092263,3.248758592,9.83,7.42,9.31,0.52
483,Workpiece1 - Training,483,500,30,90,4.235761143,3.288113929,12.41,7.19,14.10,1.69
484,Workpiece1 - Validation,484,500,30,120,4.170755534,4.327483914,13.09,11.05,8.98,4.11
485,Workpiece1 - Training,485,500,30,150,5.578744515,3.628035932,9.52,9.53,10.38,0.86
486,Workpiece1 - Training,486,500,30,180,8.160360062,5.843711996,10.78,9.45,10.33,0.45
487,Workpiece1 - Training,487,500,30,210,17.50630257,3.987178391,9.50,10.22,8.67,0.82
488,Workpiece1 - Validation,488,500,30,240,5.127973078,3.413261841,7.86,5.89,8.50,0.65
489,Workpiece1 - Training,489,500,30,270,6.969163561,2.824861588,14.46,9.04,12.08,2.38
490,Workpiece1 - Training,490,500,30,300,4.790507813,3.096036012,7.88,7.69,10.03,2.14
491,Workpiece1 - Validation,491,500,30,330,6.78600479,4.145437178,8.92,8.16,8.98,0.05
492,Workpiece3,0,400,5,0,23.87,10.39,34.26,13.48,10.44,23.83
493,Workpiece3,1,400,5,30,8.13,6.38,14.51,1.76,11.72,2.79
494,Workpiece3,2,400,5,60,5.98,5.51,11.49,0.47,11.51,0.02
495,Workpiece3,3,400,5,90,4.28,3.11,7.39,1.18,11.51,4.12
496,Workpiece3,4,400,5,120,3.25,3.98,7.23,0.73,11.51,4.28
497,Workpiece3,5,400,5,150,3.49,4.23,7.72,0.74,11.42,3.70
498,Workpiece3,6,400,5,180,3.55,3.16,6.71,0.38,10.90,4.19
499,Workpiece3,7,400,5,210,3.43,4.20,7.63,0.77,11.09,3.46
500,Workpiece3,8,400,5,240,3.35,4.05,7.41,0.70,11.89,4.49
501,Workpiece3,9,400,5,270,4.06,3.76,7.82,0.30,11.28,3.46
502,Workpiece3,10,400,5,300,5.03,5.35,10.38,0.33,12.13,1.75
503,Workpiece3,11,400,5,330,9.89,7.96,17.85,1.93,11.50,6.35
504,Workpiece3,12,400,10,0,4.67,4.37,9.04,0.29,10.98,1.95
505,Workpiece3,13,400,10,30,3.62,3.39,7.01,0.23,9.92,2.92
506,Workpiece3,14,400,10,60,5.70,4.33,10.04,1.37,11.61,1.58
507,Workpiece3,15,400,10,90,4.43,3.14,7.57,1.29,10.06,2.49
508,Workpiece3,16,400,10,120,3.36,2.53,5.89,0.82,11.88,5.99
509,Workpiece3,17,400,10,150,3.41,2.61,6.02,0.80,10.60,4.58
510,Workpiece3,18,400,10,180,3.30,3.09,6.39,0.21,10.12,3.73
511,Workpiece3,19,400,10,210,3.39,2.66,6.05,0.73,9.36,3.31
512,Workpiece3,20,400,10,240,3.21,2.44,5.64,0.77,10.80,5.16
513,Workpiece3,21,400,10,270,3.84,3.60,7.44,0.24,12.28,4.84
514,Workpiece3,22,400,10,300,5.63,3.98,9.62,1.65,12.56,2.94
515,Workpiece3,23,400,10,330,3.73,3.33,7.06,0.39,11.69,4.63
516,Workpiece3,24,400,15,0,3.75,3.40,7.15,0.35,11.47,4.31
517,Workpiece3,25,400,15,30,3.65,2.85,6.50,0.80,11.07,4.56
518,Workpiece3,26,400,15,60,4.25,3.39,7.64,0.85,10.31,2.67
519,Workpiece3,27,400,15,90,3.99,3.22,7.22,0.77,11.80,4.58
520,Workpiece3,28,400,15,120,3.04,2.28,5.33,0.76,10.94,5.61
521,Workpiece3,29,400,15,150,3.16,2.65,5.81,0.51,10.35,4.54
522,Workpiece3,30,400,15,180,2.97,3.10,6.07,0.13,10.27,4.20
523,Workpiece3,31,400,15,210,3.04,2.46,5.50,0.58,10.12,4.62
524,Workpiece3,32,400,15,240,3.26,2.53,5.79,0.73,10.30,4.52
525,Workpiece3,33,400,15,270,3.64,3.32,6.96,0.32,11.02,4.06
526,Workpiece3,34,400,15,300,3.64,3.06,6.70,0.58,12.01,5.32
527,Workpiece3,35,400,15,330,3.71,3.01,6.72,0.70,11.75,5.03
528,Workpiece3,36,400,20,0,3.50,3.09,6.59,0.42,12.04,5.45
529,Workpiece3,37,400,20,30,3.42,2.62,6.04,0.79,10.15,4.11
530,Workpiece3,38,400,20,60,3.56,3.14,6.69,0.42,9.75,3.06
531,Workpiece3,39,400,20,90,3.82,3.33,7.14,0.49,11.45,4.31
532,Workpiece3,40,400,20,120,3.02,2.51,5.53,0.52,9.98,4.46
533,Workpiece3,41,400,20,150,2.80,2.61,5.41,0.19,10.86,5.45
534,Workpiece3,42,400,20,180,2.80,3.13,5.93,0.33,9.46,3.53
535,Workpiece3,43,400,20,210,2.70,2.42,5.12,0.28,10.32,5.20
536,Workpiece3,44,400,20,240,3.29,2.63,5.91,0.66,10.52,4.61
537,Workpiece3,45,400,20,270,3.52,3.42,6.94,0.09,11.31,4.37
538,Workpiece3,46,400,20,300,3.55,2.89,6.44,0.66,10.89,4.45
539,Workpiece3,47,400,20,330,3.18,2.52,5.70,0.67,13.09,7.39
540,Workpiece3,48,400,25,0,2.77,2.76,5.53,0.02,10.68,5.15
541,Workpiece3,49,400,25,30,3.22,2.41,5.63,0.81,10.54,4.91
542,Workpiece3,50,400,25,60,3.22,2.72,5.95,0.50,10.96,5.01
543,Workpiece3,51,400,25,90,3.21,3.14,6.35,0.07,11.50,5.15
544,Workpiece3,52,400,25,120,2.71,2.39,5.10,0.33,9.24,4.14
545,Workpiece3,53,400,25,150,2.78,2.69,5.47,0.09,10.27,4.80
546,Workpiece3,54,400,25,180,2.49,3.03,5.52,0.53,9.48,3.97
547,Workpiece3,55,400,25,210,2.62,2.26,4.88,0.35,11.64,6.76
548,Workpiece3,56,400,25,240,3.01,2.37,5.38,0.64,11.66,6.28
549,Workpiece3,57,400,25,270,3.16,3.33,6.49,0.17,11.86,5.37
550,Workpiece3,58,400,25,300,3.42,2.67,6.09,0.75,12.06,5.96
551,Workpiece3,59,400,25,330,2.84,2.23,5.07,0.61,12.19,7.12
552,Workpiece3,60,400,30,0,2.34,2.25,4.58,0.09,11.99,7.40
553,Workpiece3,61,400,30,30,2.45,2.11,4.56,0.35,8.97,4.41
554,Workpiece3,62,400,30,60,3.12,2.28,5.39,0.84,11.00,5.60
555,Workpiece3,63,400,30,90,3.27,3.07,6.34,0.21,11.10,4.77
556,Workpiece3,64,400,30,120,2.76,2.58,5.34,0.18,9.94,4.61
557,Workpiece3,65,400,30,150,2.72,2.65,5.37,0.07,10.80,5.42
558,Workpiece3,66,400,30,180,2.50,3.29,5.79,0.80,9.25,3.46
559,Workpiece3,67,400,30,210,2.55,2.22,4.77,0.33,12.00,7.23
560,Workpiece3,68,400,30,240,2.73,2.30,5.02,0.43,11.77,6.75
561,Workpiece3,69,400,30,270,2.49,2.60,5.09,0.11,12.38,7.29
562,Workpiece3,70,400,30,300,3.30,2.53,5.83,0.76,12.59,6.76
563,Workpiece3,71,400,30,330,2.43,2.02,4.44,0.41,12.60,8.16
564,Workpiece3,72,420,5,0,16.89,9.14,26.03,7.75,11.11,14.92
565,Workpiece3,73,420,5,30,16.31,6.80,23.12,9.51,10.22,12.90
566,Workpiece3,74,420,5,60,5.69,4.89,10.58,0.81,10.48,0.10
567,Workpiece3,75,420,5,90,4.55,3.88,8.42,0.67,11.57,3.14
568,Workpiece3,76,420,5,120,3.59,3.62,7.21,0.04,11.18,3.97
569,Workpiece3,77,420,5,150,3.51,3.33,6.84,0.18,11.02,4.18
570,Workpiece3,78,420,5,180,3.57,3.44,7.01,0.12,10.59,3.58
571,Workpiece3,79,420,5,210,3.53,3.48,7.00,0.05,10.79,3.79
572,Workpiece3,80,420,5,240,3.58,3.49,7.06,0.09,11.31,4.25
573,Workpiece3,81,420,5,270,4.04,3.96,8.00,0.08,11.99,3.99
574,Workpiece3,82,420,5,300,3.96,4.10,8.07,0.14,12.42,4.35
575,Workpiece3,83,420,5,330,8.14,6.38,14.51,1.76,11.09,3.42
576,Workpiece3,84,420,10,0,5.46,4.45,9.91,1.01,10.95,1.04
577,Workpiece3,85,420,10,30,4.63,4.32,8.95,0.31,10.85,1.90
578,Workpiece3,86,420,10,60,5.69,4.36,10.05,1.32,10.75,0.70
579,Workpiece3,87,420,10,90,4.30,3.64,7.94,0.66,11.10,3.16
580,Workpiece3,88,420,10,120,3.58,2.94,6.52,0.64,11.10,4.58
581,Workpiece3,89,420,10,150,3.80,3.14,6.93,0.66,11.03,4.09
582,Workpiece3,90,420,10,180,3.63,3.44,7.07,0.20,10.28,3.21
583,Workpiece3,91,420,10,210,3.39,2.79,6.18,0.61,9.62,3.44
584,Workpiece3,92,420,10,240,3.42,2.66,6.08,0.77,10.57,4.49
585,Workpiece3,93,420,10,270,4.25,3.87,8.12,0.39,12.40,4.28
586,Workpiece3,94,420,10,300,5.11,3.82,8.93,1.29,12.20,3.27
587,Workpiece3,95,420,10,330,4.24,3.92,8.16,0.32,11.84,3.67
588,Workpiece3,96,420,15,0,3.94,3.55,7.48,0.39,12.97,5.49
589,Workpiece3,97,420,15,30,4.06,3.15,7.22,0.91,10.40,3.18
590,Workpiece3,98,420,15,60,4.81,4.26,9.07,0.55,11.26,2.19
591,Workpiece3,99,420,15,90,4.12,4.14,8.26,0.02,11.86,3.60
592,Workpiece3,100,420,15,120,3.46,2.84,6.30,0.62,12.12,5.82
593,Workpiece3,101,420,15,150,3.66,3.03,6.69,0.62,10.51,3.82
594,Workpiece3,102,420,15,180,3.37,3.46,6.83,0.09,10.00,3.17
595,Workpiece3,103,420,15,210,3.50,2.88,6.38,0.61,10.03,3.65
596,Workpiece3,104,420,15,240,3.67,2.76,6.44,0.91,11.24,4.80
597,Workpiece3,105,420,15,270,3.64,3.56,7.20,0.07,12.04,4.84
598,Workpiece3,106,420,15,300,3.85,3.39,7.24,0.46,12.13,4.88
599,Workpiece3,107,420,15,330,3.81,3.03,6.85,0.78,11.50,4.65
600,Workpiece3,108,420,20,0,3.81,3.83,7.64,0.02,10.56,2.92
601,Workpiece3,109,420,20,30,3.85,3.07,6.92,0.78,10.68,3.76
602,Workpiece3,110,420,20,60,3.65,3.45,7.10,0.20,9.78,2.68
603,Workpiece3,111,420,20,90,3.56,3.96,7.51,0.40,11.41,3.89
604,Workpiece3,112,420,20,120,3.38,2.75,6.14,0.63,9.45,3.31
605,Workpiece3,113,420,20,150,3.28,3.05,6.33,0.23,11.13,4.80
606,Workpiece3,114,420,20,180,3.15,3.52,6.66,0.37,10.01,3.35
607,Workpiece3,115,420,20,210,3.12,2.70,5.82,0.43,9.66,3.85
608,Workpiece3,116,420,20,240,3.34,2.62,5.95,0.72,10.58,4.62
609,Workpiece3,117,420,20,270,3.67,3.39,7.06,0.27,10.84,3.77
610,Workpiece3,118,420,20,300,3.87,3.10,6.97,0.77,10.73,3.76
611,Workpiece3,119,420,20,330,3.54,2.90,6.44,0.63,13.02,6.58
612,Workpiece3,120,420,25,0,3.45,3.58,7.02,0.13,11.59,4.57
613,Workpiece3,121,420,25,30,3.46,2.72,6.18,0.73,10.75,4.57
614,Workpiece3,122,420,25,60,3.49,3.04,6.53,0.45,11.84,5.30
615,Workpiece3,123,420,25,90,3.63,3.83,7.47,0.20,11.59,4.12
616,Workpiece3,124,420,25,120,3.20,2.68,5.89,0.52,10.12,4.23
617,Workpiece3,125,420,25,150,2.81,2.64,5.44,0.17,10.24,4.80
618,Workpiece3,126,420,25,180,2.87,3.43,6.30,0.55,9.45,3.14
619,Workpiece3,127,420,25,210,2.99,2.58,5.58,0.41,11.60,6.02
620,Workpiece3,128,420,25,240,3.29,2.66,5.95,0.63,11.30,5.35
621,Workpiece3,129,420,25,270,3.10,2.87,5.96,0.23,11.22,5.25
622,Workpiece3,130,420,25,300,3.68,2.83,6.51,0.86,12.30,5.79
623,Workpiece3,131,420,25,330,3.03,2.57,5.60,0.46,13.33,7.74
624,Workpiece3,132,420,30,0,2.87,3.22,6.09,0.35,12.19,6.09
625,Workpiece3,133,420,30,30,3.14,2.39,5.53,0.75,9.28,3.75
626,Workpiece3,134,420,30,60,3.38,2.62,6.00,0.75,10.41,4.41
627,Workpiece3,135,420,30,90,3.19,3.49,6.68,0.29,10.43,3.75
628,Workpiece3,136,420,30,120,2.90,2.73,5.63,0.17,9.77,4.14
629,Workpiece3,137,420,30,150,2.88,2.78,5.65,0.10,10.86,5.21
630,Workpiece3,138,420,30,180,2.79,3.38,6.18,0.59,9.35,3.17
631,Workpiece3,139,420,30,210,2.74,2.55,5.28,0.19,12.35,7.07
632,Workpiece3,140,420,30,240,2.88,2.59,5.46,0.29,11.76,6.29
633,Workpiece3,141,420,30,270,3.19,3.25,6.43,0.06,12.32,5.88
634,Workpiece3,142,420,30,300,3.56,2.72,6.28,0.84,13.05,6.77
635,Workpiece3,143,420,30,330,2.60,2.13,4.73,0.48,12.41,7.68
636,Workpiece3,144,440,5,0,20.03,9.00,29.04,11.03,8.93,20.11
637,Workpiece3,145,440,5,30,16.66,7.45,24.11,9.21,10.26,13.85
638,Workpiece3,146,440,5,60,9.08,5.55,14.63,3.53,11.16,3.47
639,Workpiece3,147,440,5,90,4.83,4.39,9.22,0.44,11.64,2.42
640,Workpiece3,148,440,5,120,3.88,3.67,7.55,0.20,11.31,3.76
641,Workpiece3,149,440,5,150,3.77,3.52,7.30,0.25,10.82,3.52
642,Workpiece3,150,440,5,180,3.72,3.49,7.21,0.24,10.21,3.00
643,Workpiece3,151,440,5,210,3.76,3.63,7.40,0.13,10.28,2.89
644,Workpiece3,152,440,5,240,3.73,3.54,7.27,0.19,12.14,4.87
645,Workpiece3,153,440,5,270,4.47,4.23,8.70,0.23,12.93,4.24
646,Workpiece3,154,440,5,300,4.68,4.35,9.02,0.33,12.63,3.61
647,Workpiece3,155,440,5,330,6.87,5.77,12.65,1.10,11.10,1.55
648,Workpiece3,156,440,10,0,5.34,4.68,10.02,0.65,11.08,1.06
649,Workpiece3,157,440,10,30,4.66,4.40,9.06,0.26,11.40,2.34
650,Workpiece3,158,440,10,60,5.85,4.58,10.43,1.27,10.82,0.39
651,Workpiece3,159,440,10,90,4.76,4.49,9.26,0.27,10.77,1.51
652,Workpiece3,160,440,10,120,3.77,3.05,6.82,0.72,11.40,4.57
653,Workpiece3,161,440,10,150,4.04,3.07,7.10,0.97,11.17,4.06
654,Workpiece3,162,440,10,180,3.91,3.64,7.56,0.27,10.17,2.61
655,Workpiece3,163,440,10,210,4.05,3.13,7.17,0.92,9.58,2.41
656,Workpiece3,164,440,10,240,3.64,2.78,6.43,0.86,10.93,4.50
657,Workpiece3,165,440,10,270,3.99,4.27,8.26,0.27,11.88,3.62
658,Workpiece3,166,440,10,300,4.87,3.91,8.77,0.96,12.34,3.56
659,Workpiece3,167,440,10,330,4.59,3.95,8.54,0.63,11.61,3.07
660,Workpiece3,168,440,15,0,4.36,3.83,8.19,0.53,11.09,2.90
661,Workpiece3,169,440,15,30,4.37,3.49,7.86,0.88,10.81,2.95
662,Workpiece3,170,440,15,60,4.62,3.95,8.56,0.67,10.37,1.81
663,Workpiece3,171,440,15,90,4.59,4.60,9.19,0.01,10.30,1.11
664,Workpiece3,172,440,15,120,4.03,3.16,7.19,0.88,11.63,4.44
665,Workpiece3,173,440,15,150,3.95,3.26,7.20,0.69,10.23,3.03
666,Workpiece3,174,440,15,180,3.66,3.52,7.18,0.14,10.00,2.82
667,Workpiece3,175,440,15,210,3.81,2.91,6.72,0.89,9.41,2.69
668,Workpiece3,176,440,15,240,3.78,2.81,6.59,0.97,10.76,4.17
669,Workpiece3,177,440,15,270,3.63,3.51,7.15,0.12,12.36,5.21
670,Workpiece3,178,440,15,300,3.90,3.31,7.21,0.59,12.37,5.16
671,Workpiece3,179,440,15,330,4.03,3.06,7.09,0.97,10.87,3.78
672,Workpiece3,180,440,20,0,3.96,3.87,7.83,0.09,10.79,2.96
673,Workpiece3,181,440,20,30,4.25,3.42,7.67,0.83,10.35,2.68
674,Workpiece3,182,440,20,60,4.05,3.47,7.52,0.58,10.54,3.01
675,Workpiece3,183,440,20,90,3.91,4.40,8.32,0.49,12.26,3.94
676,Workpiece3,184,440,20,120,3.72,2.82,6.54,0.90,9.90,3.37
677,Workpiece3,185,440,20,150,3.37,2.96,6.33,0.40,11.05,4.72
678,Workpiece3,186,440,20,180,3.18,3.43,6.62,0.25,10.02,3.40
679,Workpiece3,187,440,20,210,3.21,2.61,5.82,0.60,10.00,4.17
680,Workpiece3,188,440,20,240,3.37,2.68,6.04,0.69,11.40,5.35
681,Workpiece3,189,440,20,270,3.83,3.90,7.72,0.07,11.44,3.72
682,Workpiece3,190,440,20,300,3.74,2.98,6.72,0.76,11.43,4.71
683,Workpiece3,191,440,20,330,3.58,2.81,6.39,0.77,12.83,6.44
684,Workpiece3,192,440,25,0,3.58,3.52,7.10,0.06,11.39,4.30
685,Workpiece3,193,440,25,30,3.82,3.14,6.96,0.67,10.24,3.28
686,Workpiece3,194,440,25,60,3.68,2.94,6.61,0.74,12.15,5.53
687,Workpiece3,195,440,25,90,3.48,4.11,7.59,0.63,12.00,4.41
688,Workpiece3,196,440,25,120,3.56,3.01,6.57,0.55,9.33,2.76
689,Workpiece3,197,440,25,150,3.33,3.05,6.38,0.27,10.22,3.84
690,Workpiece3,198,440,25,180,3.06,3.51,6.58,0.45,9.09,2.51
691,Workpiece3,199,440,25,210,2.69,2.29,4.99,0.40,11.19,6.21
692,Workpiece3,200,440,25,240,3.15,2.64,5.79,0.50,12.19,6.40
693,Workpiece3,201,440,25,270,3.40,3.32,6.72,0.08,12.12,5.41
694,Workpiece3,202,440,25,300,3.72,2.89,6.61,0.82,12.26,5.65
695,Workpiece3,203,440,25,330,3.22,2.63,5.85,0.60,11.51,5.66
696,Workpiece3,204,440,30,0,3.01,3.44,6.45,0.43,10.27,3.83
697,Workpiece3,205,440,30,30,3.42,2.55,5.97,0.87,9.43,3.46
698,Workpiece3,206,440,30,60,3.48,2.58,6.06,0.89,10.29,4.23
699,Workpiece3,207,440,30,90,2.91,3.57,6.49,0.66,9.67,3.18
700,Workpiece3,208,440,30,120,2.77,2.42,5.19,0.34,10.15,4.96
701,Workpiece3,209,440,30,150,2.90,2.77,5.66,0.13,10.50,4.83
702,Workpiece3,210,440,30,180,2.73,3.45,6.18,0.72,9.33,3.15
703,Workpiece3,211,440,30,210,2.68,2.38,5.06,0.30,12.05,6.99
704,Workpiece3,212,440,30,240,3.15,2.64,5.79,0.50,11.81,6.02
705,Workpiece3,213,440,30,270,2.97,3.14,6.10,0.17,12.37,6.27
706,Workpiece3,214,440,30,300,3.38,2.73,6.12,0.65,13.00,6.89
707,Workpiece3,215,440,30,330,2.83,2.52,5.34,0.31,12.47,7.13
708,Workpiece3,216,460,5,0,14.35,8.13,22.49,6.22,10.45,12.04
709,Workpiece3,217,460,5,30,18.52,8.00,26.52,10.52,10.72,15.80
710,Workpiece3,218,460,5,60,9.10,4.97,14.07,4.13,11.29,2.77
711,Workpiece3,219,460,5,90,4.81,4.18,8.99,0.63,10.83,1.84
712,Workpiece3,220,460,5,120,3.87,3.53,7.40,0.34,10.95,3.55
713,Workpiece3,221,460,5,150,3.56,3.18,6.74,0.38,10.87,4.13
714,Workpiece3,222,460,5,180,3.67,3.18,6.85,0.50,10.32,3.47
715,Workpiece3,223,460,5,210,3.56,3.21,6.76,0.35,9.88,3.12
716,Workpiece3,224,460,5,240,3.77,3.57,7.34,0.21,10.97,3.63
717,Workpiece3,225,460,5,270,4.79,4.18,8.97,0.61,12.74,3.77
718,Workpiece3,226,460,5,300,6.76,4.04,10.80,2.72,12.93,2.13
719,Workpiece3,227,460,5,330,8.27,6.73,15.00,1.54,11.54,3.46
720,Workpiece3,228,460,10,0,4.92,4.31,9.23,0.61,10.93,1.70
721,Workpiece3,229,460,10,30,5.12,4.03,9.15,1.09,10.96,1.82
722,Workpiece3,230,460,10,60,5.52,4.44,9.96,1.08,10.87,0.91
723,Workpiece3,231,460,10,90,4.47,4.37,8.84,0.09,10.89,2.06
724,Workpiece3,232,460,10,120,3.53,2.72,6.25,0.81,10.82,4.56
725,Workpiece3,233,460,10,150,3.81,2.88,6.70,0.93,10.76,4.06
726,Workpiece3,234,460,10,180,3.78,3.40,7.18,0.37,10.13,2.95
727,Workpiece3,235,460,10,210,3.82,2.90,6.72,0.91,8.72,2.01
728,Workpiece3,236,460,10,240,3.52,2.77,6.30,0.75,10.49,4.19
729,Workpiece3,237,460,10,270,4.50,4.55,9.05,0.05,12.38,3.33
730,Workpiece3,238,460,10,300,5.43,4.46,9.89,0.97,12.07,2.19
731,Workpiece3,239,460,10,330,4.67,3.73,8.40,0.95,11.82,3.41
732,Workpiece3,240,460,15,0,4.00,3.50,7.51,0.50,12.29,4.78
733,Workpiece3,241,460,15,30,4.31,3.45,7.75,0.86,11.04,3.29
734,Workpiece3,242,460,15,60,4.79,3.83,8.61,0.96,10.85,2.23
735,Workpiece3,243,460,15,90,4.23,4.49,8.73,0.26,10.66,1.94
736,Workpiece3,244,460,15,120,3.97,3.08,7.06,0.89,12.01,4.96
737,Workpiece3,245,460,15,150,3.65,2.73,6.37,0.92,10.13,3.76
738,Workpiece3,246,460,15,180,3.55,3.51,7.06,0.04,9.96,2.91
739,Workpiece3,247,460,15,210,3.88,2.91,6.79,0.97,10.18,3.39
740,Workpiece3,248,460,15,240,3.78,2.91,6.70,0.87,10.98,4.28
741,Workpiece3,249,460,15,270,3.96,3.80,7.75,0.16,11.95,4.20
742,Workpiece3,250,460,15,300,4.13,3.49,7.62,0.64,11.69,4.07
743,Workpiece3,251,460,15,330,3.70,2.88,6.58,0.82,10.96,4.38
744,Workpiece3,252,460,20,0,3.69,3.53,7.23,0.16,11.28,4.06
745,Workpiece3,253,460,20,30,3.75,2.92,6.67,0.82,10.05,3.38
746,Workpiece3,254,460,20,60,3.88,3.28,7.15,0.60,10.98,3.83
747,Workpiece3,255,460,20,90,3.75,4.15,7.91,0.40,11.04,3.13
748,Workpiece3,256,460,20,120,3.67,2.91,6.58,0.76,9.46,2.88
749,Workpiece3,257,460,20,150,3.23,2.84,6.06,0.39,11.04,4.98
750,Workpiece3,258,460,20,180,3.31,3.48,6.79,0.18,10.04,3.25
751,Workpiece3,259,460,20,210,3.25,2.65,5.89,0.60,9.89,4.00
752,Workpiece3,260,460,20,240,3.01,2.40,5.40,0.61,11.06,5.66
753,Workpiece3,261,460,20,270,3.62,3.61,7.23,0.02,11.52,4.30
754,Workpiece3,262,460,20,300,3.56,2.90,6.46,0.66,11.02,4.55
755,Workpiece3,263,460,20,330,3.73,2.90,6.63,0.83,12.67,6.05
756,Workpiece3,264,460,25,0,3.73,3.67,7.39,0.06,11.37,3.97
757,Workpiece3,265,460,25,30,3.60,2.94,6.54,0.66,11.19,4.65
758,Workpiece3,266,460,25,60,3.69,2.98,6.67,0.71,10.26,3.60
759,Workpiece3,267,460,25,90,3.30,3.72,7.01,0.42,11.95,4.93
760,Workpiece3,268,460,25,120,3.03,2.62,5.64,0.41,9.44,3.80
761,Workpiece3,269,460,25,150,3.37,3.02,6.38,0.35,9.93,3.55
762,Workpiece3,270,460,25,180,3.01,3.45,6.46,0.43,9.98,3.52
763,Workpiece3,271,460,25,210,2.94,2.43,5.37,0.52,11.24,5.86
764,Workpiece3,272,460,25,240,3.12,2.38,5.50,0.74,11.49,5.99
765,Workpiece3,273,460,25,270,3.41,3.50,6.91,0.09,11.72,4.81
766,Workpiece3,274,460,25,300,3.33,2.63,5.96,0.70,12.32,6.36
767,Workpiece3,275,460,25,330,3.32,2.72,6.04,0.59,11.01,4.97
768,Workpiece3,276,460,30,0,3.17,3.31,6.48,0.14,10.53,4.06
769,Workpiece3,277,460,30,30,3.63,2.70,6.32,0.93,9.44,3.12
770,Workpiece3,278,460,30,60,3.82,3.04,6.85,0.78,10.78,3.92
771,Workpiece3,279,460,30,90,2.95,3.72,6.67,0.77,10.45,3.78
772,Workpiece3,280,460,30,120,2.98,2.58,5.56,0.40,9.57,4.01
773,Workpiece3,281,460,30,150,3.22,3.12,6.34,0.10,10.42,4.08
774,Workpiece3,282,460,30,180,3.16,3.68,6.84,0.52,9.85,3.01
775,Workpiece3,283,460,30,210,2.61,2.30,4.91,0.31,12.25,7.34
776,Workpiece3,284,460,30,240,3.09,2.48,5.58,0.61,12.01,6.43
777,Workpiece3,285,460,30,270,3.12,3.24,6.35,0.12,12.20,5.85
778,Workpiece3,286,460,30,300,3.29,2.56,5.85,0.72,13.01,7.16
779,Workpiece3,287,460,30,330,3.17,2.82,5.98,0.35,12.85,6.87
780,Workpiece3,288,480,5,0,15.96,7.51,23.47,8.45,10.35,13.12
781,Workpiece3,289,480,5,30,13.23,8.10,21.33,5.14,11.53,9.80
782,Workpiece3,290,480,5,60,6.23,5.70,11.93,0.53,11.17,0.76
783,Workpiece3,291,480,5,90,5.26,4.20,9.46,1.06,11.54,2.09
784,Workpiece3,292,480,5,120,4.06,3.85,7.92,0.21,10.57,2.65
785,Workpiece3,293,480,5,150,4.01,3.61,7.62,0.41,10.68,3.06
786,Workpiece3,294,480,5,180,4.29,3.71,8.01,0.58,10.96,2.95
787,Workpiece3,295,480,5,210,4.24,3.89,8.13,0.36,10.00,1.87
788,Workpiece3,296,480,5,240,4.02,3.67,7.69,0.34,11.30,3.61
789,Workpiece3,297,480,5,270,4.90,4.04,8.94,0.87,12.07,3.13
790,Workpiece3,298,480,5,300,7.54,4.77,12.31,2.77,12.62,0.32
791,Workpiece3,299,480,5,330,7.16,6.11,13.28,1.05,11.11,2.16
792,Workpiece3,300,480,10,0,4.67,4.49,9.16,0.18,11.37,2.21
793,Workpiece3,301,480,10,30,5.18,4.32,9.50,0.86,11.20,1.70
794,Workpiece3,302,480,10,60,6.29,4.83,11.12,1.46,10.22,0.89
795,Workpiece3,303,480,10,90,4.92,4.84,9.75,0.08,10.38,0.63
796,Workpiece3,304,480,10,120,3.88,3.16,7.05,0.72,12.06,5.01
797,Workpiece3,305,480,10,150,4.12,3.20,7.32,0.93,11.03,3.71
798,Workpiece3,306,480,10,180,4.06,3.88,7.95,0.18,9.75,1.81
799,Workpiece3,307,480,10,210,4.04,3.13,7.18,0.91,9.75,2.57
800,Workpiece3,308,480,10,240,3.98,2.98,6.96,1.00,10.85,3.89
801,Workpiece3,309,480,10,270,5.06,4.51,9.57,0.55,12.47,2.91
802,Workpiece3,310,480,10,300,7.41,4.26,11.67,3.15,11.90,0.23
803,Workpiece3,311,480,10,330,5.39,4.06,9.45,1.34,13.43,3.98
804,Workpiece3,312,480,15,0,4.14,3.75,7.89,0.39,10.08,2.19
805,Workpiece3,313,480,15,30,3.85,3.16,7.01,0.68,10.30,3.29
806,Workpiece3,314,480,15,60,5.03,3.67,8.70,1.36,10.48,1.78
807,Workpiece3,315,480,15,90,4.62,4.83,9.45,0.20,10.69,1.24
808,Workpiece3,316,480,15,120,3.75,3.02,6.77,0.73,10.53,3.76
809,Workpiece3,317,480,15,150,3.93,3.14,7.07,0.79,10.17,3.10
810,Workpiece3,318,480,15,180,3.88,3.71,7.59,0.18,9.74,2.15
811,Workpiece3,319,480,15,210,4.06,3.09,7.14,0.97,9.97,2.82
812,Workpiece3,320,480,15,240,3.50,2.67,6.17,0.83,10.90,4.73
813,Workpiece3,321,480,15,270,4.61,4.40,9.01,0.22,11.56,2.55
814,Workpiece3,322,480,15,300,4.21,3.43,7.64,0.78,10.27,2.63
815,Workpiece3,323,480,15,330,3.82,3.05,6.87,0.76,11.06,4.19
816,Workpiece3,324,480,20,0,4.02,3.66,7.68,0.37,11.48,3.80
817,Workpiece3,325,480,20,30,3.84,2.88,6.71,0.96,10.48,3.76
818,Workpiece3,326,480,20,60,4.21,3.37,7.58,0.83,10.67,3.09
819,Workpiece3,327,480,20,90,4.00,4.31,8.31,0.30,11.92,3.60
820,Workpiece3,328,480,20,120,3.80,2.92,6.72,0.88,9.25,2.53
821,Workpiece3,329,480,20,150,3.82,3.16,6.97,0.66,10.91,3.94
822,Workpiece3,330,480,20,180,3.14,3.22,6.36,0.08,10.17,3.81
823,Workpiece3,331,480,20,210,3.43,2.78,6.21,0.66,10.44,4.23
824,Workpiece3,332,480,20,240,3.37,2.70,6.07,0.66,10.84,4.77
825,Workpiece3,333,480,20,270,3.92,4.06,7.98,0.14,11.46,3.48
826,Workpiece3,334,480,20,300,3.61,2.64,6.25,0.97,11.24,4.99
827,Workpiece3,335,480,20,330,3.92,3.28,7.19,0.64,12.10,4.91
828,Workpiece3,336,480,25,0,3.47,3.68,7.15,0.22,10.74,3.59
829,Workpiece3,337,480,25,30,3.77,2.96,6.73,0.82,10.67,3.94
830,Workpiece3,338,480,25,60,3.50,2.90,6.40,0.60,10.65,4.26
831,Workpiece3,339,480,25,90,4.02,4.70,8.72,0.68,12.34,3.62
832,Workpiece3,340,480,25,120,3.44,2.90,6.35,0.54,9.61,3.26
833,Workpiece3,341,480,25,150,3.13,2.86,5.99,0.28,10.14,4.15
834,Workpiece3,342,480,25,180,3.28,3.63,6.91,0.36,9.48,2.57
835,Workpiece3,343,480,25,210,3.38,2.87,6.25,0.51,11.22,4.98
836,Workpiece3,344,480,25,240,3.23,2.61,5.84,0.61,11.68,5.84
837,Workpiece3,345,480,25,270,4.50,3.88,8.37,0.62,11.34,2.96
838,Workpiece3,346,480,25,300,3.28,2.66,5.94,0.62,12.19,6.25
839,Workpiece3,347,480,25,330,3.51,3.28,6.79,0.23,13.35,6.56
840,Workpiece3,348,480,30,0,3.06,3.41,6.47,0.35,10.76,4.29
841,Workpiece3,349,480,30,30,3.28,2.62,5.90,0.66,9.43,3.53
842,Workpiece3,350,480,30,60,3.57,2.81,6.37,0.76,10.27,3.89
843,Workpiece3,351,480,30,90,3.64,4.05,7.68,0.41,10.59,2.91
844,Workpiece3,352,480,30,120,3.21,2.66,5.87,0.55,10.22,4.36
845,Workpiece3,353,480,30,150,3.22,2.92,6.14,0.30,10.14,4.00
846,Workpiece3,354,480,30,180,3.06,3.39,6.45,0.33,10.27,3.82
847,Workpiece3,355,480,30,210,2.67,2.50,5.17,0.17,12.11,6.94
848,Workpiece3,356,480,30,240,3.20,2.62,5.82,0.58,12.02,6.20
849,Workpiece3,357,480,30,270,4.07,4.21,8.27,0.14,11.96,3.69
850,Workpiece3,358,480,30,300,3.29,2.74,6.03,0.55,13.33,7.30
851,Workpiece3,359,480,30,330,3.08,2.67,5.75,0.40,12.25,6.50
852,Workpiece3,360,500,5,0,14.68,8.19,22.87,6.49,11.72,11.15
853,Workpiece3,361,500,5,30,12.97,8.08,21.06,4.89,10.91,10.14
854,Workpiece3,362,500,5,60,7.26,5.10,12.37,2.16,9.96,2.41
855,Workpiece3,363,500,5,90,5.95,4.66,10.60,1.29,11.49,0.89
856,Workpiece3,364,500,5,120,4.37,4.14,8.51,0.23,10.57,2.06
857,Workpiece3,365,500,5,150,3.73,3.36,7.08,0.37,10.72,3.64
858,Workpiece3,366,500,5,180,3.62,3.08,6.70,0.54,10.70,4.01
859,Workpiece3,367,500,5,210,3.84,3.27,7.11,0.57,10.58,3.47
860,Workpiece3,368,500,5,240,3.70,3.45,7.15,0.25,11.43,4.27
861,Workpiece3,369,500,5,270,4.86,4.67,9.53,0.18,12.22,2.69
862,Workpiece3,370,500,5,300,6.21,5.47,11.68,0.74,12.69,1.01
863,Workpiece3,371,500,5,330,10.61,7.55,18.17,3.06,11.54,6.63
864,Workpiece3,372,500,10,0,4.35,4.25,8.60,0.10,11.49,2.90
865,Workpiece3,373,500,10,30,5.41,4.15,9.56,1.26,10.71,1.15
866,Workpiece3,374,500,10,60,5.80,4.87,10.67,0.94,10.40,0.27
867,Workpiece3,375,500,10,90,7.20,6.14,13.34,1.06,10.72,2.62
868,Workpiece3,376,500,10,120,4.03,3.11,7.14,0.93,10.00,2.86
869,Workpiece3,377,500,10,150,4.00,2.86,6.86,1.14,11.17,4.31
870,Workpiece3,378,500,10,180,3.90,3.37,7.26,0.53,10.69,3.42
871,Workpiece3,379,500,10,210,4.04,2.90,6.95,1.14,9.78,2.83
872,Workpiece3,380,500,10,240,3.82,2.62,6.44,1.19,10.68,4.24
873,Workpiece3,381,500,10,270,4.45,4.31,8.76,0.14,12.22,3.46
874,Workpiece3,382,500,10,300,5.19,3.93,9.12,1.27,12.77,3.64
875,Workpiece3,383,500,10,330,5.64,4.01,9.64,1.63,11.62,1.97
876,Workpiece3,384,500,15,0,3.75,3.36,7.11,0.39,9.62,2.51
877,Workpiece3,385,500,15,30,3.78,2.80,6.58,0.98,11.45,4.88
878,Workpiece3,386,500,15,60,4.82,4.39,9.21,0.43,11.00,1.79
879,Workpiece3,387,500,15,90,4.61,4.56,9.17,0.05,9.53,0.36
880,Workpiece3,388,500,15,120,4.06,3.01,7.07,1.05,11.12,4.05
881,Workpiece3,389,500,15,150,3.93,3.00,6.92,0.93,10.16,3.24
882,Workpiece3,390,500,15,180,3.69,3.29,6.99,0.40,9.78,2.79
883,Workpiece3,391,500,15,210,3.86,2.86,6.72,0.99,9.51,2.78
884,Workpiece3,392,500,15,240,3.75,2.87,6.62,0.88,10.32,3.70
885,Workpiece3,393,500,15,270,4.22,3.94,8.15,0.28,11.73,3.58
886,Workpiece3,394,500,15,300,4.51,4.24,8.75,0.27,11.24,2.49
887,Workpiece3,395,500,15,330,3.92,3.10,7.01,0.82,11.15,4.14
888,Workpiece3,396,500,20,0,3.69,3.38,7.07,0.31,11.92,4.85
889,Workpiece3,397,500,20,30,3.73,2.75,6.49,0.98,10.52,4.03
890,Workpiece3,398,500,20,60,4.17,3.19,7.35,0.98,10.45,3.09
891,Workpiece3,399,500,20,90,4.49,4.73,9.22,0.25,12.04,2.82
892,Workpiece3,400,500,20,120,3.87,2.93,6.80,0.94,9.81,3.01
893,Workpiece3,401,500,20,150,3.60,2.68,6.27,0.92,10.63,4.36
894,Workpiece3,402,500,20,180,3.23,3.18,6.41,0.05,10.17,3.76
895,Workpiece3,403,500,20,210,3.58,2.93,6.51,0.65,9.46,2.95
896,Workpiece3,404,500,20,240,3.43,2.64,6.07,0.79,10.94,4.88
897,Workpiece3,405,500,20,270,4.25,4.28,8.53,0.02,11.16,2.63
898,Workpiece3,406,500,20,300,3.85,3.18,7.02,0.67,11.42,4.40
899,Workpiece3,407,500,20,330,3.77,3.05,6.82,0.73,12.98,6.16
900,Workpiece3,408,500,25,0,3.40,3.53,6.93,0.13,11.13,4.20
901,Workpiece3,409,500,25,30,3.92,2.96,6.87,0.96,11.64,4.77
902,Workpiece3,410,500,25,60,4.11,3.15,7.26,0.96,9.86,2.60
903,Workpiece3,411,500,25,90,3.89,4.39,8.28,0.50,12.10,3.82
904,Workpiece3,412,500,25,120,3.37,2.61,5.99,0.76,9.60,3.62
905,Workpiece3,413,500,25,150,3.45,2.86,6.31,0.59,10.20,3.89
906,Workpiece3,414,500,25,180,3.16,3.31,6.47,0.14,9.56,3.09
907,Workpiece3,415,500,25,210,3.30,2.71,6.01,0.60,11.51,5.50
908,Workpiece3,416,500,25,240,3.33,2.67,6.01,0.66,11.50,5.50
909,Workpiece3,417,500,25,270,4.10,4.44,8.54,0.34,12.05,3.51
910,Workpiece3,418,500,25,300,3.35,2.90,6.25,0.45,12.40,6.16
911,Workpiece3,419,500,25,330,3.68,3.11,6.79,0.58,12.48,5.69
912,Workpiece3,420,500,30,0,3.23,3.33,6.56,0.09,10.13,3.57
913,Workpiece3,421,500,30,30,3.57,2.69,6.26,0.87,8.90,2.64
914,Workpiece3,422,500,30,60,3.71,3.01,6.72,0.70,10.05,3.33
915,Workpiece3,423,500,30,90,3.49,4.01,7.50,0.52,10.80,3.30
916,Workpiece3,424,500,30,120,3.19,2.77,5.96,0.42,10.61,4.65
917,Workpiece3,425,500,30,150,2.94,2.62,5.56,0.33,10.60,5.04
918,Workpiece3,426,500,30,180,3.32,3.56,6.89,0.24,10.14,3.25
919,Workpiece3,427,500,30,210,2.85,2.72,5.56,0.13,12.55,6.99
920,Workpiece3,428,500,30,240,3.47,2.74,6.21,0.73,12.32,6.11
921,Workpiece3,429,500,30,270,3.88,4.05,7.92,0.17,12.44,4.51
922,Workpiece3,430,500,30,300,3.38,2.73,6.12,0.65,12.95,6.83
923,Workpiece3,431,500,30,330,3.39,3.16,6.56,0.23,12.15,5.59
924,Workpiece2,0,400,5,0,23.10135864,12.55116858,35.65,10.55,11.46,24.19
925,Workpiece2,1,400,5,30,23.0732565,17.1561156,40.23,5.92,17.63,22.60
926,Workpiece2,2,400,5,60,16.99846451,15.9922426,32.99,1.01,17.67,15.32
927,Workpiece2,3,400,5,90,13.10849854,12.26589335,25.37,0.84,17.55,7.82
928,Workpiece2,4,400,5,120,12.47177446,12.62033032,25.09,0.15,16.93,8.16
929,Workpiece2,5,400,5,150,11.88008,11.50378071,23.38,0.38,16.09,7.29
930,Workpiece2,6,400,5,180,10.9517061,9.850777285,20.80,1.10,9.06,11.74
931,Workpiece2,7,400,5,210,12.53316306,11.34497028,23.88,1.19,14.60,9.27
932,Workpiece2,8,400,5,240,11.42487724,10.58974199,22.01,0.84,14.64,7.38
933,Workpiece2,9,400,5,270,12.02020777,10.97572645,23.00,1.04,15.69,7.30
934,Workpiece2,10,400,5,300,13.37511023,10.17116942,23.55,3.20,17.06,6.49
935,Workpiece2,11,400,5,330,18.11493467,12.70121825,30.82,5.41,17.61,13.21
936,Workpiece2,12,400,10,0,11.80945142,9.439698004,21.25,2.37,11.76,9.49
937,Workpiece2,13,400,10,30,15.90510088,11.34247685,27.25,4.56,11.39,15.86
938,Workpiece2,14,400,10,60,12.82697957,11.0188742,23.85,1.81,11.34,12.50
939,Workpiece2,15,400,10,90,13.13346678,12.70780558,25.84,0.43,11.59,14.25
940,Workpiece2,16,400,10,120,12.24173182,9.914433214,22.16,2.33,10.16,11.99
941,Workpiece2,17,400,10,150,11.46802371,9.732961432,21.20,1.74,9.45,11.75
942,Workpiece2,18,400,10,180,13.01693165,9.671804809,22.69,3.35,9.08,13.60
943,Workpiece2,19,400,10,210,11.27128024,9.435350756,20.71,1.84,9.09,11.62
944,Workpiece2,20,400,10,240,12.45388022,9.019133019,21.47,3.43,8.21,13.26
945,Workpiece2,21,400,10,270,12.62054326,10.3168704,22.94,2.30,11.99,10.94
946,Workpiece2,22,400,10,300,12.46446274,9.102673983,21.57,3.36,10.14,11.43
947,Workpiece2,23,400,10,330,10.37446781,8.533830493,18.91,1.84,12.21,6.70
948,Workpiece2,24,400,15,0,11.25558638,9.668640414,20.92,1.59,11.30,9.62
949,Workpiece2,25,400,15,30,12.32031789,10.76508957,23.09,1.56,11.13,11.96
950,Workpiece2,26,400,15,60,14.12266765,11.20140237,25.32,2.92,11.39,13.93
951,Workpiece2,27,400,15,90,13.85908191,13.62685576,27.49,0.23,11.51,15.98
952,Workpiece2,28,400,15,120,12.63736122,10.60892987,23.25,2.03,9.53,13.72
953,Workpiece2,29,400,15,150,11.12116708,8.807558204,19.93,2.31,8.97,10.96
954,Workpiece2,30,400,15,180,12.68427502,9.150936622,21.84,3.53,8.96,12.88
955,Workpiece2,31,400,15,210,11.94366394,8.567122435,20.51,3.38,8.56,11.95
956,Workpiece2,32,400,15,240,11.87664779,9.165309401,21.04,2.71,8.13,12.91
957,Workpiece2,33,400,15,270,12.48816482,11.02015248,23.51,1.47,12.01,11.50
958,Workpiece2,34,400,15,300,11.99460454,10.33139621,22.33,1.66,10.55,11.77
959,Workpiece2,35,400,15,330,11.46790653,10.27892884,21.75,1.19,11.02,10.73
960,Workpiece2,36,400,20,0,12.19727614,10.63160275,22.83,1.57,12.00,10.83
961,Workpiece2,37,400,20,30,12.21938702,10.76286293,22.98,1.46,11.45,11.54
962,Workpiece2,38,400,20,60,15.9183127,12.09774699,28.02,3.82,11.11,16.91
963,Workpiece2,39,400,20,90,14.50635909,14.47015508,28.98,0.04,11.30,17.68
964,Workpiece2,40,400,20,120,12.36751158,10.4758588,22.84,1.89,10.00,12.85
965,Workpiece2,41,400,20,150,12.10167558,9.667053423,21.77,2.43,9.12,12.64
966,Workpiece2,42,400,20,180,14.00654389,9.420041122,23.43,4.59,8.93,14.50
967,Workpiece2,43,400,20,210,12.0654068,8.550136191,20.62,3.52,8.88,11.74
968,Workpiece2,44,400,20,240,11.1817676,8.785821094,19.97,2.40,8.57,11.39
969,Workpiece2,45,400,20,270,13.68150667,11.41333781,25.09,2.27,11.98,13.12
970,Workpiece2,46,400,20,300,13.69141761,10.37802653,24.07,3.31,10.78,13.28
971,Workpiece2,47,400,20,330,10.61076188,10.02074968,20.63,0.59,10.77,9.87
972,Workpiece2,48,400,25,0,12.47805146,11.20771778,23.69,1.27,11.41,12.28
973,Workpiece2,49,400,25,30,12.32953559,10.83842403,23.17,1.49,11.01,12.15
974,Workpiece2,50,400,25,60,15.74563402,11.99983922,27.75,3.75,11.49,16.26
975,Workpiece2,51,400,25,90,13.99678957,14.32645379,28.32,0.33,11.49,16.84
976,Workpiece2,52,400,25,120,11.9681262,10.18769116,22.16,1.78,10.03,12.12
977,Workpiece2,53,400,25,150,12.48458077,9.54181082,22.03,2.94,9.61,12.41
978,Workpiece2,54,400,25,180,12.64696119,9.100633524,21.75,3.55,8.96,12.79
979,Workpiece2,55,400,25,210,12.07851826,8.628523587,20.71,3.45,9.16,11.55
980,Workpiece2,56,400,25,240,11.61279322,8.569244178,20.18,3.04,8.61,11.57
981,Workpiece2,57,400,25,270,14.24474505,10.61904028,24.86,3.63,12.49,12.37
982,Workpiece2,58,400,25,300,10.65239387,9.901265978,20.55,0.75,10.63,9.92
983,Workpiece2,59,400,25,330,11.11091698,10.1494405,21.26,0.96,11.25,10.01
984,Workpiece2,60,400,30,0,12.41448065,11.26547134,23.68,1.15,12.04,11.64
985,Workpiece2,61,400,30,30,12.73721982,11.54004985,24.28,1.20,11.13,13.15
986,Workpiece2,62,400,30,60,13.32030299,11.60383693,24.92,1.72,11.06,13.86
987,Workpiece2,63,400,30,90,13.70776525,14.67163169,28.38,0.96,11.29,17.09
988,Workpiece2,64,400,30,120,12.32957939,10.28374167,22.61,2.05,9.70,12.91
989,Workpiece2,65,400,30,150,11.904044,9.22817576,21.13,2.68,9.42,11.72
990,Workpiece2,66,400,30,180,12.57545438,9.058615164,21.63,3.52,9.19,12.45
991,Workpiece2,67,400,30,210,12.31057073,8.608754296,20.92,3.70,9.06,11.86
992,Workpiece2,68,400,30,240,11.71275252,8.788611706,20.50,2.92,9.12,11.38
993,Workpiece2,69,400,30,270,14.33758919,10.6155175,24.95,3.72,12.45,12.51
994,Workpiece2,70,400,30,300,10.83983649,9.448280794,20.29,1.39,10.66,9.63
995,Workpiece2,71,400,30,330,10.73170313,10.37916747,21.11,0.35,10.94,10.17
996,Workpiece2,72,420,5,0,18.25719924,9.357413537,27.61,8.90,11.41,16.20
997,Workpiece2,73,420,5,30,20.73691898,17.1151125,37.85,3.62,17.54,20.31
998,Workpiece2,74,420,5,60,16.3317758,15.17985515,31.51,1.15,17.69,13.83
999,Workpiece2,75,420,5,90,13.18045464,13.79811034,26.98,0.62,17.90,9.08
1000,Workpiece2,76,420,5,120,12.02903436,11.9902438,24.02,0.04,16.78,7.24
1001,Workpiece2,77,420,5,150,12.66689368,11.32065261,23.99,1.35,15.98,8.01
1002,Workpiece2,78,420,5,180,11.58338521,9.755576226,21.34,1.83,9.11,12.23
1003,Workpiece2,79,420,5,210,11.71726783,10.75569766,22.47,0.96,14.64,7.84
1004,Workpiece2,80,420,5,240,10.47126006,10.41688484,20.89,0.05,14.29,6.59
1005,Workpiece2,81,420,5,270,12.62344256,10.86244353,23.49,1.76,15.82,7.67
1006,Workpiece2,82,420,5,300,13.12270919,9.987649243,23.11,3.14,16.48,6.63
1007,Workpiece2,83,420,5,330,14.47939238,9.789399897,24.27,4.69,17.57,6.70
1008,Workpiece2,84,420,10,0,8.927748404,8.664694625,17.59,0.26,11.94,5.65
1009,Workpiece2,85,420,10,30,11.41690939,10.04336777,21.46,1.37,11.00,10.46
1010,Workpiece2,86,420,10,60,12.1920098,10.83276138,23.02,1.36,11.15,11.88
1011,Workpiece2,87,420,10,90,12.12251544,12.96811938,25.09,0.85,11.27,13.82
1012,Workpiece2,88,420,10,120,11.70055678,10.40174937,22.10,1.30,9.89,12.21
1013,Workpiece2,89,420,10,150,12.08568525,10.68254952,22.77,1.40,9.60,13.17
1014,Workpiece2,90,420,10,180,12.94720201,10.29518209,23.24,2.65,9.57,13.67
1015,Workpiece2,91,420,10,210,11.18368425,9.874757874,21.06,1.31,8.86,12.20
1016,Workpiece2,92,420,10,240,11.19134969,8.836635142,20.03,2.35,8.37,11.66
1017,Workpiece2,93,420,10,270,12.91623557,10.53291795,23.45,2.38,12.44,11.01
1018,Workpiece2,94,420,10,300,10.60591337,9.651317044,20.26,0.95,10.31,9.95
1019,Workpiece2,95,420,10,330,10.86494696,9.539940176,20.40,1.33,11.70,8.70
1020,Workpiece2,96,420,15,0,10.65582974,10.24476671,20.90,0.41,11.69,9.21
1021,Workpiece2,97,420,15,30,10.9479834,10.44613777,21.39,0.50,11.05,10.35
1022,Workpiece2,98,420,15,60,12.8081001,11.07990016,23.89,1.73,11.16,12.73
1023,Workpiece2,99,420,15,90,12.81094786,13.92547226,26.74,1.11,10.97,15.77
1024,Workpiece2,100,420,15,120,10.9540656,10.19198486,21.15,0.76,9.81,11.34
1025,Workpiece2,101,420,15,150,11.1781541,9.485428427,20.66,1.69,9.33,11.34
1026,Workpiece2,102,420,15,180,12.02125022,9.596808632,21.62,2.42,8.64,12.98
1027,Workpiece2,103,420,15,210,11.73220442,9.214141894,20.95,2.52,8.95,12.00
1028,Workpiece2,104,420,15,240,11.76868014,9.196172669,20.96,2.57,8.49,12.47
1029,Workpiece2,105,420,15,270,12.34067146,11.7918753,24.13,0.55,12.18,11.95
1030,Workpiece2,106,420,15,300,12.42284677,10.02079132,22.44,2.40,10.82,11.62
1031,Workpiece2,107,420,15,330,10.30208797,10.43530736,20.74,0.13,11.02,9.72
1032,Workpiece2,108,420,20,0,10.87262247,10.35568827,21.23,0.52,12.12,9.11
1033,Workpiece2,109,420,20,30,11.44235504,10.35791966,21.80,1.08,11.21,10.59
1034,Workpiece2,110,420,20,60,14.58515689,11.54039303,26.13,3.04,11.18,14.94
1035,Workpiece2,111,420,20,90,12.49570328,13.43906541,25.93,0.94,11.63,14.30
1036,Workpiece2,112,420,20,120,11.9580832,10.23932644,22.20,1.72,10.22,11.98
1037,Workpiece2,113,420,20,150,11.31488204,9.626906292,20.94,1.69,9.41,11.54
1038,Workpiece2,114,420,20,180,11.83497748,9.423596406,21.26,2.41,8.93,12.33
1039,Workpiece2,115,420,20,210,12.04069374,8.766994624,20.81,3.27,8.44,12.37
1040,Workpiece2,116,420,20,240,12.01435465,9.053475191,21.07,2.96,8.49,12.58
1041,Workpiece2,117,420,20,270,12.92792784,11.19892781,24.13,1.73,12.26,11.87
1042,Workpiece2,118,420,20,300,11.88051228,10.04982829,21.93,1.83,10.87,11.06
1043,Workpiece2,119,420,20,330,9.777932108,9.842676837,19.62,0.06,10.95,8.67
1044,Workpiece2,120,420,25,0,10.39330153,10.16149328,20.55,0.23,11.85,8.70
1045,Workpiece2,121,420,25,30,12.17151237,11.11131899,23.28,1.06,11.30,11.98
1046,Workpiece2,122,420,25,60,12.95499751,11.47194553,24.43,1.48,11.19,13.24
1047,Workpiece2,123,420,25,90,14.02629449,14.57645886,28.60,0.55,11.35,17.26
1048,Workpiece2,124,420,25,120,11.30168092,10.18882447,21.49,1.11,10.11,11.38
1049,Workpiece2,125,420,25,150,11.90034848,9.839935814,21.74,2.06,9.73,12.01
1050,Workpiece2,126,420,25,180,11.63558897,9.603279315,21.24,2.03,9.03,12.21
1051,Workpiece2,127,420,25,210,12.28336573,8.8398841,21.12,3.44,9.07,12.06
1052,Workpiece2,128,420,25,240,12.06612839,8.786069779,20.85,3.28,8.43,12.42
1053,Workpiece2,129,420,25,270,13.86241977,10.15479269,24.02,3.71,12.26,11.76
1054,Workpiece2,130,420,25,300,10.3002212,9.711603806,20.01,0.59,10.86,9.15
1055,Workpiece2,131,420,25,330,10.51248265,9.560701759,20.07,0.95,11.07,9.00
1056,Workpiece2,132,420,30,0,10.59917871,10.77053151,21.37,0.17,11.82,9.55
1057,Workpiece2,133,420,30,30,11.9674575,10.83507124,22.80,1.13,11.32,11.48
1058,Workpiece2,134,420,30,60,13.19490615,12.28003677,25.47,0.91,11.39,14.08
1059,Workpiece2,135,420,30,90,14.30246518,14.80401317,29.11,0.50,11.42,17.69
1060,Workpiece2,136,420,30,120,12.47817271,10.23871996,22.72,2.24,9.75,12.96
1061,Workpiece2,137,420,30,150,11.82744941,9.634707511,21.46,2.19,9.22,12.24
1062,Workpiece2,138,420,30,180,13.20848798,9.639161061,22.85,3.57,9.19,13.66
1063,Workpiece2,139,420,30,210,12.69710618,9.213794784,21.91,3.48,9.07,12.84
1064,Workpiece2,140,420,30,240,11.99500049,8.643839612,20.64,3.35,8.60,12.04
1065,Workpiece2,141,420,30,270,12.44490096,10.57186411,23.02,1.87,12.58,10.43
1066,Workpiece2,142,420,30,300,10.00286587,9.601452741,19.60,0.40,11.12,8.49
1067,Workpiece2,143,420,30,330,10.7373586,10.24043051,20.98,0.50,11.20,9.78
1068,Workpiece2,144,440,5,0,23.18879778,8.206883064,31.40,14.98,11.92,19.47
1069,Workpiece2,145,440,5,30,19.26771409,16.54836283,35.82,2.72,17.60,18.21
1070,Workpiece2,146,440,5,60,15.91708768,14.93250094,30.85,0.98,17.53,13.32
1071,Workpiece2,147,440,5,90,12.45921573,12.33054758,24.79,0.13,17.84,6.95
1072,Workpiece2,148,440,5,120,12.03749802,11.84562414,23.88,0.19,16.56,7.33
1073,Workpiece2,149,440,5,150,10.93900114,11.38804912,22.33,0.45,15.58,6.75
1074,Workpiece2,150,440,5,180,10.52423072,9.496498915,20.02,1.03,9.37,10.65
1075,Workpiece2,151,440,5,210,10.43856887,10.91362767,21.35,0.48,14.56,6.80
1076,Workpiece2,152,440,5,240,10.7523899,10.70961519,21.46,0.04,13.92,7.54
1077,Workpiece2,153,440,5,270,11.31994523,11.26366461,22.58,0.06,15.73,6.85
1078,Workpiece2,154,440,5,300,13.73300478,10.71697725,24.45,3.02,17.04,7.41
1079,Workpiece2,155,440,5,330,11.99005288,10.09836007,22.09,1.89,17.66,4.43
1080,Workpiece2,156,440,10,0,9.416202441,9.755527582,19.17,0.34,11.89,7.28
1081,Workpiece2,157,440,10,30,9.461705339,9.011169885,18.47,0.45,11.51,6.96
1082,Workpiece2,158,440,10,60,10.78291117,10.11378772,20.90,0.67,11.45,9.44
1083,Workpiece2,159,440,10,90,11.86115427,12.99370591,24.85,1.13,11.32,13.53
1084,Workpiece2,160,440,10,120,11.21184259,10.33451015,21.55,0.88,9.98,11.57
1085,Workpiece2,161,440,10,150,10.61104351,10.46990375,21.08,0.14,9.65,11.43
1086,Workpiece2,162,440,10,180,11.69775187,10.19942811,21.90,1.50,9.48,12.42
1087,Workpiece2,163,440,10,210,12.05969766,9.986285571,22.05,2.07,9.10,12.95
1088,Workpiece2,164,440,10,240,10.4910168,8.463516718,18.95,2.03,8.40,10.56
1089,Workpiece2,165,440,10,270,11.00454936,10.7901415,21.79,0.21,12.66,9.14
1090,Workpiece2,166,440,10,300,11.34652598,10.45190701,21.80,0.89,10.01,11.79
1091,Workpiece2,167,440,10,330,9.661186055,8.980683949,18.64,0.68,11.79,6.85
1092,Workpiece2,168,440,15,0,10.1003285,10.15259672,20.25,0.05,11.69,8.56
1093,Workpiece2,169,440,15,30,10.51078468,10.05618229,20.57,0.45,11.50,9.07
1094,Workpiece2,170,440,15,60,11.90255583,10.6434309,22.55,1.26,11.49,11.05
1095,Workpiece2,171,440,15,90,12.42005123,13.63447726,26.05,1.21,11.40,14.66
1096,Workpiece2,172,440,15,120,11.1336255,10.54174105,21.68,0.59,9.72,11.95
1097,Workpiece2,173,440,15,150,10.10392055,10.0489335,20.15,0.05,9.13,11.02
1098,Workpiece2,174,440,15,180,11.85295635,9.931902742,21.78,1.92,9.11,12.68
1099,Workpiece2,175,440,15,210,12.35125402,9.192469501,21.54,3.16,8.60,12.95
1100,Workpiece2,176,440,15,240,11.04267585,9.431555836,20.47,1.61,8.47,12.00
1101,Workpiece2,177,440,15,270,12.49132939,12.15142559,24.64,0.34,12.39,12.26
1102,Workpiece2,178,440,15,300,10.21315337,9.546046533,19.76,0.67,10.20,9.56
1103,Workpiece2,179,440,15,330,10.41735147,9.917750977,20.34,0.50,10.73,9.60
1104,Workpiece2,180,440,20,0,10.6718142,10.25224937,20.92,0.42,11.75,9.18
1105,Workpiece2,181,440,20,30,11.50657089,10.91180638,22.42,0.59,11.14,11.28
1106,Workpiece2,182,440,20,60,12.21449155,10.91443076,23.13,1.30,11.22,11.91
1107,Workpiece2,183,440,20,90,11.63169014,13.96286773,25.59,2.33,11.02,14.58
1108,Workpiece2,184,440,20,120,11.63832984,10.29015421,21.93,1.35,10.24,11.69
1109,Workpiece2,185,440,20,150,10.18877658,9.349048331,19.54,0.84,9.29,10.25
1110,Workpiece2,186,440,20,180,12.42878312,9.768879202,22.20,2.66,9.11,13.09
1111,Workpiece2,187,440,20,210,11.82548352,9.315175771,21.14,2.51,9.35,11.79
1112,Workpiece2,188,440,20,240,11.11538874,9.235092102,20.35,1.88,8.48,11.87
1113,Workpiece2,189,440,20,270,12.52870181,11.67494766,24.20,0.85,12.17,12.03
1114,Workpiece2,190,440,20,300,9.779812137,9.391041571,19.17,0.39,9.99,9.18
1115,Workpiece2,191,440,20,330,9.751234477,9.773472634,19.52,0.02,10.95,8.58
1116,Workpiece2,192,440,25,0,9.803715344,9.995240786,19.80,0.19,11.65,8.14
1117,Workpiece2,193,440,25,30,12.24794453,10.73011407,22.98,1.52,11.31,11.67
1118,Workpiece2,194,440,25,60,10.78238325,10.71993261,21.50,0.06,11.04,10.46
1119,Workpiece2,195,440,25,90,10.84708551,13.61547721,24.46,2.77,11.19,13.28
1120,Workpiece2,196,440,25,120,11.49879717,10.44532957,21.94,1.05,10.09,11.85
1121,Workpiece2,197,440,25,150,11.19205638,9.441306194,20.63,1.75,9.86,10.77
1122,Workpiece2,198,440,25,180,12.99512616,9.928986006,22.92,3.07,9.14,13.78
1123,Workpiece2,199,440,25,210,11.66321555,8.974246372,20.64,2.69,9.06,11.58
1124,Workpiece2,200,440,25,240,11.06990315,8.80723329,19.88,2.26,8.88,10.99
1125,Workpiece2,201,440,25,270,12.82447305,11.40453074,24.23,1.42,12.05,12.18
1126,Workpiece2,202,440,25,300,9.64911498,9.441594676,19.09,0.21,10.58,8.51
1127,Workpiece2,203,440,25,330,10.12067465,8.993563979,19.11,1.13,11.51,7.61
1128,Workpiece2,204,440,30,0,10.22165626,10.40571763,20.63,0.18,12.13,8.50
1129,Workpiece2,205,440,30,30,11.71692053,11.03409875,22.75,0.68,11.17,11.58
1130,Workpiece2,206,440,30,60,11.25290128,10.80243322,22.06,0.45,11.36,10.70
1131,Workpiece2,207,440,30,90,13.14163353,14.61103949,27.75,1.47,11.29,16.46
1132,Workpiece2,208,440,30,120,11.52959568,10.43500987,21.96,1.09,9.68,12.29
1133,Workpiece2,209,440,30,150,11.54129552,9.103228354,20.64,2.44,9.40,11.25
1134,Workpiece2,210,440,30,180,12.31609558,9.488702498,21.80,2.83,9.74,12.07
1135,Workpiece2,211,440,30,210,11.8348709,9.047482958,20.88,2.79,8.82,12.06
1136,Workpiece2,212,440,30,240,11.00472422,9.37874209,20.38,1.63,9.02,11.36
1137,Workpiece2,213,440,30,270,13.61069098,11.94371022,25.55,1.67,12.64,12.91
1138,Workpiece2,214,440,30,300,9.754063532,9.808281705,19.56,0.05,11.05,8.51
1139,Workpiece2,215,440,30,330,10.54214056,9.112137139,19.65,1.43,11.17,8.49
1140,Workpiece2,216,460,5,0,19.48902345,11.30098528,30.79,8.19,11.49,19.30
1141,Workpiece2,217,460,5,30,14.14785179,9.831973184,23.98,4.32,11.41,12.57
1142,Workpiece2,218,460,5,60,15.94136258,15.68024777,31.62,0.26,17.52,14.10
1143,Workpiece2,219,460,5,90,14.66240204,13.31476173,27.98,1.35,17.99,9.98
1144,Workpiece2,220,460,5,120,11.42215792,12.4936562,23.92,1.07,16.80,7.12
1145,Workpiece2,221,460,5,150,10.82686272,10.60561979,21.43,0.22,9.51,11.92
1146,Workpiece2,222,460,5,180,11.24730632,10.30019518,21.55,0.95,9.22,12.33
1147,Workpiece2,223,460,5,210,10.64935112,10.16640631,20.82,0.48,9.11,11.71
1148,Workpiece2,224,460,5,240,10.76693036,11.11095857,21.88,0.34,14.08,7.80
1149,Workpiece2,225,460,5,270,10.27248971,10.39846604,20.67,0.13,15.89,4.78
1150,Workpiece2,226,460,5,300,12.3455681,10.54927764,22.89,1.80,16.36,6.53
1151,Workpiece2,227,460,5,330,14.84987161,10.24360329,25.09,4.61,11.55,13.54
1152,Workpiece2,228,460,10,0,9.332470446,8.729391985,18.06,0.60,11.65,6.41
1153,Workpiece2,229,460,10,30,8.675491067,8.426563348,17.10,0.25,11.34,5.77
1154,Workpiece2,230,460,10,60,11.11003713,10.44694869,21.56,0.66,11.33,10.23
1155,Workpiece2,231,460,10,90,11.90755666,12.88579945,24.79,0.98,11.18,13.62
1156,Workpiece2,232,460,10,120,10.61796343,10.16904472,20.79,0.45,9.60,11.19
1157,Workpiece2,233,460,10,150,10.34700793,10.40346936,20.75,0.06,9.26,11.49
1158,Workpiece2,234,460,10,180,11.05150306,10.67407986,21.73,0.38,9.52,12.20
1159,Workpiece2,235,460,10,210,11.07824243,10.07435442,21.15,1.00,9.06,12.10
1160,Workpiece2,236,460,10,240,11.14887966,8.386509756,19.54,2.76,8.42,11.12
1161,Workpiece2,237,460,10,270,11.13729975,9.956790096,21.09,1.18,12.26,8.83
1162,Workpiece2,238,460,10,300,11.15296165,9.742056177,20.90,1.41,10.52,10.37
1163,Workpiece2,239,460,10,330,9.071815906,9.568062784,18.64,0.50,11.78,6.86
1164,Workpiece2,240,460,15,0,9.924831382,10.0340455,19.96,0.11,11.72,8.24
1165,Workpiece2,241,460,15,30,10.19199808,10.23844767,20.43,0.05,11.31,9.12
1166,Workpiece2,242,460,15,60,10.71921636,10.7212551,21.44,0.00,11.07,10.37
1167,Workpiece2,243,460,15,90,10.86655059,13.01624631,23.88,2.15,11.20,12.68
1168,Workpiece2,244,460,15,120,10.72137805,10.30868187,21.03,0.41,9.88,11.15
1169,Workpiece2,245,460,15,150,11.10487467,9.77526353,20.88,1.33,9.13,11.75
1170,Workpiece2,246,460,15,180,10.93441425,10.44190111,21.38,0.49,9.14,12.23
1171,Workpiece2,247,460,15,210,10.91381049,9.213101089,20.13,1.70,8.78,11.35
1172,Workpiece2,248,460,15,240,11.87399893,9.617011343,21.49,2.26,8.58,12.91
1173,Workpiece2,249,460,15,270,12.61300452,11.84770588,24.46,0.77,12.11,12.35
1174,Workpiece2,250,460,15,300,10.24183633,9.249812264,19.49,0.99,10.48,9.02
1175,Workpiece2,251,460,15,330,9.988974044,9.84039878,19.83,0.15,11.21,8.61
1176,Workpiece2,252,460,20,0,10.11935495,9.720382246,19.84,0.40,11.92,7.92
1177,Workpiece2,253,460,20,30,10.46024006,10.21583008,20.68,0.24,11.40,9.27
1178,Workpiece2,254,460,20,60,10.40070857,10.17571606,20.58,0.22,10.88,9.70
1179,Workpiece2,255,460,20,90,12.6408245,14.07656048,26.72,1.44,11.28,15.44
1180,Workpiece2,256,460,20,120,10.9327516,10.80047757,21.73,0.13,9.66,12.07
1181,Workpiece2,257,460,20,150,11.56994919,10.51856009,22.09,1.05,9.19,12.90
1182,Workpiece2,258,460,20,180,11.0431769,10.20022986,21.24,0.84,9.13,12.11
1183,Workpiece2,259,460,20,210,10.52929669,9.194865113,19.72,1.33,8.88,10.85
1184,Workpiece2,260,460,20,240,10.96905747,9.614969625,20.58,1.35,8.37,12.21
1185,Workpiece2,261,460,20,270,11.50868592,11.74537638,23.25,0.24,12.20,11.06
1186,Workpiece2,262,460,20,300,9.54767847,9.562018778,19.11,0.01,10.87,8.24
1187,Workpiece2,263,460,20,330,9.635789554,9.135345235,18.77,0.50,11.23,7.54
1188,Workpiece2,264,460,25,0,10.05878726,10.01061086,20.07,0.05,12.26,7.81
1189,Workpiece2,265,460,25,30,10.79926851,10.73413263,21.53,0.07,11.21,10.32
1190,Workpiece2,266,460,25,60,10.20545522,11.08967564,21.30,0.88,10.86,10.44
1191,Workpiece2,267,460,25,90,12.10696794,13.69908019,25.81,1.59,11.59,14.21
1192,Workpiece2,268,460,25,120,10.85872691,10.29016435,21.15,0.57,10.10,11.05
1193,Workpiece2,269,460,25,150,11.19345384,9.528423475,20.72,1.67,9.46,11.26
1194,Workpiece2,270,460,25,180,10.90849485,9.777931527,20.69,1.13,9.14,11.55
1195,Workpiece2,271,460,25,210,11.67712836,9.330236339,21.01,2.35,9.35,11.66
1196,Workpiece2,272,460,25,240,10.92557387,9.412907341,20.34,1.51,8.81,11.53
1197,Workpiece2,273,460,25,270,12.11139435,11.09776536,23.21,1.01,12.39,10.81
1198,Workpiece2,274,460,25,300,9.519414561,9.534296858,19.05,0.01,10.52,8.54
1199,Workpiece2,275,460,25,330,10.29387067,9.124734225,19.42,1.17,10.74,8.68
1200,Workpiece2,276,460,30,0,9.931672041,10.76640211,20.70,0.83,11.76,8.94
1201,Workpiece2,277,460,30,30,11.46582216,10.78202742,22.25,0.68,11.00,11.25
1202,Workpiece2,278,460,30,60,10.45666223,11.06173938,21.52,0.61,11.11,10.41
1203,Workpiece2,279,460,30,90,12.52254753,14.26134351,26.78,1.74,11.30,15.49
1204,Workpiece2,280,460,30,120,11.04107623,10.35114826,21.39,0.69,9.85,11.54
1205,Workpiece2,281,460,30,150,11.31651143,9.494213531,20.81,1.82,9.61,11.20
1206,Workpiece2,282,460,30,180,11.22334348,9.240166967,20.46,1.98,9.38,11.09
1207,Workpiece2,283,460,30,210,12.39426177,9.205551435,21.60,3.19,9.05,12.55
1208,Workpiece2,284,460,30,240,11.06492755,9.417807897,20.48,1.65,8.99,11.50
1209,Workpiece2,285,460,30,270,13.80815657,12.1807038,25.99,1.63,12.73,13.26
1210,Workpiece2,286,460,30,300,9.876756358,9.49433063,19.37,0.38,11.05,8.32
1211,Workpiece2,287,460,30,330,9.887800702,9.501905942,19.39,0.39,11.11,8.28
1212,Workpiece2,288,480,5,0,16.29529307,9.786199175,26.08,6.51,11.50,14.59
1213,Workpiece2,289,480,5,30,13.40814739,9.767066237,23.18,3.64,11.10,12.07
1214,Workpiece2,290,480,5,60,17.82638745,15.99837608,33.82,1.83,17.81,16.01
1215,Workpiece2,291,480,5,90,12.67240297,13.17177749,25.84,0.50,17.82,8.02
1216,Workpiece2,292,480,5,120,11.35902548,12.0958709,23.45,0.74,17.10,6.36
1217,Workpiece2,293,480,5,150,11.24390302,11.06075599,22.30,0.18,9.10,13.21
1218,Workpiece2,294,480,5,180,10.81461528,10.4431874,21.26,0.37,9.09,12.17
1219,Workpiece2,295,480,5,210,10.15822024,10.54516071,20.70,0.39,9.11,11.59
1220,Workpiece2,296,480,5,240,10.16208434,11.33876014,21.50,1.18,14.31,7.19
1221,Workpiece2,297,480,5,270,10.13926883,10.66665628,20.81,0.53,15.53,5.28
1222,Workpiece2,298,480,5,300,9.434435047,8.928040062,18.36,0.51,17.07,1.29
1223,Workpiece2,299,480,5,330,14.08559267,10.2673927,24.35,3.82,11.76,12.59
1224,Workpiece2,300,480,10,0,9.397279113,8.759044231,18.16,0.64,11.69,6.47
1225,Workpiece2,301,480,10,30,8.862247437,9.113039971,17.98,0.25,11.57,6.41
1226,Workpiece2,302,480,10,60,9.779151573,10.27835247,20.06,0.50,11.15,8.91
1227,Workpiece2,303,480,10,90,10.84189302,12.62305292,23.46,1.78,11.38,12.08
1228,Workpiece2,304,480,10,120,10.90476619,10.12538068,21.03,0.78,10.16,10.87
1229,Workpiece2,305,480,10,150,10.86348773,10.89751498,21.76,0.03,9.61,12.15
1230,Workpiece2,306,480,10,180,11.41692664,10.6967261,22.11,0.72,9.53,12.59
1231,Workpiece2,307,480,10,210,10.7455161,10.77198594,21.52,0.03,8.94,12.58
1232,Workpiece2,308,480,10,240,10.28116969,8.978237938,19.26,1.30,8.52,10.74
1233,Workpiece2,309,480,10,270,10.52077107,10.85263712,21.37,0.33,12.34,9.03
1234,Workpiece2,310,480,10,300,9.814180376,9.749052845,19.56,0.07,10.42,9.14
1235,Workpiece2,311,480,10,330,9.881767181,10.046751,19.93,0.16,12.15,7.78
1236,Workpiece2,312,480,15,0,9.858021499,10.09585631,19.95,0.24,11.70,8.25
1237,Workpiece2,313,480,15,30,10.59736773,10.65103331,21.25,0.05,11.47,9.78
1238,Workpiece2,314,480,15,60,10.49916908,10.09722618,20.60,0.40,11.04,9.56
1239,Workpiece2,315,480,15,90,12.11102601,13.52597826,25.64,1.41,11.27,14.37
1240,Workpiece2,316,480,15,120,10.6876122,10.30494308,20.99,0.38,9.83,11.16
1241,Workpiece2,317,480,15,150,10.65204804,9.88753085,20.54,0.76,8.92,11.62
1242,Workpiece2,318,480,15,180,11.16081841,10.24228611,21.40,0.92,9.18,12.22
1243,Workpiece2,319,480,15,210,11.03469364,9.563841926,20.60,1.47,8.70,11.90
1244,Workpiece2,320,480,15,240,10.90201218,10.03669757,20.94,0.87,8.70,12.24
1245,Workpiece2,321,480,15,270,12.0085467,12.41814306,24.43,0.41,12.31,12.11
1246,Workpiece2,322,480,15,300,9.724710591,9.388533016,19.11,0.34,10.45,8.67
1247,Workpiece2,323,480,15,330,10.43313567,10.14486082,20.58,0.29,11.08,9.50
1248,Workpiece2,324,480,20,0,10.43850404,10.1163452,20.55,0.32,11.95,8.61
1249,Workpiece2,325,480,20,30,10.47715023,10.43593464,20.91,0.04,11.15,9.76
1250,Workpiece2,326,480,20,60,10.36080967,10.88937402,21.25,0.53,11.23,10.02
1251,Workpiece2,327,480,20,90,11.30891573,13.4881455,24.80,2.18,11.28,13.52
1252,Workpiece2,328,480,20,120,10.41399992,10.55512128,20.97,0.14,9.72,11.24
1253,Workpiece2,329,480,20,150,11.01950426,10.00747087,21.03,1.01,9.24,11.79
1254,Workpiece2,330,480,20,180,10.66600194,10.1931726,20.86,0.47,9.38,11.48
1255,Workpiece2,331,480,20,210,11.20920905,9.262171212,20.47,1.95,9.01,11.46
1256,Workpiece2,332,480,20,240,10.6287411,9.618885285,20.25,1.01,8.74,11.51
1257,Workpiece2,333,480,20,270,10.74134805,11.11439132,21.86,0.37,12.38,9.48
1258,Workpiece2,334,480,20,300,9.222105237,9.94673101,19.17,0.72,11.00,8.17
1259,Workpiece2,335,480,20,330,9.611236461,9.881442076,19.49,0.27,10.67,8.82
1260,Workpiece2,336,480,25,0,9.704706504,9.827283715,19.53,0.12,11.98,7.55
1261,Workpiece2,337,480,25,30,10.44248962,10.65540482,21.10,0.21,11.82,9.27
1262,Workpiece2,338,480,25,60,10.47992786,11.00240069,21.48,0.52,11.14,10.34
1263,Workpiece2,339,480,25,90,10.67610247,13.75578826,24.43,3.08,11.42,13.01
1264,Workpiece2,340,480,25,120,10.34254907,10.53253386,20.88,0.19,9.77,11.11
1265,Workpiece2,341,480,25,150,10.54431964,10.06026608,20.60,0.48,9.19,11.41
1266,Workpiece2,342,480,25,180,10.52229007,10.08180278,20.60,0.44,9.17,11.43
1267,Workpiece2,343,480,25,210,11.7007199,9.472600433,21.17,2.23,9.06,12.11
1268,Workpiece2,344,480,25,240,10.53805096,9.09284956,19.63,1.45,8.41,11.23
1269,Workpiece2,345,480,25,270,11.38733753,10.74035881,22.13,0.65,12.21,9.92
1270,Workpiece2,346,480,25,300,9.377223108,9.654995496,19.03,0.28,10.92,8.11
1271,Workpiece2,347,480,25,330,10.1967645,9.522454559,19.72,0.67,11.23,8.49
1272,Workpiece2,348,480,30,0,11.498943,10.44496469,21.94,1.05,12.13,9.81
1273,Workpiece2,349,480,30,30,10.89243725,10.53360808,21.43,0.36,11.06,10.37
1274,Workpiece2,350,480,30,60,10.96909755,11.07992043,22.05,0.11,10.97,11.08
1275,Workpiece2,351,480,30,90,11.72490127,14.37802676,26.10,2.65,11.51,14.60
1276,Workpiece2,352,480,30,120,10.05130549,9.539340846,19.59,0.51,9.82,9.77
1277,Workpiece2,353,480,30,150,10.97860139,9.290361338,20.27,1.69,9.47,10.79
1278,Workpiece2,354,480,30,180,11.14559096,9.68119095,20.83,1.46,9.09,11.74
1279,Workpiece2,355,480,30,210,12.59964585,9.27730537,21.88,3.32,9.13,12.75
1280,Workpiece2,356,480,30,240,11.04125287,9.880070943,20.92,1.16,9.08,11.84
1281,Workpiece2,357,480,30,270,12.18255782,12.1012495,24.28,0.08,12.26,12.03
1282,Workpiece2,358,480,30,300,9.294213768,9.406129569,18.70,0.11,10.96,7.74
1283,Workpiece2,359,480,30,330,10.08624498,9.761386018,19.85,0.32,11.59,8.25
1284,Workpiece2,360,500,5,0,12.41380887,9.78226979,22.20,2.63,11.37,10.83
1285,Workpiece2,361,500,5,30,15.34102678,9.902559559,25.24,5.44,11.03,14.21
1286,Workpiece2,362,500,5,60,14.79866591,13.70383965,28.50,1.09,17.62,10.89
1287,Workpiece2,363,500,5,90,10.50896321,12.24304553,22.75,1.73,11.52,11.23
1288,Workpiece2,364,500,5,120,10.6510965,12.62225504,23.27,1.97,16.87,6.40
1289,Workpiece2,365,500,5,150,11.07700279,10.8338588,21.91,0.24,9.93,11.98
1290,Workpiece2,366,500,5,180,10.33129042,9.970326602,20.30,0.36,9.28,11.03
1291,Workpiece2,367,500,5,210,10.19256324,10.67188495,20.86,0.48,9.29,11.57
1292,Workpiece2,368,500,5,240,9.22359471,11.12314158,20.35,1.90,14.28,6.07
1293,Workpiece2,369,500,5,270,10.56842112,10.62711605,21.20,0.06,11.26,9.94
1294,Workpiece2,370,500,5,300,11.45763989,10.47471769,21.93,0.98,16.96,4.97
1295,Workpiece2,371,500,5,330,12.0184876,10.24182487,22.26,1.78,11.99,10.27
1296,Workpiece2,372,500,10,0,8.616354802,8.697576118,17.31,0.08,11.24,6.07
1297,Workpiece2,373,500,10,30,9.314385456,8.344869364,17.66,0.97,11.54,6.12
1298,Workpiece2,374,500,10,60,8.87909236,9.606340518,18.49,0.73,11.59,6.89
1299,Workpiece2,375,500,10,90,10.89019995,12.12964876,23.02,1.24,11.72,11.30
1300,Workpiece2,376,500,10,120,10.56707503,10.28678663,20.85,0.28,9.73,11.13
1301,Workpiece2,377,500,10,150,10.74052715,10.59087903,21.33,0.15,9.22,12.11
1302,Workpiece2,378,500,10,180,10.4911259,10.64094272,21.13,0.15,9.30,11.84
1303,Workpiece2,379,500,10,210,10.32845348,10.08741336,20.42,0.24,9.48,10.93
1304,Workpiece2,380,500,10,240,9.822282307,9.164270097,18.99,0.66,8.50,10.48
1305,Workpiece2,381,500,10,270,10.46275711,11.62984875,22.09,1.17,11.92,10.17
1306,Workpiece2,382,500,10,300,9.939681136,9.787521663,19.73,0.15,10.68,9.05
1307,Workpiece2,383,500,10,330,10.72856844,9.641159028,20.37,1.09,11.08,9.29
1308,Workpiece2,384,500,15,0,10.55999109,10.86854967,21.43,0.31,12.13,9.30
1309,Workpiece2,385,500,15,30,10.52142778,10.03756755,20.56,0.48,11.31,9.25
1310,Workpiece2,386,500,15,60,10.3389041,9.949262001,20.29,0.39,11.46,8.83
1311,Workpiece2,387,500,15,90,10.9633115,13.16246816,24.13,2.20,11.29,12.84
1312,Workpiece2,388,500,15,120,9.839233813,10.43952134,20.28,0.60,9.51,10.77
1313,Workpiece2,389,500,15,150,9.929108576,10.15860493,20.09,0.23,9.49,10.59
1314,Workpiece2,390,500,15,180,10.11381314,10.25889883,20.37,0.15,9.19,11.19
1315,Workpiece2,391,500,15,210,10.37741824,9.202537067,19.58,1.17,8.25,11.33
1316,Workpiece2,392,500,15,240,10.71752692,9.901353476,20.62,0.82,8.17,12.45
1317,Workpiece2,393,500,15,270,11.18109329,11.67762788,22.86,0.50,12.03,10.83
1318,Workpiece2,394,500,15,300,10.07419233,10.05637361,20.13,0.02,10.28,9.85
1319,Workpiece2,395,500,15,330,9.976088187,10.23482185,20.21,0.26,11.20,9.01
1320,Workpiece2,396,500,20,0,11.89003064,10.89816852,22.79,0.99,12.05,10.74
1321,Workpiece2,397,500,20,30,10.23405177,10.06322518,20.30,0.17,11.51,8.79
1322,Workpiece2,398,500,20,60,10.60157115,10.67722108,21.28,0.08,11.29,9.99
1323,Workpiece2,399,500,20,90,10.42542493,12.90528636,23.33,2.48,11.49,11.84
1324,Workpiece2,400,500,20,120,9.966637967,9.695039434,19.66,0.27,10.05,9.61
1325,Workpiece2,401,500,20,150,9.572234744,9.605458505,19.18,0.03,9.48,9.70
1326,Workpiece2,402,500,20,180,9.302249386,9.327417353,18.63,0.03,9.60,9.03
1327,Workpiece2,403,500,20,210,10.79022451,9.129547747,19.92,1.66,8.78,11.13
1328,Workpiece2,404,500,20,240,10.077674,9.438106533,19.52,0.64,8.34,11.18
1329,Workpiece2,405,500,20,270,11.14637694,11.73191021,22.88,0.59,11.89,10.99
1330,Workpiece2,406,500,20,300,9.275434365,9.551370471,18.83,0.28,10.60,8.23
1331,Workpiece2,407,500,20,330,9.912069606,9.81613228,19.73,0.10,11.03,8.70
1332,Workpiece2,408,500,25,0,10.05849977,9.873883428,19.93,0.18,11.82,8.11
1333,Workpiece2,409,500,25,30,10.3104921,9.840629183,20.15,0.47,11.53,8.62
1334,Workpiece2,410,500,25,60,9.990921863,10.28162869,20.27,0.29,11.16,9.11
1335,Workpiece2,411,500,25,90,10.55086276,13.6089916,24.16,3.06,11.10,13.06
1336,Workpiece2,412,500,25,120,9.653078913,9.289764807,18.94,0.36,9.28,9.67
1337,Workpiece2,413,500,25,150,9.797376949,9.915173973,19.71,0.12,9.32,10.40
1338,Workpiece2,414,500,25,180,10.76478014,9.904679638,20.67,0.86,9.18,11.49
1339,Workpiece2,415,500,25,210,10.74741072,9.450087823,20.20,1.30,9.26,10.94
1340,Workpiece2,416,500,25,240,10.90393922,9.378930099,20.28,1.53,8.79,11.50
1341,Workpiece2,417,500,25,270,10.29619379,11.20958515,21.51,0.91,11.80,9.70
1342,Workpiece2,418,500,25,300,9.205444179,9.610607985,18.82,0.41,10.55,8.27
1343,Workpiece2,419,500,25,330,10.38481346,9.551707703,19.94,0.83,10.99,8.95
1344,Workpiece2,420,500,30,0,9.810083951,10.38583864,20.20,0.58,12.07,8.12
1345,Workpiece2,421,500,30,30,10.32440568,10.40307696,20.73,0.08,10.98,9.75
1346,Workpiece2,422,500,30,60,9.932810553,10.80260017,20.74,0.87,11.09,9.65
1347,Workpiece2,423,500,30,90,11.57000067,13.7991796,25.37,2.23,11.11,14.26
1348,Workpiece2,424,500,30,120,10.1009373,9.101974458,19.20,1.00,9.67,9.53
1349,Workpiece2,425,500,30,150,10.45448796,9.725003577,20.18,0.73,9.10,11.08
1350,Workpiece2,426,500,30,180,10.5954805,9.784941645,20.38,0.81,9.22,11.16
1351,Workpiece2,427,500,30,210,10.95643377,9.243078324,20.20,1.71,9.08,11.12
1352,Workpiece2,428,500,30,240,11.48006864,9.851222482,21.33,1.63,9.25,12.08
1353,Workpiece2,429,500,30,270,11.18407853,11.32540565,22.51,0.14,12.25,10.26
1354,Workpiece2,430,500,30,300,8.948206099,9.550756865,18.50,0.60,11.23,7.27
1355,Workpiece2,431,500,30,330,10.17128267,9.293231403,19.46,0.88,11.08,8.39