Original_Index,Filename,Split,GroundTruth_CD,Predicted_CD,Error
0,TH0011AV/viewpoint_simulated_0_surface0.pcd,Testing,1.9374059438705444,1.876489281654358,0.06091666221618652
1,TH0011AV/viewpoint_simulated_1_surface0.pcd,Testing,1.968840479850769,1.8868390321731567,0.0820014476776123
2,TH0011AV/viewpoint_simulated_10_surface0.pcd,Testing,1.969947099685669,1.8751722574234009,0.09477484226226807
3,TH0011AV/viewpoint_simulated_100_surface0.pcd,Testing,1.8592361211776733,1.942064642906189,0.08282852172851562
4,TH0011AV/viewpoint_simulated_101_surface0.pcd,Testing,2.1146299839019775,1.9432015419006348,0.17142844200134277
5,TH0011AV/viewpoint_simulated_102_surface0.pcd,Testing,1.8915700912475586,1.9209786653518677,0.029408574104309082
6,TH0011AV/viewpoint_simulated_103_surface0.pcd,Testing,2.0341832637786865,1.9302135705947876,0.10396969318389893
7,TH0011AV/viewpoint_simulated_104_surface0.pcd,Testing,1.9817876815795898,1.9356316328048706,0.04615604877471924
8,TH0011AV/viewpoint_simulated_105_surface0.pcd,Testing,2.027348756790161,1.9206547737121582,0.10669398307800293
9,TH0011AV/viewpoint_simulated_106_surface0.pcd,Testing,1.9215037822723389,1.883373737335205,0.03813004493713379
10,TH0011AV/viewpoint_simulated_107_surface0.pcd,Testing,2.0458824634552,1.8626326322555542,0.183249831199646
11,TH0011AV/viewpoint_simulated_108_surface0.pcd,Testing,1.9603885412216187,1.919812560081482,0.04057598114013672
12,TH0011AV/viewpoint_simulated_109_surface0.pcd,Testing,2.029000997543335,1.9633089303970337,0.06569206714630127
13,TH0011AV/viewpoint_simulated_11_surface0.pcd,Testing,1.8794660568237305,1.8735331296920776,0.005932927131652832
14,TH0011AV/viewpoint_simulated_110_surface0.pcd,Testing,2.0068747997283936,1.9599791765213013,0.046895623207092285
15,TH0011AV/viewpoint_simulated_111_surface0.pcd,Testing,1.8384422063827515,1.9732985496520996,0.13485634326934814
16,TH0011AV/viewpoint_simulated_112_surface0.pcd,Testing,2.0369346141815186,1.993498682975769,0.04343593120574951
17,TH0011AV/viewpoint_simulated_113_surface0.pcd,Testing,1.9133939743041992,1.9766826629638672,0.06328868865966797
18,TH0011AV/viewpoint_simulated_114_surface0.pcd,Testing,2.0430500507354736,1.9312385320663452,0.11181151866912842
19,TH0011AV/viewpoint_simulated_115_surface0.pcd,Testing,1.8864980936050415,1.9494829177856445,0.06298482418060303
20,TH0011AV/viewpoint_simulated_116_surface0.pcd,Testing,1.868637204170227,1.9719226360321045,0.10328543186187744
21,TH0011AV/viewpoint_simulated_117_surface0.pcd,Testing,2.026681900024414,1.969631314277649,0.05705058574676514
22,TH0011AV/viewpoint_simulated_118_surface0.pcd,Testing,2.0873332023620605,1.9234461784362793,0.16388702392578125
23,TH0011AV/viewpoint_simulated_119_surface0.pcd,Testing,1.9461883306503296,1.8835457563400269,0.06264257431030273
24,TH0011AV/viewpoint_simulated_12_surface0.pcd,Testing,2.0887019634246826,1.8693047761917114,0.2193971872329712
25,TH0011AV/viewpoint_simulated_120_surface0.pcd,Testing,2.0421361923217773,1.978041410446167,0.06409478187561035
26,TH0011AV/viewpoint_simulated_121_surface0.pcd,Testing,2.104750871658325,2.0199551582336426,0.08479571342468262
27,TH0011AV/viewpoint_simulated_122_surface0.pcd,Testing,2.002326488494873,2.011354446411133,0.009027957916259766
28,TH0011AV/viewpoint_simulated_123_surface0.pcd,Testing,1.9654338359832764,2.052628993988037,0.08719515800476074
29,TH0011AV/viewpoint_simulated_124_surface0.pcd,Testing,2.020805835723877,2.031872272491455,0.011066436767578125
30,TH0011AV/viewpoint_simulated_125_surface0.pcd,Testing,2.0883665084838867,2.0081818103790283,0.0801846981048584
31,TH0011AV/viewpoint_simulated_126_surface0.pcd,Testing,1.9588592052459717,1.9561002254486084,0.0027589797973632812
32,TH0011AV/viewpoint_simulated_127_surface0.pcd,Testing,2.0658962726593018,1.9749828577041626,0.09091341495513916
33,TH0011AV/viewpoint_simulated_128_surface0.pcd,Testing,1.937657356262207,2.0020952224731445,0.0644378662109375
34,TH0011AV/viewpoint_simulated_129_surface0.pcd,Testing,2.19857120513916,2.0145339965820312,0.1840372085571289
35,TH0011AV/viewpoint_simulated_13_surface0.pcd,Testing,1.9701825380325317,1.8882468938827515,0.08193564414978027
36,TH0011AV/viewpoint_simulated_130_surface0.pcd,Testing,2.0555663108825684,1.9750851392745972,0.08048117160797119
37,TH0011AV/viewpoint_simulated_131_surface0.pcd,Testing,2.0527234077453613,1.9289525747299194,0.1237708330154419
38,TH0011AV/viewpoint_simulated_132_surface0.pcd,Testing,2.124321699142456,2.033087730407715,0.09123396873474121
39,TH0011AV/viewpoint_simulated_133_surface0.pcd,Testing,2.0662729740142822,2.058642864227295,0.007630109786987305
40,TH0011AV/viewpoint_simulated_134_surface0.pcd,Testing,2.1543309688568115,2.059966564178467,0.09436440467834473
41,TH0011AV/viewpoint_simulated_135_surface0.pcd,Testing,2.009798288345337,2.0956954956054688,0.08589720726013184
42,TH0011AV/viewpoint_simulated_136_surface0.pcd,Testing,1.9880694150924683,2.0670695304870605,0.07900011539459229
43,TH0011AV/viewpoint_simulated_137_surface0.pcd,Testing,2.060772180557251,2.0335638523101807,0.027208328247070312
44,TH0011AV/viewpoint_simulated_138_surface0.pcd,Testing,2.0025758743286133,1.9856492280960083,0.01692664623260498
45,TH0011AV/viewpoint_simulated_139_surface0.pcd,Testing,2.2598822116851807,2.011882781982422,0.2479994297027588
46,TH0011AV/viewpoint_simulated_14_surface0.pcd,Testing,1.8850592374801636,1.8982325792312622,0.013173341751098633
47,TH0011AV/viewpoint_simulated_140_surface0.pcd,Testing,1.9736661911010742,2.028021812438965,0.054355621337890625
48,TH0011AV/viewpoint_simulated_141_surface0.pcd,Testing,2.0387165546417236,2.069028854370117,0.030312299728393555
49,TH0011AV/viewpoint_simulated_142_surface0.pcd,Testing,2.0118534564971924,2.027787208557129,0.015933752059936523
50,TH0011AV/viewpoint_simulated_143_surface0.pcd,Testing,2.0904247760772705,1.9766837358474731,0.11374104022979736
51,TH0011AV/viewpoint_simulated_144_surface0.pcd,Testing,1.9978418350219727,1.8724812269210815,0.1253606081008911
52,TH0011AV/viewpoint_simulated_145_surface0.pcd,Testing,1.9500752687454224,1.8810464143753052,0.06902885437011719
53,TH0011AV/viewpoint_simulated_146_surface0.pcd,Testing,2.11440372467041,1.8837460279464722,0.230657696723938
54,TH0011AV/viewpoint_simulated_147_surface0.pcd,Testing,1.9027674198150635,1.88796865940094,0.014798760414123535
55,TH0011AV/viewpoint_simulated_148_surface0.pcd,Testing,2.088059902191162,1.8919819593429565,0.19607794284820557
56,TH0011AV/viewpoint_simulated_149_surface0.pcd,Testing,1.9706401824951172,1.8946583271026611,0.07598185539245605
57,TH0011AV/viewpoint_simulated_15_surface0.pcd,Testing,1.9321686029434204,1.9028743505477905,0.029294252395629883
58,TH0011AV/viewpoint_simulated_150_surface0.pcd,Testing,1.9912781715393066,1.8895913362503052,0.10168683528900146
59,TH0011AV/viewpoint_simulated_151_surface0.pcd,Testing,2.00093150138855,1.8861314058303833,0.1148000955581665
60,TH0011AV/viewpoint_simulated_152_surface0.pcd,Testing,1.796446442604065,1.8850375413894653,0.08859109878540039
61,TH0011AV/viewpoint_simulated_153_surface0.pcd,Testing,1.9939526319503784,1.8790818452835083,0.11487078666687012
62,TH0011AV/viewpoint_simulated_154_surface0.pcd,Testing,2.1598877906799316,1.8738209009170532,0.2860668897628784
63,TH0011AV/viewpoint_simulated_155_surface0.pcd,Testing,1.8924484252929688,1.8705867528915405,0.021861672401428223
64,TH0011AV/viewpoint_simulated_156_surface0.pcd,Testing,2.0358433723449707,1.8654508590698242,0.17039251327514648
65,TH0011AV/viewpoint_simulated_157_surface0.pcd,Testing,1.9851394891738892,1.889900803565979,0.09523868560791016
66,TH0011AV/viewpoint_simulated_158_surface0.pcd,Testing,1.973901391029358,1.900274395942688,0.07362699508666992
67,TH0011AV/viewpoint_simulated_159_surface0.pcd,Testing,1.8830807209014893,1.9015088081359863,0.01842808723449707
68,TH0011AV/viewpoint_simulated_16_surface0.pcd,Testing,2.0581281185150146,1.906044363975525,0.15208375453948975
69,TH0011AV/viewpoint_simulated_160_surface0.pcd,Testing,2.076908826828003,1.9043526649475098,0.17255616188049316
70,TH0011AV/viewpoint_simulated_161_surface0.pcd,Testing,1.989266037940979,1.9078772068023682,0.08138883113861084
71,TH0011AV/viewpoint_simulated_162_surface0.pcd,Testing,1.920030117034912,1.903525710105896,0.016504406929016113
72,TH0011AV/viewpoint_simulated_163_surface0.pcd,Testing,2.0236611366271973,1.9300938844680786,0.09356725215911865
73,TH0011AV/viewpoint_simulated_164_surface0.pcd,Testing,1.9377862215042114,1.8986331224441528,0.039153099060058594
74,TH0011AV/viewpoint_simulated_165_surface0.pcd,Testing,2.0439679622650146,1.8882228136062622,0.15574514865875244
75,TH0011AV/viewpoint_simulated_166_surface0.pcd,Testing,2.035693883895874,1.8715754747390747,0.16411840915679932
76,TH0011AV/viewpoint_simulated_167_surface0.pcd,Testing,1.9489692449569702,1.859964370727539,0.08900487422943115
77,TH0011AV/viewpoint_simulated_168_surface0.pcd,Testing,1.9353853464126587,1.8789180517196655,0.056467294692993164
78,TH0011AV/viewpoint_simulated_169_surface0.pcd,Testing,1.9951903820037842,1.9250210523605347,0.07016932964324951
79,TH0011AV/viewpoint_simulated_17_surface0.pcd,Testing,2.0266966819763184,1.9097857475280762,0.11691093444824219
80,TH0011AV/viewpoint_simulated_170_surface0.pcd,Testing,2.0288808345794678,1.9192605018615723,0.10962033271789551
81,TH0011AV/viewpoint_simulated_171_surface0.pcd,Testing,2.0692920684814453,1.9286987781524658,0.1405932903289795
82,TH0011AV/viewpoint_simulated_172_surface0.pcd,Testing,1.9766432046890259,1.9413893222808838,0.03525388240814209
83,TH0011AV/viewpoint_simulated_173_surface0.pcd,Testing,2.039591073989868,1.9426640272140503,0.09692704677581787
84,TH0011AV/viewpoint_simulated_174_surface0.pcd,Testing,2.1163887977600098,1.9200764894485474,0.1963123083114624
85,TH0011AV/viewpoint_simulated_175_surface0.pcd,Testing,1.972955584526062,1.9578319787979126,0.015123605728149414
86,TH0011AV/viewpoint_simulated_176_surface0.pcd,Testing,2.0433478355407715,1.934712529182434,0.1086353063583374
87,TH0011AV/viewpoint_simulated_177_surface0.pcd,Testing,2.034369468688965,1.9225033521652222,0.11186611652374268
88,TH0011AV/viewpoint_simulated_178_surface0.pcd,Testing,1.9838871955871582,1.8828414678573608,0.10104572772979736
89,TH0011AV/viewpoint_simulated_179_surface0.pcd,Testing,1.9783576726913452,1.8616943359375,0.11666333675384521
90,TH0011AV/viewpoint_simulated_18_surface0.pcd,Testing,2.053295612335205,1.9060851335525513,0.1472104787826538
91,TH0011AV/viewpoint_simulated_180_surface0.pcd,Testing,1.9337613582611084,1.9159884452819824,0.017772912979125977
92,TH0011AV/viewpoint_simulated_181_surface0.pcd,Testing,2.0142619609832764,1.974685549736023,0.03957641124725342
93,TH0011AV/viewpoint_simulated_182_surface0.pcd,Testing,1.9742778539657593,1.9592221975326538,0.015055656433105469
94,TH0011AV/viewpoint_simulated_183_surface0.pcd,Testing,1.8765337467193604,1.9732472896575928,0.09671354293823242
95,TH0011AV/viewpoint_simulated_184_surface0.pcd,Testing,2.0246658325195312,1.992695927619934,0.03196990489959717
96,TH0011AV/viewpoint_simulated_185_surface0.pcd,Testing,2.078601598739624,1.973713755607605,0.10488784313201904
97,TH0011AV/viewpoint_simulated_186_surface0.pcd,Testing,1.9776382446289062,1.9306505918502808,0.04698765277862549
98,TH0011AV/viewpoint_simulated_187_surface0.pcd,Testing,1.9039256572723389,1.948334813117981,0.04440915584564209
99,TH0011AV/viewpoint_simulated_188_surface0.pcd,Testing,1.973759651184082,1.9711757898330688,0.0025838613510131836
100,TH0011AV/viewpoint_simulated_189_surface0.pcd,Testing,1.8675709962844849,1.9691493511199951,0.10157835483551025
101,TH0011AV/viewpoint_simulated_19_surface0.pcd,Testing,1.8695213794708252,1.9053876399993896,0.03586626052856445
102,TH0011AV/viewpoint_simulated_190_surface0.pcd,Testing,1.979210376739502,1.9177368879318237,0.06147348880767822
103,TH0011AV/viewpoint_simulated_191_surface0.pcd,Testing,1.957993507385254,1.88278067111969,0.07521283626556396
104,TH0011AV/viewpoint_simulated_192_surface0.pcd,Testing,2.0885989665985107,1.9776841402053833,0.11091482639312744
105,TH0011AV/viewpoint_simulated_193_surface0.pcd,Testing,2.1285176277160645,2.019763708114624,0.10875391960144043
106,TH0011AV/viewpoint_simulated_194_surface0.pcd,Testing,2.1475706100463867,2.0108680725097656,0.1367025375366211
107,TH0011AV/viewpoint_simulated_195_surface0.pcd,Testing,2.006061315536499,2.0531864166259766,0.04712510108947754
108,TH0011AV/viewpoint_simulated_196_surface0.pcd,Testing,2.048478126525879,2.0311646461486816,0.017313480377197266
109,TH0011AV/viewpoint_simulated_197_surface0.pcd,Testing,2.041212558746338,2.0077078342437744,0.03350472450256348
110,TH0011AV/viewpoint_simulated_198_surface0.pcd,Testing,1.9618144035339355,1.9554659128189087,0.0063484907150268555
111,TH0011AV/viewpoint_simulated_199_surface0.pcd,Testing,2.050112724304199,1.9738291501998901,0.07628357410430908
112,TH0011AV/viewpoint_simulated_2_surface0.pcd,Testing,1.9277843236923218,1.8888942003250122,0.03889012336730957
113,TH0011AV/viewpoint_simulated_20_surface0.pcd,Testing,1.9760743379592896,1.9008122682571411,0.07526206970214844
114,TH0011AV/viewpoint_simulated_200_surface0.pcd,Testing,2.026331663131714,2.0020952224731445,0.024236440658569336
115,TH0011AV/viewpoint_simulated_201_surface0.pcd,Testing,2.0775277614593506,2.014153003692627,0.06337475776672363
116,TH0011AV/viewpoint_simulated_202_surface0.pcd,Testing,2.0374131202697754,1.9746743440628052,0.06273877620697021
117,TH0011AV/viewpoint_simulated_203_surface0.pcd,Testing,2.0065650939941406,1.9281047582626343,0.07846033573150635
118,TH0011AV/viewpoint_simulated_204_surface0.pcd,Testing,2.0799732208251953,2.032811164855957,0.04716205596923828
119,TH0011AV/viewpoint_simulated_205_surface0.pcd,Testing,2.137850284576416,2.0589845180511475,0.07886576652526855
120,TH0011AV/viewpoint_simulated_206_surface0.pcd,Testing,2.0897645950317383,2.0601296424865723,0.029634952545166016
121,TH0011AV/viewpoint_simulated_207_surface0.pcd,Testing,2.07474946975708,2.106778144836426,0.0320286750793457
122,TH0011AV/viewpoint_simulated_208_surface0.pcd,Testing,2.0619046688079834,2.066185712814331,0.004281044006347656
123,TH0011AV/viewpoint_simulated_209_surface0.pcd,Testing,2.0446622371673584,2.033360004425049,0.01130223274230957
124,TH0011AV/viewpoint_simulated_21_surface0.pcd,Testing,1.9369431734085083,1.890305995941162,0.04663717746734619
125,TH0011AV/viewpoint_simulated_210_surface0.pcd,Testing,2.0334548950195312,1.9848350286483765,0.048619866371154785
126,TH0011AV/viewpoint_simulated_211_surface0.pcd,Testing,1.9921901226043701,2.0111184120178223,0.01892828941345215
127,TH0011AV/viewpoint_simulated_212_surface0.pcd,Testing,1.9549211263656616,2.027383327484131,0.07246220111846924
128,TH0011AV/viewpoint_simulated_213_surface0.pcd,Testing,1.9774703979492188,2.0684762001037598,0.09100580215454102
129,TH0011AV/viewpoint_simulated_214_surface0.pcd,Testing,2.0351412296295166,2.0276169776916504,0.007524251937866211
130,TH0011AV/viewpoint_simulated_215_surface0.pcd,Testing,1.9400795698165894,1.9759067296981812,0.0358271598815918
131,TH0011AV/viewpoint_simulated_22_surface0.pcd,Testing,2.009996175765991,1.8735527992248535,0.1364433765411377
132,TH0011AV/viewpoint_simulated_23_surface0.pcd,Testing,1.997662901878357,1.8623496294021606,0.1353132724761963
133,TH0011AV/viewpoint_simulated_24_surface0.pcd,Testing,1.9228270053863525,1.8817155361175537,0.04111146926879883
134,TH0011AV/viewpoint_simulated_25_surface0.pcd,Testing,2.073868989944458,1.9121859073638916,0.1616830825805664
135,TH0011AV/viewpoint_simulated_26_surface0.pcd,Testing,1.9386969804763794,1.9211641550064087,0.017532825469970703
136,TH0011AV/viewpoint_simulated_27_surface0.pcd,Testing,1.9194939136505127,1.92966628074646,0.010172367095947266
137,TH0011AV/viewpoint_simulated_28_surface0.pcd,Testing,1.9969418048858643,1.9428191184997559,0.0541226863861084
138,TH0011AV/viewpoint_simulated_29_surface0.pcd,Testing,2.141404867172241,1.9440242052078247,0.1973806619644165
139,TH0011AV/viewpoint_simulated_3_surface0.pcd,Testing,2.0915091037750244,1.8902212381362915,0.2012878656387329
140,TH0011AV/viewpoint_simulated_30_surface0.pcd,Testing,1.9726890325546265,1.921913743019104,0.05077528953552246
141,TH0011AV/viewpoint_simulated_31_surface0.pcd,Testing,1.9709343910217285,1.9316105842590332,0.03932380676269531
142,TH0011AV/viewpoint_simulated_32_surface0.pcd,Testing,2.0537290573120117,1.9369145631790161,0.1168144941329956
143,TH0011AV/viewpoint_simulated_33_surface0.pcd,Testing,2.0817418098449707,1.9215493202209473,0.16019248962402344
144,TH0011AV/viewpoint_simulated_34_surface0.pcd,Testing,2.0297746658325195,1.8843014240264893,0.14547324180603027
145,TH0011AV/viewpoint_simulated_35_surface0.pcd,Testing,2.0770797729492188,1.863648533821106,0.2134312391281128
146,TH0011AV/viewpoint_simulated_36_surface0.pcd,Testing,2.235337018966675,1.9205409288406372,0.3147960901260376
147,TH0011AV/viewpoint_simulated_37_surface0.pcd,Testing,1.9626641273498535,1.9640384912490845,0.001374363899230957
148,TH0011AV/viewpoint_simulated_38_surface0.pcd,Testing,1.9839308261871338,1.9608091115951538,0.02312171459197998
149,TH0011AV/viewpoint_simulated_39_surface0.pcd,Testing,1.9470713138580322,1.97349214553833,0.02642083168029785
150,TH0011AV/viewpoint_simulated_4_surface0.pcd,Testing,1.9496383666992188,1.8948456048965454,0.05479276180267334
151,TH0011AV/viewpoint_simulated_40_surface0.pcd,Testing,1.9315937757492065,1.9946140050888062,0.06302022933959961
152,TH0011AV/viewpoint_simulated_41_surface0.pcd,Testing,1.9155734777450562,1.9776064157485962,0.06203293800354004
153,TH0011AV/viewpoint_simulated_42_surface0.pcd,Testing,1.9879581928253174,1.932113528251648,0.055844664573669434
154,TH0011AV/viewpoint_simulated_43_surface0.pcd,Testing,1.9673031568527222,1.9504969120025635,0.01680624485015869
155,TH0011AV/viewpoint_simulated_44_surface0.pcd,Testing,2.0809319019317627,1.9728976488113403,0.10803425312042236
156,TH0011AV/viewpoint_simulated_45_surface0.pcd,Testing,1.9212861061096191,1.970058798789978,0.04877269268035889
157,TH0011AV/viewpoint_simulated_46_surface0.pcd,Testing,2.0257301330566406,1.9240282773971558,0.10170185565948486
158,TH0011AV/viewpoint_simulated_47_surface0.pcd,Testing,1.948479175567627,1.8848057985305786,0.06367337703704834
159,TH0011AV/viewpoint_simulated_48_surface0.pcd,Testing,2.0038461685180664,1.9840449094772339,0.01980125904083252
160,TH0011AV/viewpoint_simulated_49_surface0.pcd,Testing,2.020322561264038,2.02060604095459,0.0002834796905517578
161,TH0011AV/viewpoint_simulated_5_surface0.pcd,Testing,1.8782931566238403,1.8944391012191772,0.016145944595336914
162,TH0011AV/viewpoint_simulated_50_surface0.pcd,Testing,1.9240317344665527,2.0119810104370117,0.08794927597045898
163,TH0011AV/viewpoint_simulated_51_surface0.pcd,Testing,2.0677261352539062,2.0538573265075684,0.01386880874633789
164,TH0011AV/viewpoint_simulated_52_surface0.pcd,Testing,2.0277740955352783,2.0326476097106934,0.004873514175415039
165,TH0011AV/viewpoint_simulated_53_surface0.pcd,Testing,2.0580685138702393,2.0087890625,0.04927945137023926
166,TH0011AV/viewpoint_simulated_54_surface0.pcd,Testing,1.9051153659820557,1.9569019079208374,0.05178654193878174
167,TH0011AV/viewpoint_simulated_55_surface0.pcd,Testing,2.1032252311706543,1.975877046585083,0.1273481845855713
168,TH0011AV/viewpoint_simulated_56_surface0.pcd,Testing,1.918439507484436,2.0031344890594482,0.08469498157501221
169,TH0011AV/viewpoint_simulated_57_surface0.pcd,Testing,1.9293756484985352,2.0152649879455566,0.08588933944702148
170,TH0011AV/viewpoint_simulated_58_surface0.pcd,Testing,2.0004968643188477,1.9755223989486694,0.024974465370178223
171,TH0011AV/viewpoint_simulated_59_surface0.pcd,Testing,2.0323119163513184,1.9296026229858398,0.10270929336547852
172,TH0011AV/viewpoint_simulated_6_surface0.pcd,Testing,1.9689666032791138,1.8916077613830566,0.07735884189605713
173,TH0011AV/viewpoint_simulated_60_surface0.pcd,Testing,2.0940322875976562,2.0351614952087402,0.058870792388916016
174,TH0011AV/viewpoint_simulated_61_surface0.pcd,Testing,2.0453672409057617,2.0589094161987305,0.01354217529296875
175,TH0011AV/viewpoint_simulated_62_surface0.pcd,Testing,2.0835623741149902,2.060189962387085,0.023372411727905273
176,TH0011AV/viewpoint_simulated_63_surface0.pcd,Testing,2.1404387950897217,2.0969839096069336,0.043454885482788086
177,TH0011AV/viewpoint_simulated_64_surface0.pcd,Testing,2.124258041381836,2.0674867630004883,0.056771278381347656
178,TH0011AV/viewpoint_simulated_65_surface0.pcd,Testing,1.879872441291809,2.03425931930542,0.15438687801361084
179,TH0011AV/viewpoint_simulated_66_surface0.pcd,Testing,2.050854206085205,1.986472487449646,0.06438171863555908
180,TH0011AV/viewpoint_simulated_67_surface0.pcd,Testing,2.002436399459839,2.012582302093506,0.010145902633666992
181,TH0011AV/viewpoint_simulated_68_surface0.pcd,Testing,2.0598366260528564,2.028876304626465,0.0309603214263916
182,TH0011AV/viewpoint_simulated_69_surface0.pcd,Testing,2.032975673675537,2.0554347038269043,0.022459030151367188
183,TH0011AV/viewpoint_simulated_7_surface0.pcd,Testing,1.8470697402954102,1.8890076875686646,0.041937947273254395
184,TH0011AV/viewpoint_simulated_70_surface0.pcd,Testing,1.9771413803100586,2.0285181999206543,0.0513768196105957
185,TH0011AV/viewpoint_simulated_71_surface0.pcd,Testing,1.9802426099777222,1.9775112867355347,0.0027313232421875
186,TH0011AV/viewpoint_simulated_72_surface0.pcd,Testing,1.8507928848266602,1.8751310110092163,0.024338126182556152
187,TH0011AV/viewpoint_simulated_73_surface0.pcd,Testing,1.9773051738739014,1.8815666437149048,0.09573853015899658
188,TH0011AV/viewpoint_simulated_74_surface0.pcd,Testing,1.9945671558380127,1.8862658739089966,0.10830128192901611
189,TH0011AV/viewpoint_simulated_75_surface0.pcd,Testing,1.865983247756958,1.8885356187820435,0.02255237102508545
190,TH0011AV/viewpoint_simulated_76_surface0.pcd,Testing,1.9416652917861938,1.8943578004837036,0.047307491302490234
191,TH0011AV/viewpoint_simulated_77_surface0.pcd,Testing,2.084231376647949,1.8950473070144653,0.1891840696334839
192,TH0011AV/viewpoint_simulated_78_surface0.pcd,Testing,2.025904893875122,1.8903048038482666,0.13560009002685547
193,TH0011AV/viewpoint_simulated_79_surface0.pcd,Testing,1.991147756576538,1.88740873336792,0.10373902320861816
194,TH0011AV/viewpoint_simulated_8_surface0.pcd,Testing,1.9670106172561646,1.8863528966903687,0.0806577205657959
195,TH0011AV/viewpoint_simulated_80_surface0.pcd,Testing,2.004525661468506,1.8844867944717407,0.12003886699676514
196,TH0011AV/viewpoint_simulated_81_surface0.pcd,Testing,2.0395967960357666,1.8795238733291626,0.160072922706604
197,TH0011AV/viewpoint_simulated_82_surface0.pcd,Testing,2.058906078338623,1.873255729675293,0.18565034866333008
198,TH0011AV/viewpoint_simulated_83_surface0.pcd,Testing,1.969770073890686,1.871849775314331,0.09792029857635498
199,TH0011AV/viewpoint_simulated_84_surface0.pcd,Testing,2.1169142723083496,1.8666701316833496,0.250244140625
200,TH0011AV/viewpoint_simulated_85_surface0.pcd,Testing,1.959421992301941,1.887107014656067,0.07231497764587402
201,TH0011AV/viewpoint_simulated_86_surface0.pcd,Testing,1.9632692337036133,1.9007596969604492,0.06250953674316406
202,TH0011AV/viewpoint_simulated_87_surface0.pcd,Testing,1.9598562717437744,1.902143120765686,0.05771315097808838
203,TH0011AV/viewpoint_simulated_88_surface0.pcd,Testing,1.9803310632705688,1.9049144983291626,0.07541656494140625
204,TH0011AV/viewpoint_simulated_89_surface0.pcd,Testing,1.9627586603164673,1.9087879657745361,0.05397069454193115
205,TH0011AV/viewpoint_simulated_9_surface0.pcd,Testing,1.9897466897964478,1.8803958892822266,0.10935080051422119
206,TH0011AV/viewpoint_simulated_90_surface0.pcd,Testing,2.0013697147369385,1.9046210050582886,0.0967487096786499
207,TH0011AV/viewpoint_simulated_91_surface0.pcd,Testing,2.002100706100464,1.931044101715088,0.07105660438537598
208,TH0011AV/viewpoint_simulated_92_surface0.pcd,Testing,2.0044541358947754,1.8997604846954346,0.10469365119934082
209,TH0011AV/viewpoint_simulated_93_surface0.pcd,Testing,2.024678945541382,1.8893465995788574,0.13533234596252441
210,TH0011AV/viewpoint_simulated_94_surface0.pcd,Testing,1.9521008729934692,1.8724431991577148,0.0796576738357544
211,TH0011AV/viewpoint_simulated_95_surface0.pcd,Testing,1.8560800552368164,1.8608707189559937,0.004790663719177246
212,TH0011AV/viewpoint_simulated_96_surface0.pcd,Testing,2.0843701362609863,1.8811227083206177,0.20324742794036865
213,TH0011AV/viewpoint_simulated_97_surface0.pcd,Testing,2.0984067916870117,1.910854458808899,0.1875523328781128
214,TH0011AV/viewpoint_simulated_98_surface0.pcd,Testing,2.1913952827453613,1.920197606086731,0.27119767665863037
215,TH0011AV/viewpoint_simulated_99_surface0.pcd,Testing,2.026698350906372,1.928572416305542,0.09812593460083008
216,TH0011AV/viewpoint_simulated_0_surface1.pcd,Testing,2.1267075538635254,2.146373748779297,0.019666194915771484
217,TH0011AV/viewpoint_simulated_1_surface1.pcd,Testing,2.1186563968658447,2.15181303024292,0.033156633377075195
218,TH0011AV/viewpoint_simulated_10_surface1.pcd,Testing,2.2086589336395264,2.145871877670288,0.06278705596923828
219,TH0011AV/viewpoint_simulated_100_surface1.pcd,Testing,2.1497488021850586,2.123706340789795,0.026042461395263672
220,TH0011AV/viewpoint_simulated_101_surface1.pcd,Testing,2.1050426959991455,2.1274213790893555,0.02237868309020996
221,TH0011AV/viewpoint_simulated_102_surface1.pcd,Testing,2.170283317565918,2.1333680152893066,0.03691530227661133
222,TH0011AV/viewpoint_simulated_103_surface1.pcd,Testing,2.1898200511932373,2.1388349533081055,0.050985097885131836
223,TH0011AV/viewpoint_simulated_104_surface1.pcd,Testing,2.1064462661743164,2.138899326324463,0.032453060150146484
224,TH0011AV/viewpoint_simulated_105_surface1.pcd,Testing,2.170081853866577,2.1511600017547607,0.018921852111816406
225,TH0011AV/viewpoint_simulated_106_surface1.pcd,Testing,2.0759875774383545,2.14593505859375,0.06994748115539551
226,TH0011AV/viewpoint_simulated_107_surface1.pcd,Testing,2.109476327896118,2.1405587196350098,0.0310823917388916
227,TH0011AV/viewpoint_simulated_108_surface1.pcd,Testing,2.1948459148406982,2.193840503692627,0.001005411148071289
228,TH0011AV/viewpoint_simulated_109_surface1.pcd,Testing,2.147848129272461,2.1996755599975586,0.051827430725097656
229,TH0011AV/viewpoint_simulated_11_surface1.pcd,Testing,2.089596748352051,2.145944595336914,0.05634784698486328
230,TH0011AV/viewpoint_simulated_110_surface1.pcd,Testing,2.1607425212860107,2.162212610244751,0.0014700889587402344
231,TH0011AV/viewpoint_simulated_111_surface1.pcd,Testing,2.276218891143799,2.1676907539367676,0.10852813720703125
232,TH0011AV/viewpoint_simulated_112_surface1.pcd,Testing,2.1659433841705322,2.1315064430236816,0.034436941146850586
233,TH0011AV/viewpoint_simulated_113_surface1.pcd,Testing,2.102318048477173,2.136754035949707,0.03443598747253418
234,TH0011AV/viewpoint_simulated_114_surface1.pcd,Testing,2.1378955841064453,2.1347384452819824,0.0031571388244628906
235,TH0011AV/viewpoint_simulated_115_surface1.pcd,Testing,2.115022659301758,2.1426639556884766,0.02764129638671875
236,TH0011AV/viewpoint_simulated_116_surface1.pcd,Testing,2.2103288173675537,2.139400005340576,0.07092881202697754
237,TH0011AV/viewpoint_simulated_117_surface1.pcd,Testing,2.037952184677124,2.1500020027160645,0.11204981803894043
238,TH0011AV/viewpoint_simulated_118_surface1.pcd,Testing,2.071164846420288,2.1476149559020996,0.07645010948181152
239,TH0011AV/viewpoint_simulated_119_surface1.pcd,Testing,2.3366355895996094,2.156825304031372,0.1798102855682373
240,TH0011AV/viewpoint_simulated_12_surface1.pcd,Testing,2.2356793880462646,2.1417291164398193,0.09395027160644531
241,TH0011AV/viewpoint_simulated_120_surface1.pcd,Testing,2.256575584411621,2.24215030670166,0.014425277709960938
242,TH0011AV/viewpoint_simulated_121_surface1.pcd,Testing,2.1613516807556152,2.2674055099487305,0.10605382919311523
243,TH0011AV/viewpoint_simulated_122_surface1.pcd,Testing,2.298771381378174,2.168750762939453,0.1300206184387207
244,TH0011AV/viewpoint_simulated_123_surface1.pcd,Testing,2.1258418560028076,2.180063247680664,0.054221391677856445
245,TH0011AV/viewpoint_simulated_124_surface1.pcd,Testing,2.1471376419067383,2.1388485431671143,0.008289098739624023
246,TH0011AV/viewpoint_simulated_125_surface1.pcd,Testing,2.12852144241333,2.1412789821624756,0.012757539749145508
247,TH0011AV/viewpoint_simulated_126_surface1.pcd,Testing,2.1378157138824463,2.1355156898498535,0.0023000240325927734
248,TH0011AV/viewpoint_simulated_127_surface1.pcd,Testing,2.1588969230651855,2.1392393112182617,0.019657611846923828
249,TH0011AV/viewpoint_simulated_128_surface1.pcd,Testing,2.2182509899139404,2.139468193054199,0.07878279685974121
250,TH0011AV/viewpoint_simulated_129_surface1.pcd,Testing,2.2184031009674072,2.1564297676086426,0.06197333335876465
251,TH0011AV/viewpoint_simulated_13_surface1.pcd,Testing,2.0853891372680664,2.1424756050109863,0.05708646774291992
252,TH0011AV/viewpoint_simulated_130_surface1.pcd,Testing,2.005291223526001,2.144378185272217,0.13908696174621582
253,TH0011AV/viewpoint_simulated_131_surface1.pcd,Testing,2.139143705368042,2.1940770149230957,0.05493330955505371
254,TH0011AV/viewpoint_simulated_132_surface1.pcd,Testing,2.217893600463867,2.268284797668457,0.050391197204589844
255,TH0011AV/viewpoint_simulated_133_surface1.pcd,Testing,2.4657766819000244,2.4018914699554443,0.06388521194458008
256,TH0011AV/viewpoint_simulated_134_surface1.pcd,Testing,2.1006739139556885,2.16703462600708,0.0663607120513916
257,TH0011AV/viewpoint_simulated_135_surface1.pcd,Testing,2.1878395080566406,2.1925039291381836,0.004664421081542969
258,TH0011AV/viewpoint_simulated_136_surface1.pcd,Testing,2.090130567550659,2.1491875648498535,0.059056997299194336
259,TH0011AV/viewpoint_simulated_137_surface1.pcd,Testing,2.228736162185669,2.147829055786133,0.08090710639953613
260,TH0011AV/viewpoint_simulated_138_surface1.pcd,Testing,2.2625532150268555,2.14416241645813,0.11839079856872559
261,TH0011AV/viewpoint_simulated_139_surface1.pcd,Testing,2.1064693927764893,2.1503167152404785,0.04384732246398926
262,TH0011AV/viewpoint_simulated_14_surface1.pcd,Testing,2.111217737197876,2.1513867378234863,0.04016900062561035
263,TH0011AV/viewpoint_simulated_140_surface1.pcd,Testing,2.2723004817962646,2.137692928314209,0.13460755348205566
264,TH0011AV/viewpoint_simulated_141_surface1.pcd,Testing,2.166478395462036,2.157017707824707,0.009460687637329102
265,TH0011AV/viewpoint_simulated_142_surface1.pcd,Testing,2.1344876289367676,2.153461217880249,0.018973588943481445
266,TH0011AV/viewpoint_simulated_143_surface1.pcd,Testing,2.212822675704956,2.2208735942840576,0.008050918579101562
267,TH0011AV/viewpoint_simulated_144_surface1.pcd,Testing,2.208639144897461,2.147549867630005,0.061089277267456055
268,TH0011AV/viewpoint_simulated_145_surface1.pcd,Testing,2.0038869380950928,2.1426053047180176,0.1387183666229248
269,TH0011AV/viewpoint_simulated_146_surface1.pcd,Testing,2.1465909481048584,2.145771026611328,0.0008199214935302734
270,TH0011AV/viewpoint_simulated_147_surface1.pcd,Testing,2.072019577026367,2.1348302364349365,0.06281065940856934
271,TH0011AV/viewpoint_simulated_148_surface1.pcd,Testing,2.150733232498169,2.11801815032959,0.0327150821685791
272,TH0011AV/viewpoint_simulated_149_surface1.pcd,Testing,2.1333436965942383,2.1173691749572754,0.01597452163696289
273,TH0011AV/viewpoint_simulated_15_surface1.pcd,Testing,2.05019211769104,2.140946388244629,0.09075427055358887
274,TH0011AV/viewpoint_simulated_150_surface1.pcd,Testing,2.0501034259796143,2.1325106620788574,0.08240723609924316
275,TH0011AV/viewpoint_simulated_151_surface1.pcd,Testing,2.2352635860443115,2.1337478160858154,0.1015157699584961
276,TH0011AV/viewpoint_simulated_152_surface1.pcd,Testing,2.2302193641662598,2.131228446960449,0.09899091720581055
277,TH0011AV/viewpoint_simulated_153_surface1.pcd,Testing,2.2165350914001465,2.1360950469970703,0.08044004440307617
278,TH0011AV/viewpoint_simulated_154_surface1.pcd,Testing,2.144052505493164,2.14996337890625,0.0059108734130859375
279,TH0011AV/viewpoint_simulated_155_surface1.pcd,Testing,2.006132125854492,2.147590398788452,0.14145827293395996
280,TH0011AV/viewpoint_simulated_156_surface1.pcd,Testing,2.265341281890869,2.1463074684143066,0.1190338134765625
281,TH0011AV/viewpoint_simulated_157_surface1.pcd,Testing,2.105325222015381,2.1450653076171875,0.03974008560180664
282,TH0011AV/viewpoint_simulated_158_surface1.pcd,Testing,2.250897169113159,2.1518049240112305,0.09909224510192871
283,TH0011AV/viewpoint_simulated_159_surface1.pcd,Testing,2.1144790649414062,2.147273063659668,0.03279399871826172
284,TH0011AV/viewpoint_simulated_16_surface1.pcd,Testing,2.0333991050720215,2.1210203170776367,0.08762121200561523
285,TH0011AV/viewpoint_simulated_160_surface1.pcd,Testing,2.086350202560425,2.1199703216552734,0.03362011909484863
286,TH0011AV/viewpoint_simulated_161_surface1.pcd,Testing,2.131739616394043,2.118579864501953,0.013159751892089844
287,TH0011AV/viewpoint_simulated_162_surface1.pcd,Testing,2.0523104667663574,2.1345181465148926,0.08220767974853516
288,TH0011AV/viewpoint_simulated_163_surface1.pcd,Testing,2.012524366378784,2.1335177421569824,0.12099337577819824
289,TH0011AV/viewpoint_simulated_164_surface1.pcd,Testing,2.104320526123047,2.1326045989990234,0.028284072875976562
290,TH0011AV/viewpoint_simulated_165_surface1.pcd,Testing,2.0614306926727295,2.1398534774780273,0.07842278480529785
291,TH0011AV/viewpoint_simulated_166_surface1.pcd,Testing,2.041217565536499,2.1490283012390137,0.10781073570251465
292,TH0011AV/viewpoint_simulated_167_surface1.pcd,Testing,2.1935880184173584,2.1415224075317383,0.05206561088562012
293,TH0011AV/viewpoint_simulated_168_surface1.pcd,Testing,2.182924747467041,2.1704587936401367,0.012465953826904297
294,TH0011AV/viewpoint_simulated_169_surface1.pcd,Testing,2.0008115768432617,2.1597185134887695,0.1589069366455078
295,TH0011AV/viewpoint_simulated_17_surface1.pcd,Testing,2.1719307899475098,2.119137763977051,0.052793025970458984
296,TH0011AV/viewpoint_simulated_170_surface1.pcd,Testing,2.1862504482269287,2.1598525047302246,0.0263979434967041
297,TH0011AV/viewpoint_simulated_171_surface1.pcd,Testing,2.2096705436706543,2.152719020843506,0.05695152282714844
298,TH0011AV/viewpoint_simulated_172_surface1.pcd,Testing,2.1660659313201904,2.124781847000122,0.04128408432006836
299,TH0011AV/viewpoint_simulated_173_surface1.pcd,Testing,2.023819923400879,2.1278200149536133,0.10400009155273438
300,TH0011AV/viewpoint_simulated_174_surface1.pcd,Testing,2.1603710651397705,2.1329846382141113,0.02738642692565918
301,TH0011AV/viewpoint_simulated_175_surface1.pcd,Testing,2.0370726585388184,2.140017509460449,0.10294485092163086
302,TH0011AV/viewpoint_simulated_176_surface1.pcd,Testing,2.1817126274108887,2.1399288177490234,0.041783809661865234
303,TH0011AV/viewpoint_simulated_177_surface1.pcd,Testing,2.242337226867676,2.1473422050476074,0.09499502182006836
304,TH0011AV/viewpoint_simulated_178_surface1.pcd,Testing,2.139228582382202,2.1454555988311768,0.006227016448974609
305,TH0011AV/viewpoint_simulated_179_surface1.pcd,Testing,2.2118704319000244,2.144662380218506,0.06720805168151855
306,TH0011AV/viewpoint_simulated_18_surface1.pcd,Testing,2.2581965923309326,2.1330137252807617,0.1251828670501709
307,TH0011AV/viewpoint_simulated_180_surface1.pcd,Testing,2.060647964477539,2.1988134384155273,0.13816547393798828
308,TH0011AV/viewpoint_simulated_181_surface1.pcd,Testing,2.3105902671813965,2.197680950164795,0.11290931701660156
309,TH0011AV/viewpoint_simulated_182_surface1.pcd,Testing,2.095693826675415,2.159259796142578,0.06356596946716309
310,TH0011AV/viewpoint_simulated_183_surface1.pcd,Testing,2.19083571434021,2.1642370223999023,0.026598691940307617
311,TH0011AV/viewpoint_simulated_184_surface1.pcd,Testing,2.099701404571533,2.1323070526123047,0.032605648040771484
312,TH0011AV/viewpoint_simulated_185_surface1.pcd,Testing,2.139716625213623,2.1353230476379395,0.004393577575683594
313,TH0011AV/viewpoint_simulated_186_surface1.pcd,Testing,2.003302812576294,2.1326847076416016,0.12938189506530762
314,TH0011AV/viewpoint_simulated_187_surface1.pcd,Testing,2.206109046936035,2.140202760696411,0.06590628623962402
315,TH0011AV/viewpoint_simulated_188_surface1.pcd,Testing,2.1535487174987793,2.1368868350982666,0.016661882400512695
316,TH0011AV/viewpoint_simulated_189_surface1.pcd,Testing,2.219468355178833,2.1538782119750977,0.06559014320373535
317,TH0011AV/viewpoint_simulated_19_surface1.pcd,Testing,2.250525712966919,2.133927345275879,0.11659836769104004
318,TH0011AV/viewpoint_simulated_190_surface1.pcd,Testing,2.034254550933838,2.1481165885925293,0.1138620376586914
319,TH0011AV/viewpoint_simulated_191_surface1.pcd,Testing,2.269226551055908,2.1615707874298096,0.10765576362609863
320,TH0011AV/viewpoint_simulated_192_surface1.pcd,Testing,2.249711751937866,2.24129056930542,0.008421182632446289
321,TH0011AV/viewpoint_simulated_193_surface1.pcd,Testing,2.157802104949951,2.278949737548828,0.12114763259887695
322,TH0011AV/viewpoint_simulated_194_surface1.pcd,Testing,2.0622239112854004,2.1669130325317383,0.10468912124633789
323,TH0011AV/viewpoint_simulated_195_surface1.pcd,Testing,2.270646572113037,2.172966480255127,0.09768009185791016
324,TH0011AV/viewpoint_simulated_196_surface1.pcd,Testing,2.099731922149658,2.1408417224884033,0.04110980033874512
325,TH0011AV/viewpoint_simulated_197_surface1.pcd,Testing,2.072631359100342,2.14125394821167,0.06862258911132812
326,TH0011AV/viewpoint_simulated_198_surface1.pcd,Testing,2.1290204524993896,2.1336145401000977,0.004594087600708008
327,TH0011AV/viewpoint_simulated_199_surface1.pcd,Testing,2.197157621383667,2.1342711448669434,0.06288647651672363
328,TH0011AV/viewpoint_simulated_2_surface1.pcd,Testing,2.0738046169281006,2.1461293697357178,0.07232475280761719
329,TH0011AV/viewpoint_simulated_20_surface1.pcd,Testing,2.217758893966675,2.1342248916625977,0.08353400230407715
330,TH0011AV/viewpoint_simulated_200_surface1.pcd,Testing,2.2814934253692627,2.132565975189209,0.1489274501800537
331,TH0011AV/viewpoint_simulated_201_surface1.pcd,Testing,2.2890608310699463,2.1522412300109863,0.13681960105895996
332,TH0011AV/viewpoint_simulated_202_surface1.pcd,Testing,2.1546452045440674,2.151249885559082,0.0033953189849853516
333,TH0011AV/viewpoint_simulated_203_surface1.pcd,Testing,2.2088916301727295,2.200866222381592,0.008025407791137695
334,TH0011AV/viewpoint_simulated_204_surface1.pcd,Testing,2.100806474685669,2.28842830657959,0.1876218318939209
335,TH0011AV/viewpoint_simulated_205_surface1.pcd,Testing,2.1842923164367676,2.4121737480163574,0.22788143157958984
336,TH0011AV/viewpoint_simulated_206_surface1.pcd,Testing,2.133690357208252,2.1684017181396484,0.034711360931396484
337,TH0011AV/viewpoint_simulated_207_surface1.pcd,Testing,2.0941333770751953,2.1882033348083496,0.0940699577331543
338,TH0011AV/viewpoint_simulated_208_surface1.pcd,Testing,1.9936635494232178,2.155770778656006,0.16210722923278809
339,TH0011AV/viewpoint_simulated_209_surface1.pcd,Testing,2.302248954772949,2.147817611694336,0.15443134307861328
340,TH0011AV/viewpoint_simulated_21_surface1.pcd,Testing,2.138322353363037,2.141772985458374,0.003450632095336914
341,TH0011AV/viewpoint_simulated_210_surface1.pcd,Testing,2.1079885959625244,2.145291566848755,0.03730297088623047
342,TH0011AV/viewpoint_simulated_211_surface1.pcd,Testing,2.2349629402160645,2.147864818572998,0.0870981216430664
343,TH0011AV/viewpoint_simulated_212_surface1.pcd,Testing,2.234546422958374,2.136460781097412,0.09808564186096191
344,TH0011AV/viewpoint_simulated_213_surface1.pcd,Testing,2.0753157138824463,2.153262138366699,0.07794642448425293
345,TH0011AV/viewpoint_simulated_214_surface1.pcd,Testing,2.2253191471099854,2.1551904678344727,0.0701286792755127
346,TH0011AV/viewpoint_simulated_215_surface1.pcd,Testing,2.069664716720581,2.2237672805786133,0.15410256385803223
347,TH0011AV/viewpoint_simulated_22_surface1.pcd,Testing,2.200296640396118,2.146949291229248,0.05334734916687012
348,TH0011AV/viewpoint_simulated_23_surface1.pcd,Testing,2.0789952278137207,2.1394829750061035,0.06048774719238281
349,TH0011AV/viewpoint_simulated_24_surface1.pcd,Testing,2.2271218299865723,2.1534767150878906,0.07364511489868164
350,TH0011AV/viewpoint_simulated_25_surface1.pcd,Testing,2.107595682144165,2.1564347743988037,0.04883909225463867
351,TH0011AV/viewpoint_simulated_26_surface1.pcd,Testing,2.1625869274139404,2.1566951274871826,0.0058917999267578125
352,TH0011AV/viewpoint_simulated_27_surface1.pcd,Testing,2.1164069175720215,2.151273250579834,0.0348663330078125
353,TH0011AV/viewpoint_simulated_28_surface1.pcd,Testing,2.2574141025543213,2.125019073486328,0.13239502906799316
354,TH0011AV/viewpoint_simulated_29_surface1.pcd,Testing,2.1660256385803223,2.1268811225891113,0.03914451599121094
355,TH0011AV/viewpoint_simulated_3_surface1.pcd,Testing,2.040937900543213,2.135188102722168,0.09425020217895508
356,TH0011AV/viewpoint_simulated_30_surface1.pcd,Testing,2.132159948348999,2.1345534324645996,0.002393484115600586
357,TH0011AV/viewpoint_simulated_31_surface1.pcd,Testing,2.162338972091675,2.1379342079162598,0.02440476417541504
358,TH0011AV/viewpoint_simulated_32_surface1.pcd,Testing,2.2657759189605713,2.1385741233825684,0.12720179557800293
359,TH0011AV/viewpoint_simulated_33_surface1.pcd,Testing,2.199223518371582,2.1525211334228516,0.04670238494873047
360,TH0011AV/viewpoint_simulated_34_surface1.pcd,Testing,2.2166247367858887,2.1459012031555176,0.0707235336303711
361,TH0011AV/viewpoint_simulated_35_surface1.pcd,Testing,2.1448216438293457,2.1384549140930176,0.006366729736328125
362,TH0011AV/viewpoint_simulated_36_surface1.pcd,Testing,2.232591152191162,2.1840429306030273,0.048548221588134766
363,TH0011AV/viewpoint_simulated_37_surface1.pcd,Testing,2.139313220977783,2.1916606426239014,0.052347421646118164
364,TH0011AV/viewpoint_simulated_38_surface1.pcd,Testing,2.074385643005371,2.1672744750976562,0.09288883209228516
365,TH0011AV/viewpoint_simulated_39_surface1.pcd,Testing,2.1739180088043213,2.164212226867676,0.009705781936645508
366,TH0011AV/viewpoint_simulated_4_surface1.pcd,Testing,2.1935131549835205,2.1211161613464355,0.07239699363708496
367,TH0011AV/viewpoint_simulated_40_surface1.pcd,Testing,2.1802845001220703,2.1308441162109375,0.04944038391113281
368,TH0011AV/viewpoint_simulated_41_surface1.pcd,Testing,2.1555168628692627,2.137519598007202,0.017997264862060547
369,TH0011AV/viewpoint_simulated_42_surface1.pcd,Testing,2.100802421569824,2.139211654663086,0.03840923309326172
370,TH0011AV/viewpoint_simulated_43_surface1.pcd,Testing,2.235259532928467,2.1454615592956543,0.0897979736328125
371,TH0011AV/viewpoint_simulated_44_surface1.pcd,Testing,2.070492744445801,2.146829605102539,0.07633686065673828
372,TH0011AV/viewpoint_simulated_45_surface1.pcd,Testing,2.2476086616516113,2.1512017250061035,0.09640693664550781
373,TH0011AV/viewpoint_simulated_46_surface1.pcd,Testing,2.125394344329834,2.141538143157959,0.016143798828125
374,TH0011AV/viewpoint_simulated_47_surface1.pcd,Testing,2.111398458480835,2.1515049934387207,0.04010653495788574
375,TH0011AV/viewpoint_simulated_48_surface1.pcd,Testing,2.154798746109009,2.2264490127563477,0.07165026664733887
376,TH0011AV/viewpoint_simulated_49_surface1.pcd,Testing,2.0218300819396973,2.2593657970428467,0.23753571510314941
377,TH0011AV/viewpoint_simulated_5_surface1.pcd,Testing,2.0367228984832764,2.121793746948242,0.08507084846496582
378,TH0011AV/viewpoint_simulated_50_surface1.pcd,Testing,2.068828582763672,2.1668453216552734,0.09801673889160156
379,TH0011AV/viewpoint_simulated_51_surface1.pcd,Testing,2.237246513366699,2.183405876159668,0.05384063720703125
380,TH0011AV/viewpoint_simulated_52_surface1.pcd,Testing,2.233248710632324,2.136460304260254,0.09678840637207031
381,TH0011AV/viewpoint_simulated_53_surface1.pcd,Testing,2.2044379711151123,2.1446094512939453,0.05982851982116699
382,TH0011AV/viewpoint_simulated_54_surface1.pcd,Testing,2.185914993286133,2.141237735748291,0.0446772575378418
383,TH0011AV/viewpoint_simulated_55_surface1.pcd,Testing,2.268839120864868,2.1442337036132812,0.12460541725158691
384,TH0011AV/viewpoint_simulated_56_surface1.pcd,Testing,2.1153910160064697,2.141327381134033,0.025936365127563477
385,TH0011AV/viewpoint_simulated_57_surface1.pcd,Testing,2.1880717277526855,2.160762310028076,0.027309417724609375
386,TH0011AV/viewpoint_simulated_58_surface1.pcd,Testing,2.2425754070281982,2.144303321838379,0.09827208518981934
387,TH0011AV/viewpoint_simulated_59_surface1.pcd,Testing,2.273951768875122,2.186673641204834,0.08727812767028809
388,TH0011AV/viewpoint_simulated_6_surface1.pcd,Testing,2.161008834838867,2.1314620971679688,0.029546737670898438
389,TH0011AV/viewpoint_simulated_60_surface1.pcd,Testing,2.2342638969421387,2.2642645835876465,0.030000686645507812
390,TH0011AV/viewpoint_simulated_61_surface1.pcd,Testing,2.1639063358306885,2.3984017372131348,0.2344954013824463
391,TH0011AV/viewpoint_simulated_62_surface1.pcd,Testing,2.4069104194641113,2.169473171234131,0.23743724822998047
392,TH0011AV/viewpoint_simulated_63_surface1.pcd,Testing,2.0735371112823486,2.1996264457702637,0.12608933448791504
393,TH0011AV/viewpoint_simulated_64_surface1.pcd,Testing,2.240156650543213,2.1475253105163574,0.09263134002685547
394,TH0011AV/viewpoint_simulated_65_surface1.pcd,Testing,2.1507718563079834,2.1508140563964844,4.220008850097656e-05
395,TH0011AV/viewpoint_simulated_66_surface1.pcd,Testing,2.1657402515411377,2.146389961242676,0.019350290298461914
396,TH0011AV/viewpoint_simulated_67_surface1.pcd,Testing,2.146456480026245,2.1515774726867676,0.005120992660522461
397,TH0011AV/viewpoint_simulated_68_surface1.pcd,Testing,2.1210556030273438,2.1396868228912354,0.0186312198638916
398,TH0011AV/viewpoint_simulated_69_surface1.pcd,Testing,2.0988378524780273,2.1605939865112305,0.061756134033203125
399,TH0011AV/viewpoint_simulated_7_surface1.pcd,Testing,2.025550603866577,2.1320509910583496,0.10650038719177246
400,TH0011AV/viewpoint_simulated_70_surface1.pcd,Testing,2.2121479511260986,2.1490211486816406,0.06312680244445801
401,TH0011AV/viewpoint_simulated_71_surface1.pcd,Testing,2.160937786102295,2.2165961265563965,0.05565834045410156
402,TH0011AV/viewpoint_simulated_72_surface1.pcd,Testing,2.119447708129883,2.1472511291503906,0.027803421020507812
403,TH0011AV/viewpoint_simulated_73_surface1.pcd,Testing,2.050368547439575,2.1435790061950684,0.09321045875549316
404,TH0011AV/viewpoint_simulated_74_surface1.pcd,Testing,2.127695322036743,2.145925998687744,0.018230676651000977
405,TH0011AV/viewpoint_simulated_75_surface1.pcd,Testing,2.035186767578125,2.1344056129455566,0.09921884536743164
406,TH0011AV/viewpoint_simulated_76_surface1.pcd,Testing,2.160991907119751,2.118950366973877,0.04204154014587402
407,TH0011AV/viewpoint_simulated_77_surface1.pcd,Testing,2.0669984817504883,2.1180191040039062,0.05102062225341797
408,TH0011AV/viewpoint_simulated_78_surface1.pcd,Testing,2.1069281101226807,2.131361961364746,0.02443385124206543
409,TH0011AV/viewpoint_simulated_79_surface1.pcd,Testing,2.0695300102233887,2.1330294609069824,0.06349945068359375
410,TH0011AV/viewpoint_simulated_8_surface1.pcd,Testing,2.194004535675049,2.13275146484375,0.06125307083129883
411,TH0011AV/viewpoint_simulated_80_surface1.pcd,Testing,2.1897592544555664,2.1319162845611572,0.05784296989440918
412,TH0011AV/viewpoint_simulated_81_surface1.pcd,Testing,2.105578660964966,2.1362576484680176,0.030678987503051758
413,TH0011AV/viewpoint_simulated_82_surface1.pcd,Testing,2.1380176544189453,2.1495237350463867,0.011506080627441406
414,TH0011AV/viewpoint_simulated_83_surface1.pcd,Testing,2.109271764755249,2.1468567848205566,0.03758502006530762
415,TH0011AV/viewpoint_simulated_84_surface1.pcd,Testing,2.119684934616089,2.144186496734619,0.024501562118530273
416,TH0011AV/viewpoint_simulated_85_surface1.pcd,Testing,2.1788272857666016,2.1446049213409424,0.03422236442565918
417,TH0011AV/viewpoint_simulated_86_surface1.pcd,Testing,2.049873113632202,2.1515064239501953,0.10163331031799316
418,TH0011AV/viewpoint_simulated_87_surface1.pcd,Testing,2.1763274669647217,2.1427950859069824,0.03353238105773926
419,TH0011AV/viewpoint_simulated_88_surface1.pcd,Testing,2.183277130126953,2.1200270652770996,0.06325006484985352
420,TH0011AV/viewpoint_simulated_89_surface1.pcd,Testing,2.0494801998138428,2.1185121536254883,0.06903195381164551
421,TH0011AV/viewpoint_simulated_9_surface1.pcd,Testing,2.2245562076568604,2.136471748352051,0.08808445930480957
422,TH0011AV/viewpoint_simulated_90_surface1.pcd,Testing,2.068448781967163,2.1342897415161133,0.0658409595489502
423,TH0011AV/viewpoint_simulated_91_surface1.pcd,Testing,2.031270742416382,2.133843421936035,0.10257267951965332
424,TH0011AV/viewpoint_simulated_92_surface1.pcd,Testing,2.0540413856506348,2.132258415222168,0.0782170295715332
425,TH0011AV/viewpoint_simulated_93_surface1.pcd,Testing,2.124896287918091,2.1415019035339355,0.016605615615844727
426,TH0011AV/viewpoint_simulated_94_surface1.pcd,Testing,2.2422406673431396,2.147796630859375,0.09444403648376465
427,TH0011AV/viewpoint_simulated_95_surface1.pcd,Testing,2.1989331245422363,2.1401124000549316,0.05882072448730469
428,TH0011AV/viewpoint_simulated_96_surface1.pcd,Testing,2.1561849117279053,2.1648647785186768,0.008679866790771484
429,TH0011AV/viewpoint_simulated_97_surface1.pcd,Testing,2.1706840991973877,2.1583762168884277,0.012307882308959961
430,TH0011AV/viewpoint_simulated_98_surface1.pcd,Testing,2.2557179927825928,2.159519672393799,0.09619832038879395
431,TH0011AV/viewpoint_simulated_99_surface1.pcd,Testing,2.227327346801758,2.156501293182373,0.07082605361938477
432,TH0012AV/viewpoint_simulated_0_surface0.pcd,Testing,1.9299508333206177,1.9498687982559204,0.019917964935302734
433,TH0012AV/viewpoint_simulated_1_surface0.pcd,Testing,1.9893535375595093,1.9575055837631226,0.03184795379638672
434,TH0012AV/viewpoint_simulated_10_surface0.pcd,Testing,2.082723617553711,1.9498990774154663,0.13282454013824463
435,TH0012AV/viewpoint_simulated_100_surface0.pcd,Testing,1.9694883823394775,1.9982022047042847,0.02871382236480713
436,TH0012AV/viewpoint_simulated_101_surface0.pcd,Testing,1.9775867462158203,1.9981145858764648,0.02052783966064453
437,TH0012AV/viewpoint_simulated_102_surface0.pcd,Testing,1.9750667810440063,1.9952946901321411,0.020227909088134766
438,TH0012AV/viewpoint_simulated_103_surface0.pcd,Testing,2.0201950073242188,2.004359722137451,0.015835285186767578
439,TH0012AV/viewpoint_simulated_104_surface0.pcd,Testing,2.0641157627105713,1.9982799291610718,0.06583583354949951
440,TH0012AV/viewpoint_simulated_105_surface0.pcd,Testing,2.04528546333313,1.9845136404037476,0.060771822929382324
441,TH0012AV/viewpoint_simulated_106_surface0.pcd,Testing,1.9177086353302002,1.9618760347366333,0.044167399406433105
442,TH0012AV/viewpoint_simulated_107_surface0.pcd,Testing,2.0146915912628174,1.9487890005111694,0.06590259075164795
443,TH0012AV/viewpoint_simulated_108_surface0.pcd,Testing,2.080533027648926,1.994907021522522,0.08562600612640381
444,TH0012AV/viewpoint_simulated_109_surface0.pcd,Testing,2.1044366359710693,2.041141986846924,0.06329464912414551
445,TH0012AV/viewpoint_simulated_11_surface0.pcd,Testing,1.92231285572052,1.9448260068893433,0.022513151168823242
446,TH0012AV/viewpoint_simulated_110_surface0.pcd,Testing,2.0738577842712402,2.0511913299560547,0.022666454315185547
447,TH0012AV/viewpoint_simulated_111_surface0.pcd,Testing,1.9884580373764038,2.030902862548828,0.042444825172424316
448,TH0012AV/viewpoint_simulated_112_surface0.pcd,Testing,2.007277250289917,2.031628131866455,0.024350881576538086
449,TH0012AV/viewpoint_simulated_113_surface0.pcd,Testing,2.0921103954315186,2.0203685760498047,0.07174181938171387
450,TH0012AV/viewpoint_simulated_114_surface0.pcd,Testing,1.9354772567749023,2.0148513317108154,0.07937407493591309
451,TH0012AV/viewpoint_simulated_115_surface0.pcd,Testing,2.0187838077545166,2.034877300262451,0.01609349250793457
452,TH0012AV/viewpoint_simulated_116_surface0.pcd,Testing,2.0484204292297363,2.03525447845459,0.013165950775146484
453,TH0012AV/viewpoint_simulated_117_surface0.pcd,Testing,2.1510677337646484,2.0182228088378906,0.1328449249267578
454,TH0012AV/viewpoint_simulated_118_surface0.pcd,Testing,1.963046669960022,1.982899785041809,0.01985311508178711
455,TH0012AV/viewpoint_simulated_119_surface0.pcd,Testing,1.9901707172393799,1.968804955482483,0.021365761756896973
456,TH0012AV/viewpoint_simulated_12_surface0.pcd,Testing,1.9732531309127808,1.9549044370651245,0.01834869384765625
457,TH0012AV/viewpoint_simulated_120_surface0.pcd,Testing,2.1437833309173584,2.0321455001831055,0.11163783073425293
458,TH0012AV/viewpoint_simulated_121_surface0.pcd,Testing,2.1081924438476562,2.063553810119629,0.044638633728027344
459,TH0012AV/viewpoint_simulated_122_surface0.pcd,Testing,2.0617291927337646,2.080183506011963,0.018454313278198242
460,TH0012AV/viewpoint_simulated_123_surface0.pcd,Testing,1.977247953414917,2.0713844299316406,0.09413647651672363
461,TH0012AV/viewpoint_simulated_124_surface0.pcd,Testing,2.083721160888672,2.0544910430908203,0.029230117797851562
462,TH0012AV/viewpoint_simulated_125_surface0.pcd,Testing,2.0266988277435303,2.045185089111328,0.01848626136779785
463,TH0012AV/viewpoint_simulated_126_surface0.pcd,Testing,2.002854585647583,2.034534454345703,0.03167986869812012
464,TH0012AV/viewpoint_simulated_127_surface0.pcd,Testing,2.053013324737549,2.0549235343933105,0.0019102096557617188
465,TH0012AV/viewpoint_simulated_128_surface0.pcd,Testing,1.996780514717102,2.066586971282959,0.06980645656585693
466,TH0012AV/viewpoint_simulated_129_surface0.pcd,Testing,2.0394954681396484,2.0420541763305664,0.0025587081909179688
467,TH0012AV/viewpoint_simulated_13_surface0.pcd,Testing,2.0259580612182617,1.9743651151657104,0.05159294605255127
468,TH0012AV/viewpoint_simulated_130_surface0.pcd,Testing,2.091606616973877,2.025477409362793,0.06612920761108398
469,TH0012AV/viewpoint_simulated_131_surface0.pcd,Testing,2.046372652053833,2.0019800662994385,0.04439258575439453
470,TH0012AV/viewpoint_simulated_132_surface0.pcd,Testing,2.0312607288360596,2.057718276977539,0.026457548141479492
471,TH0012AV/viewpoint_simulated_133_surface0.pcd,Testing,2.092151641845703,2.0802865028381348,0.01186513900756836
472,TH0012AV/viewpoint_simulated_134_surface0.pcd,Testing,2.0774619579315186,2.110520124435425,0.03305816650390625
473,TH0012AV/viewpoint_simulated_135_surface0.pcd,Testing,2.1068668365478516,2.110476493835449,0.0036096572875976562
474,TH0012AV/viewpoint_simulated_136_surface0.pcd,Testing,2.07442045211792,2.0665879249572754,0.007832527160644531
475,TH0012AV/viewpoint_simulated_137_surface0.pcd,Testing,2.096198081970215,2.057788372039795,0.03840970993041992
476,TH0012AV/viewpoint_simulated_138_surface0.pcd,Testing,1.9925835132598877,2.054694175720215,0.06211066246032715
477,TH0012AV/viewpoint_simulated_139_surface0.pcd,Testing,2.040532112121582,2.069828510284424,0.029296398162841797
478,TH0012AV/viewpoint_simulated_14_surface0.pcd,Testing,2.0080747604370117,1.9799089431762695,0.028165817260742188
479,TH0012AV/viewpoint_simulated_140_surface0.pcd,Testing,2.129958152770996,2.0869832038879395,0.04297494888305664
480,TH0012AV/viewpoint_simulated_141_surface0.pcd,Testing,2.1212222576141357,2.0701916217803955,0.051030635833740234
481,TH0012AV/viewpoint_simulated_142_surface0.pcd,Testing,2.081688165664673,2.063246011734009,0.018442153930664062
482,TH0012AV/viewpoint_simulated_143_surface0.pcd,Testing,1.9736541509628296,2.0385971069335938,0.06494295597076416
483,TH0012AV/viewpoint_simulated_144_surface0.pcd,Testing,1.9982211589813232,1.9498672485351562,0.04835391044616699
484,TH0012AV/viewpoint_simulated_145_surface0.pcd,Testing,2.123176097869873,1.9565484523773193,0.1666276454925537
485,TH0012AV/viewpoint_simulated_146_surface0.pcd,Testing,1.977591633796692,1.9644562005996704,0.013135433197021484
486,TH0012AV/viewpoint_simulated_147_surface0.pcd,Testing,1.9649474620819092,1.9558199644088745,0.009127497673034668
487,TH0012AV/viewpoint_simulated_148_surface0.pcd,Testing,1.9163390398025513,1.956262230873108,0.03992319107055664
488,TH0012AV/viewpoint_simulated_149_surface0.pcd,Testing,1.9706107378005981,1.9568071365356445,0.013803601264953613
489,TH0012AV/viewpoint_simulated_15_surface0.pcd,Testing,1.9514251947402954,1.977408766746521,0.025983572006225586
490,TH0012AV/viewpoint_simulated_150_surface0.pcd,Testing,1.9398000240325928,1.9542663097381592,0.014466285705566406
491,TH0012AV/viewpoint_simulated_151_surface0.pcd,Testing,1.9293032884597778,1.9499951601028442,0.020691871643066406
492,TH0012AV/viewpoint_simulated_152_surface0.pcd,Testing,2.020293951034546,1.9559544324874878,0.0643395185470581
493,TH0012AV/viewpoint_simulated_153_surface0.pcd,Testing,1.8942395448684692,1.9503811597824097,0.05614161491394043
494,TH0012AV/viewpoint_simulated_154_surface0.pcd,Testing,2.0240650177001953,1.941224455833435,0.08284056186676025
495,TH0012AV/viewpoint_simulated_155_surface0.pcd,Testing,2.0500917434692383,1.9491535425186157,0.10093820095062256
496,TH0012AV/viewpoint_simulated_156_surface0.pcd,Testing,2.1448912620544434,1.9531522989273071,0.19173896312713623
497,TH0012AV/viewpoint_simulated_157_surface0.pcd,Testing,2.0794174671173096,1.9721190929412842,0.10729837417602539
498,TH0012AV/viewpoint_simulated_158_surface0.pcd,Testing,2.0424113273620605,1.9777307510375977,0.06468057632446289
499,TH0012AV/viewpoint_simulated_159_surface0.pcd,Testing,1.9917367696762085,1.975337266921997,0.016399502754211426
500,TH0012AV/viewpoint_simulated_16_surface0.pcd,Testing,2.036665201187134,1.9726300239562988,0.06403517723083496
501,TH0012AV/viewpoint_simulated_160_surface0.pcd,Testing,2.0563576221466064,1.970744013786316,0.08561360836029053
502,TH0012AV/viewpoint_simulated_161_surface0.pcd,Testing,2.0939838886260986,1.9706369638442993,0.12334692478179932
503,TH0012AV/viewpoint_simulated_162_surface0.pcd,Testing,2.0575003623962402,1.9703463315963745,0.08715403079986572
504,TH0012AV/viewpoint_simulated_163_surface0.pcd,Testing,1.9764260053634644,1.9712779521942139,0.005148053169250488
505,TH0012AV/viewpoint_simulated_164_surface0.pcd,Testing,2.0004894733428955,1.9622951745986938,0.03819429874420166
506,TH0012AV/viewpoint_simulated_165_surface0.pcd,Testing,2.0379440784454346,1.9483569860458374,0.08958709239959717
507,TH0012AV/viewpoint_simulated_166_surface0.pcd,Testing,2.0077385902404785,1.9409300088882446,0.06680858135223389
508,TH0012AV/viewpoint_simulated_167_surface0.pcd,Testing,2.029888153076172,1.9411824941635132,0.08870565891265869
509,TH0012AV/viewpoint_simulated_168_surface0.pcd,Testing,1.9203548431396484,1.9688588380813599,0.048503994941711426
510,TH0012AV/viewpoint_simulated_169_surface0.pcd,Testing,1.9782263040542603,2.001527786254883,0.02330148220062256
511,TH0012AV/viewpoint_simulated_17_surface0.pcd,Testing,1.9464833736419678,1.9722522497177124,0.02576887607574463
512,TH0012AV/viewpoint_simulated_170_surface0.pcd,Testing,2.1553139686584473,2.005967617034912,0.14934635162353516
513,TH0012AV/viewpoint_simulated_171_surface0.pcd,Testing,2.0602805614471436,2.0029709339141846,0.057309627532958984
514,TH0012AV/viewpoint_simulated_172_surface0.pcd,Testing,2.0502171516418457,1.997444987297058,0.0527721643447876
515,TH0012AV/viewpoint_simulated_173_surface0.pcd,Testing,2.1018624305725098,1.9973820447921753,0.10448038578033447
516,TH0012AV/viewpoint_simulated_174_surface0.pcd,Testing,2.021031618118286,1.9944634437561035,0.026568174362182617
517,TH0012AV/viewpoint_simulated_175_surface0.pcd,Testing,1.9395155906677246,2.0035300254821777,0.06401443481445312
518,TH0012AV/viewpoint_simulated_176_surface0.pcd,Testing,1.9530847072601318,1.9970582723617554,0.043973565101623535
519,TH0012AV/viewpoint_simulated_177_surface0.pcd,Testing,1.9807192087173462,1.9836968183517456,0.002977609634399414
520,TH0012AV/viewpoint_simulated_178_surface0.pcd,Testing,1.9943972826004028,1.961215615272522,0.03318166732788086
521,TH0012AV/viewpoint_simulated_179_surface0.pcd,Testing,1.9676328897476196,1.9480277299880981,0.019605159759521484
522,TH0012AV/viewpoint_simulated_18_surface0.pcd,Testing,2.03084659576416,1.9725239276885986,0.05832266807556152
523,TH0012AV/viewpoint_simulated_180_surface0.pcd,Testing,1.9568959474563599,1.9950600862503052,0.03816413879394531
524,TH0012AV/viewpoint_simulated_181_surface0.pcd,Testing,1.9510759115219116,2.040910243988037,0.08983433246612549
525,TH0012AV/viewpoint_simulated_182_surface0.pcd,Testing,2.0169026851654053,2.050511121749878,0.033608436584472656
526,TH0012AV/viewpoint_simulated_183_surface0.pcd,Testing,2.0501949787139893,2.0360488891601562,0.014146089553833008
527,TH0012AV/viewpoint_simulated_184_surface0.pcd,Testing,2.0133562088012695,2.031562328338623,0.018206119537353516
528,TH0012AV/viewpoint_simulated_185_surface0.pcd,Testing,2.113278865814209,2.0198121070861816,0.09346675872802734
529,TH0012AV/viewpoint_simulated_186_surface0.pcd,Testing,2.009709596633911,2.0145463943481445,0.0048367977142333984
530,TH0012AV/viewpoint_simulated_187_surface0.pcd,Testing,1.8998323678970337,2.0342040061950684,0.13437163829803467
531,TH0012AV/viewpoint_simulated_188_surface0.pcd,Testing,2.0020976066589355,2.0345141887664795,0.032416582107543945
532,TH0012AV/viewpoint_simulated_189_surface0.pcd,Testing,2.1021668910980225,2.0176215171813965,0.08454537391662598
533,TH0012AV/viewpoint_simulated_19_surface0.pcd,Testing,2.0868966579437256,1.9726613759994507,0.1142352819442749
534,TH0012AV/viewpoint_simulated_190_surface0.pcd,Testing,2.141242742538452,1.9824388027191162,0.15880393981933594
535,TH0012AV/viewpoint_simulated_191_surface0.pcd,Testing,1.8477200269699097,1.96762216091156,0.11990213394165039
536,TH0012AV/viewpoint_simulated_192_surface0.pcd,Testing,2.0062384605407715,2.032017707824707,0.025779247283935547
537,TH0012AV/viewpoint_simulated_193_surface0.pcd,Testing,2.0552077293395996,2.0629849433898926,0.007777214050292969
538,TH0012AV/viewpoint_simulated_194_surface0.pcd,Testing,2.018665075302124,2.0797579288482666,0.06109285354614258
539,TH0012AV/viewpoint_simulated_195_surface0.pcd,Testing,2.0816712379455566,2.0705575942993164,0.011113643646240234
540,TH0012AV/viewpoint_simulated_196_surface0.pcd,Testing,1.958982229232788,2.053865909576416,0.09488368034362793
541,TH0012AV/viewpoint_simulated_197_surface0.pcd,Testing,2.011198043823242,2.0448410511016846,0.03364300727844238
542,TH0012AV/viewpoint_simulated_198_surface0.pcd,Testing,1.9564720392227173,2.034095287322998,0.07762324810028076
543,TH0012AV/viewpoint_simulated_199_surface0.pcd,Testing,1.9418660402297974,2.0543675422668457,0.11250150203704834
544,TH0012AV/viewpoint_simulated_2_surface0.pcd,Testing,2.014328956604004,1.9632337093353271,0.05109524726867676
545,TH0012AV/viewpoint_simulated_20_surface0.pcd,Testing,1.9986499547958374,1.9637645483016968,0.034885406494140625
546,TH0012AV/viewpoint_simulated_200_surface0.pcd,Testing,2.097163438796997,2.066288471221924,0.030874967575073242
547,TH0012AV/viewpoint_simulated_201_surface0.pcd,Testing,1.9891917705535889,2.0414223670959473,0.0522305965423584
548,TH0012AV/viewpoint_simulated_202_surface0.pcd,Testing,2.088061571121216,2.0245964527130127,0.06346511840820312
549,TH0012AV/viewpoint_simulated_203_surface0.pcd,Testing,2.0427095890045166,2.001430034637451,0.04127955436706543
550,TH0012AV/viewpoint_simulated_204_surface0.pcd,Testing,2.110137462615967,2.0574755668640137,0.052661895751953125
551,TH0012AV/viewpoint_simulated_205_surface0.pcd,Testing,2.0319602489471436,2.0801541805267334,0.048193931579589844
552,TH0012AV/viewpoint_simulated_206_surface0.pcd,Testing,2.18908429145813,2.1105518341064453,0.07853245735168457
553,TH0012AV/viewpoint_simulated_207_surface0.pcd,Testing,2.301225185394287,2.110356330871582,0.19086885452270508
554,TH0012AV/viewpoint_simulated_208_surface0.pcd,Testing,2.0953311920166016,2.0659379959106445,0.02939319610595703
555,TH0012AV/viewpoint_simulated_209_surface0.pcd,Testing,2.023092031478882,2.0573859214782715,0.03429388999938965
556,TH0012AV/viewpoint_simulated_21_surface0.pcd,Testing,2.106847047805786,1.9500123262405396,0.15683472156524658
557,TH0012AV/viewpoint_simulated_210_surface0.pcd,Testing,2.0519583225250244,2.051530122756958,0.00042819976806640625
558,TH0012AV/viewpoint_simulated_211_surface0.pcd,Testing,2.1063232421875,2.06941819190979,0.03690505027770996
559,TH0012AV/viewpoint_simulated_212_surface0.pcd,Testing,2.0763635635375977,2.0860676765441895,0.009704113006591797
560,TH0012AV/viewpoint_simulated_213_surface0.pcd,Testing,2.0916922092437744,2.069695472717285,0.021996736526489258
561,TH0012AV/viewpoint_simulated_214_surface0.pcd,Testing,2.039396286010742,2.0629518032073975,0.023555517196655273
562,TH0012AV/viewpoint_simulated_215_surface0.pcd,Testing,2.121033191680908,2.0381288528442383,0.08290433883666992
563,TH0012AV/viewpoint_simulated_22_surface0.pcd,Testing,1.905458688735962,1.9510129690170288,0.045554280281066895
564,TH0012AV/viewpoint_simulated_23_surface0.pcd,Testing,1.9686799049377441,1.9428826570510864,0.025797247886657715
565,TH0012AV/viewpoint_simulated_24_surface0.pcd,Testing,2.0332093238830566,1.9700710773468018,0.06313824653625488
566,TH0012AV/viewpoint_simulated_25_surface0.pcd,Testing,1.928148865699768,2.003648281097412,0.07549941539764404
567,TH0012AV/viewpoint_simulated_26_surface0.pcd,Testing,1.9423596858978271,2.0086846351623535,0.06632494926452637
568,TH0012AV/viewpoint_simulated_27_surface0.pcd,Testing,1.9569729566574097,2.0000014305114746,0.04302847385406494
569,TH0012AV/viewpoint_simulated_28_surface0.pcd,Testing,1.9539207220077515,1.9987157583236694,0.04479503631591797
570,TH0012AV/viewpoint_simulated_29_surface0.pcd,Testing,1.9985703229904175,1.9991189241409302,0.0005486011505126953
571,TH0012AV/viewpoint_simulated_3_surface0.pcd,Testing,1.9536534547805786,1.95702064037323,0.003367185592651367
572,TH0012AV/viewpoint_simulated_30_surface0.pcd,Testing,1.9300439357757568,1.9961707592010498,0.06612682342529297
573,TH0012AV/viewpoint_simulated_31_surface0.pcd,Testing,1.9658972024917603,2.0056724548339844,0.03977525234222412
574,TH0012AV/viewpoint_simulated_32_surface0.pcd,Testing,1.899787425994873,1.9992551803588867,0.09946775436401367
575,TH0012AV/viewpoint_simulated_33_surface0.pcd,Testing,2.1090087890625,1.9849647283554077,0.12404406070709229
576,TH0012AV/viewpoint_simulated_34_surface0.pcd,Testing,2.1034836769104004,1.9544156789779663,0.14906799793243408
577,TH0012AV/viewpoint_simulated_35_surface0.pcd,Testing,1.9158649444580078,1.9449403285980225,0.02907538414001465
578,TH0012AV/viewpoint_simulated_36_surface0.pcd,Testing,1.9830963611602783,1.9954813718795776,0.012385010719299316
579,TH0012AV/viewpoint_simulated_37_surface0.pcd,Testing,2.076878070831299,2.0420947074890137,0.034783363342285156
580,TH0012AV/viewpoint_simulated_38_surface0.pcd,Testing,2.009981632232666,2.0473060607910156,0.03732442855834961
581,TH0012AV/viewpoint_simulated_39_surface0.pcd,Testing,2.1259799003601074,2.031460762023926,0.09451913833618164
582,TH0012AV/viewpoint_simulated_4_surface0.pcd,Testing,1.9054839611053467,1.958855152130127,0.05337119102478027
583,TH0012AV/viewpoint_simulated_40_surface0.pcd,Testing,2.0997984409332275,2.0330891609191895,0.06670928001403809
584,TH0012AV/viewpoint_simulated_41_surface0.pcd,Testing,1.9649850130081177,2.0231821537017822,0.05819714069366455
585,TH0012AV/viewpoint_simulated_42_surface0.pcd,Testing,2.129911422729492,2.015814781188965,0.11409664154052734
586,TH0012AV/viewpoint_simulated_43_surface0.pcd,Testing,2.0182859897613525,2.035647392272949,0.01736140251159668
587,TH0012AV/viewpoint_simulated_44_surface0.pcd,Testing,2.041689872741699,2.0361146926879883,0.0055751800537109375
588,TH0012AV/viewpoint_simulated_45_surface0.pcd,Testing,2.071692943572998,2.018759250640869,0.052933692932128906
589,TH0012AV/viewpoint_simulated_46_surface0.pcd,Testing,1.9859284162521362,1.9837456941604614,0.0021827220916748047
590,TH0012AV/viewpoint_simulated_47_surface0.pcd,Testing,1.9800955057144165,1.970173716545105,0.009921789169311523
591,TH0012AV/viewpoint_simulated_48_surface0.pcd,Testing,2.027881622314453,2.0327200889587402,0.004838466644287109
592,TH0012AV/viewpoint_simulated_49_surface0.pcd,Testing,2.1396617889404297,2.0641345977783203,0.07552719116210938
593,TH0012AV/viewpoint_simulated_5_surface0.pcd,Testing,1.904123306274414,1.9575872421264648,0.05346393585205078
594,TH0012AV/viewpoint_simulated_50_surface0.pcd,Testing,1.9953832626342773,2.080410957336426,0.08502769470214844
595,TH0012AV/viewpoint_simulated_51_surface0.pcd,Testing,2.00469970703125,2.072384834289551,0.06768512725830078
596,TH0012AV/viewpoint_simulated_52_surface0.pcd,Testing,2.087273120880127,2.055081844329834,0.03219127655029297
597,TH0012AV/viewpoint_simulated_53_surface0.pcd,Testing,2.005819320678711,2.045957088470459,0.04013776779174805
598,TH0012AV/viewpoint_simulated_54_surface0.pcd,Testing,2.106471538543701,2.0354433059692383,0.07102823257446289
599,TH0012AV/viewpoint_simulated_55_surface0.pcd,Testing,1.9999027252197266,2.055589199066162,0.05568647384643555
600,TH0012AV/viewpoint_simulated_56_surface0.pcd,Testing,2.102410078048706,2.067178964614868,0.03523111343383789
601,TH0012AV/viewpoint_simulated_57_surface0.pcd,Testing,1.9829297065734863,2.042677402496338,0.05974769592285156
602,TH0012AV/viewpoint_simulated_58_surface0.pcd,Testing,2.001904249191284,2.026066780090332,0.02416253089904785
603,TH0012AV/viewpoint_simulated_59_surface0.pcd,Testing,2.1009695529937744,2.0033059120178223,0.09766364097595215
604,TH0012AV/viewpoint_simulated_6_surface0.pcd,Testing,2.013523817062378,1.9569181203842163,0.05660569667816162
605,TH0012AV/viewpoint_simulated_60_surface0.pcd,Testing,2.0105631351470947,2.0575618743896484,0.04699873924255371
606,TH0012AV/viewpoint_simulated_61_surface0.pcd,Testing,1.9988292455673218,2.0803122520446777,0.08148300647735596
607,TH0012AV/viewpoint_simulated_62_surface0.pcd,Testing,1.9414805173873901,2.1107382774353027,0.1692577600479126
608,TH0012AV/viewpoint_simulated_63_surface0.pcd,Testing,2.038558006286621,2.1104183197021484,0.07186031341552734
609,TH0012AV/viewpoint_simulated_64_surface0.pcd,Testing,2.160975933074951,2.067131280899048,0.09384465217590332
610,TH0012AV/viewpoint_simulated_65_surface0.pcd,Testing,2.1954386234283447,2.05825138092041,0.13718724250793457
611,TH0012AV/viewpoint_simulated_66_surface0.pcd,Testing,2.0110015869140625,2.055103063583374,0.04410147666931152
612,TH0012AV/viewpoint_simulated_67_surface0.pcd,Testing,2.0384013652801514,2.07016658782959,0.03176522254943848
613,TH0012AV/viewpoint_simulated_68_surface0.pcd,Testing,1.9434200525283813,2.08732533454895,0.14390528202056885
614,TH0012AV/viewpoint_simulated_69_surface0.pcd,Testing,1.9837757349014282,2.070918560028076,0.08714282512664795
615,TH0012AV/viewpoint_simulated_7_surface0.pcd,Testing,2.007054567337036,1.953267216682434,0.05378735065460205
616,TH0012AV/viewpoint_simulated_70_surface0.pcd,Testing,2.113335132598877,2.06376314163208,0.049571990966796875
617,TH0012AV/viewpoint_simulated_71_surface0.pcd,Testing,2.13197922706604,2.039181709289551,0.09279751777648926
618,TH0012AV/viewpoint_simulated_72_surface0.pcd,Testing,2.169213056564331,1.9504810571670532,0.21873199939727783
619,TH0012AV/viewpoint_simulated_73_surface0.pcd,Testing,1.9641016721725464,1.9568699598312378,0.007231712341308594
620,TH0012AV/viewpoint_simulated_74_surface0.pcd,Testing,1.977103352546692,1.9698368310928345,0.007266521453857422
621,TH0012AV/viewpoint_simulated_75_surface0.pcd,Testing,2.056896448135376,1.9565659761428833,0.10033047199249268
622,TH0012AV/viewpoint_simulated_76_surface0.pcd,Testing,1.982584834098816,1.9585576057434082,0.024027228355407715
623,TH0012AV/viewpoint_simulated_77_surface0.pcd,Testing,1.9040940999984741,1.9573705196380615,0.0532764196395874
624,TH0012AV/viewpoint_simulated_78_surface0.pcd,Testing,2.012515068054199,1.9555312395095825,0.0569838285446167
625,TH0012AV/viewpoint_simulated_79_surface0.pcd,Testing,2.121647596359253,1.9514602422714233,0.1701873540878296
626,TH0012AV/viewpoint_simulated_8_surface0.pcd,Testing,2.088456392288208,1.9499967098236084,0.1384596824645996
627,TH0012AV/viewpoint_simulated_80_surface0.pcd,Testing,1.9370288848876953,1.9480384588241577,0.011009573936462402
628,TH0012AV/viewpoint_simulated_81_surface0.pcd,Testing,1.9147958755493164,1.9509512186050415,0.0361553430557251
629,TH0012AV/viewpoint_simulated_82_surface0.pcd,Testing,2.002807855606079,1.9483309984207153,0.05447685718536377
630,TH0012AV/viewpoint_simulated_83_surface0.pcd,Testing,2.073289632797241,1.9506340026855469,0.12265563011169434
631,TH0012AV/viewpoint_simulated_84_surface0.pcd,Testing,2.0336663722991943,1.9538636207580566,0.0798027515411377
632,TH0012AV/viewpoint_simulated_85_surface0.pcd,Testing,2.0407092571258545,1.9730757474899292,0.06763350963592529
633,TH0012AV/viewpoint_simulated_86_surface0.pcd,Testing,2.008389472961426,1.9788739681243896,0.029515504837036133
634,TH0012AV/viewpoint_simulated_87_surface0.pcd,Testing,2.0179286003112793,1.9821308851242065,0.035797715187072754
635,TH0012AV/viewpoint_simulated_88_surface0.pcd,Testing,2.0429718494415283,1.9715770483016968,0.07139480113983154
636,TH0012AV/viewpoint_simulated_89_surface0.pcd,Testing,1.9682798385620117,1.9712897539138794,0.0030099153518676758
637,TH0012AV/viewpoint_simulated_9_surface0.pcd,Testing,1.9018974304199219,1.9523429870605469,0.050445556640625
638,TH0012AV/viewpoint_simulated_90_surface0.pcd,Testing,2.001185894012451,1.9714127779006958,0.02977311611175537
639,TH0012AV/viewpoint_simulated_91_surface0.pcd,Testing,1.9657208919525146,1.9721601009368896,0.006439208984375
640,TH0012AV/viewpoint_simulated_92_surface0.pcd,Testing,2.039108991622925,1.963024616241455,0.07608437538146973
641,TH0012AV/viewpoint_simulated_93_surface0.pcd,Testing,2.034395217895508,1.9491429328918457,0.08525228500366211
642,TH0012AV/viewpoint_simulated_94_surface0.pcd,Testing,2.0595123767852783,1.9423245191574097,0.11718785762786865
643,TH0012AV/viewpoint_simulated_95_surface0.pcd,Testing,1.9339573383331299,1.9418038129806519,0.007846474647521973
644,TH0012AV/viewpoint_simulated_96_surface0.pcd,Testing,2.013869047164917,1.9694770574569702,0.04439198970794678
645,TH0012AV/viewpoint_simulated_97_surface0.pcd,Testing,2.022458553314209,2.002408027648926,0.020050525665283203
646,TH0012AV/viewpoint_simulated_98_surface0.pcd,Testing,1.983643651008606,2.0069735050201416,0.023329854011535645
647,TH0012AV/viewpoint_simulated_99_surface0.pcd,Testing,1.9184061288833618,2.0038466453552246,0.08544051647186279
648,TH0012AV/viewpoint_simulated_0_surface1.pcd,Testing,2.2353737354278564,2.1722493171691895,0.06312441825866699
649,TH0012AV/viewpoint_simulated_1_surface1.pcd,Testing,2.2152645587921143,2.1513514518737793,0.06391310691833496
650,TH0012AV/viewpoint_simulated_10_surface1.pcd,Testing,2.2593586444854736,2.236323356628418,0.023035287857055664
651,TH0012AV/viewpoint_simulated_100_surface1.pcd,Testing,2.2757022380828857,2.206909656524658,0.06879258155822754
652,TH0012AV/viewpoint_simulated_101_surface1.pcd,Testing,2.319422721862793,2.20424747467041,0.11517524719238281
653,TH0012AV/viewpoint_simulated_102_surface1.pcd,Testing,2.248016595840454,2.219269275665283,0.0287473201751709
654,TH0012AV/viewpoint_simulated_103_surface1.pcd,Testing,2.183749198913574,2.2204513549804688,0.03670215606689453
655,TH0012AV/viewpoint_simulated_104_surface1.pcd,Testing,2.154822826385498,2.250347375869751,0.09552454948425293
656,TH0012AV/viewpoint_simulated_105_surface1.pcd,Testing,2.1959388256073,2.2131199836730957,0.0171811580657959
657,TH0012AV/viewpoint_simulated_106_surface1.pcd,Testing,2.312969446182251,2.2531967163085938,0.05977272987365723
658,TH0012AV/viewpoint_simulated_107_surface1.pcd,Testing,2.2342729568481445,2.249346971511841,0.015074014663696289
659,TH0012AV/viewpoint_simulated_108_surface1.pcd,Testing,2.2762465476989746,2.241981029510498,0.03426551818847656
660,TH0012AV/viewpoint_simulated_109_surface1.pcd,Testing,2.2804479598999023,2.2083828449249268,0.07206511497497559
661,TH0012AV/viewpoint_simulated_11_surface1.pcd,Testing,2.3925139904022217,2.2385334968566895,0.15398049354553223
662,TH0012AV/viewpoint_simulated_110_surface1.pcd,Testing,2.2451817989349365,2.1940999031066895,0.05108189582824707
663,TH0012AV/viewpoint_simulated_111_surface1.pcd,Testing,2.217440128326416,2.2075040340423584,0.009936094284057617
664,TH0012AV/viewpoint_simulated_112_surface1.pcd,Testing,2.418436050415039,2.2410788536071777,0.17735719680786133
665,TH0012AV/viewpoint_simulated_113_surface1.pcd,Testing,2.300851821899414,2.2415809631347656,0.05927085876464844
666,TH0012AV/viewpoint_simulated_114_surface1.pcd,Testing,2.1908819675445557,2.2538533210754395,0.06297135353088379
667,TH0012AV/viewpoint_simulated_115_surface1.pcd,Testing,2.2643885612487793,2.246006965637207,0.018381595611572266
668,TH0012AV/viewpoint_simulated_116_surface1.pcd,Testing,2.297771692276001,2.2568321228027344,0.0409395694732666
669,TH0012AV/viewpoint_simulated_117_surface1.pcd,Testing,2.260542392730713,2.2070045471191406,0.053537845611572266
670,TH0012AV/viewpoint_simulated_118_surface1.pcd,Testing,2.3302314281463623,2.2577271461486816,0.07250428199768066
671,TH0012AV/viewpoint_simulated_119_surface1.pcd,Testing,2.3798205852508545,2.271284580230713,0.1085360050201416
672,TH0012AV/viewpoint_simulated_12_surface1.pcd,Testing,2.1754839420318604,2.1809515953063965,0.005467653274536133
673,TH0012AV/viewpoint_simulated_120_surface1.pcd,Testing,2.200108766555786,2.232278823852539,0.03217005729675293
674,TH0012AV/viewpoint_simulated_121_surface1.pcd,Testing,2.229097843170166,2.2932562828063965,0.06415843963623047
675,TH0012AV/viewpoint_simulated_122_surface1.pcd,Testing,2.2826147079467773,2.2019200325012207,0.08069467544555664
676,TH0012AV/viewpoint_simulated_123_surface1.pcd,Testing,2.1742939949035645,2.217292070388794,0.04299807548522949
677,TH0012AV/viewpoint_simulated_124_surface1.pcd,Testing,2.325714111328125,2.2779884338378906,0.047725677490234375
678,TH0012AV/viewpoint_simulated_125_surface1.pcd,Testing,2.3232216835021973,2.278383731842041,0.04483795166015625
679,TH0012AV/viewpoint_simulated_126_surface1.pcd,Testing,2.2598865032196045,2.2798781394958496,0.019991636276245117
680,TH0012AV/viewpoint_simulated_127_surface1.pcd,Testing,2.312575101852417,2.2510266304016113,0.061548471450805664
681,TH0012AV/viewpoint_simulated_128_surface1.pcd,Testing,2.2295010089874268,2.2610912322998047,0.03159022331237793
682,TH0012AV/viewpoint_simulated_129_surface1.pcd,Testing,2.196075916290283,2.1820077896118164,0.014068126678466797
683,TH0012AV/viewpoint_simulated_13_surface1.pcd,Testing,2.122454881668091,2.1755928993225098,0.053138017654418945
684,TH0012AV/viewpoint_simulated_130_surface1.pcd,Testing,2.2824227809906006,2.2528364658355713,0.029586315155029297
685,TH0012AV/viewpoint_simulated_131_surface1.pcd,Testing,2.302517890930176,2.274643898010254,0.027873992919921875
686,TH0012AV/viewpoint_simulated_132_surface1.pcd,Testing,2.1703941822052,2.2832772731781006,0.11288309097290039
687,TH0012AV/viewpoint_simulated_133_surface1.pcd,Testing,2.311713933944702,2.3535280227661133,0.04181408882141113
688,TH0012AV/viewpoint_simulated_134_surface1.pcd,Testing,2.263462781906128,2.21791672706604,0.04554605484008789
689,TH0012AV/viewpoint_simulated_135_surface1.pcd,Testing,2.272287130355835,2.222712516784668,0.04957461357116699
690,TH0012AV/viewpoint_simulated_136_surface1.pcd,Testing,2.2906649112701416,2.305328130722046,0.014663219451904297
691,TH0012AV/viewpoint_simulated_137_surface1.pcd,Testing,2.238682746887207,2.294037342071533,0.05535459518432617
692,TH0012AV/viewpoint_simulated_138_surface1.pcd,Testing,2.1958208084106445,2.280369281768799,0.0845484733581543
693,TH0012AV/viewpoint_simulated_139_surface1.pcd,Testing,2.291358232498169,2.2588701248168945,0.032488107681274414
694,TH0012AV/viewpoint_simulated_14_surface1.pcd,Testing,2.1903865337371826,2.179121494293213,0.011265039443969727
695,TH0012AV/viewpoint_simulated_140_surface1.pcd,Testing,2.378739356994629,2.258688449859619,0.12005090713500977
696,TH0012AV/viewpoint_simulated_141_surface1.pcd,Testing,2.177884817123413,2.1600208282470703,0.017863988876342773
697,TH0012AV/viewpoint_simulated_142_surface1.pcd,Testing,2.3140172958374023,2.2456603050231934,0.06835699081420898
698,TH0012AV/viewpoint_simulated_143_surface1.pcd,Testing,2.2737910747528076,2.2866177558898926,0.012826681137084961
699,TH0012AV/viewpoint_simulated_144_surface1.pcd,Testing,2.2431647777557373,2.2219409942626953,0.021223783493041992
700,TH0012AV/viewpoint_simulated_145_surface1.pcd,Testing,2.280932903289795,2.1620748043060303,0.11885809898376465
701,TH0012AV/viewpoint_simulated_146_surface1.pcd,Testing,2.182483434677124,2.1658148765563965,0.01666855812072754
702,TH0012AV/viewpoint_simulated_147_surface1.pcd,Testing,2.2350103855133057,2.1730587482452393,0.061951637268066406
703,TH0012AV/viewpoint_simulated_148_surface1.pcd,Testing,2.1817829608917236,2.161665439605713,0.020117521286010742
704,TH0012AV/viewpoint_simulated_149_surface1.pcd,Testing,2.1270389556884766,2.1580514907836914,0.031012535095214844
705,TH0012AV/viewpoint_simulated_15_surface1.pcd,Testing,2.2797272205352783,2.1851844787597656,0.0945427417755127
706,TH0012AV/viewpoint_simulated_150_surface1.pcd,Testing,2.212358236312866,2.201096534729004,0.011261701583862305
707,TH0012AV/viewpoint_simulated_151_surface1.pcd,Testing,2.2448558807373047,2.2162346839904785,0.028621196746826172
708,TH0012AV/viewpoint_simulated_152_surface1.pcd,Testing,2.2538890838623047,2.2071876525878906,0.04670143127441406
709,TH0012AV/viewpoint_simulated_153_surface1.pcd,Testing,2.194908380508423,2.2157363891601562,0.0208280086517334
710,TH0012AV/viewpoint_simulated_154_surface1.pcd,Testing,2.3071649074554443,2.2448816299438477,0.06228327751159668
711,TH0012AV/viewpoint_simulated_155_surface1.pcd,Testing,2.216907501220703,2.242075204849243,0.02516770362854004
712,TH0012AV/viewpoint_simulated_156_surface1.pcd,Testing,2.1916050910949707,2.2318294048309326,0.040224313735961914
713,TH0012AV/viewpoint_simulated_157_surface1.pcd,Testing,2.164458990097046,2.181588649749756,0.01712965965270996
714,TH0012AV/viewpoint_simulated_158_surface1.pcd,Testing,2.172652244567871,2.179924964904785,0.0072727203369140625
715,TH0012AV/viewpoint_simulated_159_surface1.pcd,Testing,2.269458055496216,2.187180995941162,0.08227705955505371
716,TH0012AV/viewpoint_simulated_16_surface1.pcd,Testing,2.3135781288146973,2.1762187480926514,0.1373593807220459
717,TH0012AV/viewpoint_simulated_160_surface1.pcd,Testing,2.2299163341522217,2.1826000213623047,0.04731631278991699
718,TH0012AV/viewpoint_simulated_161_surface1.pcd,Testing,2.290158987045288,2.1799938678741455,0.11016511917114258
719,TH0012AV/viewpoint_simulated_162_surface1.pcd,Testing,2.309143304824829,2.2147207260131836,0.09442257881164551
720,TH0012AV/viewpoint_simulated_163_surface1.pcd,Testing,2.229757070541382,2.2273998260498047,0.0023572444915771484
721,TH0012AV/viewpoint_simulated_164_surface1.pcd,Testing,2.124913215637207,2.2368197441101074,0.11190652847290039
722,TH0012AV/viewpoint_simulated_165_surface1.pcd,Testing,2.143298387527466,2.2231435775756836,0.07984519004821777
723,TH0012AV/viewpoint_simulated_166_surface1.pcd,Testing,2.096930742263794,2.2483396530151367,0.15140891075134277
724,TH0012AV/viewpoint_simulated_167_surface1.pcd,Testing,2.3287277221679688,2.2414932250976562,0.0872344970703125
725,TH0012AV/viewpoint_simulated_168_surface1.pcd,Testing,2.11885929107666,2.250704765319824,0.13184547424316406
726,TH0012AV/viewpoint_simulated_169_surface1.pcd,Testing,2.1842823028564453,2.1964058876037598,0.012123584747314453
727,TH0012AV/viewpoint_simulated_17_surface1.pcd,Testing,2.1978118419647217,2.1704583168029785,0.027353525161743164
728,TH0012AV/viewpoint_simulated_170_surface1.pcd,Testing,2.228907823562622,2.190305233001709,0.038602590560913086
729,TH0012AV/viewpoint_simulated_171_surface1.pcd,Testing,2.102795362472534,2.1987175941467285,0.09592223167419434
730,TH0012AV/viewpoint_simulated_172_surface1.pcd,Testing,2.2259132862091064,2.211183547973633,0.014729738235473633
731,TH0012AV/viewpoint_simulated_173_surface1.pcd,Testing,2.2408502101898193,2.213515043258667,0.027335166931152344
732,TH0012AV/viewpoint_simulated_174_surface1.pcd,Testing,2.174438953399658,2.2232441902160645,0.04880523681640625
733,TH0012AV/viewpoint_simulated_175_surface1.pcd,Testing,2.2853035926818848,2.2212283611297607,0.06407523155212402
734,TH0012AV/viewpoint_simulated_176_surface1.pcd,Testing,2.1859867572784424,2.25569224357605,0.06970548629760742
735,TH0012AV/viewpoint_simulated_177_surface1.pcd,Testing,2.282352924346924,2.2196383476257324,0.0627145767211914
736,TH0012AV/viewpoint_simulated_178_surface1.pcd,Testing,2.2526562213897705,2.2597973346710205,0.00714111328125
737,TH0012AV/viewpoint_simulated_179_surface1.pcd,Testing,2.1984944343566895,2.252666473388672,0.05417203903198242
738,TH0012AV/viewpoint_simulated_18_surface1.pcd,Testing,2.2058732509613037,2.2016236782073975,0.00424957275390625
739,TH0012AV/viewpoint_simulated_180_surface1.pcd,Testing,2.2123303413391113,2.241664409637451,0.029334068298339844
740,TH0012AV/viewpoint_simulated_181_surface1.pcd,Testing,2.1979775428771973,2.207658290863037,0.009680747985839844
741,TH0012AV/viewpoint_simulated_182_surface1.pcd,Testing,2.292020082473755,2.196434497833252,0.09558558464050293
742,TH0012AV/viewpoint_simulated_183_surface1.pcd,Testing,2.259341239929199,2.2117130756378174,0.047628164291381836
743,TH0012AV/viewpoint_simulated_184_surface1.pcd,Testing,2.3561644554138184,2.2490177154541016,0.1071467399597168
744,TH0012AV/viewpoint_simulated_185_surface1.pcd,Testing,2.220874547958374,2.2458834648132324,0.0250089168548584
745,TH0012AV/viewpoint_simulated_186_surface1.pcd,Testing,2.377593755722046,2.2254271507263184,0.15216660499572754
746,TH0012AV/viewpoint_simulated_187_surface1.pcd,Testing,2.126249074935913,2.2289185523986816,0.10266947746276855
747,TH0012AV/viewpoint_simulated_188_surface1.pcd,Testing,2.358797311782837,2.2627358436584473,0.09606146812438965
748,TH0012AV/viewpoint_simulated_189_surface1.pcd,Testing,2.1261937618255615,2.2080137729644775,0.08182001113891602
749,TH0012AV/viewpoint_simulated_19_surface1.pcd,Testing,2.2624425888061523,2.2217864990234375,0.040656089782714844
750,TH0012AV/viewpoint_simulated_190_surface1.pcd,Testing,2.2898199558258057,2.262382984161377,0.02743697166442871
751,TH0012AV/viewpoint_simulated_191_surface1.pcd,Testing,2.396437406539917,2.2737832069396973,0.12265419960021973
752,TH0012AV/viewpoint_simulated_192_surface1.pcd,Testing,2.1236631870269775,2.2436230182647705,0.11995983123779297
753,TH0012AV/viewpoint_simulated_193_surface1.pcd,Testing,2.4643726348876953,2.2861928939819336,0.17817974090576172
754,TH0012AV/viewpoint_simulated_194_surface1.pcd,Testing,2.1684370040893555,2.201876640319824,0.03343963623046875
755,TH0012AV/viewpoint_simulated_195_surface1.pcd,Testing,2.2953708171844482,2.2200815677642822,0.07528924942016602
756,TH0012AV/viewpoint_simulated_196_surface1.pcd,Testing,2.41267466545105,2.284749746322632,0.12792491912841797
757,TH0012AV/viewpoint_simulated_197_surface1.pcd,Testing,2.3672003746032715,2.2834863662719727,0.08371400833129883
758,TH0012AV/viewpoint_simulated_198_surface1.pcd,Testing,2.1998448371887207,2.2412679195404053,0.04142308235168457
759,TH0012AV/viewpoint_simulated_199_surface1.pcd,Testing,2.23901104927063,2.249317169189453,0.010306119918823242
760,TH0012AV/viewpoint_simulated_2_surface1.pcd,Testing,2.237138032913208,2.1564884185791016,0.08064961433410645
761,TH0012AV/viewpoint_simulated_20_surface1.pcd,Testing,2.1628127098083496,2.2232604026794434,0.06044769287109375
762,TH0012AV/viewpoint_simulated_200_surface1.pcd,Testing,2.252565622329712,2.2628889083862305,0.010323286056518555
763,TH0012AV/viewpoint_simulated_201_surface1.pcd,Testing,2.352933645248413,2.185309410095215,0.16762423515319824
764,TH0012AV/viewpoint_simulated_202_surface1.pcd,Testing,2.3101844787597656,2.2552719116210938,0.054912567138671875
765,TH0012AV/viewpoint_simulated_203_surface1.pcd,Testing,2.1628310680389404,2.2777609825134277,0.1149299144744873
766,TH0012AV/viewpoint_simulated_204_surface1.pcd,Testing,2.1869711875915527,2.3195486068725586,0.13257741928100586
767,TH0012AV/viewpoint_simulated_205_surface1.pcd,Testing,2.249741792678833,2.347022771835327,0.09728097915649414
768,TH0012AV/viewpoint_simulated_206_surface1.pcd,Testing,2.1595582962036133,2.2237930297851562,0.06423473358154297
769,TH0012AV/viewpoint_simulated_207_surface1.pcd,Testing,2.1664133071899414,2.222230911254883,0.055817604064941406
770,TH0012AV/viewpoint_simulated_208_surface1.pcd,Testing,2.350644826889038,2.310960292816162,0.03968453407287598
771,TH0012AV/viewpoint_simulated_209_surface1.pcd,Testing,2.209778070449829,2.3015377521514893,0.09175968170166016
772,TH0012AV/viewpoint_simulated_21_surface1.pcd,Testing,2.140695571899414,2.2122485637664795,0.07155299186706543
773,TH0012AV/viewpoint_simulated_210_surface1.pcd,Testing,2.2171871662139893,2.253180980682373,0.03599381446838379
774,TH0012AV/viewpoint_simulated_211_surface1.pcd,Testing,2.304441213607788,2.2567362785339355,0.04770493507385254
775,TH0012AV/viewpoint_simulated_212_surface1.pcd,Testing,2.354356288909912,2.260063409805298,0.09429287910461426
776,TH0012AV/viewpoint_simulated_213_surface1.pcd,Testing,2.224649667739868,2.160642385482788,0.06400728225708008
777,TH0012AV/viewpoint_simulated_214_surface1.pcd,Testing,2.3178322315216064,2.253755569458008,0.06407666206359863
778,TH0012AV/viewpoint_simulated_215_surface1.pcd,Testing,2.304668664932251,2.294377326965332,0.010291337966918945
779,TH0012AV/viewpoint_simulated_22_surface1.pcd,Testing,2.31083345413208,2.2376034259796143,0.07323002815246582
780,TH0012AV/viewpoint_simulated_23_surface1.pcd,Testing,2.0878889560699463,2.2305164337158203,0.14262747764587402
781,TH0012AV/viewpoint_simulated_24_surface1.pcd,Testing,2.321523666381836,2.2075417041778564,0.11398196220397949
782,TH0012AV/viewpoint_simulated_25_surface1.pcd,Testing,2.1564927101135254,2.2016775608062744,0.04518485069274902
783,TH0012AV/viewpoint_simulated_26_surface1.pcd,Testing,2.2481746673583984,2.1918015480041504,0.05637311935424805
784,TH0012AV/viewpoint_simulated_27_surface1.pcd,Testing,2.198009729385376,2.1952810287475586,0.002728700637817383
785,TH0012AV/viewpoint_simulated_28_surface1.pcd,Testing,2.1684036254882812,2.1999731063842773,0.031569480895996094
786,TH0012AV/viewpoint_simulated_29_surface1.pcd,Testing,2.2887048721313477,2.202317953109741,0.08638691902160645
787,TH0012AV/viewpoint_simulated_3_surface1.pcd,Testing,2.2670953273773193,2.1556248664855957,0.11147046089172363
788,TH0012AV/viewpoint_simulated_30_surface1.pcd,Testing,2.199145555496216,2.2208104133605957,0.021664857864379883
789,TH0012AV/viewpoint_simulated_31_surface1.pcd,Testing,2.1810145378112793,2.2209839820861816,0.039969444274902344
790,TH0012AV/viewpoint_simulated_32_surface1.pcd,Testing,2.426401376724243,2.245119571685791,0.18128180503845215
791,TH0012AV/viewpoint_simulated_33_surface1.pcd,Testing,2.2695188522338867,2.2110514640808105,0.05846738815307617
792,TH0012AV/viewpoint_simulated_34_surface1.pcd,Testing,2.234961986541748,2.247467041015625,0.012505054473876953
793,TH0012AV/viewpoint_simulated_35_surface1.pcd,Testing,2.24269437789917,2.24483585357666,0.0021414756774902344
794,TH0012AV/viewpoint_simulated_36_surface1.pcd,Testing,2.2853403091430664,2.2327818870544434,0.05255842208862305
795,TH0012AV/viewpoint_simulated_37_surface1.pcd,Testing,2.2824790477752686,2.2199058532714844,0.06257319450378418
796,TH0012AV/viewpoint_simulated_38_surface1.pcd,Testing,2.2916762828826904,2.1972179412841797,0.09445834159851074
797,TH0012AV/viewpoint_simulated_39_surface1.pcd,Testing,2.2338974475860596,2.1973884105682373,0.036509037017822266
798,TH0012AV/viewpoint_simulated_4_surface1.pcd,Testing,2.2952935695648193,2.161548614501953,0.1337449550628662
799,TH0012AV/viewpoint_simulated_40_surface1.pcd,Testing,2.2509562969207764,2.234185218811035,0.01677107810974121
800,TH0012AV/viewpoint_simulated_41_surface1.pcd,Testing,2.317631244659424,2.2317442893981934,0.08588695526123047
801,TH0012AV/viewpoint_simulated_42_surface1.pcd,Testing,2.0986740589141846,2.2537848949432373,0.15511083602905273
802,TH0012AV/viewpoint_simulated_43_surface1.pcd,Testing,2.2103748321533203,2.240584373474121,0.03020954132080078
803,TH0012AV/viewpoint_simulated_44_surface1.pcd,Testing,2.2599570751190186,2.253337860107422,0.00661921501159668
804,TH0012AV/viewpoint_simulated_45_surface1.pcd,Testing,2.3196470737457275,2.2026796340942383,0.11696743965148926
805,TH0012AV/viewpoint_simulated_46_surface1.pcd,Testing,2.2848238945007324,2.255702495574951,0.02912139892578125
806,TH0012AV/viewpoint_simulated_47_surface1.pcd,Testing,2.2603743076324463,2.2655906677246094,0.005216360092163086
807,TH0012AV/viewpoint_simulated_48_surface1.pcd,Testing,2.2296102046966553,2.2215371131896973,0.008073091506958008
808,TH0012AV/viewpoint_simulated_49_surface1.pcd,Testing,2.297398328781128,2.285285711288452,0.012112617492675781
809,TH0012AV/viewpoint_simulated_5_surface1.pcd,Testing,2.2498185634613037,2.1663780212402344,0.08344054222106934
810,TH0012AV/viewpoint_simulated_50_surface1.pcd,Testing,2.2249555587768555,2.200622797012329,0.024332761764526367
811,TH0012AV/viewpoint_simulated_51_surface1.pcd,Testing,2.269629716873169,2.2133841514587402,0.05624556541442871
812,TH0012AV/viewpoint_simulated_52_surface1.pcd,Testing,2.12448787689209,2.270498275756836,0.1460103988647461
813,TH0012AV/viewpoint_simulated_53_surface1.pcd,Testing,2.342529058456421,2.2709996700286865,0.07152938842773438
814,TH0012AV/viewpoint_simulated_54_surface1.pcd,Testing,2.3878843784332275,2.2973461151123047,0.09053826332092285
815,TH0012AV/viewpoint_simulated_55_surface1.pcd,Testing,2.2510688304901123,2.2518277168273926,0.0007588863372802734
816,TH0012AV/viewpoint_simulated_56_surface1.pcd,Testing,2.2294700145721436,2.2553696632385254,0.025899648666381836
817,TH0012AV/viewpoint_simulated_57_surface1.pcd,Testing,2.1188881397247314,2.18042254447937,0.06153440475463867
818,TH0012AV/viewpoint_simulated_58_surface1.pcd,Testing,2.2420692443847656,2.249478578567505,0.007409334182739258
819,TH0012AV/viewpoint_simulated_59_surface1.pcd,Testing,2.2440667152404785,2.276317596435547,0.03225088119506836
820,TH0012AV/viewpoint_simulated_6_surface1.pcd,Testing,2.2350034713745117,2.1853957176208496,0.04960775375366211
821,TH0012AV/viewpoint_simulated_60_surface1.pcd,Testing,2.192293882369995,2.246110439300537,0.05381655693054199
822,TH0012AV/viewpoint_simulated_61_surface1.pcd,Testing,2.2857866287231445,2.3679404258728027,0.0821537971496582
823,TH0012AV/viewpoint_simulated_62_surface1.pcd,Testing,2.313424825668335,2.2120165824890137,0.10140824317932129
824,TH0012AV/viewpoint_simulated_63_surface1.pcd,Testing,2.352428913116455,2.2198450565338135,0.1325838565826416
825,TH0012AV/viewpoint_simulated_64_surface1.pcd,Testing,2.3540568351745605,2.302042007446289,0.052014827728271484
826,TH0012AV/viewpoint_simulated_65_surface1.pcd,Testing,2.2296817302703857,2.2895615100860596,0.05987977981567383
827,TH0012AV/viewpoint_simulated_66_surface1.pcd,Testing,2.4452641010284424,2.3382248878479004,0.10703921318054199
828,TH0012AV/viewpoint_simulated_67_surface1.pcd,Testing,2.359326124191284,2.2647275924682617,0.09459853172302246
829,TH0012AV/viewpoint_simulated_68_surface1.pcd,Testing,2.1902830600738525,2.2593135833740234,0.0690305233001709
830,TH0012AV/viewpoint_simulated_69_surface1.pcd,Testing,2.3062219619750977,2.155514717102051,0.15070724487304688
831,TH0012AV/viewpoint_simulated_7_surface1.pcd,Testing,2.2709617614746094,2.2086119651794434,0.062349796295166016
832,TH0012AV/viewpoint_simulated_70_surface1.pcd,Testing,2.2500288486480713,2.242302894592285,0.007725954055786133
833,TH0012AV/viewpoint_simulated_71_surface1.pcd,Testing,2.240706443786621,2.276477336883545,0.03577089309692383
834,TH0012AV/viewpoint_simulated_72_surface1.pcd,Testing,2.2479162216186523,2.199090003967285,0.04882621765136719
835,TH0012AV/viewpoint_simulated_73_surface1.pcd,Testing,2.1218278408050537,2.153233528137207,0.03140568733215332
836,TH0012AV/viewpoint_simulated_74_surface1.pcd,Testing,2.2777860164642334,2.163813591003418,0.11397242546081543
837,TH0012AV/viewpoint_simulated_75_surface1.pcd,Testing,2.2029926776885986,2.164635419845581,0.03835725784301758
838,TH0012AV/viewpoint_simulated_76_surface1.pcd,Testing,2.179513692855835,2.1593117713928223,0.020201921463012695
839,TH0012AV/viewpoint_simulated_77_surface1.pcd,Testing,2.1614086627960205,2.158369541168213,0.003039121627807617
840,TH0012AV/viewpoint_simulated_78_surface1.pcd,Testing,2.3168108463287354,2.190916061401367,0.12589478492736816
841,TH0012AV/viewpoint_simulated_79_surface1.pcd,Testing,2.357530355453491,2.214296817779541,0.1432335376739502
842,TH0012AV/viewpoint_simulated_8_surface1.pcd,Testing,2.2035715579986572,2.193706750869751,0.00986480712890625
843,TH0012AV/viewpoint_simulated_80_surface1.pcd,Testing,2.179806709289551,2.2003793716430664,0.020572662353515625
844,TH0012AV/viewpoint_simulated_81_surface1.pcd,Testing,2.2951738834381104,2.211301803588867,0.08387207984924316
845,TH0012AV/viewpoint_simulated_82_surface1.pcd,Testing,2.25268816947937,2.2429771423339844,0.009711027145385742
846,TH0012AV/viewpoint_simulated_83_surface1.pcd,Testing,2.1843101978302,2.239969253540039,0.05565905570983887
847,TH0012AV/viewpoint_simulated_84_surface1.pcd,Testing,2.181420087814331,2.213167190551758,0.03174710273742676
848,TH0012AV/viewpoint_simulated_85_surface1.pcd,Testing,2.140357494354248,2.179109573364258,0.038752079010009766
849,TH0012AV/viewpoint_simulated_86_surface1.pcd,Testing,2.253577470779419,2.1806516647338867,0.07292580604553223
850,TH0012AV/viewpoint_simulated_87_surface1.pcd,Testing,2.180053949356079,2.1898980140686035,0.009844064712524414
851,TH0012AV/viewpoint_simulated_88_surface1.pcd,Testing,2.33241868019104,2.178025245666504,0.15439343452453613
852,TH0012AV/viewpoint_simulated_89_surface1.pcd,Testing,2.2991418838500977,2.1736836433410645,0.1254582405090332
853,TH0012AV/viewpoint_simulated_9_surface1.pcd,Testing,2.2447452545166016,2.204695224761963,0.04005002975463867
854,TH0012AV/viewpoint_simulated_90_surface1.pcd,Testing,2.269104480743408,2.2201075553894043,0.048996925354003906
855,TH0012AV/viewpoint_simulated_91_surface1.pcd,Testing,2.132349967956543,2.223806381225586,0.09145641326904297
856,TH0012AV/viewpoint_simulated_92_surface1.pcd,Testing,2.238651752471924,2.2322378158569336,0.006413936614990234
857,TH0012AV/viewpoint_simulated_93_surface1.pcd,Testing,2.2147574424743652,2.2175683975219727,0.002810955047607422
858,TH0012AV/viewpoint_simulated_94_surface1.pcd,Testing,2.2382073402404785,2.243046283721924,0.0048389434814453125
859,TH0012AV/viewpoint_simulated_95_surface1.pcd,Testing,2.2759130001068115,2.239910125732422,0.03600287437438965
860,TH0012AV/viewpoint_simulated_96_surface1.pcd,Testing,2.3529367446899414,2.233429193496704,0.1195075511932373
861,TH0012AV/viewpoint_simulated_97_surface1.pcd,Testing,2.134859085083008,2.196410655975342,0.061551570892333984
862,TH0012AV/viewpoint_simulated_98_surface1.pcd,Testing,2.2182295322418213,2.1952080726623535,0.023021459579467773
863,TH0012AV/viewpoint_simulated_99_surface1.pcd,Testing,2.2914109230041504,2.1980957984924316,0.09331512451171875
864,TH0021AV/viewpoint_simulated_0_surface0.pcd,Testing,1.9646518230438232,2.1265740394592285,0.16192221641540527
865,TH0021AV/viewpoint_simulated_1_surface0.pcd,Testing,2.087364912033081,2.1241097450256348,0.03674483299255371
866,TH0021AV/viewpoint_simulated_10_surface0.pcd,Testing,2.137026071548462,2.133720874786377,0.003305196762084961
867,TH0021AV/viewpoint_simulated_100_surface0.pcd,Testing,2.102552652359009,2.1291584968566895,0.026605844497680664
868,TH0021AV/viewpoint_simulated_101_surface0.pcd,Testing,2.348335027694702,2.121192455291748,0.2271425724029541
869,TH0021AV/viewpoint_simulated_102_surface0.pcd,Testing,2.139540672302246,2.105890989303589,0.03364968299865723
870,TH0021AV/viewpoint_simulated_103_surface0.pcd,Testing,2.2920310497283936,2.1182990074157715,0.17373204231262207
871,TH0021AV/viewpoint_simulated_104_surface0.pcd,Testing,2.3414881229400635,2.1257143020629883,0.2157738208770752
872,TH0021AV/viewpoint_simulated_105_surface0.pcd,Testing,2.248948574066162,2.136510133743286,0.11243844032287598
873,TH0021AV/viewpoint_simulated_106_surface0.pcd,Testing,2.112645149230957,2.1430695056915283,0.03042435646057129
874,TH0021AV/viewpoint_simulated_107_surface0.pcd,Testing,2.274994373321533,2.1594886779785156,0.11550569534301758
875,TH0021AV/viewpoint_simulated_108_surface0.pcd,Testing,1.9286787509918213,2.226876735687256,0.29819798469543457
876,TH0021AV/viewpoint_simulated_109_surface0.pcd,Testing,2.2704060077667236,2.2016239166259766,0.06878209114074707
877,TH0021AV/viewpoint_simulated_11_surface0.pcd,Testing,2.3309669494628906,2.1312055587768555,0.19976139068603516
878,TH0021AV/viewpoint_simulated_110_surface0.pcd,Testing,2.133338689804077,2.1809096336364746,0.04757094383239746
879,TH0021AV/viewpoint_simulated_111_surface0.pcd,Testing,2.1986758708953857,2.187358856201172,0.011317014694213867
880,TH0021AV/viewpoint_simulated_112_surface0.pcd,Testing,1.982994794845581,2.1475486755371094,0.16455388069152832
881,TH0021AV/viewpoint_simulated_113_surface0.pcd,Testing,2.274998426437378,2.1204891204833984,0.1545093059539795
882,TH0021AV/viewpoint_simulated_114_surface0.pcd,Testing,1.931538701057434,2.108412265777588,0.1768735647201538
883,TH0021AV/viewpoint_simulated_115_surface0.pcd,Testing,2.1582512855529785,2.105905532836914,0.05234575271606445
884,TH0021AV/viewpoint_simulated_116_surface0.pcd,Testing,2.1744930744171143,2.111551284790039,0.0629417896270752
885,TH0021AV/viewpoint_simulated_117_surface0.pcd,Testing,2.3117103576660156,2.1468019485473633,0.16490840911865234
886,TH0021AV/viewpoint_simulated_118_surface0.pcd,Testing,2.26949143409729,2.1572794914245605,0.11221194267272949
887,TH0021AV/viewpoint_simulated_119_surface0.pcd,Testing,2.367851734161377,2.1873340606689453,0.18051767349243164
888,TH0021AV/viewpoint_simulated_12_surface0.pcd,Testing,2.1655900478363037,2.1484713554382324,0.01711869239807129
889,TH0021AV/viewpoint_simulated_120_surface0.pcd,Testing,2.235628604888916,2.2905774116516113,0.05494880676269531
890,TH0021AV/viewpoint_simulated_121_surface0.pcd,Testing,2.136087656021118,2.2053754329681396,0.06928777694702148
891,TH0021AV/viewpoint_simulated_122_surface0.pcd,Testing,2.2294912338256836,2.1857523918151855,0.04373884201049805
892,TH0021AV/viewpoint_simulated_123_surface0.pcd,Testing,2.2476303577423096,2.2020561695098877,0.045574188232421875
893,TH0021AV/viewpoint_simulated_124_surface0.pcd,Testing,2.282521963119507,2.171675682067871,0.11084628105163574
894,TH0021AV/viewpoint_simulated_125_surface0.pcd,Testing,2.0286245346069336,2.1296701431274414,0.10104560852050781
895,TH0021AV/viewpoint_simulated_126_surface0.pcd,Testing,2.265350341796875,2.11415433883667,0.15119600296020508
896,TH0021AV/viewpoint_simulated_127_surface0.pcd,Testing,2.2002334594726562,2.1127028465270996,0.08753061294555664
897,TH0021AV/viewpoint_simulated_128_surface0.pcd,Testing,2.298607587814331,2.113585948944092,0.18502163887023926
898,TH0021AV/viewpoint_simulated_129_surface0.pcd,Testing,2.1946287155151367,2.1337549686431885,0.06087374687194824
899,TH0021AV/viewpoint_simulated_13_surface0.pcd,Testing,2.1986377239227295,2.14774751663208,0.050890207290649414
900,TH0021AV/viewpoint_simulated_130_surface0.pcd,Testing,2.2556471824645996,2.1625280380249023,0.09311914443969727
901,TH0021AV/viewpoint_simulated_131_surface0.pcd,Testing,2.1336376667022705,2.2239480018615723,0.09031033515930176
902,TH0021AV/viewpoint_simulated_132_surface0.pcd,Testing,2.1740126609802246,2.3377113342285156,0.16369867324829102
903,TH0021AV/viewpoint_simulated_133_surface0.pcd,Testing,2.3600330352783203,2.207939624786377,0.15209341049194336
904,TH0021AV/viewpoint_simulated_134_surface0.pcd,Testing,2.284661293029785,2.201488494873047,0.08317279815673828
905,TH0021AV/viewpoint_simulated_135_surface0.pcd,Testing,2.0790205001831055,2.2251739501953125,0.14615345001220703
906,TH0021AV/viewpoint_simulated_136_surface0.pcd,Testing,2.1144421100616455,2.1923422813415527,0.07790017127990723
907,TH0021AV/viewpoint_simulated_137_surface0.pcd,Testing,2.2282087802886963,2.1408419609069824,0.08736681938171387
908,TH0021AV/viewpoint_simulated_138_surface0.pcd,Testing,2.3355767726898193,2.1276516914367676,0.20792508125305176
909,TH0021AV/viewpoint_simulated_139_surface0.pcd,Testing,2.100776195526123,2.115476608276367,0.01470041275024414
910,TH0021AV/viewpoint_simulated_14_surface0.pcd,Testing,2.1456732749938965,2.148235321044922,0.0025620460510253906
911,TH0021AV/viewpoint_simulated_140_surface0.pcd,Testing,2.080075979232788,2.1116867065429688,0.031610727310180664
912,TH0021AV/viewpoint_simulated_141_surface0.pcd,Testing,2.2226173877716064,2.1373794078826904,0.08523797988891602
913,TH0021AV/viewpoint_simulated_142_surface0.pcd,Testing,2.1970813274383545,2.1637516021728516,0.03332972526550293
914,TH0021AV/viewpoint_simulated_143_surface0.pcd,Testing,2.3955650329589844,2.240886688232422,0.1546783447265625
915,TH0021AV/viewpoint_simulated_144_surface0.pcd,Testing,2.15521240234375,2.1273255348205566,0.02788686752319336
916,TH0021AV/viewpoint_simulated_145_surface0.pcd,Testing,2.250016450881958,2.1227645874023438,0.12725186347961426
917,TH0021AV/viewpoint_simulated_146_surface0.pcd,Testing,2.1398088932037354,2.1346168518066406,0.0051920413970947266
918,TH0021AV/viewpoint_simulated_147_surface0.pcd,Testing,2.0913002490997314,2.1359076499938965,0.04460740089416504
919,TH0021AV/viewpoint_simulated_148_surface0.pcd,Testing,2.226109743118286,2.1268529891967773,0.09925675392150879
920,TH0021AV/viewpoint_simulated_149_surface0.pcd,Testing,2.2290444374084473,2.123049259185791,0.10599517822265625
921,TH0021AV/viewpoint_simulated_15_surface0.pcd,Testing,2.2090797424316406,2.150390148162842,0.05868959426879883
922,TH0021AV/viewpoint_simulated_150_surface0.pcd,Testing,2.011756181716919,2.114010810852051,0.10225462913513184
923,TH0021AV/viewpoint_simulated_151_surface0.pcd,Testing,2.149724245071411,2.1166834831237793,0.033040761947631836
924,TH0021AV/viewpoint_simulated_152_surface0.pcd,Testing,2.313713312149048,2.1230039596557617,0.19070935249328613
925,TH0021AV/viewpoint_simulated_153_surface0.pcd,Testing,2.141352415084839,2.131957530975342,0.00939488410949707
926,TH0021AV/viewpoint_simulated_154_surface0.pcd,Testing,1.960705041885376,2.132694721221924,0.17198967933654785
927,TH0021AV/viewpoint_simulated_155_surface0.pcd,Testing,2.084886074066162,2.1319580078125,0.04707193374633789
928,TH0021AV/viewpoint_simulated_156_surface0.pcd,Testing,2.2337677478790283,2.15134334564209,0.08242440223693848
929,TH0021AV/viewpoint_simulated_157_surface0.pcd,Testing,2.2016677856445312,2.146915912628174,0.05475187301635742
930,TH0021AV/viewpoint_simulated_158_surface0.pcd,Testing,2.2327587604522705,2.1482434272766113,0.08451533317565918
931,TH0021AV/viewpoint_simulated_159_surface0.pcd,Testing,2.0999953746795654,2.148481845855713,0.04848647117614746
932,TH0021AV/viewpoint_simulated_16_surface0.pcd,Testing,2.1335158348083496,2.126096248626709,0.007419586181640625
933,TH0021AV/viewpoint_simulated_160_surface0.pcd,Testing,2.200854539871216,2.1261982917785645,0.07465624809265137
934,TH0021AV/viewpoint_simulated_161_surface0.pcd,Testing,2.239842414855957,2.1206583976745605,0.11918401718139648
935,TH0021AV/viewpoint_simulated_162_surface0.pcd,Testing,2.090660572052002,2.1088671684265137,0.01820659637451172
936,TH0021AV/viewpoint_simulated_163_surface0.pcd,Testing,2.117314577102661,2.1137709617614746,0.0035436153411865234
937,TH0021AV/viewpoint_simulated_164_surface0.pcd,Testing,2.1801793575286865,2.1202898025512695,0.05988955497741699
938,TH0021AV/viewpoint_simulated_165_surface0.pcd,Testing,2.1376841068267822,2.1320526599884033,0.005631446838378906
939,TH0021AV/viewpoint_simulated_166_surface0.pcd,Testing,2.1101279258728027,2.1343846321105957,0.02425670623779297
940,TH0021AV/viewpoint_simulated_167_surface0.pcd,Testing,2.221919536590576,2.14793062210083,0.0739889144897461
941,TH0021AV/viewpoint_simulated_168_surface0.pcd,Testing,2.1754302978515625,2.1781816482543945,0.0027513504028320312
942,TH0021AV/viewpoint_simulated_169_surface0.pcd,Testing,2.014592409133911,2.176562786102295,0.1619703769683838
943,TH0021AV/viewpoint_simulated_17_surface0.pcd,Testing,2.1187169551849365,2.1185431480407715,0.00017380714416503906
944,TH0021AV/viewpoint_simulated_170_surface0.pcd,Testing,2.2740931510925293,2.164745569229126,0.10934758186340332
945,TH0021AV/viewpoint_simulated_171_surface0.pcd,Testing,2.117377519607544,2.166245460510254,0.04886794090270996
946,TH0021AV/viewpoint_simulated_172_surface0.pcd,Testing,2.154653787612915,2.133039951324463,0.02161383628845215
947,TH0021AV/viewpoint_simulated_173_surface0.pcd,Testing,2.093310594558716,2.1206932067871094,0.027382612228393555
948,TH0021AV/viewpoint_simulated_174_surface0.pcd,Testing,2.2396812438964844,2.1071605682373047,0.1325206756591797
949,TH0021AV/viewpoint_simulated_175_surface0.pcd,Testing,2.158796548843384,2.111341953277588,0.0474545955657959
950,TH0021AV/viewpoint_simulated_176_surface0.pcd,Testing,2.178438901901245,2.1215009689331055,0.05693793296813965
951,TH0021AV/viewpoint_simulated_177_surface0.pcd,Testing,2.0661685466766357,2.1330337524414062,0.06686520576477051
952,TH0021AV/viewpoint_simulated_178_surface0.pcd,Testing,2.233844041824341,2.139481544494629,0.09436249732971191
953,TH0021AV/viewpoint_simulated_179_surface0.pcd,Testing,2.193837881088257,2.1613893508911133,0.032448530197143555
954,TH0021AV/viewpoint_simulated_18_surface0.pcd,Testing,2.1010689735412598,2.1143503189086914,0.01328134536743164
955,TH0021AV/viewpoint_simulated_180_surface0.pcd,Testing,2.012406587600708,2.215013027191162,0.2026064395904541
956,TH0021AV/viewpoint_simulated_181_surface0.pcd,Testing,1.9834343194961548,2.195706844329834,0.2122725248336792
957,TH0021AV/viewpoint_simulated_182_surface0.pcd,Testing,2.2371041774749756,2.1712045669555664,0.06589961051940918
958,TH0021AV/viewpoint_simulated_183_surface0.pcd,Testing,2.321153402328491,2.1843724250793457,0.1367809772491455
959,TH0021AV/viewpoint_simulated_184_surface0.pcd,Testing,2.192135810852051,2.147217273712158,0.04491853713989258
960,TH0021AV/viewpoint_simulated_185_surface0.pcd,Testing,2.3263275623321533,2.1244640350341797,0.20186352729797363
961,TH0021AV/viewpoint_simulated_186_surface0.pcd,Testing,2.070643663406372,2.10805606842041,0.037412405014038086
962,TH0021AV/viewpoint_simulated_187_surface0.pcd,Testing,2.013378620147705,2.1065688133239746,0.09319019317626953
963,TH0021AV/viewpoint_simulated_188_surface0.pcd,Testing,2.010457754135132,2.1107683181762695,0.1003105640411377
964,TH0021AV/viewpoint_simulated_189_surface0.pcd,Testing,2.106158494949341,2.139495372772217,0.03333687782287598
965,TH0021AV/viewpoint_simulated_19_surface0.pcd,Testing,2.2445425987243652,2.1158084869384766,0.12873411178588867
966,TH0021AV/viewpoint_simulated_190_surface0.pcd,Testing,2.0768980979919434,2.1515989303588867,0.07470083236694336
967,TH0021AV/viewpoint_simulated_191_surface0.pcd,Testing,2.197106122970581,2.1893062591552734,0.007799863815307617
968,TH0021AV/viewpoint_simulated_192_surface0.pcd,Testing,2.211700201034546,2.256783962249756,0.04508376121520996
969,TH0021AV/viewpoint_simulated_193_surface0.pcd,Testing,2.3893966674804688,2.1965322494506836,0.19286441802978516
970,TH0021AV/viewpoint_simulated_194_surface0.pcd,Testing,2.27382755279541,2.182633399963379,0.09119415283203125
971,TH0021AV/viewpoint_simulated_195_surface0.pcd,Testing,2.2216687202453613,2.2039637565612793,0.01770496368408203
972,TH0021AV/viewpoint_simulated_196_surface0.pcd,Testing,2.0321083068847656,2.171459197998047,0.13935089111328125
973,TH0021AV/viewpoint_simulated_197_surface0.pcd,Testing,2.006861448287964,2.1288185119628906,0.12195706367492676
974,TH0021AV/viewpoint_simulated_198_surface0.pcd,Testing,2.284456729888916,2.1151351928710938,0.16932153701782227
975,TH0021AV/viewpoint_simulated_199_surface0.pcd,Testing,2.1213366985321045,2.1096463203430176,0.011690378189086914
976,TH0021AV/viewpoint_simulated_2_surface0.pcd,Testing,2.307523012161255,2.1338906288146973,0.17363238334655762
977,TH0021AV/viewpoint_simulated_20_surface0.pcd,Testing,2.1734979152679443,2.1220741271972656,0.05142378807067871
978,TH0021AV/viewpoint_simulated_200_surface0.pcd,Testing,2.29716157913208,2.109987735748291,0.18717384338378906
979,TH0021AV/viewpoint_simulated_201_surface0.pcd,Testing,2.273000717163086,2.1348977088928223,0.13810300827026367
980,TH0021AV/viewpoint_simulated_202_surface0.pcd,Testing,2.2211246490478516,2.163560390472412,0.05756425857543945
981,TH0021AV/viewpoint_simulated_203_surface0.pcd,Testing,2.1742897033691406,2.2108206748962402,0.03653097152709961
982,TH0021AV/viewpoint_simulated_204_surface0.pcd,Testing,2.24839186668396,2.3396425247192383,0.09125065803527832
983,TH0021AV/viewpoint_simulated_205_surface0.pcd,Testing,2.0518460273742676,2.207716464996338,0.1558704376220703
984,TH0021AV/viewpoint_simulated_206_surface0.pcd,Testing,2.305820941925049,2.2010679244995117,0.10475301742553711
985,TH0021AV/viewpoint_simulated_207_surface0.pcd,Testing,2.298163652420044,2.221980571746826,0.07618308067321777
986,TH0021AV/viewpoint_simulated_208_surface0.pcd,Testing,2.1486973762512207,2.1928415298461914,0.0441441535949707
987,TH0021AV/viewpoint_simulated_209_surface0.pcd,Testing,2.1201319694519043,2.140204906463623,0.02007293701171875
988,TH0021AV/viewpoint_simulated_21_surface0.pcd,Testing,2.242894411087036,2.133334159851074,0.10956025123596191
989,TH0021AV/viewpoint_simulated_210_surface0.pcd,Testing,2.2468345165252686,2.1272506713867188,0.1195838451385498
990,TH0021AV/viewpoint_simulated_211_surface0.pcd,Testing,2.214503765106201,2.1165995597839355,0.09790420532226562
991,TH0021AV/viewpoint_simulated_212_surface0.pcd,Testing,2.1561191082000732,2.113825798034668,0.04229331016540527
992,TH0021AV/viewpoint_simulated_213_surface0.pcd,Testing,2.2104811668395996,2.1381354331970215,0.07234573364257812
993,TH0021AV/viewpoint_simulated_214_surface0.pcd,Testing,2.1448397636413574,2.164548873901367,0.019709110260009766
994,TH0021AV/viewpoint_simulated_215_surface0.pcd,Testing,2.250070333480835,2.2293124198913574,0.02075791358947754
995,TH0021AV/viewpoint_simulated_22_surface0.pcd,Testing,2.328732490539551,2.1308135986328125,0.19791889190673828
996,TH0021AV/viewpoint_simulated_23_surface0.pcd,Testing,2.1992130279541016,2.137005567550659,0.06220746040344238
997,TH0021AV/viewpoint_simulated_24_surface0.pcd,Testing,2.3300862312316895,2.1858553886413574,0.14423084259033203
998,TH0021AV/viewpoint_simulated_25_surface0.pcd,Testing,2.0807812213897705,2.1788768768310547,0.09809565544128418
999,TH0021AV/viewpoint_simulated_26_surface0.pcd,Testing,2.2156784534454346,2.1747608184814453,0.04091763496398926
1000,TH0021AV/viewpoint_simulated_27_surface0.pcd,Testing,2.0553455352783203,2.166999340057373,0.11165380477905273
1001,TH0021AV/viewpoint_simulated_28_surface0.pcd,Testing,2.2993781566619873,2.130018711090088,0.16935944557189941
1002,TH0021AV/viewpoint_simulated_29_surface0.pcd,Testing,2.1867849826812744,2.1210672855377197,0.06571769714355469
1003,TH0021AV/viewpoint_simulated_3_surface0.pcd,Testing,2.179229736328125,2.1352176666259766,0.04401206970214844
1004,TH0021AV/viewpoint_simulated_30_surface0.pcd,Testing,2.028012275695801,2.1064298152923584,0.07841753959655762
1005,TH0021AV/viewpoint_simulated_31_surface0.pcd,Testing,2.3582851886749268,2.1202642917633057,0.2380208969116211
1006,TH0021AV/viewpoint_simulated_32_surface0.pcd,Testing,2.274972677230835,2.122360944747925,0.15261173248291016
1007,TH0021AV/viewpoint_simulated_33_surface0.pcd,Testing,2.210108757019043,2.138413906097412,0.07169485092163086
1008,TH0021AV/viewpoint_simulated_34_surface0.pcd,Testing,2.103580951690674,2.1409382820129395,0.037357330322265625
1009,TH0021AV/viewpoint_simulated_35_surface0.pcd,Testing,2.1424171924591064,2.161750555038452,0.019333362579345703
1010,TH0021AV/viewpoint_simulated_36_surface0.pcd,Testing,2.237870931625366,2.2351040840148926,0.002766847610473633
1011,TH0021AV/viewpoint_simulated_37_surface0.pcd,Testing,2.127460479736328,2.2071080207824707,0.07964754104614258
1012,TH0021AV/viewpoint_simulated_38_surface0.pcd,Testing,2.2687456607818604,2.191359519958496,0.07738614082336426
1013,TH0021AV/viewpoint_simulated_39_surface0.pcd,Testing,2.0986454486846924,2.1857070922851562,0.08706164360046387
1014,TH0021AV/viewpoint_simulated_4_surface0.pcd,Testing,2.1241157054901123,2.1286754608154297,0.004559755325317383
1015,TH0021AV/viewpoint_simulated_40_surface0.pcd,Testing,2.077702522277832,2.1420159339904785,0.06431341171264648
1016,TH0021AV/viewpoint_simulated_41_surface0.pcd,Testing,2.398223400115967,2.1217732429504395,0.27645015716552734
1017,TH0021AV/viewpoint_simulated_42_surface0.pcd,Testing,2.10155987739563,2.1091718673706055,0.007611989974975586
1018,TH0021AV/viewpoint_simulated_43_surface0.pcd,Testing,2.2984888553619385,2.127152442932129,0.17133641242980957
1019,TH0021AV/viewpoint_simulated_44_surface0.pcd,Testing,2.410155773162842,2.124157667160034,0.2859981060028076
1020,TH0021AV/viewpoint_simulated_45_surface0.pcd,Testing,2.150637149810791,2.1425232887268066,0.008113861083984375
1021,TH0021AV/viewpoint_simulated_46_surface0.pcd,Testing,2.2315597534179688,2.1530234813690186,0.0785362720489502
1022,TH0021AV/viewpoint_simulated_47_surface0.pcd,Testing,2.2484209537506104,2.1887731552124023,0.05964779853820801
1023,TH0021AV/viewpoint_simulated_48_surface0.pcd,Testing,2.387995481491089,2.3117661476135254,0.07622933387756348
1024,TH0021AV/viewpoint_simulated_49_surface0.pcd,Testing,2.1447277069091797,2.2131247520446777,0.06839704513549805
1025,TH0021AV/viewpoint_simulated_5_surface0.pcd,Testing,2.177206516265869,2.126661777496338,0.05054473876953125
1026,TH0021AV/viewpoint_simulated_50_surface0.pcd,Testing,2.251364231109619,2.185520648956299,0.06584358215332031
1027,TH0021AV/viewpoint_simulated_51_surface0.pcd,Testing,1.9041438102722168,2.1852784156799316,0.28113460540771484
1028,TH0021AV/viewpoint_simulated_52_surface0.pcd,Testing,2.1578328609466553,2.1699681282043457,0.01213526725769043
1029,TH0021AV/viewpoint_simulated_53_surface0.pcd,Testing,2.302100896835327,2.1349945068359375,0.16710638999938965
1030,TH0021AV/viewpoint_simulated_54_surface0.pcd,Testing,2.206892251968384,2.114610433578491,0.09228181838989258
1031,TH0021AV/viewpoint_simulated_55_surface0.pcd,Testing,2.2375030517578125,2.1132993698120117,0.12420368194580078
1032,TH0021AV/viewpoint_simulated_56_surface0.pcd,Testing,2.1653897762298584,2.115884304046631,0.04950547218322754
1033,TH0021AV/viewpoint_simulated_57_surface0.pcd,Testing,2.138834238052368,2.1367263793945312,0.002107858657836914
1034,TH0021AV/viewpoint_simulated_58_surface0.pcd,Testing,2.124251127243042,2.1609067916870117,0.03665566444396973
1035,TH0021AV/viewpoint_simulated_59_surface0.pcd,Testing,2.390493631362915,2.245485305786133,0.14500832557678223
1036,TH0021AV/viewpoint_simulated_6_surface0.pcd,Testing,2.1870908737182617,2.116872787475586,0.07021808624267578
1037,TH0021AV/viewpoint_simulated_60_surface0.pcd,Testing,2.5817489624023438,2.4874231815338135,0.09432578086853027
1038,TH0021AV/viewpoint_simulated_61_surface0.pcd,Testing,2.398914337158203,2.213484764099121,0.18542957305908203
1039,TH0021AV/viewpoint_simulated_62_surface0.pcd,Testing,2.0814363956451416,2.200840473175049,0.11940407752990723
1040,TH0021AV/viewpoint_simulated_63_surface0.pcd,Testing,2.184507131576538,2.1974635124206543,0.012956380844116211
1041,TH0021AV/viewpoint_simulated_64_surface0.pcd,Testing,2.3645598888397217,2.1825876235961914,0.18197226524353027
1042,TH0021AV/viewpoint_simulated_65_surface0.pcd,Testing,2.117954969406128,2.137718677520752,0.019763708114624023
1043,TH0021AV/viewpoint_simulated_66_surface0.pcd,Testing,2.25818133354187,2.12581205368042,0.1323692798614502
1044,TH0021AV/viewpoint_simulated_67_surface0.pcd,Testing,2.226109266281128,2.1139936447143555,0.11211562156677246
1045,TH0021AV/viewpoint_simulated_68_surface0.pcd,Testing,2.2369344234466553,2.113875150680542,0.12305927276611328
1046,TH0021AV/viewpoint_simulated_69_surface0.pcd,Testing,2.2334439754486084,2.1326136589050293,0.1008303165435791
1047,TH0021AV/viewpoint_simulated_7_surface0.pcd,Testing,2.1731226444244385,2.114645481109619,0.058477163314819336
1048,TH0021AV/viewpoint_simulated_70_surface0.pcd,Testing,2.2607576847076416,2.163282871246338,0.09747481346130371
1049,TH0021AV/viewpoint_simulated_71_surface0.pcd,Testing,2.3140981197357178,2.2360360622406006,0.07806205749511719
1050,TH0021AV/viewpoint_simulated_72_surface0.pcd,Testing,2.2990212440490723,2.129146099090576,0.1698751449584961
1051,TH0021AV/viewpoint_simulated_73_surface0.pcd,Testing,1.9923222064971924,2.1230735778808594,0.130751371383667
1052,TH0021AV/viewpoint_simulated_74_surface0.pcd,Testing,2.040595293045044,2.1351585388183594,0.09456324577331543
1053,TH0021AV/viewpoint_simulated_75_surface0.pcd,Testing,2.3382341861724854,2.135295867919922,0.20293831825256348
1054,TH0021AV/viewpoint_simulated_76_surface0.pcd,Testing,2.1680262088775635,2.1281723976135254,0.039853811264038086
1055,TH0021AV/viewpoint_simulated_77_surface0.pcd,Testing,2.065465211868286,2.1251401901245117,0.059674978256225586
1056,TH0021AV/viewpoint_simulated_78_surface0.pcd,Testing,2.3026089668273926,2.113597869873047,0.1890110969543457
1057,TH0021AV/viewpoint_simulated_79_surface0.pcd,Testing,2.2665367126464844,2.1152024269104004,0.15133428573608398
1058,TH0021AV/viewpoint_simulated_8_surface0.pcd,Testing,2.14988112449646,2.1253223419189453,0.02455878257751465
1059,TH0021AV/viewpoint_simulated_80_surface0.pcd,Testing,2.222355604171753,2.125397205352783,0.09695839881896973
1060,TH0021AV/viewpoint_simulated_81_surface0.pcd,Testing,2.152353048324585,2.1322498321533203,0.02010321617126465
1061,TH0021AV/viewpoint_simulated_82_surface0.pcd,Testing,2.232313394546509,2.134181499481201,0.09813189506530762
1062,TH0021AV/viewpoint_simulated_83_surface0.pcd,Testing,2.169557571411133,2.133080005645752,0.03647756576538086
1063,TH0021AV/viewpoint_simulated_84_surface0.pcd,Testing,2.0340778827667236,2.14790678024292,0.11382889747619629
1064,TH0021AV/viewpoint_simulated_85_surface0.pcd,Testing,2.2907321453094482,2.1486473083496094,0.14208483695983887
1065,TH0021AV/viewpoint_simulated_86_surface0.pcd,Testing,2.143306016921997,2.146818161010742,0.003512144088745117
1066,TH0021AV/viewpoint_simulated_87_surface0.pcd,Testing,2.138906717300415,2.1478376388549805,0.00893092155456543
1067,TH0021AV/viewpoint_simulated_88_surface0.pcd,Testing,2.1095926761627197,2.126864433288574,0.017271757125854492
1068,TH0021AV/viewpoint_simulated_89_surface0.pcd,Testing,2.105975389480591,2.1235437393188477,0.017568349838256836
1069,TH0021AV/viewpoint_simulated_9_surface0.pcd,Testing,2.2999792098999023,2.1313416957855225,0.16863751411437988
1070,TH0021AV/viewpoint_simulated_90_surface0.pcd,Testing,2.214198112487793,2.1117148399353027,0.10248327255249023
1071,TH0021AV/viewpoint_simulated_91_surface0.pcd,Testing,2.357172727584839,2.1158173084259033,0.24135541915893555
1072,TH0021AV/viewpoint_simulated_92_surface0.pcd,Testing,2.267064332962036,2.118563175201416,0.14850115776062012
1073,TH0021AV/viewpoint_simulated_93_surface0.pcd,Testing,2.185683012008667,2.131479263305664,0.05420374870300293
1074,TH0021AV/viewpoint_simulated_94_surface0.pcd,Testing,2.0634121894836426,2.13169527053833,0.0682830810546875
1075,TH0021AV/viewpoint_simulated_95_surface0.pcd,Testing,2.2185850143432617,2.146517276763916,0.0720677375793457
1076,TH0021AV/viewpoint_simulated_96_surface0.pcd,Testing,2.0966038703918457,2.185760021209717,0.0891561508178711
1077,TH0021AV/viewpoint_simulated_97_surface0.pcd,Testing,2.055882453918457,2.1746768951416016,0.11879444122314453
1078,TH0021AV/viewpoint_simulated_98_surface0.pcd,Testing,2.068852186203003,2.1646482944488525,0.09579610824584961
1079,TH0021AV/viewpoint_simulated_99_surface0.pcd,Testing,2.242823362350464,2.165670871734619,0.07715249061584473
1080,TH0021AV/viewpoint_simulated_0_surface1.pcd,Testing,1.9438668489456177,1.892982840538025,0.05088400840759277
1081,TH0021AV/viewpoint_simulated_1_surface1.pcd,Testing,1.9214082956314087,1.8990299701690674,0.02237832546234131
1082,TH0021AV/viewpoint_simulated_10_surface1.pcd,Testing,1.9246783256530762,1.9003092050552368,0.024369120597839355
1083,TH0021AV/viewpoint_simulated_100_surface1.pcd,Testing,2.0392532348632812,1.9385098218917847,0.10074341297149658
1084,TH0021AV/viewpoint_simulated_101_surface1.pcd,Testing,1.974327802658081,1.9566069841384888,0.017720818519592285
1085,TH0021AV/viewpoint_simulated_102_surface1.pcd,Testing,1.9798614978790283,1.967408299446106,0.012453198432922363
1086,TH0021AV/viewpoint_simulated_103_surface1.pcd,Testing,1.9652734994888306,1.9783482551574707,0.013074755668640137
1087,TH0021AV/viewpoint_simulated_104_surface1.pcd,Testing,2.1457791328430176,1.9724502563476562,0.17332887649536133
1088,TH0021AV/viewpoint_simulated_105_surface1.pcd,Testing,1.9916930198669434,1.9482687711715698,0.043424248695373535
1089,TH0021AV/viewpoint_simulated_106_surface1.pcd,Testing,1.990662693977356,1.9126170873641968,0.07804560661315918
1090,TH0021AV/viewpoint_simulated_107_surface1.pcd,Testing,1.9669090509414673,1.8858767747879028,0.08103227615356445
1091,TH0021AV/viewpoint_simulated_108_surface1.pcd,Testing,2.091212272644043,1.9035776853561401,0.18763458728790283
1092,TH0021AV/viewpoint_simulated_109_surface1.pcd,Testing,1.9633827209472656,1.939935326576233,0.023447394371032715
1093,TH0021AV/viewpoint_simulated_11_surface1.pcd,Testing,2.020136594772339,1.8955551385879517,0.12458145618438721
1094,TH0021AV/viewpoint_simulated_110_surface1.pcd,Testing,2.006143808364868,1.9900952577590942,0.016048550605773926
1095,TH0021AV/viewpoint_simulated_111_surface1.pcd,Testing,2.0891005992889404,1.9742385149002075,0.11486208438873291
1096,TH0021AV/viewpoint_simulated_112_surface1.pcd,Testing,2.0473666191101074,1.9654197692871094,0.08194684982299805
1097,TH0021AV/viewpoint_simulated_113_surface1.pcd,Testing,2.057020902633667,1.9897279739379883,0.06729292869567871
1098,TH0021AV/viewpoint_simulated_114_surface1.pcd,Testing,2.078092575073242,1.991148829460144,0.08694374561309814
1099,TH0021AV/viewpoint_simulated_115_surface1.pcd,Testing,1.9465956687927246,2.008063316345215,0.061467647552490234
1100,TH0021AV/viewpoint_simulated_116_surface1.pcd,Testing,2.114203453063965,2.0135879516601562,0.1006155014038086
1101,TH0021AV/viewpoint_simulated_117_surface1.pcd,Testing,2.0844457149505615,1.9948722124099731,0.08957350254058838
1102,TH0021AV/viewpoint_simulated_118_surface1.pcd,Testing,2.022061586380005,1.9576911926269531,0.06437039375305176
1103,TH0021AV/viewpoint_simulated_119_surface1.pcd,Testing,2.040663242340088,1.9060739278793335,0.1345893144607544
1104,TH0021AV/viewpoint_simulated_12_surface1.pcd,Testing,1.9457039833068848,1.8863427639007568,0.05936121940612793
1105,TH0021AV/viewpoint_simulated_120_surface1.pcd,Testing,1.9427826404571533,1.9440711736679077,0.0012885332107543945
1106,TH0021AV/viewpoint_simulated_121_surface1.pcd,Testing,1.9407280683517456,1.9851070642471313,0.04437899589538574
1107,TH0021AV/viewpoint_simulated_122_surface1.pcd,Testing,2.0135209560394287,2.0372843742370605,0.023763418197631836
1108,TH0021AV/viewpoint_simulated_123_surface1.pcd,Testing,1.9775947332382202,1.9968469142913818,0.01925218105316162
1109,TH0021AV/viewpoint_simulated_124_surface1.pcd,Testing,2.0685813426971436,1.9882335662841797,0.08034777641296387
1110,TH0021AV/viewpoint_simulated_125_surface1.pcd,Testing,2.0535595417022705,2.0155277252197266,0.038031816482543945
1111,TH0021AV/viewpoint_simulated_126_surface1.pcd,Testing,2.0501904487609863,2.0085134506225586,0.041676998138427734
1112,TH0021AV/viewpoint_simulated_127_surface1.pcd,Testing,1.9263029098510742,2.0167641639709473,0.09046125411987305
1113,TH0021AV/viewpoint_simulated_128_surface1.pcd,Testing,2.1056013107299805,2.037198066711426,0.06840324401855469
1114,TH0021AV/viewpoint_simulated_129_surface1.pcd,Testing,2.0178303718566895,2.063598155975342,0.045767784118652344
1115,TH0021AV/viewpoint_simulated_13_surface1.pcd,Testing,2.053558349609375,1.9010863304138184,0.15247201919555664
1116,TH0021AV/viewpoint_simulated_130_surface1.pcd,Testing,2.0527355670928955,2.013610363006592,0.03912520408630371
1117,TH0021AV/viewpoint_simulated_131_surface1.pcd,Testing,1.965649962425232,1.9481536149978638,0.017496347427368164
1118,TH0021AV/viewpoint_simulated_132_surface1.pcd,Testing,2.0043632984161377,2.000067710876465,0.0042955875396728516
1119,TH0021AV/viewpoint_simulated_133_surface1.pcd,Testing,2.0854663848876953,2.019850254058838,0.06561613082885742
1120,TH0021AV/viewpoint_simulated_134_surface1.pcd,Testing,2.030257225036621,2.049893617630005,0.01963639259338379
1121,TH0021AV/viewpoint_simulated_135_surface1.pcd,Testing,2.0635147094726562,2.0754237174987793,0.011909008026123047
1122,TH0021AV/viewpoint_simulated_136_surface1.pcd,Testing,2.046989679336548,2.0301456451416016,0.01684403419494629
1123,TH0021AV/viewpoint_simulated_137_surface1.pcd,Testing,2.031872034072876,2.0331010818481445,0.0012290477752685547
1124,TH0021AV/viewpoint_simulated_138_surface1.pcd,Testing,2.0282886028289795,2.0177135467529297,0.010575056076049805
1125,TH0021AV/viewpoint_simulated_139_surface1.pcd,Testing,1.960579752922058,2.0190186500549316,0.058438897132873535
1126,TH0021AV/viewpoint_simulated_14_surface1.pcd,Testing,1.9123899936676025,1.9086846113204956,0.0037053823471069336
1127,TH0021AV/viewpoint_simulated_140_surface1.pcd,Testing,2.047856569290161,2.0484421253204346,0.0005855560302734375
1128,TH0021AV/viewpoint_simulated_141_surface1.pcd,Testing,2.1097378730773926,2.088402032852173,0.021335840225219727
1129,TH0021AV/viewpoint_simulated_142_surface1.pcd,Testing,2.034452199935913,2.065606117248535,0.03115391731262207
1130,TH0021AV/viewpoint_simulated_143_surface1.pcd,Testing,1.9013454914093018,1.9884370565414429,0.08709156513214111
1131,TH0021AV/viewpoint_simulated_144_surface1.pcd,Testing,1.9568936824798584,1.8918839693069458,0.0650097131729126
1132,TH0021AV/viewpoint_simulated_145_surface1.pcd,Testing,1.9564275741577148,1.8966814279556274,0.0597461462020874
1133,TH0021AV/viewpoint_simulated_146_surface1.pcd,Testing,2.0728039741516113,1.8992695808410645,0.17353439331054688
1134,TH0021AV/viewpoint_simulated_147_surface1.pcd,Testing,1.9312117099761963,1.9155076742172241,0.015704035758972168
1135,TH0021AV/viewpoint_simulated_148_surface1.pcd,Testing,1.9728562831878662,1.9176102876663208,0.05524599552154541
1136,TH0021AV/viewpoint_simulated_149_surface1.pcd,Testing,2.14265513420105,1.9114948511123657,0.23116028308868408
1137,TH0021AV/viewpoint_simulated_15_surface1.pcd,Testing,1.8767801523208618,1.9134187698364258,0.036638617515563965
1138,TH0021AV/viewpoint_simulated_150_surface1.pcd,Testing,1.9469608068466187,1.9144550561904907,0.03250575065612793
1139,TH0021AV/viewpoint_simulated_151_surface1.pcd,Testing,1.9602622985839844,1.9124069213867188,0.047855377197265625
1140,TH0021AV/viewpoint_simulated_152_surface1.pcd,Testing,1.9350368976593018,1.9129284620285034,0.02210843563079834
1141,TH0021AV/viewpoint_simulated_153_surface1.pcd,Testing,2.0986242294311523,1.9057353734970093,0.19288885593414307
1142,TH0021AV/viewpoint_simulated_154_surface1.pcd,Testing,1.9064455032348633,1.9003056287765503,0.006139874458312988
1143,TH0021AV/viewpoint_simulated_155_surface1.pcd,Testing,1.9167510271072388,1.8947142362594604,0.02203679084777832
1144,TH0021AV/viewpoint_simulated_156_surface1.pcd,Testing,2.0283236503601074,1.8855162858963013,0.14280736446380615
1145,TH0021AV/viewpoint_simulated_157_surface1.pcd,Testing,1.9355487823486328,1.8987106084823608,0.03683817386627197
1146,TH0021AV/viewpoint_simulated_158_surface1.pcd,Testing,2.0604825019836426,1.9293935298919678,0.1310889720916748
1147,TH0021AV/viewpoint_simulated_159_surface1.pcd,Testing,1.920379638671875,1.9127061367034912,0.007673501968383789
1148,TH0021AV/viewpoint_simulated_16_surface1.pcd,Testing,1.9716181755065918,1.9167253971099854,0.054892778396606445
1149,TH0021AV/viewpoint_simulated_160_surface1.pcd,Testing,1.9573426246643066,1.9132483005523682,0.04409432411193848
1150,TH0021AV/viewpoint_simulated_161_surface1.pcd,Testing,1.8842613697052002,1.9271646738052368,0.04290330410003662
1151,TH0021AV/viewpoint_simulated_162_surface1.pcd,Testing,1.9545669555664062,1.9378613233566284,0.016705632209777832
1152,TH0021AV/viewpoint_simulated_163_surface1.pcd,Testing,1.9982303380966187,1.9389134645462036,0.05931687355041504
1153,TH0021AV/viewpoint_simulated_164_surface1.pcd,Testing,2.0523338317871094,1.9303818941116333,0.12195193767547607
1154,TH0021AV/viewpoint_simulated_165_surface1.pcd,Testing,1.952431559562683,1.915992259979248,0.03643929958343506
1155,TH0021AV/viewpoint_simulated_166_surface1.pcd,Testing,2.113861560821533,1.8988111019134521,0.21505045890808105
1156,TH0021AV/viewpoint_simulated_167_surface1.pcd,Testing,1.9564417600631714,1.8864375352859497,0.07000422477722168
1157,TH0021AV/viewpoint_simulated_168_surface1.pcd,Testing,2.002793312072754,1.8854657411575317,0.11732757091522217
1158,TH0021AV/viewpoint_simulated_169_surface1.pcd,Testing,2.0006284713745117,1.905687689781189,0.09494078159332275
1159,TH0021AV/viewpoint_simulated_17_surface1.pcd,Testing,1.9552918672561646,1.9289900064468384,0.026301860809326172
1160,TH0021AV/viewpoint_simulated_170_surface1.pcd,Testing,1.9295803308486938,1.9473772048950195,0.017796874046325684
1161,TH0021AV/viewpoint_simulated_171_surface1.pcd,Testing,2.035916805267334,1.9209729433059692,0.11494386196136475
1162,TH0021AV/viewpoint_simulated_172_surface1.pcd,Testing,1.9902843236923218,1.9375931024551392,0.05269122123718262
1163,TH0021AV/viewpoint_simulated_173_surface1.pcd,Testing,1.9362872838974,1.955371618270874,0.01908433437347412
1164,TH0021AV/viewpoint_simulated_174_surface1.pcd,Testing,2.011908531188965,1.966102957725525,0.04580557346343994
1165,TH0021AV/viewpoint_simulated_175_surface1.pcd,Testing,2.163468837738037,2.0023226737976074,0.1611461639404297
1166,TH0021AV/viewpoint_simulated_176_surface1.pcd,Testing,2.096889019012451,1.9717004299163818,0.12518858909606934
1167,TH0021AV/viewpoint_simulated_177_surface1.pcd,Testing,1.9816486835479736,1.948203682899475,0.033445000648498535
1168,TH0021AV/viewpoint_simulated_178_surface1.pcd,Testing,1.981924057006836,1.911717414855957,0.0702066421508789
1169,TH0021AV/viewpoint_simulated_179_surface1.pcd,Testing,1.9059686660766602,1.8858307600021362,0.020137906074523926
1170,TH0021AV/viewpoint_simulated_18_surface1.pcd,Testing,2.0052738189697266,1.9396659135818481,0.06560790538787842
1171,TH0021AV/viewpoint_simulated_180_surface1.pcd,Testing,1.9651859998703003,1.903011441230774,0.06217455863952637
1172,TH0021AV/viewpoint_simulated_181_surface1.pcd,Testing,2.0187716484069824,1.9384747743606567,0.08029687404632568
1173,TH0021AV/viewpoint_simulated_182_surface1.pcd,Testing,1.970929503440857,1.988798975944519,0.01786947250366211
1174,TH0021AV/viewpoint_simulated_183_surface1.pcd,Testing,1.9736970663070679,1.9459210634231567,0.027776002883911133
1175,TH0021AV/viewpoint_simulated_184_surface1.pcd,Testing,1.954164743423462,1.964126706123352,0.009961962699890137
1176,TH0021AV/viewpoint_simulated_185_surface1.pcd,Testing,2.111302375793457,1.9894938468933105,0.12180852890014648
1177,TH0021AV/viewpoint_simulated_186_surface1.pcd,Testing,2.0052506923675537,1.99111807346344,0.01413261890411377
1178,TH0021AV/viewpoint_simulated_187_surface1.pcd,Testing,2.036672830581665,2.0076746940612793,0.028998136520385742
1179,TH0021AV/viewpoint_simulated_188_surface1.pcd,Testing,1.9191384315490723,2.0128297805786133,0.09369134902954102
1180,TH0021AV/viewpoint_simulated_189_surface1.pcd,Testing,1.9271235466003418,1.995283603668213,0.0681600570678711
1181,TH0021AV/viewpoint_simulated_19_surface1.pcd,Testing,1.9209593534469604,1.941813349723816,0.02085399627685547
1182,TH0021AV/viewpoint_simulated_190_surface1.pcd,Testing,2.0339407920837402,1.9576369524002075,0.07630383968353271
1183,TH0021AV/viewpoint_simulated_191_surface1.pcd,Testing,2.069153308868408,1.9052250385284424,0.16392827033996582
1184,TH0021AV/viewpoint_simulated_192_surface1.pcd,Testing,2.095608949661255,1.9433649778366089,0.152243971824646
1185,TH0021AV/viewpoint_simulated_193_surface1.pcd,Testing,2.029942512512207,1.9845763444900513,0.04536616802215576
1186,TH0021AV/viewpoint_simulated_194_surface1.pcd,Testing,2.0923197269439697,2.036856174468994,0.055463552474975586
1187,TH0021AV/viewpoint_simulated_195_surface1.pcd,Testing,2.0448145866394043,2.0180649757385254,0.026749610900878906
1188,TH0021AV/viewpoint_simulated_196_surface1.pcd,Testing,1.9225776195526123,1.987439751625061,0.06486213207244873
1189,TH0021AV/viewpoint_simulated_197_surface1.pcd,Testing,1.9824384450912476,2.0153653621673584,0.03292691707611084
1190,TH0021AV/viewpoint_simulated_198_surface1.pcd,Testing,2.1256625652313232,2.0079331398010254,0.11772942543029785
1191,TH0021AV/viewpoint_simulated_199_surface1.pcd,Testing,2.073441743850708,2.0163373947143555,0.05710434913635254
1192,TH0021AV/viewpoint_simulated_2_surface1.pcd,Testing,2.1021568775177,1.9127877950668335,0.1893690824508667
1193,TH0021AV/viewpoint_simulated_20_surface1.pcd,Testing,1.9343959093093872,1.9326164722442627,0.0017794370651245117
1194,TH0021AV/viewpoint_simulated_200_surface1.pcd,Testing,2.0630786418914795,2.0361247062683105,0.026953935623168945
1195,TH0021AV/viewpoint_simulated_201_surface1.pcd,Testing,2.080028533935547,2.063035011291504,0.01699352264404297
1196,TH0021AV/viewpoint_simulated_202_surface1.pcd,Testing,1.9581478834152222,2.0130534172058105,0.05490553379058838
1197,TH0021AV/viewpoint_simulated_203_surface1.pcd,Testing,1.9664313793182373,1.9488917589187622,0.017539620399475098
1198,TH0021AV/viewpoint_simulated_204_surface1.pcd,Testing,2.1153433322906494,1.9994534254074097,0.11588990688323975
1199,TH0021AV/viewpoint_simulated_205_surface1.pcd,Testing,2.074613571166992,2.0195603370666504,0.0550532341003418
1200,TH0021AV/viewpoint_simulated_206_surface1.pcd,Testing,2.0604591369628906,2.049509048461914,0.010950088500976562
1201,TH0021AV/viewpoint_simulated_207_surface1.pcd,Testing,2.019310474395752,2.074932098388672,0.05562162399291992
1202,TH0021AV/viewpoint_simulated_208_surface1.pcd,Testing,2.0331900119781494,2.0288162231445312,0.004373788833618164
1203,TH0021AV/viewpoint_simulated_209_surface1.pcd,Testing,2.066021203994751,2.03267765045166,0.03334355354309082
1204,TH0021AV/viewpoint_simulated_21_surface1.pcd,Testing,1.9561420679092407,1.9166384935379028,0.03950357437133789
1205,TH0021AV/viewpoint_simulated_210_surface1.pcd,Testing,2.0669569969177246,2.0172386169433594,0.049718379974365234
1206,TH0021AV/viewpoint_simulated_211_surface1.pcd,Testing,2.0002753734588623,2.018270492553711,0.017995119094848633
1207,TH0021AV/viewpoint_simulated_212_surface1.pcd,Testing,2.034245729446411,2.0481672286987305,0.013921499252319336
1208,TH0021AV/viewpoint_simulated_213_surface1.pcd,Testing,2.0569112300872803,2.088268280029297,0.0313570499420166
1209,TH0021AV/viewpoint_simulated_214_surface1.pcd,Testing,2.0859670639038086,2.0652003288269043,0.020766735076904297
1210,TH0021AV/viewpoint_simulated_215_surface1.pcd,Testing,2.076655387878418,1.98786199092865,0.08879339694976807
1211,TH0021AV/viewpoint_simulated_22_surface1.pcd,Testing,2.0099406242370605,1.90106999874115,0.10887062549591064
1212,TH0021AV/viewpoint_simulated_23_surface1.pcd,Testing,1.951175332069397,1.888351321220398,0.06282401084899902
1213,TH0021AV/viewpoint_simulated_24_surface1.pcd,Testing,2.0651190280914307,1.885025143623352,0.1800938844680786
1214,TH0021AV/viewpoint_simulated_25_surface1.pcd,Testing,2.0624423027038574,1.908355712890625,0.15408658981323242
1215,TH0021AV/viewpoint_simulated_26_surface1.pcd,Testing,1.9780519008636475,1.9182759523391724,0.0597759485244751
1216,TH0021AV/viewpoint_simulated_27_surface1.pcd,Testing,2.041795253753662,1.92229163646698,0.11950361728668213
1217,TH0021AV/viewpoint_simulated_28_surface1.pcd,Testing,1.948110818862915,1.9395419359207153,0.008568882942199707
1218,TH0021AV/viewpoint_simulated_29_surface1.pcd,Testing,1.9899851083755493,1.9577010869979858,0.03228402137756348
1219,TH0021AV/viewpoint_simulated_3_surface1.pcd,Testing,1.989332914352417,1.9173853397369385,0.07194757461547852
1220,TH0021AV/viewpoint_simulated_30_surface1.pcd,Testing,2.032231569290161,1.9682821035385132,0.06394946575164795
1221,TH0021AV/viewpoint_simulated_31_surface1.pcd,Testing,1.9647921323776245,1.9796549081802368,0.014862775802612305
1222,TH0021AV/viewpoint_simulated_32_surface1.pcd,Testing,1.943542718887329,1.9733558893203735,0.029813170433044434
1223,TH0021AV/viewpoint_simulated_33_surface1.pcd,Testing,1.9009194374084473,1.9480539560317993,0.04713451862335205
1224,TH0021AV/viewpoint_simulated_34_surface1.pcd,Testing,1.957263469696045,1.9136613607406616,0.0436021089553833
1225,TH0021AV/viewpoint_simulated_35_surface1.pcd,Testing,2.0223913192749023,1.887070894241333,0.13532042503356934
1226,TH0021AV/viewpoint_simulated_36_surface1.pcd,Testing,1.9166001081466675,1.905640959739685,0.010959148406982422
1227,TH0021AV/viewpoint_simulated_37_surface1.pcd,Testing,2.091437816619873,1.9416760206222534,0.14976179599761963
1228,TH0021AV/viewpoint_simulated_38_surface1.pcd,Testing,1.996860146522522,1.9927542209625244,0.004105925559997559
1229,TH0021AV/viewpoint_simulated_39_surface1.pcd,Testing,1.9829726219177246,1.9470329284667969,0.035939693450927734
1230,TH0021AV/viewpoint_simulated_4_surface1.pcd,Testing,1.9159375429153442,1.9068118333816528,0.009125709533691406
1231,TH0021AV/viewpoint_simulated_40_surface1.pcd,Testing,1.9876943826675415,1.9664138555526733,0.021280527114868164
1232,TH0021AV/viewpoint_simulated_41_surface1.pcd,Testing,2.0209529399871826,1.990983009338379,0.02996993064880371
1233,TH0021AV/viewpoint_simulated_42_surface1.pcd,Testing,2.086625814437866,1.9929207563400269,0.09370505809783936
1234,TH0021AV/viewpoint_simulated_43_surface1.pcd,Testing,2.052217960357666,2.008831024169922,0.04338693618774414
1235,TH0021AV/viewpoint_simulated_44_surface1.pcd,Testing,1.981382131576538,2.0142102241516113,0.03282809257507324
1236,TH0021AV/viewpoint_simulated_45_surface1.pcd,Testing,1.9584851264953613,1.9948101043701172,0.03632497787475586
1237,TH0021AV/viewpoint_simulated_46_surface1.pcd,Testing,2.0172626972198486,1.9583197832107544,0.05894291400909424
1238,TH0021AV/viewpoint_simulated_47_surface1.pcd,Testing,2.016937017440796,1.9076846837997437,0.10925233364105225
1239,TH0021AV/viewpoint_simulated_48_surface1.pcd,Testing,1.9396607875823975,1.9468225240707397,0.007161736488342285
1240,TH0021AV/viewpoint_simulated_49_surface1.pcd,Testing,2.0323967933654785,1.9861570596694946,0.04623973369598389
1241,TH0021AV/viewpoint_simulated_5_surface1.pcd,Testing,1.9359427690505981,1.9122923612594604,0.023650407791137695
1242,TH0021AV/viewpoint_simulated_50_surface1.pcd,Testing,2.135089635848999,2.038499355316162,0.09659028053283691
1243,TH0021AV/viewpoint_simulated_51_surface1.pcd,Testing,2.009105682373047,1.9973887205123901,0.011716961860656738
1244,TH0021AV/viewpoint_simulated_52_surface1.pcd,Testing,2.063917875289917,1.9894343614578247,0.07448351383209229
1245,TH0021AV/viewpoint_simulated_53_surface1.pcd,Testing,2.1125974655151367,2.0163302421569824,0.0962672233581543
1246,TH0021AV/viewpoint_simulated_54_surface1.pcd,Testing,2.042952060699463,2.009152412414551,0.03379964828491211
1247,TH0021AV/viewpoint_simulated_55_surface1.pcd,Testing,2.0839345455169678,2.0180554389953613,0.06587910652160645
1248,TH0021AV/viewpoint_simulated_56_surface1.pcd,Testing,2.0684468746185303,2.0379152297973633,0.030531644821166992
1249,TH0021AV/viewpoint_simulated_57_surface1.pcd,Testing,2.0613925457000732,2.0446720123291016,0.01672053337097168
1250,TH0021AV/viewpoint_simulated_58_surface1.pcd,Testing,1.9749300479888916,2.01422119140625,0.0392911434173584
1251,TH0021AV/viewpoint_simulated_59_surface1.pcd,Testing,2.018829345703125,1.948615550994873,0.07021379470825195
1252,TH0021AV/viewpoint_simulated_6_surface1.pcd,Testing,2.0204572677612305,1.9167718887329102,0.10368537902832031
1253,TH0021AV/viewpoint_simulated_60_surface1.pcd,Testing,2.1491847038269043,2.000896453857422,0.14828824996948242
1254,TH0021AV/viewpoint_simulated_61_surface1.pcd,Testing,1.9427235126495361,2.0203747749328613,0.0776512622833252
1255,TH0021AV/viewpoint_simulated_62_surface1.pcd,Testing,2.057119607925415,2.0507702827453613,0.006349325180053711
1256,TH0021AV/viewpoint_simulated_63_surface1.pcd,Testing,2.087799549102783,2.0565123558044434,0.031287193298339844
1257,TH0021AV/viewpoint_simulated_64_surface1.pcd,Testing,1.9930258989334106,2.0313286781311035,0.03830277919769287
1258,TH0021AV/viewpoint_simulated_65_surface1.pcd,Testing,2.0237505435943604,2.0338706970214844,0.010120153427124023
1259,TH0021AV/viewpoint_simulated_66_surface1.pcd,Testing,2.0390496253967285,2.0184431076049805,0.020606517791748047
1260,TH0021AV/viewpoint_simulated_67_surface1.pcd,Testing,2.0607335567474365,2.019467353820801,0.04126620292663574
1261,TH0021AV/viewpoint_simulated_68_surface1.pcd,Testing,2.073274850845337,2.0501747131347656,0.02310013771057129
1262,TH0021AV/viewpoint_simulated_69_surface1.pcd,Testing,1.9952400922775269,2.0888571739196777,0.09361708164215088
1263,TH0021AV/viewpoint_simulated_7_surface1.pcd,Testing,1.911872386932373,1.9174693822860718,0.0055969953536987305
1264,TH0021AV/viewpoint_simulated_70_surface1.pcd,Testing,2.1396238803863525,2.0657026767730713,0.07392120361328125
1265,TH0021AV/viewpoint_simulated_71_surface1.pcd,Testing,1.9683500528335571,1.989115595817566,0.02076554298400879
1266,TH0021AV/viewpoint_simulated_72_surface1.pcd,Testing,2.0794498920440674,1.8927814960479736,0.18666839599609375
1267,TH0021AV/viewpoint_simulated_73_surface1.pcd,Testing,2.060486316680908,1.8973313570022583,0.1631549596786499
1268,TH0021AV/viewpoint_simulated_74_surface1.pcd,Testing,1.9521560668945312,1.9166496992111206,0.035506367683410645
1269,TH0021AV/viewpoint_simulated_75_surface1.pcd,Testing,2.0145761966705322,1.9168016910552979,0.09777450561523438
1270,TH0021AV/viewpoint_simulated_76_surface1.pcd,Testing,2.044032573699951,1.9048963785171509,0.1391361951828003
1271,TH0021AV/viewpoint_simulated_77_surface1.pcd,Testing,1.962526798248291,1.9112660884857178,0.05126070976257324
1272,TH0021AV/viewpoint_simulated_78_surface1.pcd,Testing,2.070584297180176,1.9143476486206055,0.1562366485595703
1273,TH0021AV/viewpoint_simulated_79_surface1.pcd,Testing,2.0652177333831787,1.9138647317886353,0.15135300159454346
1274,TH0021AV/viewpoint_simulated_8_surface1.pcd,Testing,1.9210201501846313,1.9125232696533203,0.008496880531311035
1275,TH0021AV/viewpoint_simulated_80_surface1.pcd,Testing,1.9507938623428345,1.9111627340316772,0.03963112831115723
1276,TH0021AV/viewpoint_simulated_81_surface1.pcd,Testing,1.9916577339172363,1.907299518585205,0.08435821533203125
1277,TH0021AV/viewpoint_simulated_82_surface1.pcd,Testing,1.9687936305999756,1.8992794752120972,0.06951415538787842
1278,TH0021AV/viewpoint_simulated_83_surface1.pcd,Testing,2.0251033306121826,1.894362449645996,0.13074088096618652
1279,TH0021AV/viewpoint_simulated_84_surface1.pcd,Testing,2.0735886096954346,1.886062502861023,0.18752610683441162
1280,TH0021AV/viewpoint_simulated_85_surface1.pcd,Testing,1.9795359373092651,1.89951753616333,0.08001840114593506
1281,TH0021AV/viewpoint_simulated_86_surface1.pcd,Testing,1.9811900854110718,1.929786205291748,0.05140388011932373
1282,TH0021AV/viewpoint_simulated_87_surface1.pcd,Testing,1.9320553541183472,1.913674235343933,0.018381118774414062
1283,TH0021AV/viewpoint_simulated_88_surface1.pcd,Testing,1.878985047340393,1.914897084236145,0.03591203689575195
1284,TH0021AV/viewpoint_simulated_89_surface1.pcd,Testing,2.049342393875122,1.9279444217681885,0.1213979721069336
1285,TH0021AV/viewpoint_simulated_9_surface1.pcd,Testing,1.989000678062439,1.9075857400894165,0.08141493797302246
1286,TH0021AV/viewpoint_simulated_90_surface1.pcd,Testing,1.8998806476593018,1.9388457536697388,0.03896510601043701
1287,TH0021AV/viewpoint_simulated_91_surface1.pcd,Testing,1.9501293897628784,1.939850091934204,0.010279297828674316
1288,TH0021AV/viewpoint_simulated_92_surface1.pcd,Testing,2.0779900550842285,1.9317561388015747,0.1462339162826538
1289,TH0021AV/viewpoint_simulated_93_surface1.pcd,Testing,2.0187058448791504,1.9158674478530884,0.10283839702606201
1290,TH0021AV/viewpoint_simulated_94_surface1.pcd,Testing,1.9219505786895752,1.8999017477035522,0.02204883098602295
1291,TH0021AV/viewpoint_simulated_95_surface1.pcd,Testing,1.9471441507339478,1.8872123956680298,0.05993175506591797
1292,TH0021AV/viewpoint_simulated_96_surface1.pcd,Testing,2.0916826725006104,1.8850716352462769,0.2066110372543335
1293,TH0021AV/viewpoint_simulated_97_surface1.pcd,Testing,1.9468964338302612,1.9066600799560547,0.04023635387420654
1294,TH0021AV/viewpoint_simulated_98_surface1.pcd,Testing,2.0624146461486816,1.9482711553573608,0.1141434907913208
1295,TH0021AV/viewpoint_simulated_99_surface1.pcd,Testing,1.9426771402359009,1.9222897291183472,0.02038741111755371
1296,TH0022AV/viewpoint_simulated_0_surface0.pcd,Testing,1.9834837913513184,1.8368502855300903,0.14663350582122803
1297,TH0022AV/viewpoint_simulated_1_surface0.pcd,Testing,1.975834846496582,1.8405840396881104,0.13525080680847168
1298,TH0022AV/viewpoint_simulated_10_surface0.pcd,Testing,2.0347704887390137,1.8673810958862305,0.1673893928527832
1299,TH0022AV/viewpoint_simulated_100_surface0.pcd,Testing,2.06561279296875,1.9129225015640259,0.15269029140472412
1300,TH0022AV/viewpoint_simulated_101_surface0.pcd,Testing,2.0556371212005615,1.9029114246368408,0.1527256965637207
1301,TH0022AV/viewpoint_simulated_102_surface0.pcd,Testing,1.9562089443206787,1.9080697298049927,0.048139214515686035
1302,TH0022AV/viewpoint_simulated_103_surface0.pcd,Testing,1.9305329322814941,1.9048439264297485,0.025689005851745605
1303,TH0022AV/viewpoint_simulated_104_surface0.pcd,Testing,1.9412832260131836,1.8948787450790405,0.046404480934143066
1304,TH0022AV/viewpoint_simulated_105_surface0.pcd,Testing,2.0255110263824463,1.8707243204116821,0.15478670597076416
1305,TH0022AV/viewpoint_simulated_106_surface0.pcd,Testing,1.9387214183807373,1.8536297082901,0.08509171009063721
1306,TH0022AV/viewpoint_simulated_107_surface0.pcd,Testing,2.011101245880127,1.8546956777572632,0.15640556812286377
1307,TH0022AV/viewpoint_simulated_108_surface0.pcd,Testing,2.0440738201141357,1.9115409851074219,0.13253283500671387
1308,TH0022AV/viewpoint_simulated_109_surface0.pcd,Testing,1.9296034574508667,1.9440346956253052,0.014431238174438477
1309,TH0022AV/viewpoint_simulated_11_surface0.pcd,Testing,2.0161564350128174,1.8365989923477173,0.1795574426651001
1310,TH0022AV/viewpoint_simulated_110_surface0.pcd,Testing,2.0726988315582275,1.969065546989441,0.10363328456878662
1311,TH0022AV/viewpoint_simulated_111_surface0.pcd,Testing,1.9721782207489014,1.8852354288101196,0.08694279193878174
1312,TH0022AV/viewpoint_simulated_112_surface0.pcd,Testing,2.096985101699829,1.9193042516708374,0.1776808500289917
1313,TH0022AV/viewpoint_simulated_113_surface0.pcd,Testing,2.0135936737060547,1.9423083066940308,0.07128536701202393
1314,TH0022AV/viewpoint_simulated_114_surface0.pcd,Testing,2.148944854736328,1.9712475538253784,0.1776973009109497
1315,TH0022AV/viewpoint_simulated_115_surface0.pcd,Testing,2.013428211212158,1.9806360006332397,0.03279221057891846
1316,TH0022AV/viewpoint_simulated_116_surface0.pcd,Testing,1.9507402181625366,1.938546061515808,0.012194156646728516
1317,TH0022AV/viewpoint_simulated_117_surface0.pcd,Testing,2.0033421516418457,1.918365716934204,0.0849764347076416
1318,TH0022AV/viewpoint_simulated_118_surface0.pcd,Testing,2.049717664718628,1.8813279867172241,0.1683896780014038
1319,TH0022AV/viewpoint_simulated_119_surface0.pcd,Testing,2.0366108417510986,1.8898991346359253,0.14671170711517334
1320,TH0022AV/viewpoint_simulated_12_surface0.pcd,Testing,1.9761868715286255,1.8474961519241333,0.1286907196044922
1321,TH0022AV/viewpoint_simulated_120_surface0.pcd,Testing,2.0249767303466797,1.9784992933273315,0.046477437019348145
1322,TH0022AV/viewpoint_simulated_121_surface0.pcd,Testing,2.101320743560791,2.0140833854675293,0.08723735809326172
1323,TH0022AV/viewpoint_simulated_122_surface0.pcd,Testing,2.0176596641540527,2.022956371307373,0.0052967071533203125
1324,TH0022AV/viewpoint_simulated_123_surface0.pcd,Testing,1.9125133752822876,1.9301084280014038,0.01759505271911621
1325,TH0022AV/viewpoint_simulated_124_surface0.pcd,Testing,2.0995841026306152,1.9434270858764648,0.1561570167541504
1326,TH0022AV/viewpoint_simulated_125_surface0.pcd,Testing,2.0133349895477295,1.9802323579788208,0.03310263156890869
1327,TH0022AV/viewpoint_simulated_126_surface0.pcd,Testing,1.9755462408065796,2.0048928260803223,0.029346585273742676
1328,TH0022AV/viewpoint_simulated_127_surface0.pcd,Testing,2.0660622119903564,2.019684076309204,0.046378135681152344
1329,TH0022AV/viewpoint_simulated_128_surface0.pcd,Testing,1.9940159320831299,1.9731720685958862,0.020843863487243652
1330,TH0022AV/viewpoint_simulated_129_surface0.pcd,Testing,2.0500714778900146,1.963901400566101,0.08617007732391357
1331,TH0022AV/viewpoint_simulated_13_surface0.pcd,Testing,2.0270891189575195,1.8597241640090942,0.1673649549484253
1332,TH0022AV/viewpoint_simulated_130_surface0.pcd,Testing,1.979101538658142,1.9489866495132446,0.03011488914489746
1333,TH0022AV/viewpoint_simulated_131_surface0.pcd,Testing,2.0027074813842773,1.9580644369125366,0.04464304447174072
1334,TH0022AV/viewpoint_simulated_132_surface0.pcd,Testing,2.072868585586548,2.0445191860198975,0.02834939956665039
1335,TH0022AV/viewpoint_simulated_133_surface0.pcd,Testing,2.0607125759124756,2.0657448768615723,0.00503230094909668
1336,TH0022AV/viewpoint_simulated_134_surface0.pcd,Testing,2.1075057983398438,2.0448293685913086,0.06267642974853516
1337,TH0022AV/viewpoint_simulated_135_surface0.pcd,Testing,1.9852941036224365,1.9999691247940063,0.014675021171569824
1338,TH0022AV/viewpoint_simulated_136_surface0.pcd,Testing,2.0195460319519043,1.9757107496261597,0.04383528232574463
1339,TH0022AV/viewpoint_simulated_137_surface0.pcd,Testing,2.076965570449829,2.017594575881958,0.059370994567871094
1340,TH0022AV/viewpoint_simulated_138_surface0.pcd,Testing,2.0778653621673584,2.009406089782715,0.06845927238464355
1341,TH0022AV/viewpoint_simulated_139_surface0.pcd,Testing,2.0599722862243652,2.051194190979004,0.008778095245361328
1342,TH0022AV/viewpoint_simulated_14_surface0.pcd,Testing,2.058236598968506,1.863914132118225,0.19432246685028076
1343,TH0022AV/viewpoint_simulated_140_surface0.pcd,Testing,2.077239751815796,2.009683609008789,0.06755614280700684
1344,TH0022AV/viewpoint_simulated_141_surface0.pcd,Testing,2.092346668243408,2.0066723823547363,0.08567428588867188
1345,TH0022AV/viewpoint_simulated_142_surface0.pcd,Testing,2.0836641788482666,2.008793354034424,0.07487082481384277
1346,TH0022AV/viewpoint_simulated_143_surface0.pcd,Testing,1.9831211566925049,2.007328510284424,0.024207353591918945
1347,TH0022AV/viewpoint_simulated_144_surface0.pcd,Testing,1.9514936208724976,1.835168719291687,0.11632490158081055
1348,TH0022AV/viewpoint_simulated_145_surface0.pcd,Testing,1.9796706438064575,1.8390432596206665,0.14062738418579102
1349,TH0022AV/viewpoint_simulated_146_surface0.pcd,Testing,1.934725284576416,1.8395761251449585,0.09514915943145752
1350,TH0022AV/viewpoint_simulated_147_surface0.pcd,Testing,2.0823423862457275,1.8394261598587036,0.24291622638702393
1351,TH0022AV/viewpoint_simulated_148_surface0.pcd,Testing,1.9086838960647583,1.8430503606796265,0.06563353538513184
1352,TH0022AV/viewpoint_simulated_149_surface0.pcd,Testing,2.0071914196014404,1.8482519388198853,0.15893948078155518
1353,TH0022AV/viewpoint_simulated_15_surface0.pcd,Testing,2.1042754650115967,1.859229326248169,0.24504613876342773
1354,TH0022AV/viewpoint_simulated_150_surface0.pcd,Testing,2.0313005447387695,1.8486453294754028,0.1826552152633667
1355,TH0022AV/viewpoint_simulated_151_surface0.pcd,Testing,2.00734281539917,1.84275221824646,0.16459059715270996
1356,TH0022AV/viewpoint_simulated_152_surface0.pcd,Testing,2.10737943649292,1.8714286088943481,0.23595082759857178
1357,TH0022AV/viewpoint_simulated_153_surface0.pcd,Testing,2.0264179706573486,1.8682812452316284,0.15813672542572021
1358,TH0022AV/viewpoint_simulated_154_surface0.pcd,Testing,1.9607088565826416,1.8403249979019165,0.1203838586807251
1359,TH0022AV/viewpoint_simulated_155_surface0.pcd,Testing,2.0260016918182373,1.8334300518035889,0.19257164001464844
1360,TH0022AV/viewpoint_simulated_156_surface0.pcd,Testing,2.00748348236084,1.8448266983032227,0.1626567840576172
1361,TH0022AV/viewpoint_simulated_157_surface0.pcd,Testing,1.9585070610046387,1.8571592569351196,0.10134780406951904
1362,TH0022AV/viewpoint_simulated_158_surface0.pcd,Testing,1.9255586862564087,1.8607170581817627,0.064841628074646
1363,TH0022AV/viewpoint_simulated_159_surface0.pcd,Testing,2.0532617568969727,1.8575085401535034,0.19575321674346924
1364,TH0022AV/viewpoint_simulated_16_surface0.pcd,Testing,1.9477131366729736,1.8867706060409546,0.06094253063201904
1365,TH0022AV/viewpoint_simulated_160_surface0.pcd,Testing,1.9056321382522583,1.888938546180725,0.016693592071533203
1366,TH0022AV/viewpoint_simulated_161_surface0.pcd,Testing,2.03177809715271,1.8685306310653687,0.1632474660873413
1367,TH0022AV/viewpoint_simulated_162_surface0.pcd,Testing,1.9490125179290771,1.8734673261642456,0.07554519176483154
1368,TH0022AV/viewpoint_simulated_163_surface0.pcd,Testing,2.075862169265747,1.867089867591858,0.20877230167388916
1369,TH0022AV/viewpoint_simulated_164_surface0.pcd,Testing,1.938814640045166,1.893574595451355,0.045240044593811035
1370,TH0022AV/viewpoint_simulated_165_surface0.pcd,Testing,1.9728153944015503,1.8425348997116089,0.1302804946899414
1371,TH0022AV/viewpoint_simulated_166_surface0.pcd,Testing,1.9180831909179688,1.8421412706375122,0.07594192028045654
1372,TH0022AV/viewpoint_simulated_167_surface0.pcd,Testing,1.9982845783233643,1.8407652378082275,0.15751934051513672
1373,TH0022AV/viewpoint_simulated_168_surface0.pcd,Testing,2.00430965423584,1.8459049463272095,0.15840470790863037
1374,TH0022AV/viewpoint_simulated_169_surface0.pcd,Testing,2.0333402156829834,1.8917442560195923,0.1415959596633911
1375,TH0022AV/viewpoint_simulated_17_surface0.pcd,Testing,1.946151852607727,1.8705447912216187,0.0756070613861084
1376,TH0022AV/viewpoint_simulated_170_surface0.pcd,Testing,2.04901123046875,1.8822482824325562,0.16676294803619385
1377,TH0022AV/viewpoint_simulated_171_surface0.pcd,Testing,2.070598602294922,1.897343397140503,0.17325520515441895
1378,TH0022AV/viewpoint_simulated_172_surface0.pcd,Testing,1.9720889329910278,1.9127440452575684,0.05934488773345947
1379,TH0022AV/viewpoint_simulated_173_surface0.pcd,Testing,1.93194580078125,1.9021815061569214,0.029764294624328613
1380,TH0022AV/viewpoint_simulated_174_surface0.pcd,Testing,1.919468641281128,1.9072283506393433,0.012240290641784668
1381,TH0022AV/viewpoint_simulated_175_surface0.pcd,Testing,2.084637403488159,1.9038223028182983,0.18081510066986084
1382,TH0022AV/viewpoint_simulated_176_surface0.pcd,Testing,2.0032339096069336,1.895466685295105,0.10776722431182861
1383,TH0022AV/viewpoint_simulated_177_surface0.pcd,Testing,2.0113515853881836,1.869887113571167,0.1414644718170166
1384,TH0022AV/viewpoint_simulated_178_surface0.pcd,Testing,2.0191919803619385,1.879355788230896,0.13983619213104248
1385,TH0022AV/viewpoint_simulated_179_surface0.pcd,Testing,2.069754123687744,1.853171944618225,0.21658217906951904
1386,TH0022AV/viewpoint_simulated_18_surface0.pcd,Testing,1.9776978492736816,1.8757416009902954,0.10195624828338623
1387,TH0022AV/viewpoint_simulated_180_surface0.pcd,Testing,2.0532140731811523,1.8839048147201538,0.16930925846099854
1388,TH0022AV/viewpoint_simulated_181_surface0.pcd,Testing,1.9996192455291748,1.9428495168685913,0.056769728660583496
1389,TH0022AV/viewpoint_simulated_182_surface0.pcd,Testing,2.0663955211639404,1.9677003622055054,0.09869515895843506
1390,TH0022AV/viewpoint_simulated_183_surface0.pcd,Testing,1.9573726654052734,1.8845336437225342,0.07283902168273926
1391,TH0022AV/viewpoint_simulated_184_surface0.pcd,Testing,2.127467393875122,1.9377062320709229,0.18976116180419922
1392,TH0022AV/viewpoint_simulated_185_surface0.pcd,Testing,1.916062831878662,1.9407532215118408,0.02469038963317871
1393,TH0022AV/viewpoint_simulated_186_surface0.pcd,Testing,1.982555866241455,1.9646731615066528,0.017882704734802246
1394,TH0022AV/viewpoint_simulated_187_surface0.pcd,Testing,2.074138641357422,1.979811668395996,0.09432697296142578
1395,TH0022AV/viewpoint_simulated_188_surface0.pcd,Testing,1.9894933700561523,1.9377981424331665,0.05169522762298584
1396,TH0022AV/viewpoint_simulated_189_surface0.pcd,Testing,1.976348638534546,1.917362093925476,0.058986544609069824
1397,TH0022AV/viewpoint_simulated_19_surface0.pcd,Testing,2.1470847129821777,1.868125319480896,0.27895939350128174
1398,TH0022AV/viewpoint_simulated_190_surface0.pcd,Testing,1.9546465873718262,1.8790996074676514,0.0755469799041748
1399,TH0022AV/viewpoint_simulated_191_surface0.pcd,Testing,1.9703693389892578,1.8893678188323975,0.08100152015686035
1400,TH0022AV/viewpoint_simulated_192_surface0.pcd,Testing,2.078880786895752,1.9778999090194702,0.10098087787628174
1401,TH0022AV/viewpoint_simulated_193_surface0.pcd,Testing,2.1532912254333496,2.012946844100952,0.14034438133239746
1402,TH0022AV/viewpoint_simulated_194_surface0.pcd,Testing,2.1729629039764404,2.0226845741271973,0.15027832984924316
1403,TH0022AV/viewpoint_simulated_195_surface0.pcd,Testing,2.0890755653381348,1.9283345937728882,0.16074097156524658
1404,TH0022AV/viewpoint_simulated_196_surface0.pcd,Testing,1.9777933359146118,1.9435712099075317,0.03422212600708008
1405,TH0022AV/viewpoint_simulated_197_surface0.pcd,Testing,1.990985631942749,1.9794553518295288,0.011530280113220215
1406,TH0022AV/viewpoint_simulated_198_surface0.pcd,Testing,2.0223276615142822,2.004429340362549,0.0178983211517334
1407,TH0022AV/viewpoint_simulated_199_surface0.pcd,Testing,1.9787970781326294,2.018775463104248,0.03997838497161865
1408,TH0022AV/viewpoint_simulated_2_surface0.pcd,Testing,1.9231497049331665,1.8427170515060425,0.08043265342712402
1409,TH0022AV/viewpoint_simulated_20_surface0.pcd,Testing,1.951511025428772,1.8963757753372192,0.055135250091552734
1410,TH0022AV/viewpoint_simulated_200_surface0.pcd,Testing,2.038208484649658,1.972378134727478,0.06583034992218018
1411,TH0022AV/viewpoint_simulated_201_surface0.pcd,Testing,1.983862280845642,1.9622554779052734,0.021606802940368652
1412,TH0022AV/viewpoint_simulated_202_surface0.pcd,Testing,2.012704372406006,1.9488505125045776,0.06385385990142822
1413,TH0022AV/viewpoint_simulated_203_surface0.pcd,Testing,1.949441909790039,1.936631441116333,0.012810468673706055
1414,TH0022AV/viewpoint_simulated_204_surface0.pcd,Testing,2.076507806777954,2.0437350273132324,0.03277277946472168
1415,TH0022AV/viewpoint_simulated_205_surface0.pcd,Testing,2.082036256790161,2.06522274017334,0.01681351661682129
1416,TH0022AV/viewpoint_simulated_206_surface0.pcd,Testing,1.991083025932312,2.0441932678222656,0.05311024188995361
1417,TH0022AV/viewpoint_simulated_207_surface0.pcd,Testing,2.123655080795288,1.9981001615524292,0.1255549192428589
1418,TH0022AV/viewpoint_simulated_208_surface0.pcd,Testing,2.132941961288452,1.9757786989212036,0.15716326236724854
1419,TH0022AV/viewpoint_simulated_209_surface0.pcd,Testing,2.074669599533081,2.016930103302002,0.0577394962310791
1420,TH0022AV/viewpoint_simulated_21_surface0.pcd,Testing,2.0282528400421143,1.8451613187789917,0.18309152126312256
1421,TH0022AV/viewpoint_simulated_210_surface0.pcd,Testing,2.0441229343414307,2.0088298320770264,0.0352931022644043
1422,TH0022AV/viewpoint_simulated_211_surface0.pcd,Testing,2.0310628414154053,2.050724506378174,0.019661664962768555
1423,TH0022AV/viewpoint_simulated_212_surface0.pcd,Testing,2.1005847454071045,2.0087738037109375,0.09181094169616699
1424,TH0022AV/viewpoint_simulated_213_surface0.pcd,Testing,2.0832884311676025,2.0067882537841797,0.07650017738342285
1425,TH0022AV/viewpoint_simulated_214_surface0.pcd,Testing,2.0352320671081543,2.008241653442383,0.026990413665771484
1426,TH0022AV/viewpoint_simulated_215_surface0.pcd,Testing,2.0749847888946533,2.0072460174560547,0.06773877143859863
1427,TH0022AV/viewpoint_simulated_22_surface0.pcd,Testing,2.018754720687866,1.8387962579727173,0.17995846271514893
1428,TH0022AV/viewpoint_simulated_23_surface0.pcd,Testing,1.9637309312820435,1.842330813407898,0.12140011787414551
1429,TH0022AV/viewpoint_simulated_24_surface0.pcd,Testing,2.007417678833008,1.8664052486419678,0.14101243019104004
1430,TH0022AV/viewpoint_simulated_25_surface0.pcd,Testing,2.0300581455230713,1.9214938879013062,0.10856425762176514
1431,TH0022AV/viewpoint_simulated_26_surface0.pcd,Testing,1.9004026651382446,1.8848670721054077,0.015535593032836914
1432,TH0022AV/viewpoint_simulated_27_surface0.pcd,Testing,1.9428201913833618,1.8687783479690552,0.07404184341430664
1433,TH0022AV/viewpoint_simulated_28_surface0.pcd,Testing,1.8982698917388916,1.9145113229751587,0.01624143123626709
1434,TH0022AV/viewpoint_simulated_29_surface0.pcd,Testing,2.1083881855010986,1.9038089513778687,0.20457923412322998
1435,TH0022AV/viewpoint_simulated_3_surface0.pcd,Testing,2.001626968383789,1.842673420906067,0.15895354747772217
1436,TH0022AV/viewpoint_simulated_30_surface0.pcd,Testing,1.953127145767212,1.909472942352295,0.04365420341491699
1437,TH0022AV/viewpoint_simulated_31_surface0.pcd,Testing,2.0727617740631104,1.9056860208511353,0.1670757532119751
1438,TH0022AV/viewpoint_simulated_32_surface0.pcd,Testing,2.0123355388641357,1.895896553993225,0.11643898487091064
1439,TH0022AV/viewpoint_simulated_33_surface0.pcd,Testing,1.9566872119903564,1.8713759183883667,0.08531129360198975
1440,TH0022AV/viewpoint_simulated_34_surface0.pcd,Testing,2.0224716663360596,1.854636549949646,0.16783511638641357
1441,TH0022AV/viewpoint_simulated_35_surface0.pcd,Testing,1.8728467226028442,1.8555773496627808,0.017269372940063477
1442,TH0022AV/viewpoint_simulated_36_surface0.pcd,Testing,1.9350874423980713,1.9130064249038696,0.02208101749420166
1443,TH0022AV/viewpoint_simulated_37_surface0.pcd,Testing,2.0254697799682617,1.9490083456039429,0.07646143436431885
1444,TH0022AV/viewpoint_simulated_38_surface0.pcd,Testing,2.091008424758911,1.9706584215164185,0.12035000324249268
1445,TH0022AV/viewpoint_simulated_39_surface0.pcd,Testing,2.0221519470214844,1.8898640871047974,0.132287859916687
1446,TH0022AV/viewpoint_simulated_4_surface0.pcd,Testing,2.035508155822754,1.8452434539794922,0.19026470184326172
1447,TH0022AV/viewpoint_simulated_40_surface0.pcd,Testing,1.8968583345413208,1.9206784963607788,0.023820161819458008
1448,TH0022AV/viewpoint_simulated_41_surface0.pcd,Testing,1.8922417163848877,1.9435299634933472,0.05128824710845947
1449,TH0022AV/viewpoint_simulated_42_surface0.pcd,Testing,2.0383920669555664,1.9717341661453247,0.0666579008102417
1450,TH0022AV/viewpoint_simulated_43_surface0.pcd,Testing,2.009093999862671,1.9902423620224,0.018851637840270996
1451,TH0022AV/viewpoint_simulated_44_surface0.pcd,Testing,1.9338005781173706,1.939283013343811,0.00548243522644043
1452,TH0022AV/viewpoint_simulated_45_surface0.pcd,Testing,2.0886340141296387,1.919479489326477,0.16915452480316162
1453,TH0022AV/viewpoint_simulated_46_surface0.pcd,Testing,1.9535390138626099,1.8964229822158813,0.057116031646728516
1454,TH0022AV/viewpoint_simulated_47_surface0.pcd,Testing,2.0226593017578125,1.890175461769104,0.1324838399887085
1455,TH0022AV/viewpoint_simulated_48_surface0.pcd,Testing,2.0950942039489746,1.9794938564300537,0.1156003475189209
1456,TH0022AV/viewpoint_simulated_49_surface0.pcd,Testing,2.0712177753448486,2.015157461166382,0.0560603141784668
1457,TH0022AV/viewpoint_simulated_5_surface0.pcd,Testing,2.10801362991333,1.8495700359344482,0.25844359397888184
1458,TH0022AV/viewpoint_simulated_50_surface0.pcd,Testing,1.973452091217041,2.023439407348633,0.0499873161315918
1459,TH0022AV/viewpoint_simulated_51_surface0.pcd,Testing,2.1019446849823,1.9339276552200317,0.16801702976226807
1460,TH0022AV/viewpoint_simulated_52_surface0.pcd,Testing,2.1154098510742188,1.9446150064468384,0.17079484462738037
1461,TH0022AV/viewpoint_simulated_53_surface0.pcd,Testing,1.994436502456665,1.9811567068099976,0.01327979564666748
1462,TH0022AV/viewpoint_simulated_54_surface0.pcd,Testing,2.0388758182525635,2.003929376602173,0.034946441650390625
1463,TH0022AV/viewpoint_simulated_55_surface0.pcd,Testing,2.045936107635498,2.019649028778076,0.026287078857421875
1464,TH0022AV/viewpoint_simulated_56_surface0.pcd,Testing,1.9469348192214966,1.9740113019943237,0.02707648277282715
1465,TH0022AV/viewpoint_simulated_57_surface0.pcd,Testing,2.018603563308716,1.9618116617202759,0.05679190158843994
1466,TH0022AV/viewpoint_simulated_58_surface0.pcd,Testing,1.9296621084213257,1.9497891664505005,0.020127058029174805
1467,TH0022AV/viewpoint_simulated_59_surface0.pcd,Testing,2.0862724781036377,1.9586578607559204,0.12761461734771729
1468,TH0022AV/viewpoint_simulated_6_surface0.pcd,Testing,1.997798204421997,1.8484054803848267,0.1493927240371704
1469,TH0022AV/viewpoint_simulated_60_surface0.pcd,Testing,2.0867109298706055,2.0449304580688477,0.04178047180175781
1470,TH0022AV/viewpoint_simulated_61_surface0.pcd,Testing,1.9422588348388672,2.069302558898926,0.1270437240600586
1471,TH0022AV/viewpoint_simulated_62_surface0.pcd,Testing,2.2248809337615967,2.0456061363220215,0.1792747974395752
1472,TH0022AV/viewpoint_simulated_63_surface0.pcd,Testing,2.050302028656006,2.00042724609375,0.04987478256225586
1473,TH0022AV/viewpoint_simulated_64_surface0.pcd,Testing,1.9646040201187134,1.9797422885894775,0.01513826847076416
1474,TH0022AV/viewpoint_simulated_65_surface0.pcd,Testing,2.078509569168091,2.0191094875335693,0.059400081634521484
1475,TH0022AV/viewpoint_simulated_66_surface0.pcd,Testing,2.2362987995147705,2.0099639892578125,0.226334810256958
1476,TH0022AV/viewpoint_simulated_67_surface0.pcd,Testing,2.0705246925354004,2.0519776344299316,0.01854705810546875
1477,TH0022AV/viewpoint_simulated_68_surface0.pcd,Testing,2.1199936866760254,2.0106253623962402,0.10936832427978516
1478,TH0022AV/viewpoint_simulated_69_surface0.pcd,Testing,2.026625394821167,2.007296562194824,0.019328832626342773
1479,TH0022AV/viewpoint_simulated_7_surface0.pcd,Testing,1.9232115745544434,1.8446601629257202,0.07855141162872314
1480,TH0022AV/viewpoint_simulated_70_surface0.pcd,Testing,2.0013010501861572,2.012625217437744,0.011324167251586914
1481,TH0022AV/viewpoint_simulated_71_surface0.pcd,Testing,2.0179219245910645,2.004664421081543,0.013257503509521484
1482,TH0022AV/viewpoint_simulated_72_surface0.pcd,Testing,2.035062074661255,1.8362420797348022,0.19881999492645264
1483,TH0022AV/viewpoint_simulated_73_surface0.pcd,Testing,2.0734074115753174,1.840476393699646,0.2329310178756714
1484,TH0022AV/viewpoint_simulated_74_surface0.pcd,Testing,2.0666849613189697,1.8407057523727417,0.22597920894622803
1485,TH0022AV/viewpoint_simulated_75_surface0.pcd,Testing,2.049204111099243,1.841439127922058,0.20776498317718506
1486,TH0022AV/viewpoint_simulated_76_surface0.pcd,Testing,2.093644618988037,1.8445497751235962,0.24909484386444092
1487,TH0022AV/viewpoint_simulated_77_surface0.pcd,Testing,2.0470054149627686,1.8492076396942139,0.1977977752685547
1488,TH0022AV/viewpoint_simulated_78_surface0.pcd,Testing,1.9789795875549316,1.8489625453948975,0.13001704216003418
1489,TH0022AV/viewpoint_simulated_79_surface0.pcd,Testing,2.047529697418213,1.8436633348464966,0.2038663625717163
1490,TH0022AV/viewpoint_simulated_8_surface0.pcd,Testing,1.9834363460540771,1.8393687009811401,0.144067645072937
1491,TH0022AV/viewpoint_simulated_80_surface0.pcd,Testing,1.9635316133499146,1.8715604543685913,0.09197115898132324
1492,TH0022AV/viewpoint_simulated_81_surface0.pcd,Testing,2.083984851837158,1.873735785484314,0.21024906635284424
1493,TH0022AV/viewpoint_simulated_82_surface0.pcd,Testing,2.0414445400238037,1.8398003578186035,0.2016441822052002
1494,TH0022AV/viewpoint_simulated_83_surface0.pcd,Testing,1.9531737565994263,1.8350049257278442,0.11816883087158203
1495,TH0022AV/viewpoint_simulated_84_surface0.pcd,Testing,1.9803744554519653,1.8460332155227661,0.13434123992919922
1496,TH0022AV/viewpoint_simulated_85_surface0.pcd,Testing,1.9441264867782593,1.8582305908203125,0.08589589595794678
1497,TH0022AV/viewpoint_simulated_86_surface0.pcd,Testing,2.002772331237793,1.8622632026672363,0.14050912857055664
1498,TH0022AV/viewpoint_simulated_87_surface0.pcd,Testing,2.023834228515625,1.8572686910629272,0.16656553745269775
1499,TH0022AV/viewpoint_simulated_88_surface0.pcd,Testing,2.135509490966797,1.8903974294662476,0.24511206150054932
1500,TH0022AV/viewpoint_simulated_89_surface0.pcd,Testing,1.9831552505493164,1.8693939447402954,0.113761305809021
1501,TH0022AV/viewpoint_simulated_9_surface0.pcd,Testing,1.9485958814620972,1.875322699546814,0.0732731819152832
1502,TH0022AV/viewpoint_simulated_90_surface0.pcd,Testing,2.01021671295166,1.8742200136184692,0.13599669933319092
1503,TH0022AV/viewpoint_simulated_91_surface0.pcd,Testing,1.9612752199172974,1.8678890466690063,0.09338617324829102
1504,TH0022AV/viewpoint_simulated_92_surface0.pcd,Testing,1.8866395950317383,1.8943666219711304,0.00772702693939209
1505,TH0022AV/viewpoint_simulated_93_surface0.pcd,Testing,1.9139372110366821,1.8438726663589478,0.07006454467773438
1506,TH0022AV/viewpoint_simulated_94_surface0.pcd,Testing,2.0220255851745605,1.8381448984146118,0.18388068675994873
1507,TH0022AV/viewpoint_simulated_95_surface0.pcd,Testing,2.062567710876465,1.8415626287460327,0.22100508213043213
1508,TH0022AV/viewpoint_simulated_96_surface0.pcd,Testing,2.024360418319702,1.8667278289794922,0.15763258934020996
1509,TH0022AV/viewpoint_simulated_97_surface0.pcd,Testing,1.9703116416931152,1.920611023902893,0.04970061779022217
1510,TH0022AV/viewpoint_simulated_98_surface0.pcd,Testing,2.1034481525421143,1.8832186460494995,0.22022950649261475
1511,TH0022AV/viewpoint_simulated_99_surface0.pcd,Testing,1.9775408506393433,1.8983675241470337,0.07917332649230957
1512,TH0022AV/viewpoint_simulated_0_surface1.pcd,Testing,2.0953409671783447,2.1718592643737793,0.07651829719543457
1513,TH0022AV/viewpoint_simulated_1_surface1.pcd,Testing,2.254096746444702,2.1566414833068848,0.09745526313781738
1514,TH0022AV/viewpoint_simulated_10_surface1.pcd,Testing,2.0652999877929688,2.2275609970092773,0.1622610092163086
1515,TH0022AV/viewpoint_simulated_100_surface1.pcd,Testing,2.2579891681671143,2.225116014480591,0.03287315368652344
1516,TH0022AV/viewpoint_simulated_101_surface1.pcd,Testing,2.469311475753784,2.2347254753112793,0.23458600044250488
1517,TH0022AV/viewpoint_simulated_102_surface1.pcd,Testing,2.316632032394409,2.2540647983551025,0.06256723403930664
1518,TH0022AV/viewpoint_simulated_103_surface1.pcd,Testing,2.193775177001953,2.2229950428009033,0.029219865798950195
1519,TH0022AV/viewpoint_simulated_104_surface1.pcd,Testing,2.295987367630005,2.2393112182617188,0.05667614936828613
1520,TH0022AV/viewpoint_simulated_105_surface1.pcd,Testing,2.1510157585144043,2.263225555419922,0.11220979690551758
1521,TH0022AV/viewpoint_simulated_106_surface1.pcd,Testing,2.2711429595947266,2.225351333618164,0.0457916259765625
1522,TH0022AV/viewpoint_simulated_107_surface1.pcd,Testing,2.2838377952575684,2.2493724822998047,0.03446531295776367
1523,TH0022AV/viewpoint_simulated_108_surface1.pcd,Testing,2.4532055854797363,2.236874580383301,0.21633100509643555
1524,TH0022AV/viewpoint_simulated_109_surface1.pcd,Testing,2.411194324493408,2.214578628540039,0.19661569595336914
1525,TH0022AV/viewpoint_simulated_11_surface1.pcd,Testing,2.0822830200195312,2.1976561546325684,0.11537313461303711
1526,TH0022AV/viewpoint_simulated_110_surface1.pcd,Testing,2.3005921840667725,2.2021589279174805,0.09843325614929199
1527,TH0022AV/viewpoint_simulated_111_surface1.pcd,Testing,2.418185234069824,2.243185520172119,0.17499971389770508
1528,TH0022AV/viewpoint_simulated_112_surface1.pcd,Testing,2.3919179439544678,2.237185001373291,0.15473294258117676
1529,TH0022AV/viewpoint_simulated_113_surface1.pcd,Testing,2.2822842597961426,2.2472639083862305,0.03502035140991211
1530,TH0022AV/viewpoint_simulated_114_surface1.pcd,Testing,2.295461893081665,2.277282238006592,0.018179655075073242
1531,TH0022AV/viewpoint_simulated_115_surface1.pcd,Testing,2.2294697761535645,2.211540937423706,0.0179288387298584
1532,TH0022AV/viewpoint_simulated_116_surface1.pcd,Testing,2.238179922103882,2.2288451194763184,0.009334802627563477
1533,TH0022AV/viewpoint_simulated_117_surface1.pcd,Testing,2.21561598777771,2.2334389686584473,0.017822980880737305
1534,TH0022AV/viewpoint_simulated_118_surface1.pcd,Testing,2.3637983798980713,2.235347032546997,0.12845134735107422
1535,TH0022AV/viewpoint_simulated_119_surface1.pcd,Testing,2.207423210144043,2.2723751068115234,0.06495189666748047
1536,TH0022AV/viewpoint_simulated_12_surface1.pcd,Testing,2.359642744064331,2.20097017288208,0.15867257118225098
1537,TH0022AV/viewpoint_simulated_120_surface1.pcd,Testing,2.5221383571624756,2.2725062370300293,0.2496321201324463
1538,TH0022AV/viewpoint_simulated_121_surface1.pcd,Testing,2.3247077465057373,2.242922306060791,0.08178544044494629
1539,TH0022AV/viewpoint_simulated_122_surface1.pcd,Testing,2.271728754043579,2.2400784492492676,0.03165030479431152
1540,TH0022AV/viewpoint_simulated_123_surface1.pcd,Testing,2.2906687259674072,2.2504796981811523,0.04018902778625488
1541,TH0022AV/viewpoint_simulated_124_surface1.pcd,Testing,2.221357822418213,2.25323224067688,0.03187441825866699
1542,TH0022AV/viewpoint_simulated_125_surface1.pcd,Testing,2.1609973907470703,2.21404767036438,0.05305027961730957
1543,TH0022AV/viewpoint_simulated_126_surface1.pcd,Testing,2.32321834564209,2.1497802734375,0.17343807220458984
1544,TH0022AV/viewpoint_simulated_127_surface1.pcd,Testing,2.3531625270843506,2.1717286109924316,0.18143391609191895
1545,TH0022AV/viewpoint_simulated_128_surface1.pcd,Testing,2.406672954559326,2.203404664993286,0.20326828956604004
1546,TH0022AV/viewpoint_simulated_129_surface1.pcd,Testing,2.294043779373169,2.2143421173095703,0.07970166206359863
1547,TH0022AV/viewpoint_simulated_13_surface1.pcd,Testing,2.2947165966033936,2.1861186027526855,0.10859799385070801
1548,TH0022AV/viewpoint_simulated_130_surface1.pcd,Testing,2.257322311401367,2.237107992172241,0.020214319229125977
1549,TH0022AV/viewpoint_simulated_131_surface1.pcd,Testing,2.322431802749634,2.2717885971069336,0.050643205642700195
1550,TH0022AV/viewpoint_simulated_132_surface1.pcd,Testing,2.3284456729888916,2.2841544151306152,0.04429125785827637
1551,TH0022AV/viewpoint_simulated_133_surface1.pcd,Testing,2.4002535343170166,2.254889965057373,0.14536356925964355
1552,TH0022AV/viewpoint_simulated_134_surface1.pcd,Testing,2.2870991230010986,2.2768445014953613,0.010254621505737305
1553,TH0022AV/viewpoint_simulated_135_surface1.pcd,Testing,2.2501680850982666,2.2554993629455566,0.005331277847290039
1554,TH0022AV/viewpoint_simulated_136_surface1.pcd,Testing,2.3174781799316406,2.2624809741973877,0.05499720573425293
1555,TH0022AV/viewpoint_simulated_137_surface1.pcd,Testing,2.3131015300750732,2.146515369415283,0.16658616065979004
1556,TH0022AV/viewpoint_simulated_138_surface1.pcd,Testing,2.417400360107422,2.1277551651000977,0.2896451950073242
1557,TH0022AV/viewpoint_simulated_139_surface1.pcd,Testing,2.3053059577941895,2.107024669647217,0.19828128814697266
1558,TH0022AV/viewpoint_simulated_14_surface1.pcd,Testing,2.4095473289489746,2.1830716133117676,0.22647571563720703
1559,TH0022AV/viewpoint_simulated_140_surface1.pcd,Testing,2.2046406269073486,2.17740535736084,0.02723526954650879
1560,TH0022AV/viewpoint_simulated_141_surface1.pcd,Testing,2.178797960281372,2.200282573699951,0.0214846134185791
1561,TH0022AV/viewpoint_simulated_142_surface1.pcd,Testing,2.38071608543396,2.221867084503174,0.15884900093078613
1562,TH0022AV/viewpoint_simulated_143_surface1.pcd,Testing,2.2960405349731445,2.2443649768829346,0.05167555809020996
1563,TH0022AV/viewpoint_simulated_144_surface1.pcd,Testing,2.2439072132110596,2.181859016418457,0.06204819679260254
1564,TH0022AV/viewpoint_simulated_145_surface1.pcd,Testing,2.209216356277466,2.1628499031066895,0.04636645317077637
1565,TH0022AV/viewpoint_simulated_146_surface1.pcd,Testing,2.251587152481079,2.173736095428467,0.0778510570526123
1566,TH0022AV/viewpoint_simulated_147_surface1.pcd,Testing,2.3285529613494873,2.2128374576568604,0.11571550369262695
1567,TH0022AV/viewpoint_simulated_148_surface1.pcd,Testing,2.099339008331299,2.2065696716308594,0.10723066329956055
1568,TH0022AV/viewpoint_simulated_149_surface1.pcd,Testing,2.1337897777557373,2.227431297302246,0.09364151954650879
1569,TH0022AV/viewpoint_simulated_15_surface1.pcd,Testing,2.4063260555267334,2.2203245162963867,0.18600153923034668
1570,TH0022AV/viewpoint_simulated_150_surface1.pcd,Testing,2.21732759475708,2.2322497367858887,0.014922142028808594
1571,TH0022AV/viewpoint_simulated_151_surface1.pcd,Testing,2.1456902027130127,2.2369699478149414,0.09127974510192871
1572,TH0022AV/viewpoint_simulated_152_surface1.pcd,Testing,2.0999457836151123,2.2337679862976074,0.13382220268249512
1573,TH0022AV/viewpoint_simulated_153_surface1.pcd,Testing,2.2122108936309814,2.243147850036621,0.03093695640563965
1574,TH0022AV/viewpoint_simulated_154_surface1.pcd,Testing,2.3158621788024902,2.21323299407959,0.10262918472290039
1575,TH0022AV/viewpoint_simulated_155_surface1.pcd,Testing,2.2299959659576416,2.1969480514526367,0.03304791450500488
1576,TH0022AV/viewpoint_simulated_156_surface1.pcd,Testing,2.446105718612671,2.2059431076049805,0.24016261100769043
1577,TH0022AV/viewpoint_simulated_157_surface1.pcd,Testing,2.467721700668335,2.183779716491699,0.28394198417663574
1578,TH0022AV/viewpoint_simulated_158_surface1.pcd,Testing,2.2080302238464355,2.1763062477111816,0.031723976135253906
1579,TH0022AV/viewpoint_simulated_159_surface1.pcd,Testing,2.2101638317108154,2.222525119781494,0.012361288070678711
1580,TH0022AV/viewpoint_simulated_16_surface1.pcd,Testing,2.2474632263183594,2.210089683532715,0.03737354278564453
1581,TH0022AV/viewpoint_simulated_160_surface1.pcd,Testing,2.3827717304229736,2.214298725128174,0.1684730052947998
1582,TH0022AV/viewpoint_simulated_161_surface1.pcd,Testing,2.3829636573791504,2.222832679748535,0.16013097763061523
1583,TH0022AV/viewpoint_simulated_162_surface1.pcd,Testing,2.4213407039642334,2.2413172721862793,0.1800234317779541
1584,TH0022AV/viewpoint_simulated_163_surface1.pcd,Testing,2.4317853450775146,2.23683500289917,0.19495034217834473
1585,TH0022AV/viewpoint_simulated_164_surface1.pcd,Testing,2.232947826385498,2.2280077934265137,0.004940032958984375
1586,TH0022AV/viewpoint_simulated_165_surface1.pcd,Testing,2.295670509338379,2.255392551422119,0.040277957916259766
1587,TH0022AV/viewpoint_simulated_166_surface1.pcd,Testing,2.159308671951294,2.2051889896392822,0.04588031768798828
1588,TH0022AV/viewpoint_simulated_167_surface1.pcd,Testing,2.3385415077209473,2.21754789352417,0.12099361419677734
1589,TH0022AV/viewpoint_simulated_168_surface1.pcd,Testing,2.34426212310791,2.220451831817627,0.1238102912902832
1590,TH0022AV/viewpoint_simulated_169_surface1.pcd,Testing,2.2776782512664795,2.191649913787842,0.0860283374786377
1591,TH0022AV/viewpoint_simulated_17_surface1.pcd,Testing,2.347316265106201,2.226367473602295,0.12094879150390625
1592,TH0022AV/viewpoint_simulated_170_surface1.pcd,Testing,2.293544292449951,2.184293031692505,0.10925126075744629
1593,TH0022AV/viewpoint_simulated_171_surface1.pcd,Testing,2.1157948970794678,2.2330880165100098,0.11729311943054199
1594,TH0022AV/viewpoint_simulated_172_surface1.pcd,Testing,2.322340726852417,2.2293801307678223,0.09296059608459473
1595,TH0022AV/viewpoint_simulated_173_surface1.pcd,Testing,2.1085431575775146,2.2359046936035156,0.12736153602600098
1596,TH0022AV/viewpoint_simulated_174_surface1.pcd,Testing,2.2796168327331543,2.250462055206299,0.02915477752685547
1597,TH0022AV/viewpoint_simulated_175_surface1.pcd,Testing,2.207125425338745,2.2239794731140137,0.016854047775268555
1598,TH0022AV/viewpoint_simulated_176_surface1.pcd,Testing,2.3280811309814453,2.2270240783691406,0.10105705261230469
1599,TH0022AV/viewpoint_simulated_177_surface1.pcd,Testing,2.257967948913574,2.2593278884887695,0.0013599395751953125
1600,TH0022AV/viewpoint_simulated_178_surface1.pcd,Testing,2.2134265899658203,2.2263009548187256,0.012874364852905273
1601,TH0022AV/viewpoint_simulated_179_surface1.pcd,Testing,2.3076698780059814,2.2572999000549316,0.050369977951049805
1602,TH0022AV/viewpoint_simulated_18_surface1.pcd,Testing,2.4172213077545166,2.2536988258361816,0.16352248191833496
1603,TH0022AV/viewpoint_simulated_180_surface1.pcd,Testing,2.249006748199463,2.232912540435791,0.016094207763671875
1604,TH0022AV/viewpoint_simulated_181_surface1.pcd,Testing,2.269298791885376,2.2124738693237305,0.05682492256164551
1605,TH0022AV/viewpoint_simulated_182_surface1.pcd,Testing,2.2892937660217285,2.2043418884277344,0.08495187759399414
1606,TH0022AV/viewpoint_simulated_183_surface1.pcd,Testing,2.382112979888916,2.247981071472168,0.13413190841674805
1607,TH0022AV/viewpoint_simulated_184_surface1.pcd,Testing,2.4059033393859863,2.2413482666015625,0.16455507278442383
1608,TH0022AV/viewpoint_simulated_185_surface1.pcd,Testing,2.3062684535980225,2.243143320083618,0.0631251335144043
1609,TH0022AV/viewpoint_simulated_186_surface1.pcd,Testing,2.278926372528076,2.2734262943267822,0.005500078201293945
1610,TH0022AV/viewpoint_simulated_187_surface1.pcd,Testing,2.4093692302703857,2.209723472595215,0.1996457576751709
1611,TH0022AV/viewpoint_simulated_188_surface1.pcd,Testing,2.366067409515381,2.2316508293151855,0.1344165802001953
1612,TH0022AV/viewpoint_simulated_189_surface1.pcd,Testing,2.4175405502319336,2.2336344718933105,0.18390607833862305
1613,TH0022AV/viewpoint_simulated_19_surface1.pcd,Testing,2.3316309452056885,2.23921537399292,0.09241557121276855
1614,TH0022AV/viewpoint_simulated_190_surface1.pcd,Testing,2.239699125289917,2.243602752685547,0.003903627395629883
1615,TH0022AV/viewpoint_simulated_191_surface1.pcd,Testing,2.301971912384033,2.2674145698547363,0.034557342529296875
1616,TH0022AV/viewpoint_simulated_192_surface1.pcd,Testing,2.3109443187713623,2.264634609222412,0.046309709548950195
1617,TH0022AV/viewpoint_simulated_193_surface1.pcd,Testing,2.2763962745666504,2.244253635406494,0.03214263916015625
1618,TH0022AV/viewpoint_simulated_194_surface1.pcd,Testing,2.3067374229431152,2.2405853271484375,0.06615209579467773
1619,TH0022AV/viewpoint_simulated_195_surface1.pcd,Testing,2.3990864753723145,2.248650550842285,0.1504359245300293
1620,TH0022AV/viewpoint_simulated_196_surface1.pcd,Testing,2.438265800476074,2.2498645782470703,0.1884012222290039
1621,TH0022AV/viewpoint_simulated_197_surface1.pcd,Testing,2.252420663833618,2.2190818786621094,0.03333878517150879
1622,TH0022AV/viewpoint_simulated_198_surface1.pcd,Testing,2.4231765270233154,2.1511693000793457,0.2720072269439697
1623,TH0022AV/viewpoint_simulated_199_surface1.pcd,Testing,2.5565829277038574,2.178403377532959,0.37817955017089844
1624,TH0022AV/viewpoint_simulated_2_surface1.pcd,Testing,2.2103817462921143,2.1775145530700684,0.0328671932220459
1625,TH0022AV/viewpoint_simulated_20_surface1.pcd,Testing,2.3609297275543213,2.2310404777526855,0.12988924980163574
1626,TH0022AV/viewpoint_simulated_200_surface1.pcd,Testing,2.3244810104370117,2.209622383117676,0.11485862731933594
1627,TH0022AV/viewpoint_simulated_201_surface1.pcd,Testing,2.1506311893463135,2.2135095596313477,0.06287837028503418
1628,TH0022AV/viewpoint_simulated_202_surface1.pcd,Testing,2.3432600498199463,2.2381129264831543,0.10514712333679199
1629,TH0022AV/viewpoint_simulated_203_surface1.pcd,Testing,2.3130640983581543,2.26278018951416,0.05028390884399414
1630,TH0022AV/viewpoint_simulated_204_surface1.pcd,Testing,2.422837495803833,2.2833995819091797,0.13943791389465332
1631,TH0022AV/viewpoint_simulated_205_surface1.pcd,Testing,2.3352303504943848,2.2537591457366943,0.08147120475769043
1632,TH0022AV/viewpoint_simulated_206_surface1.pcd,Testing,2.3383352756500244,2.277827739715576,0.06050753593444824
1633,TH0022AV/viewpoint_simulated_207_surface1.pcd,Testing,2.427156686782837,2.2561545372009277,0.17100214958190918
1634,TH0022AV/viewpoint_simulated_208_surface1.pcd,Testing,2.3842084407806396,2.263561725616455,0.12064671516418457
1635,TH0022AV/viewpoint_simulated_209_surface1.pcd,Testing,2.238945722579956,2.148158073425293,0.09078764915466309
1636,TH0022AV/viewpoint_simulated_21_surface1.pcd,Testing,2.4313852787017822,2.257624626159668,0.17376065254211426
1637,TH0022AV/viewpoint_simulated_210_surface1.pcd,Testing,2.235931158065796,2.12979793548584,0.10613322257995605
1638,TH0022AV/viewpoint_simulated_211_surface1.pcd,Testing,2.304353952407837,2.108367443084717,0.19598650932312012
1639,TH0022AV/viewpoint_simulated_212_surface1.pcd,Testing,2.3627853393554688,2.180443286895752,0.1823420524597168
1640,TH0022AV/viewpoint_simulated_213_surface1.pcd,Testing,2.1113767623901367,2.1983213424682617,0.086944580078125
1641,TH0022AV/viewpoint_simulated_214_surface1.pcd,Testing,2.3723158836364746,2.222660541534424,0.14965534210205078
1642,TH0022AV/viewpoint_simulated_215_surface1.pcd,Testing,2.1975631713867188,2.2392430305480957,0.04167985916137695
1643,TH0022AV/viewpoint_simulated_22_surface1.pcd,Testing,2.2347495555877686,2.200523614883423,0.0342259407043457
1644,TH0022AV/viewpoint_simulated_23_surface1.pcd,Testing,2.195202589035034,2.222085952758789,0.026883363723754883
1645,TH0022AV/viewpoint_simulated_24_surface1.pcd,Testing,2.2097816467285156,2.2272372245788574,0.017455577850341797
1646,TH0022AV/viewpoint_simulated_25_surface1.pcd,Testing,2.2668416500091553,2.1959195137023926,0.0709221363067627
1647,TH0022AV/viewpoint_simulated_26_surface1.pcd,Testing,2.5159807205200195,2.1837916374206543,0.33218908309936523
1648,TH0022AV/viewpoint_simulated_27_surface1.pcd,Testing,2.3035402297973633,2.2308263778686523,0.07271385192871094
1649,TH0022AV/viewpoint_simulated_28_surface1.pcd,Testing,2.1939990520477295,2.223245620727539,0.02924656867980957
1650,TH0022AV/viewpoint_simulated_29_surface1.pcd,Testing,2.2726311683654785,2.2358503341674805,0.03678083419799805
1651,TH0022AV/viewpoint_simulated_3_surface1.pcd,Testing,2.013713836669922,2.212554693222046,0.19884085655212402
1652,TH0022AV/viewpoint_simulated_30_surface1.pcd,Testing,2.2931485176086426,2.2597568035125732,0.033391714096069336
1653,TH0022AV/viewpoint_simulated_31_surface1.pcd,Testing,2.462498903274536,2.226301670074463,0.23619723320007324
1654,TH0022AV/viewpoint_simulated_32_surface1.pcd,Testing,2.438028573989868,2.239748001098633,0.19828057289123535
1655,TH0022AV/viewpoint_simulated_33_surface1.pcd,Testing,2.2474875450134277,2.258802890777588,0.011315345764160156
1656,TH0022AV/viewpoint_simulated_34_surface1.pcd,Testing,2.3495895862579346,2.227900266647339,0.1216893196105957
1657,TH0022AV/viewpoint_simulated_35_surface1.pcd,Testing,2.292874336242676,2.254960775375366,0.03791356086730957
1658,TH0022AV/viewpoint_simulated_36_surface1.pcd,Testing,2.350267171859741,2.2402725219726562,0.10999464988708496
1659,TH0022AV/viewpoint_simulated_37_surface1.pcd,Testing,2.320673942565918,2.219536304473877,0.10113763809204102
1660,TH0022AV/viewpoint_simulated_38_surface1.pcd,Testing,2.273761034011841,2.1991660594940186,0.07459497451782227
1661,TH0022AV/viewpoint_simulated_39_surface1.pcd,Testing,2.2604260444641113,2.243844985961914,0.016581058502197266
1662,TH0022AV/viewpoint_simulated_4_surface1.pcd,Testing,2.0913124084472656,2.207470417022705,0.11615800857543945
1663,TH0022AV/viewpoint_simulated_40_surface1.pcd,Testing,2.231266498565674,2.2380545139312744,0.006788015365600586
1664,TH0022AV/viewpoint_simulated_41_surface1.pcd,Testing,2.3067970275878906,2.2484073638916016,0.05838966369628906
1665,TH0022AV/viewpoint_simulated_42_surface1.pcd,Testing,2.2772345542907715,2.279284954071045,0.0020503997802734375
1666,TH0022AV/viewpoint_simulated_43_surface1.pcd,Testing,2.3523709774017334,2.2120490074157715,0.14032196998596191
1667,TH0022AV/viewpoint_simulated_44_surface1.pcd,Testing,2.2322425842285156,2.22542667388916,0.006815910339355469
1668,TH0022AV/viewpoint_simulated_45_surface1.pcd,Testing,2.267315626144409,2.237887382507324,0.02942824363708496
1669,TH0022AV/viewpoint_simulated_46_surface1.pcd,Testing,2.393913745880127,2.2359771728515625,0.15793657302856445
1670,TH0022AV/viewpoint_simulated_47_surface1.pcd,Testing,2.3495609760284424,2.2755231857299805,0.07403779029846191
1671,TH0022AV/viewpoint_simulated_48_surface1.pcd,Testing,2.1985466480255127,2.2768592834472656,0.07831263542175293
1672,TH0022AV/viewpoint_simulated_49_surface1.pcd,Testing,2.3093035221099854,2.2409720420837402,0.06833148002624512
1673,TH0022AV/viewpoint_simulated_5_surface1.pcd,Testing,2.3688528537750244,2.2593817710876465,0.10947108268737793
1674,TH0022AV/viewpoint_simulated_50_surface1.pcd,Testing,2.182340621948242,2.232903003692627,0.050562381744384766
1675,TH0022AV/viewpoint_simulated_51_surface1.pcd,Testing,2.278085231781006,2.243178367614746,0.034906864166259766
1676,TH0022AV/viewpoint_simulated_52_surface1.pcd,Testing,2.322859525680542,2.252948760986328,0.06991076469421387
1677,TH0022AV/viewpoint_simulated_53_surface1.pcd,Testing,2.3685624599456787,2.1536660194396973,0.21489644050598145
1678,TH0022AV/viewpoint_simulated_54_surface1.pcd,Testing,2.258523941040039,2.147775173187256,0.1107487678527832
1679,TH0022AV/viewpoint_simulated_55_surface1.pcd,Testing,2.3620471954345703,2.1217923164367676,0.24025487899780273
1680,TH0022AV/viewpoint_simulated_56_surface1.pcd,Testing,2.3388781547546387,2.2098631858825684,0.1290149688720703
1681,TH0022AV/viewpoint_simulated_57_surface1.pcd,Testing,2.3878939151763916,2.21834659576416,0.16954731941223145
1682,TH0022AV/viewpoint_simulated_58_surface1.pcd,Testing,2.1662049293518066,2.2373719215393066,0.0711669921875
1683,TH0022AV/viewpoint_simulated_59_surface1.pcd,Testing,2.475156307220459,2.2814159393310547,0.1937403678894043
1684,TH0022AV/viewpoint_simulated_6_surface1.pcd,Testing,2.2639570236206055,2.2458291053771973,0.018127918243408203
1685,TH0022AV/viewpoint_simulated_60_surface1.pcd,Testing,2.2800538539886475,2.28759765625,0.007543802261352539
1686,TH0022AV/viewpoint_simulated_61_surface1.pcd,Testing,2.2448196411132812,2.2546277046203613,0.009808063507080078
1687,TH0022AV/viewpoint_simulated_62_surface1.pcd,Testing,2.3313066959381104,2.2723608016967773,0.05894589424133301
1688,TH0022AV/viewpoint_simulated_63_surface1.pcd,Testing,2.454679489135742,2.245332717895508,0.20934677124023438
1689,TH0022AV/viewpoint_simulated_64_surface1.pcd,Testing,2.357174873352051,2.264371871948242,0.0928030014038086
1690,TH0022AV/viewpoint_simulated_65_surface1.pcd,Testing,2.419421911239624,2.144679069519043,0.27474284172058105
1691,TH0022AV/viewpoint_simulated_66_surface1.pcd,Testing,2.483518600463867,2.1247410774230957,0.3587775230407715
1692,TH0022AV/viewpoint_simulated_67_surface1.pcd,Testing,2.253854513168335,2.1053571701049805,0.1484973430633545
1693,TH0022AV/viewpoint_simulated_68_surface1.pcd,Testing,2.2889046669006348,2.178471565246582,0.11043310165405273
1694,TH0022AV/viewpoint_simulated_69_surface1.pcd,Testing,2.33880877494812,2.2021708488464355,0.13663792610168457
1695,TH0022AV/viewpoint_simulated_7_surface1.pcd,Testing,2.2780847549438477,2.235231399536133,0.042853355407714844
1696,TH0022AV/viewpoint_simulated_70_surface1.pcd,Testing,2.3321878910064697,2.221074342727661,0.1111135482788086
1697,TH0022AV/viewpoint_simulated_71_surface1.pcd,Testing,2.33799409866333,2.251552104949951,0.0864419937133789
1698,TH0022AV/viewpoint_simulated_72_surface1.pcd,Testing,2.096564531326294,2.179366111755371,0.08280158042907715
1699,TH0022AV/viewpoint_simulated_73_surface1.pcd,Testing,2.2443060874938965,2.1610264778137207,0.08327960968017578
1700,TH0022AV/viewpoint_simulated_74_surface1.pcd,Testing,2.036632537841797,2.175893545150757,0.13926100730895996
1701,TH0022AV/viewpoint_simulated_75_surface1.pcd,Testing,2.248037576675415,2.2179465293884277,0.030091047286987305
1702,TH0022AV/viewpoint_simulated_76_surface1.pcd,Testing,2.465597152709961,2.208223342895508,0.2573738098144531
1703,TH0022AV/viewpoint_simulated_77_surface1.pcd,Testing,2.267789363861084,2.2418346405029297,0.025954723358154297
1704,TH0022AV/viewpoint_simulated_78_surface1.pcd,Testing,2.424234628677368,2.241908550262451,0.182326078414917
1705,TH0022AV/viewpoint_simulated_79_surface1.pcd,Testing,2.3720598220825195,2.237853765487671,0.13420605659484863
1706,TH0022AV/viewpoint_simulated_8_surface1.pcd,Testing,2.197873830795288,2.235621929168701,0.037748098373413086
1707,TH0022AV/viewpoint_simulated_80_surface1.pcd,Testing,2.248546600341797,2.2391538619995117,0.009392738342285156
1708,TH0022AV/viewpoint_simulated_81_surface1.pcd,Testing,2.331727981567383,2.2387070655822754,0.09302091598510742
1709,TH0022AV/viewpoint_simulated_82_surface1.pcd,Testing,2.1313090324401855,2.2169008255004883,0.08559179306030273
1710,TH0022AV/viewpoint_simulated_83_surface1.pcd,Testing,2.2420849800109863,2.1965830326080322,0.0455019474029541
1711,TH0022AV/viewpoint_simulated_84_surface1.pcd,Testing,2.17828369140625,2.2030880451202393,0.024804353713989258
1712,TH0022AV/viewpoint_simulated_85_surface1.pcd,Testing,2.1536943912506104,2.184187173843384,0.030492782592773438
1713,TH0022AV/viewpoint_simulated_86_surface1.pcd,Testing,2.1405575275421143,2.1787261962890625,0.03816866874694824
1714,TH0022AV/viewpoint_simulated_87_surface1.pcd,Testing,2.251378297805786,2.2221288681030273,0.02924942970275879
1715,TH0022AV/viewpoint_simulated_88_surface1.pcd,Testing,2.2684125900268555,2.2157857418060303,0.052626848220825195
1716,TH0022AV/viewpoint_simulated_89_surface1.pcd,Testing,2.192159414291382,2.2268216609954834,0.03466224670410156
1717,TH0022AV/viewpoint_simulated_9_surface1.pcd,Testing,2.3047873973846436,2.2333178520202637,0.07146954536437988
1718,TH0022AV/viewpoint_simulated_90_surface1.pcd,Testing,2.3313074111938477,2.246262550354004,0.08504486083984375
1719,TH0022AV/viewpoint_simulated_91_surface1.pcd,Testing,2.201049327850342,2.2365689277648926,0.03551959991455078
1720,TH0022AV/viewpoint_simulated_92_surface1.pcd,Testing,2.192819833755493,2.2334423065185547,0.04062247276306152
1721,TH0022AV/viewpoint_simulated_93_surface1.pcd,Testing,2.182129383087158,2.258240222930908,0.07611083984375
1722,TH0022AV/viewpoint_simulated_94_surface1.pcd,Testing,2.252872943878174,2.2073264122009277,0.045546531677246094
1723,TH0022AV/viewpoint_simulated_95_surface1.pcd,Testing,2.1384925842285156,2.2210450172424316,0.08255243301391602
1724,TH0022AV/viewpoint_simulated_96_surface1.pcd,Testing,2.3585128784179688,2.221789836883545,0.13672304153442383
1725,TH0022AV/viewpoint_simulated_97_surface1.pcd,Testing,2.4580674171447754,2.193904399871826,0.2641630172729492
1726,TH0022AV/viewpoint_simulated_98_surface1.pcd,Testing,2.2325901985168457,2.183412551879883,0.04917764663696289
1727,TH0022AV/viewpoint_simulated_99_surface1.pcd,Testing,2.2340190410614014,2.2330384254455566,0.0009806156158447266
1728,TH0031AV/viewpoint_simulated_0_surface0.pcd,Testing,1.9789533615112305,1.9006390571594238,0.07831430435180664
1729,TH0031AV/viewpoint_simulated_1_surface0.pcd,Testing,1.9115813970565796,1.9032303094863892,0.00835108757019043
1730,TH0031AV/viewpoint_simulated_10_surface0.pcd,Testing,1.9905734062194824,1.879963994026184,0.11060941219329834
1731,TH0031AV/viewpoint_simulated_100_surface0.pcd,Testing,1.9559537172317505,1.938907504081726,0.017046213150024414
1732,TH0031AV/viewpoint_simulated_101_surface0.pcd,Testing,2.0294644832611084,1.950400471687317,0.0790640115737915
1733,TH0031AV/viewpoint_simulated_102_surface0.pcd,Testing,1.970390796661377,1.9686203002929688,0.0017704963684082031
1734,TH0031AV/viewpoint_simulated_103_surface0.pcd,Testing,1.991141438484192,1.9591370820999146,0.032004356384277344
1735,TH0031AV/viewpoint_simulated_104_surface0.pcd,Testing,1.9262131452560425,1.955384373664856,0.029171228408813477
1736,TH0031AV/viewpoint_simulated_105_surface0.pcd,Testing,2.0601184368133545,1.9350275993347168,0.1250908374786377
1737,TH0031AV/viewpoint_simulated_106_surface0.pcd,Testing,1.9040532112121582,1.917877197265625,0.013823986053466797
1738,TH0031AV/viewpoint_simulated_107_surface0.pcd,Testing,2.1579556465148926,1.9116548299789429,0.2463008165359497
1739,TH0031AV/viewpoint_simulated_108_surface0.pcd,Testing,2.0864105224609375,1.9396706819534302,0.14673984050750732
1740,TH0031AV/viewpoint_simulated_109_surface0.pcd,Testing,2.008812665939331,2.0084266662597656,0.0003859996795654297
1741,TH0031AV/viewpoint_simulated_11_surface0.pcd,Testing,2.0591108798980713,1.883217453956604,0.17589342594146729
1742,TH0031AV/viewpoint_simulated_110_surface0.pcd,Testing,1.9066243171691895,1.9918829202651978,0.0852586030960083
1743,TH0031AV/viewpoint_simulated_111_surface0.pcd,Testing,2.0297467708587646,1.9558228254318237,0.07392394542694092
1744,TH0031AV/viewpoint_simulated_112_surface0.pcd,Testing,2.0288636684417725,1.9614620208740234,0.06740164756774902
1745,TH0031AV/viewpoint_simulated_113_surface0.pcd,Testing,2.1088101863861084,1.9801559448242188,0.12865424156188965
1746,TH0031AV/viewpoint_simulated_114_surface0.pcd,Testing,2.1755857467651367,1.9907962083816528,0.1847895383834839
1747,TH0031AV/viewpoint_simulated_115_surface0.pcd,Testing,2.0700056552886963,1.9914129972457886,0.07859265804290771
1748,TH0031AV/viewpoint_simulated_116_surface0.pcd,Testing,2.055269241333008,1.9923914670944214,0.06287777423858643
1749,TH0031AV/viewpoint_simulated_117_surface0.pcd,Testing,1.9970771074295044,1.9738478660583496,0.023229241371154785
1750,TH0031AV/viewpoint_simulated_118_surface0.pcd,Testing,1.9834232330322266,1.9555093050003052,0.027913928031921387
1751,TH0031AV/viewpoint_simulated_119_surface0.pcd,Testing,1.9885343313217163,1.944481611251831,0.044052720069885254
1752,TH0031AV/viewpoint_simulated_12_surface0.pcd,Testing,1.9290915727615356,1.907523512840271,0.02156805992126465
1753,TH0031AV/viewpoint_simulated_120_surface0.pcd,Testing,1.9601494073867798,1.9829275608062744,0.02277815341949463
1754,TH0031AV/viewpoint_simulated_121_surface0.pcd,Testing,1.9964183568954468,2.0241241455078125,0.027705788612365723
1755,TH0031AV/viewpoint_simulated_122_surface0.pcd,Testing,1.955372929573059,2.0475411415100098,0.09216821193695068
1756,TH0031AV/viewpoint_simulated_123_surface0.pcd,Testing,2.066560983657837,2.027444362640381,0.039116621017456055
1757,TH0031AV/viewpoint_simulated_124_surface0.pcd,Testing,2.1715221405029297,1.9862037897109985,0.18531835079193115
1758,TH0031AV/viewpoint_simulated_125_surface0.pcd,Testing,1.9887045621871948,2.003030776977539,0.014326214790344238
1759,TH0031AV/viewpoint_simulated_126_surface0.pcd,Testing,2.1406874656677246,2.004760265350342,0.1359272003173828
1760,TH0031AV/viewpoint_simulated_127_surface0.pcd,Testing,1.9136683940887451,2.0192747116088867,0.1056063175201416
1761,TH0031AV/viewpoint_simulated_128_surface0.pcd,Testing,2.0641140937805176,2.0184502601623535,0.04566383361816406
1762,TH0031AV/viewpoint_simulated_129_surface0.pcd,Testing,2.093876838684082,2.0136966705322266,0.08018016815185547
1763,TH0031AV/viewpoint_simulated_13_surface0.pcd,Testing,2.0624048709869385,1.933876872062683,0.12852799892425537
1764,TH0031AV/viewpoint_simulated_130_surface0.pcd,Testing,2.0165445804595947,2.0088043212890625,0.0077402591705322266
1765,TH0031AV/viewpoint_simulated_131_surface0.pcd,Testing,2.01326060295105,1.9820780754089355,0.031182527542114258
1766,TH0031AV/viewpoint_simulated_132_surface0.pcd,Testing,2.0960235595703125,2.0125131607055664,0.0835103988647461
1767,TH0031AV/viewpoint_simulated_133_surface0.pcd,Testing,2.1558034420013428,2.0484161376953125,0.10738730430603027
1768,TH0031AV/viewpoint_simulated_134_surface0.pcd,Testing,2.096336841583252,2.071331024169922,0.025005817413330078
1769,TH0031AV/viewpoint_simulated_135_surface0.pcd,Testing,2.0650835037231445,2.073723077774048,0.00863957405090332
1770,TH0031AV/viewpoint_simulated_136_surface0.pcd,Testing,2.1236226558685303,2.004683017730713,0.11893963813781738
1771,TH0031AV/viewpoint_simulated_137_surface0.pcd,Testing,2.0794034004211426,2.0279111862182617,0.05149221420288086
1772,TH0031AV/viewpoint_simulated_138_surface0.pcd,Testing,2.018061637878418,2.023402214050293,0.005340576171875
1773,TH0031AV/viewpoint_simulated_139_surface0.pcd,Testing,1.8925262689590454,2.0269737243652344,0.13444745540618896
1774,TH0031AV/viewpoint_simulated_14_surface0.pcd,Testing,1.9248634576797485,1.9272664785385132,0.0024030208587646484
1775,TH0031AV/viewpoint_simulated_140_surface0.pcd,Testing,2.0856688022613525,2.0391273498535156,0.046541452407836914
1776,TH0031AV/viewpoint_simulated_141_surface0.pcd,Testing,2.0566489696502686,2.0433030128479004,0.013345956802368164
1777,TH0031AV/viewpoint_simulated_142_surface0.pcd,Testing,2.0654993057250977,2.0528111457824707,0.012688159942626953
1778,TH0031AV/viewpoint_simulated_143_surface0.pcd,Testing,2.0551276206970215,2.0201306343078613,0.034996986389160156
1779,TH0031AV/viewpoint_simulated_144_surface0.pcd,Testing,1.968262791633606,1.9083728790283203,0.059889912605285645
1780,TH0031AV/viewpoint_simulated_145_surface0.pcd,Testing,1.9241224527359009,1.9017356634140015,0.022386789321899414
1781,TH0031AV/viewpoint_simulated_146_surface0.pcd,Testing,1.9239842891693115,1.9013749361038208,0.022609353065490723
1782,TH0031AV/viewpoint_simulated_147_surface0.pcd,Testing,2.038479804992676,1.9039140939712524,0.13456571102142334
1783,TH0031AV/viewpoint_simulated_148_surface0.pcd,Testing,1.9943066835403442,1.9019492864608765,0.09235739707946777
1784,TH0031AV/viewpoint_simulated_149_surface0.pcd,Testing,2.1683449745178223,1.9047235250473022,0.26362144947052
1785,TH0031AV/viewpoint_simulated_15_surface0.pcd,Testing,1.9330775737762451,1.9217913150787354,0.011286258697509766
1786,TH0031AV/viewpoint_simulated_150_surface0.pcd,Testing,1.9557620286941528,1.9087566137313843,0.047005414962768555
1787,TH0031AV/viewpoint_simulated_151_surface0.pcd,Testing,1.9908169507980347,1.9032596349716187,0.08755731582641602
1788,TH0031AV/viewpoint_simulated_152_surface0.pcd,Testing,1.894562005996704,1.9027451276779175,0.008183121681213379
1789,TH0031AV/viewpoint_simulated_153_surface0.pcd,Testing,2.0031516551971436,1.8950263261795044,0.10812532901763916
1790,TH0031AV/viewpoint_simulated_154_surface0.pcd,Testing,2.0043163299560547,1.8961747884750366,0.10814154148101807
1791,TH0031AV/viewpoint_simulated_155_surface0.pcd,Testing,2.056077480316162,1.8962427377700806,0.15983474254608154
1792,TH0031AV/viewpoint_simulated_156_surface0.pcd,Testing,1.9345118999481201,1.9017566442489624,0.032755255699157715
1793,TH0031AV/viewpoint_simulated_157_surface0.pcd,Testing,1.9694486856460571,1.9311881065368652,0.038260579109191895
1794,TH0031AV/viewpoint_simulated_158_surface0.pcd,Testing,2.0796167850494385,1.9180552959442139,0.1615614891052246
1795,TH0031AV/viewpoint_simulated_159_surface0.pcd,Testing,1.9922523498535156,1.9206584692001343,0.07159388065338135
1796,TH0031AV/viewpoint_simulated_16_surface0.pcd,Testing,2.04971981048584,1.9187568426132202,0.13096296787261963
1797,TH0031AV/viewpoint_simulated_160_surface0.pcd,Testing,1.98286771774292,1.9141408205032349,0.06872689723968506
1798,TH0031AV/viewpoint_simulated_161_surface0.pcd,Testing,2.0545997619628906,1.9223448038101196,0.132254958152771
1799,TH0031AV/viewpoint_simulated_162_surface0.pcd,Testing,2.1260457038879395,1.9269098043441772,0.1991358995437622
1800,TH0031AV/viewpoint_simulated_163_surface0.pcd,Testing,1.9484915733337402,1.9916423559188843,0.04315078258514404
1801,TH0031AV/viewpoint_simulated_164_surface0.pcd,Testing,1.9492613077163696,1.9209201335906982,0.028341174125671387
1802,TH0031AV/viewpoint_simulated_165_surface0.pcd,Testing,1.9056577682495117,1.9034600257873535,0.002197742462158203
1803,TH0031AV/viewpoint_simulated_166_surface0.pcd,Testing,1.9636298418045044,1.8965274095535278,0.06710243225097656
1804,TH0031AV/viewpoint_simulated_167_surface0.pcd,Testing,1.9866760969161987,1.8995164632797241,0.08715963363647461
1805,TH0031AV/viewpoint_simulated_168_surface0.pcd,Testing,1.9816480875015259,1.9145675897598267,0.06708049774169922
1806,TH0031AV/viewpoint_simulated_169_surface0.pcd,Testing,1.967603325843811,1.9583569765090942,0.009246349334716797
1807,TH0031AV/viewpoint_simulated_17_surface0.pcd,Testing,1.9697256088256836,1.9251827001571655,0.044542908668518066
1808,TH0031AV/viewpoint_simulated_170_surface0.pcd,Testing,1.9985166788101196,1.9482978582382202,0.050218820571899414
1809,TH0031AV/viewpoint_simulated_171_surface0.pcd,Testing,2.0341007709503174,1.9356707334518433,0.09843003749847412
1810,TH0031AV/viewpoint_simulated_172_surface0.pcd,Testing,2.0103023052215576,1.9385979175567627,0.07170438766479492
1811,TH0031AV/viewpoint_simulated_173_surface0.pcd,Testing,2.0553340911865234,1.9494661092758179,0.10586798191070557
1812,TH0031AV/viewpoint_simulated_174_surface0.pcd,Testing,2.1017191410064697,1.9669491052627563,0.13477003574371338
1813,TH0031AV/viewpoint_simulated_175_surface0.pcd,Testing,2.002345561981201,1.95883047580719,0.04351508617401123
1814,TH0031AV/viewpoint_simulated_176_surface0.pcd,Testing,1.9838273525238037,1.9545525312423706,0.029274821281433105
1815,TH0031AV/viewpoint_simulated_177_surface0.pcd,Testing,2.024658441543579,1.934754490852356,0.08990395069122314
1816,TH0031AV/viewpoint_simulated_178_surface0.pcd,Testing,2.0609426498413086,1.9169551134109497,0.1439875364303589
1817,TH0031AV/viewpoint_simulated_179_surface0.pcd,Testing,2.0533015727996826,1.9110749959945679,0.14222657680511475
1818,TH0031AV/viewpoint_simulated_18_surface0.pcd,Testing,2.0971643924713135,1.929419755935669,0.16774463653564453
1819,TH0031AV/viewpoint_simulated_180_surface0.pcd,Testing,2.037081241607666,1.939595103263855,0.09748613834381104
1820,TH0031AV/viewpoint_simulated_181_surface0.pcd,Testing,2.2161498069763184,1.98798406124115,0.22816574573516846
1821,TH0031AV/viewpoint_simulated_182_surface0.pcd,Testing,2.0313775539398193,1.9921479225158691,0.039229631423950195
1822,TH0031AV/viewpoint_simulated_183_surface0.pcd,Testing,2.027315139770508,1.9547017812728882,0.07261335849761963
1823,TH0031AV/viewpoint_simulated_184_surface0.pcd,Testing,2.0680153369903564,1.9607328176498413,0.10728251934051514
1824,TH0031AV/viewpoint_simulated_185_surface0.pcd,Testing,2.026641607284546,1.9786251783370972,0.04801642894744873
1825,TH0031AV/viewpoint_simulated_186_surface0.pcd,Testing,1.9565479755401611,1.989416480064392,0.03286850452423096
1826,TH0031AV/viewpoint_simulated_187_surface0.pcd,Testing,1.977295994758606,1.990580439567566,0.013284444808959961
1827,TH0031AV/viewpoint_simulated_188_surface0.pcd,Testing,2.0693986415863037,1.9912866353988647,0.07811200618743896
1828,TH0031AV/viewpoint_simulated_189_surface0.pcd,Testing,2.1450037956237793,1.9730955362319946,0.17190825939178467
1829,TH0031AV/viewpoint_simulated_19_surface0.pcd,Testing,2.0077943801879883,1.9352202415466309,0.07257413864135742
1830,TH0031AV/viewpoint_simulated_190_surface0.pcd,Testing,2.074730396270752,1.9552075862884521,0.1195228099822998
1831,TH0031AV/viewpoint_simulated_191_surface0.pcd,Testing,2.0562705993652344,1.9436588287353516,0.11261177062988281
1832,TH0031AV/viewpoint_simulated_192_surface0.pcd,Testing,2.1388163566589355,1.9821860790252686,0.156630277633667
1833,TH0031AV/viewpoint_simulated_193_surface0.pcd,Testing,1.990875244140625,2.0236902236938477,0.032814979553222656
1834,TH0031AV/viewpoint_simulated_194_surface0.pcd,Testing,2.0708396434783936,2.046994209289551,0.023845434188842773
1835,TH0031AV/viewpoint_simulated_195_surface0.pcd,Testing,2.0727686882019043,2.026432991027832,0.046335697174072266
1836,TH0031AV/viewpoint_simulated_196_surface0.pcd,Testing,2.121270179748535,1.9843568801879883,0.13691329956054688
1837,TH0031AV/viewpoint_simulated_197_surface0.pcd,Testing,1.9039416313171387,2.0011439323425293,0.09720230102539062
1838,TH0031AV/viewpoint_simulated_198_surface0.pcd,Testing,2.1538190841674805,2.0145134925842285,0.13930559158325195
1839,TH0031AV/viewpoint_simulated_199_surface0.pcd,Testing,2.0256447792053223,2.017345428466797,0.00829935073852539
1840,TH0031AV/viewpoint_simulated_2_surface0.pcd,Testing,1.9375803470611572,1.9055496454238892,0.032030701637268066
1841,TH0031AV/viewpoint_simulated_20_surface0.pcd,Testing,1.9032747745513916,1.9397578239440918,0.036483049392700195
1842,TH0031AV/viewpoint_simulated_200_surface0.pcd,Testing,2.0357236862182617,2.018061399459839,0.01766228675842285
1843,TH0031AV/viewpoint_simulated_201_surface0.pcd,Testing,2.160529375076294,2.0130748748779297,0.14745450019836426
1844,TH0031AV/viewpoint_simulated_202_surface0.pcd,Testing,1.9629839658737183,2.007697582244873,0.044713616371154785
1845,TH0031AV/viewpoint_simulated_203_surface0.pcd,Testing,2.0372519493103027,1.9817131757736206,0.05553877353668213
1846,TH0031AV/viewpoint_simulated_204_surface0.pcd,Testing,2.0020108222961426,2.0216050148010254,0.019594192504882812
1847,TH0031AV/viewpoint_simulated_205_surface0.pcd,Testing,2.0956106185913086,2.0482516288757324,0.04735898971557617
1848,TH0031AV/viewpoint_simulated_206_surface0.pcd,Testing,2.1151278018951416,2.0828566551208496,0.03227114677429199
1849,TH0031AV/viewpoint_simulated_207_surface0.pcd,Testing,2.134350299835205,2.072711944580078,0.06163835525512695
1850,TH0031AV/viewpoint_simulated_208_surface0.pcd,Testing,2.0694870948791504,2.0031847953796387,0.06630229949951172
1851,TH0031AV/viewpoint_simulated_209_surface0.pcd,Testing,2.067498207092285,2.027015447616577,0.04048275947570801
1852,TH0031AV/viewpoint_simulated_21_surface0.pcd,Testing,1.8968555927276611,1.9058676958084106,0.009012103080749512
1853,TH0031AV/viewpoint_simulated_210_surface0.pcd,Testing,2.0596683025360107,2.0227928161621094,0.03687548637390137
1854,TH0031AV/viewpoint_simulated_211_surface0.pcd,Testing,1.9982867240905762,2.026648998260498,0.028362274169921875
1855,TH0031AV/viewpoint_simulated_212_surface0.pcd,Testing,2.0886213779449463,2.038686752319336,0.04993462562561035
1856,TH0031AV/viewpoint_simulated_213_surface0.pcd,Testing,2.077587842941284,2.0432233810424805,0.03436446189880371
1857,TH0031AV/viewpoint_simulated_214_surface0.pcd,Testing,2.038054943084717,2.052516222000122,0.014461278915405273
1858,TH0031AV/viewpoint_simulated_215_surface0.pcd,Testing,2.05067777633667,2.020057201385498,0.030620574951171875
1859,TH0031AV/viewpoint_simulated_22_surface0.pcd,Testing,1.9442962408065796,1.9000197649002075,0.04427647590637207
1860,TH0031AV/viewpoint_simulated_23_surface0.pcd,Testing,2.1543099880218506,1.8987482786178589,0.2555617094039917
1861,TH0031AV/viewpoint_simulated_24_surface0.pcd,Testing,2.019465684890747,1.917371153831482,0.10209453105926514
1862,TH0031AV/viewpoint_simulated_25_surface0.pcd,Testing,2.020341634750366,1.9621280431747437,0.05821359157562256
1863,TH0031AV/viewpoint_simulated_26_surface0.pcd,Testing,2.1030521392822266,1.9550362825393677,0.1480158567428589
1864,TH0031AV/viewpoint_simulated_27_surface0.pcd,Testing,1.8721983432769775,1.9368411302566528,0.06464278697967529
1865,TH0031AV/viewpoint_simulated_28_surface0.pcd,Testing,2.0622222423553467,1.9400997161865234,0.12212252616882324
1866,TH0031AV/viewpoint_simulated_29_surface0.pcd,Testing,1.998410940170288,1.9561399221420288,0.04227101802825928
1867,TH0031AV/viewpoint_simulated_3_surface0.pcd,Testing,1.9700473546981812,1.9058749675750732,0.06417238712310791
1868,TH0031AV/viewpoint_simulated_30_surface0.pcd,Testing,2.0378739833831787,1.9674776792526245,0.0703963041305542
1869,TH0031AV/viewpoint_simulated_31_surface0.pcd,Testing,2.00734806060791,1.9601436853408813,0.04720437526702881
1870,TH0031AV/viewpoint_simulated_32_surface0.pcd,Testing,2.0224642753601074,1.957818865776062,0.06464540958404541
1871,TH0031AV/viewpoint_simulated_33_surface0.pcd,Testing,1.9954075813293457,1.932528018951416,0.06287956237792969
1872,TH0031AV/viewpoint_simulated_34_surface0.pcd,Testing,2.0389773845672607,1.918483853340149,0.12049353122711182
1873,TH0031AV/viewpoint_simulated_35_surface0.pcd,Testing,2.0380139350891113,1.9119349718093872,0.12607896327972412
1874,TH0031AV/viewpoint_simulated_36_surface0.pcd,Testing,2.0434248447418213,1.9407819509506226,0.10264289379119873
1875,TH0031AV/viewpoint_simulated_37_surface0.pcd,Testing,2.1308465003967285,2.009537935256958,0.12130856513977051
1876,TH0031AV/viewpoint_simulated_38_surface0.pcd,Testing,1.979017734527588,1.994160532951355,0.01514279842376709
1877,TH0031AV/viewpoint_simulated_39_surface0.pcd,Testing,2.057891368865967,1.9579304456710815,0.09996092319488525
1878,TH0031AV/viewpoint_simulated_4_surface0.pcd,Testing,1.8831286430358887,1.906640648841858,0.02351200580596924
1879,TH0031AV/viewpoint_simulated_40_surface0.pcd,Testing,2.0184884071350098,1.9626902341842651,0.05579817295074463
1880,TH0031AV/viewpoint_simulated_41_surface0.pcd,Testing,1.9683102369308472,1.9825220108032227,0.014211773872375488
1881,TH0031AV/viewpoint_simulated_42_surface0.pcd,Testing,2.026181697845459,1.991775393486023,0.034406304359436035
1882,TH0031AV/viewpoint_simulated_43_surface0.pcd,Testing,2.079907178878784,1.9938033819198608,0.08610379695892334
1883,TH0031AV/viewpoint_simulated_44_surface0.pcd,Testing,1.9695466756820679,1.9931622743606567,0.023615598678588867
1884,TH0031AV/viewpoint_simulated_45_surface0.pcd,Testing,2.001225709915161,1.9763323068618774,0.02489340305328369
1885,TH0031AV/viewpoint_simulated_46_surface0.pcd,Testing,1.924196481704712,1.9556633234024048,0.03146684169769287
1886,TH0031AV/viewpoint_simulated_47_surface0.pcd,Testing,1.9699323177337646,1.9454725980758667,0.02445971965789795
1887,TH0031AV/viewpoint_simulated_48_surface0.pcd,Testing,2.0035085678100586,1.9852659702301025,0.018242597579956055
1888,TH0031AV/viewpoint_simulated_49_surface0.pcd,Testing,2.0370285511016846,2.024616241455078,0.012412309646606445
1889,TH0031AV/viewpoint_simulated_5_surface0.pcd,Testing,2.011073589324951,1.9089900255203247,0.10208356380462646
1890,TH0031AV/viewpoint_simulated_50_surface0.pcd,Testing,2.0277254581451416,2.0487661361694336,0.021040678024291992
1891,TH0031AV/viewpoint_simulated_51_surface0.pcd,Testing,2.070657730102539,2.028909683227539,0.041748046875
1892,TH0031AV/viewpoint_simulated_52_surface0.pcd,Testing,2.044647216796875,1.9874356985092163,0.05721151828765869
1893,TH0031AV/viewpoint_simulated_53_surface0.pcd,Testing,2.0038983821868896,2.0054893493652344,0.0015909671783447266
1894,TH0031AV/viewpoint_simulated_54_surface0.pcd,Testing,1.9625422954559326,2.005952835083008,0.043410539627075195
1895,TH0031AV/viewpoint_simulated_55_surface0.pcd,Testing,1.9464398622512817,2.019045114517212,0.07260525226593018
1896,TH0031AV/viewpoint_simulated_56_surface0.pcd,Testing,2.1679558753967285,2.019033908843994,0.14892196655273438
1897,TH0031AV/viewpoint_simulated_57_surface0.pcd,Testing,1.977726697921753,2.0147571563720703,0.03703045845031738
1898,TH0031AV/viewpoint_simulated_58_surface0.pcd,Testing,2.054544687271118,2.0090575218200684,0.045487165451049805
1899,TH0031AV/viewpoint_simulated_59_surface0.pcd,Testing,2.0854568481445312,1.9822245836257935,0.10323226451873779
1900,TH0031AV/viewpoint_simulated_6_surface0.pcd,Testing,2.0518081188201904,1.9083377122879028,0.1434704065322876
1901,TH0031AV/viewpoint_simulated_60_surface0.pcd,Testing,2.0275936126708984,2.013113260269165,0.014480352401733398
1902,TH0031AV/viewpoint_simulated_61_surface0.pcd,Testing,1.9233760833740234,2.048618793487549,0.1252427101135254
1903,TH0031AV/viewpoint_simulated_62_surface0.pcd,Testing,2.1306934356689453,2.071702003479004,0.058991432189941406
1904,TH0031AV/viewpoint_simulated_63_surface0.pcd,Testing,1.9974658489227295,2.0736494064331055,0.07618355751037598
1905,TH0031AV/viewpoint_simulated_64_surface0.pcd,Testing,2.070863962173462,2.00648832321167,0.06437563896179199
1906,TH0031AV/viewpoint_simulated_65_surface0.pcd,Testing,2.0654749870300293,2.028533935546875,0.0369410514831543
1907,TH0031AV/viewpoint_simulated_66_surface0.pcd,Testing,1.9731810092926025,2.024463653564453,0.051282644271850586
1908,TH0031AV/viewpoint_simulated_67_surface0.pcd,Testing,2.1582694053649902,2.027846336364746,0.13042306900024414
1909,TH0031AV/viewpoint_simulated_68_surface0.pcd,Testing,2.0131070613861084,2.0396032333374023,0.026496171951293945
1910,TH0031AV/viewpoint_simulated_69_surface0.pcd,Testing,2.0183753967285156,2.0434908866882324,0.025115489959716797
1911,TH0031AV/viewpoint_simulated_7_surface0.pcd,Testing,1.9447211027145386,1.9086681604385376,0.03605294227600098
1912,TH0031AV/viewpoint_simulated_70_surface0.pcd,Testing,2.0723133087158203,2.0533103942871094,0.019002914428710938
1913,TH0031AV/viewpoint_simulated_71_surface0.pcd,Testing,2.000371217727661,2.0202088356018066,0.019837617874145508
1914,TH0031AV/viewpoint_simulated_72_surface0.pcd,Testing,2.0898396968841553,1.884682536125183,0.20515716075897217
1915,TH0031AV/viewpoint_simulated_73_surface0.pcd,Testing,2.1642284393310547,1.9018114805221558,0.2624169588088989
1916,TH0031AV/viewpoint_simulated_74_surface0.pcd,Testing,1.9759160280227661,1.9067457914352417,0.06917023658752441
1917,TH0031AV/viewpoint_simulated_75_surface0.pcd,Testing,2.0487117767333984,1.9047001600265503,0.14401161670684814
1918,TH0031AV/viewpoint_simulated_76_surface0.pcd,Testing,2.0216991901397705,1.9064081907272339,0.11529099941253662
1919,TH0031AV/viewpoint_simulated_77_surface0.pcd,Testing,1.953413486480713,1.9078363180160522,0.045577168464660645
1920,TH0031AV/viewpoint_simulated_78_surface0.pcd,Testing,1.9656107425689697,1.910216212272644,0.055394530296325684
1921,TH0031AV/viewpoint_simulated_79_surface0.pcd,Testing,1.9685490131378174,1.9038869142532349,0.06466209888458252
1922,TH0031AV/viewpoint_simulated_8_surface0.pcd,Testing,1.9840459823608398,1.9057739973068237,0.07827198505401611
1923,TH0031AV/viewpoint_simulated_80_surface0.pcd,Testing,2.0362017154693604,1.9048502445220947,0.13135147094726562
1924,TH0031AV/viewpoint_simulated_81_surface0.pcd,Testing,1.8715797662734985,1.900678277015686,0.0290985107421875
1925,TH0031AV/viewpoint_simulated_82_surface0.pcd,Testing,1.9130305051803589,1.8802648782730103,0.03276562690734863
1926,TH0031AV/viewpoint_simulated_83_surface0.pcd,Testing,1.974968433380127,1.8978370428085327,0.07713139057159424
1927,TH0031AV/viewpoint_simulated_84_surface0.pcd,Testing,1.8734111785888672,1.9060566425323486,0.032645463943481445
1928,TH0031AV/viewpoint_simulated_85_surface0.pcd,Testing,1.9958451986312866,1.9326421022415161,0.06320309638977051
1929,TH0031AV/viewpoint_simulated_86_surface0.pcd,Testing,1.9940558671951294,1.9254995584487915,0.06855630874633789
1930,TH0031AV/viewpoint_simulated_87_surface0.pcd,Testing,2.025592088699341,1.9220539331436157,0.1035381555557251
1931,TH0031AV/viewpoint_simulated_88_surface0.pcd,Testing,1.8584727048873901,1.9148962497711182,0.05642354488372803
1932,TH0031AV/viewpoint_simulated_89_surface0.pcd,Testing,2.025773763656616,1.9234448671340942,0.10232889652252197
1933,TH0031AV/viewpoint_simulated_9_surface0.pcd,Testing,1.9684897661209106,1.9018571376800537,0.06663262844085693
1934,TH0031AV/viewpoint_simulated_90_surface0.pcd,Testing,1.9441769123077393,1.9284989833831787,0.015677928924560547
1935,TH0031AV/viewpoint_simulated_91_surface0.pcd,Testing,2.0409483909606934,1.9928663969039917,0.04808199405670166
1936,TH0031AV/viewpoint_simulated_92_surface0.pcd,Testing,2.0606229305267334,1.938989281654358,0.12163364887237549
1937,TH0031AV/viewpoint_simulated_93_surface0.pcd,Testing,1.9438362121582031,1.9050395488739014,0.03879666328430176
1938,TH0031AV/viewpoint_simulated_94_surface0.pcd,Testing,2.041567802429199,1.8952144384384155,0.1463533639907837
1939,TH0031AV/viewpoint_simulated_95_surface0.pcd,Testing,2.0091631412506104,1.8977422714233398,0.11142086982727051
1940,TH0031AV/viewpoint_simulated_96_surface0.pcd,Testing,1.9665449857711792,1.9150831699371338,0.05146181583404541
1941,TH0031AV/viewpoint_simulated_97_surface0.pcd,Testing,1.9757468700408936,1.9589945077896118,0.01675236225128174
1942,TH0031AV/viewpoint_simulated_98_surface0.pcd,Testing,1.9741847515106201,1.9494884014129639,0.02469635009765625
1943,TH0031AV/viewpoint_simulated_99_surface0.pcd,Testing,1.9987590312957764,1.9375501871109009,0.06120884418487549
1944,TH0031AV/viewpoint_simulated_0_surface1.pcd,Testing,2.118849754333496,2.129429817199707,0.010580062866210938
1945,TH0031AV/viewpoint_simulated_1_surface1.pcd,Testing,2.1462507247924805,2.127415180206299,0.01883554458618164
1946,TH0031AV/viewpoint_simulated_10_surface1.pcd,Testing,1.9896632432937622,2.1235084533691406,0.13384521007537842
1947,TH0031AV/viewpoint_simulated_100_surface1.pcd,Testing,2.244492769241333,2.1273951530456543,0.11709761619567871
1948,TH0031AV/viewpoint_simulated_101_surface1.pcd,Testing,2.084514856338501,2.1164350509643555,0.03192019462585449
1949,TH0031AV/viewpoint_simulated_102_surface1.pcd,Testing,2.1167290210723877,2.104008674621582,0.012720346450805664
1950,TH0031AV/viewpoint_simulated_103_surface1.pcd,Testing,2.0807275772094727,2.111149787902832,0.030422210693359375
1951,TH0031AV/viewpoint_simulated_104_surface1.pcd,Testing,2.309525489807129,2.118185043334961,0.19134044647216797
1952,TH0031AV/viewpoint_simulated_105_surface1.pcd,Testing,2.177105665206909,2.1206114292144775,0.05649423599243164
1953,TH0031AV/viewpoint_simulated_106_surface1.pcd,Testing,2.12951397895813,2.1268112659454346,0.0027027130126953125
1954,TH0031AV/viewpoint_simulated_107_surface1.pcd,Testing,2.1956076622009277,2.1457552909851074,0.04985237121582031
1955,TH0031AV/viewpoint_simulated_108_surface1.pcd,Testing,2.088935375213623,2.1826648712158203,0.09372949600219727
1956,TH0031AV/viewpoint_simulated_109_surface1.pcd,Testing,2.053102970123291,2.225466251373291,0.17236328125
1957,TH0031AV/viewpoint_simulated_11_surface1.pcd,Testing,2.25667405128479,2.126115560531616,0.13055849075317383
1958,TH0031AV/viewpoint_simulated_110_surface1.pcd,Testing,2.093705415725708,2.163018226623535,0.06931281089782715
1959,TH0031AV/viewpoint_simulated_111_surface1.pcd,Testing,2.2298061847686768,2.1722991466522217,0.05750703811645508
1960,TH0031AV/viewpoint_simulated_112_surface1.pcd,Testing,2.079777717590332,2.138904094696045,0.05912637710571289
1961,TH0031AV/viewpoint_simulated_113_surface1.pcd,Testing,2.192615509033203,2.120931625366211,0.07168388366699219
1962,TH0031AV/viewpoint_simulated_114_surface1.pcd,Testing,2.165682077407837,2.1059181690216064,0.05976390838623047
1963,TH0031AV/viewpoint_simulated_115_surface1.pcd,Testing,2.228325366973877,2.1130452156066895,0.1152801513671875
1964,TH0031AV/viewpoint_simulated_116_surface1.pcd,Testing,2.1260361671447754,2.1170687675476074,0.008967399597167969
1965,TH0031AV/viewpoint_simulated_117_surface1.pcd,Testing,1.981770634651184,2.1204633712768555,0.1386927366256714
1966,TH0031AV/viewpoint_simulated_118_surface1.pcd,Testing,2.3813412189483643,2.133423328399658,0.24791789054870605
1967,TH0031AV/viewpoint_simulated_119_surface1.pcd,Testing,2.232553243637085,2.1716318130493164,0.060921430587768555
1968,TH0031AV/viewpoint_simulated_12_surface1.pcd,Testing,2.1227099895477295,2.141101360321045,0.01839137077331543
1969,TH0031AV/viewpoint_simulated_120_surface1.pcd,Testing,2.3260085582733154,2.267838716506958,0.05816984176635742
1970,TH0031AV/viewpoint_simulated_121_surface1.pcd,Testing,2.1829209327697754,2.355290651321411,0.17236971855163574
1971,TH0031AV/viewpoint_simulated_122_surface1.pcd,Testing,2.2496538162231445,2.207378387451172,0.042275428771972656
1972,TH0031AV/viewpoint_simulated_123_surface1.pcd,Testing,2.082284927368164,2.2085022926330566,0.12621736526489258
1973,TH0031AV/viewpoint_simulated_124_surface1.pcd,Testing,2.185870885848999,2.1588826179504395,0.02698826789855957
1974,TH0031AV/viewpoint_simulated_125_surface1.pcd,Testing,2.3041763305664062,2.1265482902526855,0.1776280403137207
1975,TH0031AV/viewpoint_simulated_126_surface1.pcd,Testing,2.093496799468994,2.1165895462036133,0.02309274673461914
1976,TH0031AV/viewpoint_simulated_127_surface1.pcd,Testing,2.155670166015625,2.1210720539093018,0.03459811210632324
1977,TH0031AV/viewpoint_simulated_128_surface1.pcd,Testing,2.202488422393799,2.122537612915039,0.07995080947875977
1978,TH0031AV/viewpoint_simulated_129_surface1.pcd,Testing,2.1277737617492676,2.126067638397217,0.0017061233520507812
1979,TH0031AV/viewpoint_simulated_13_surface1.pcd,Testing,2.1974141597747803,2.124114990234375,0.07329916954040527
1980,TH0031AV/viewpoint_simulated_130_surface1.pcd,Testing,2.2414731979370117,2.141787052154541,0.0996861457824707
1981,TH0031AV/viewpoint_simulated_131_surface1.pcd,Testing,2.132518768310547,2.203312397003174,0.07079362869262695
1982,TH0031AV/viewpoint_simulated_132_surface1.pcd,Testing,2.0634138584136963,2.373976469039917,0.3105626106262207
1983,TH0031AV/viewpoint_simulated_133_surface1.pcd,Testing,2.1597213745117188,2.3384346961975098,0.17871332168579102
1984,TH0031AV/viewpoint_simulated_134_surface1.pcd,Testing,2.1744227409362793,2.222294569015503,0.04787182807922363
1985,TH0031AV/viewpoint_simulated_135_surface1.pcd,Testing,2.2845559120178223,2.248361110687256,0.036194801330566406
1986,TH0031AV/viewpoint_simulated_136_surface1.pcd,Testing,2.1006312370300293,2.197464942932129,0.09683370590209961
1987,TH0031AV/viewpoint_simulated_137_surface1.pcd,Testing,2.2112152576446533,2.1477255821228027,0.06348967552185059
1988,TH0031AV/viewpoint_simulated_138_surface1.pcd,Testing,2.0960540771484375,2.1303842067718506,0.034330129623413086
1989,TH0031AV/viewpoint_simulated_139_surface1.pcd,Testing,2.273735523223877,2.12996768951416,0.1437678337097168
1990,TH0031AV/viewpoint_simulated_14_surface1.pcd,Testing,2.028381586074829,2.1222596168518066,0.09387803077697754
1991,TH0031AV/viewpoint_simulated_140_surface1.pcd,Testing,2.2213258743286133,2.1275391578674316,0.09378671646118164
1992,TH0031AV/viewpoint_simulated_141_surface1.pcd,Testing,2.086373805999756,2.1271181106567383,0.04074430465698242
1993,TH0031AV/viewpoint_simulated_142_surface1.pcd,Testing,2.082113027572632,2.1569814682006836,0.07486844062805176
1994,TH0031AV/viewpoint_simulated_143_surface1.pcd,Testing,2.2205111980438232,2.259248733520508,0.03873753547668457
1995,TH0031AV/viewpoint_simulated_144_surface1.pcd,Testing,1.8993535041809082,2.129962921142578,0.23060941696166992
1996,TH0031AV/viewpoint_simulated_145_surface1.pcd,Testing,2.080425500869751,2.1205148696899414,0.04008936882019043
1997,TH0031AV/viewpoint_simulated_146_surface1.pcd,Testing,1.9631412029266357,2.118803024291992,0.15566182136535645
1998,TH0031AV/viewpoint_simulated_147_surface1.pcd,Testing,2.1578171253204346,2.119001865386963,0.03881525993347168
1999,TH0031AV/viewpoint_simulated_148_surface1.pcd,Testing,2.0948920249938965,2.118577480316162,0.023685455322265625
2000,TH0031AV/viewpoint_simulated_149_surface1.pcd,Testing,2.055321455001831,2.115231990814209,0.05991053581237793
2001,TH0031AV/viewpoint_simulated_15_surface1.pcd,Testing,2.1646323204040527,2.128678798675537,0.035953521728515625
2002,TH0031AV/viewpoint_simulated_150_surface1.pcd,Testing,2.0984578132629395,2.1156914234161377,0.017233610153198242
2003,TH0031AV/viewpoint_simulated_151_surface1.pcd,Testing,2.24688720703125,2.119452714920044,0.12743449211120605
2004,TH0031AV/viewpoint_simulated_152_surface1.pcd,Testing,2.005035638809204,2.1205105781555176,0.11547493934631348
2005,TH0031AV/viewpoint_simulated_153_surface1.pcd,Testing,2.2262399196624756,2.122474193572998,0.10376572608947754
2006,TH0031AV/viewpoint_simulated_154_surface1.pcd,Testing,2.2525930404663086,2.1228275299072266,0.12976551055908203
2007,TH0031AV/viewpoint_simulated_155_surface1.pcd,Testing,2.130873918533325,2.1268067359924316,0.004067182540893555
2008,TH0031AV/viewpoint_simulated_156_surface1.pcd,Testing,2.2403156757354736,2.1415839195251465,0.09873175621032715
2009,TH0031AV/viewpoint_simulated_157_surface1.pcd,Testing,2.063173532485962,2.1229798793792725,0.05980634689331055
2010,TH0031AV/viewpoint_simulated_158_surface1.pcd,Testing,2.052027702331543,2.1202900409698486,0.06826233863830566
2011,TH0031AV/viewpoint_simulated_159_surface1.pcd,Testing,2.1263346672058105,2.1288819313049316,0.0025472640991210938
2012,TH0031AV/viewpoint_simulated_16_surface1.pcd,Testing,2.1006722450256348,2.1174750328063965,0.01680278778076172
2013,TH0031AV/viewpoint_simulated_160_surface1.pcd,Testing,2.2236764430999756,2.121664524078369,0.10201191902160645
2014,TH0031AV/viewpoint_simulated_161_surface1.pcd,Testing,2.2676541805267334,2.118696928024292,0.1489572525024414
2015,TH0031AV/viewpoint_simulated_162_surface1.pcd,Testing,2.100433826446533,2.108243942260742,0.007810115814208984
2016,TH0031AV/viewpoint_simulated_163_surface1.pcd,Testing,2.1216118335723877,2.1158266067504883,0.005785226821899414
2017,TH0031AV/viewpoint_simulated_164_surface1.pcd,Testing,2.210131883621216,2.121577739715576,0.08855414390563965
2018,TH0031AV/viewpoint_simulated_165_surface1.pcd,Testing,1.9743143320083618,2.1228160858154297,0.14850175380706787
2019,TH0031AV/viewpoint_simulated_166_surface1.pcd,Testing,2.015716791152954,2.125020980834961,0.10930418968200684
2020,TH0031AV/viewpoint_simulated_167_surface1.pcd,Testing,2.3830227851867676,2.131197929382324,0.25182485580444336
2021,TH0031AV/viewpoint_simulated_168_surface1.pcd,Testing,2.155773162841797,2.152836322784424,0.002936840057373047
2022,TH0031AV/viewpoint_simulated_169_surface1.pcd,Testing,1.9736891984939575,2.1515965461730957,0.17790734767913818
2023,TH0031AV/viewpoint_simulated_17_surface1.pcd,Testing,2.113955497741699,2.114245653152466,0.00029015541076660156
2024,TH0031AV/viewpoint_simulated_170_surface1.pcd,Testing,2.148444175720215,2.133765697479248,0.014678478240966797
2025,TH0031AV/viewpoint_simulated_171_surface1.pcd,Testing,2.303199529647827,2.1495351791381836,0.15366435050964355
2026,TH0031AV/viewpoint_simulated_172_surface1.pcd,Testing,2.1862215995788574,2.1297993659973145,0.05642223358154297
2027,TH0031AV/viewpoint_simulated_173_surface1.pcd,Testing,2.2176618576049805,2.1171951293945312,0.10046672821044922
2028,TH0031AV/viewpoint_simulated_174_surface1.pcd,Testing,2.1424641609191895,2.1029272079467773,0.03953695297241211
2029,TH0031AV/viewpoint_simulated_175_surface1.pcd,Testing,2.136747121810913,2.1096277236938477,0.02711939811706543
2030,TH0031AV/viewpoint_simulated_176_surface1.pcd,Testing,2.122232437133789,2.118283271789551,0.003949165344238281
2031,TH0031AV/viewpoint_simulated_177_surface1.pcd,Testing,2.066429615020752,2.120685577392578,0.05425596237182617
2032,TH0031AV/viewpoint_simulated_178_surface1.pcd,Testing,2.0586423873901367,2.1263701915740967,0.06772780418395996
2033,TH0031AV/viewpoint_simulated_179_surface1.pcd,Testing,2.0749282836914062,2.1443209648132324,0.06939268112182617
2034,TH0031AV/viewpoint_simulated_18_surface1.pcd,Testing,1.999208688735962,2.112217426300049,0.11300873756408691
2035,TH0031AV/viewpoint_simulated_180_surface1.pcd,Testing,2.25907301902771,2.1842527389526367,0.07482028007507324
2036,TH0031AV/viewpoint_simulated_181_surface1.pcd,Testing,2.2526040077209473,2.228606700897217,0.02399730682373047
2037,TH0031AV/viewpoint_simulated_182_surface1.pcd,Testing,2.1007239818573,2.1647253036499023,0.06400132179260254
2038,TH0031AV/viewpoint_simulated_183_surface1.pcd,Testing,2.190458297729492,2.1708526611328125,0.019605636596679688
2039,TH0031AV/viewpoint_simulated_184_surface1.pcd,Testing,2.20600962638855,2.142449378967285,0.06356024742126465
2040,TH0031AV/viewpoint_simulated_185_surface1.pcd,Testing,2.184615135192871,2.121270179748535,0.06334495544433594
2041,TH0031AV/viewpoint_simulated_186_surface1.pcd,Testing,2.0489308834075928,2.1071455478668213,0.058214664459228516
2042,TH0031AV/viewpoint_simulated_187_surface1.pcd,Testing,2.1785507202148438,2.114278793334961,0.06427192687988281
2043,TH0031AV/viewpoint_simulated_188_surface1.pcd,Testing,2.1263036727905273,2.118119716644287,0.008183956146240234
2044,TH0031AV/viewpoint_simulated_189_surface1.pcd,Testing,2.0742318630218506,2.1223933696746826,0.04816150665283203
2045,TH0031AV/viewpoint_simulated_19_surface1.pcd,Testing,2.2562267780303955,2.1149544715881348,0.14127230644226074
2046,TH0031AV/viewpoint_simulated_190_surface1.pcd,Testing,2.1336941719055176,2.132615089416504,0.0010790824890136719
2047,TH0031AV/viewpoint_simulated_191_surface1.pcd,Testing,2.2438931465148926,2.1713128089904785,0.07258033752441406
2048,TH0031AV/viewpoint_simulated_192_surface1.pcd,Testing,2.0740368366241455,2.2725696563720703,0.1985328197479248
2049,TH0031AV/viewpoint_simulated_193_surface1.pcd,Testing,2.2220687866210938,2.3602700233459473,0.13820123672485352
2050,TH0031AV/viewpoint_simulated_194_surface1.pcd,Testing,1.904995083808899,2.2159347534179688,0.3109396696090698
2051,TH0031AV/viewpoint_simulated_195_surface1.pcd,Testing,2.20638108253479,2.203730583190918,0.0026504993438720703
2052,TH0031AV/viewpoint_simulated_196_surface1.pcd,Testing,2.2159807682037354,2.1638946533203125,0.05208611488342285
2053,TH0031AV/viewpoint_simulated_197_surface1.pcd,Testing,2.17620587348938,2.129495620727539,0.04671025276184082
2054,TH0031AV/viewpoint_simulated_198_surface1.pcd,Testing,2.062387704849243,2.1175854206085205,0.055197715759277344
2055,TH0031AV/viewpoint_simulated_199_surface1.pcd,Testing,2.1184215545654297,2.119074821472168,0.0006532669067382812
2056,TH0031AV/viewpoint_simulated_2_surface1.pcd,Testing,2.096226692199707,2.116672992706299,0.020446300506591797
2057,TH0031AV/viewpoint_simulated_20_surface1.pcd,Testing,2.0970585346221924,2.120375156402588,0.023316621780395508
2058,TH0031AV/viewpoint_simulated_200_surface1.pcd,Testing,2.190904378890991,2.1234192848205566,0.06748509407043457
2059,TH0031AV/viewpoint_simulated_201_surface1.pcd,Testing,2.1816956996917725,2.124377489089966,0.05731821060180664
2060,TH0031AV/viewpoint_simulated_202_surface1.pcd,Testing,2.177363395690918,2.143886089324951,0.0334773063659668
2061,TH0031AV/viewpoint_simulated_203_surface1.pcd,Testing,1.9719551801681519,2.2014284133911133,0.22947323322296143
2062,TH0031AV/viewpoint_simulated_204_surface1.pcd,Testing,2.1817800998687744,2.389525890350342,0.20774579048156738
2063,TH0031AV/viewpoint_simulated_205_surface1.pcd,Testing,2.2760281562805176,2.3181872367858887,0.042159080505371094
2064,TH0031AV/viewpoint_simulated_206_surface1.pcd,Testing,2.19881010055542,2.2180800437927246,0.019269943237304688
2065,TH0031AV/viewpoint_simulated_207_surface1.pcd,Testing,2.25681471824646,2.2470059394836426,0.009808778762817383
2066,TH0031AV/viewpoint_simulated_208_surface1.pcd,Testing,2.214386224746704,2.1990623474121094,0.015323877334594727
2067,TH0031AV/viewpoint_simulated_209_surface1.pcd,Testing,2.0994651317596436,2.1521148681640625,0.052649736404418945
2068,TH0031AV/viewpoint_simulated_21_surface1.pcd,Testing,2.20059871673584,2.1205241680145264,0.08007454872131348
2069,TH0031AV/viewpoint_simulated_210_surface1.pcd,Testing,2.262793779373169,2.1296658515930176,0.13312792778015137
2070,TH0031AV/viewpoint_simulated_211_surface1.pcd,Testing,2.0667524337768555,2.1289374828338623,0.062185049057006836
2071,TH0031AV/viewpoint_simulated_212_surface1.pcd,Testing,2.069070339202881,2.125998020172119,0.05692768096923828
2072,TH0031AV/viewpoint_simulated_213_surface1.pcd,Testing,2.017479181289673,2.1318211555480957,0.11434197425842285
2073,TH0031AV/viewpoint_simulated_214_surface1.pcd,Testing,2.31638503074646,2.1642496585845947,0.15213537216186523
2074,TH0031AV/viewpoint_simulated_215_surface1.pcd,Testing,2.1844334602355957,2.2619144916534424,0.07748103141784668
2075,TH0031AV/viewpoint_simulated_22_surface1.pcd,Testing,2.062488555908203,2.125166893005371,0.06267833709716797
2076,TH0031AV/viewpoint_simulated_23_surface1.pcd,Testing,2.06120228767395,2.1308646202087402,0.06966233253479004
2077,TH0031AV/viewpoint_simulated_24_surface1.pcd,Testing,2.131324052810669,2.1612982749938965,0.02997422218322754
2078,TH0031AV/viewpoint_simulated_25_surface1.pcd,Testing,2.139666795730591,2.1558194160461426,0.016152620315551758
2079,TH0031AV/viewpoint_simulated_26_surface1.pcd,Testing,2.146794080734253,2.131814956665039,0.014979124069213867
2080,TH0031AV/viewpoint_simulated_27_surface1.pcd,Testing,2.1068196296691895,2.1442010402679443,0.03738141059875488
2081,TH0031AV/viewpoint_simulated_28_surface1.pcd,Testing,2.367210626602173,2.1250123977661133,0.24219822883605957
2082,TH0031AV/viewpoint_simulated_29_surface1.pcd,Testing,2.148920774459839,2.115992546081543,0.0329282283782959
2083,TH0031AV/viewpoint_simulated_3_surface1.pcd,Testing,2.1476058959960938,2.121605396270752,0.026000499725341797
2084,TH0031AV/viewpoint_simulated_30_surface1.pcd,Testing,2.2713592052459717,2.105581283569336,0.16577792167663574
2085,TH0031AV/viewpoint_simulated_31_surface1.pcd,Testing,2.2974066734313965,2.113114356994629,0.18429231643676758
2086,TH0031AV/viewpoint_simulated_32_surface1.pcd,Testing,2.1166601181030273,2.1191892623901367,0.002529144287109375
2087,TH0031AV/viewpoint_simulated_33_surface1.pcd,Testing,2.002443552017212,2.1183536052703857,0.11591005325317383
2088,TH0031AV/viewpoint_simulated_34_surface1.pcd,Testing,2.2285120487213135,2.125023365020752,0.10348868370056152
2089,TH0031AV/viewpoint_simulated_35_surface1.pcd,Testing,2.205122470855713,2.1461427211761475,0.05897974967956543
2090,TH0031AV/viewpoint_simulated_36_surface1.pcd,Testing,2.276292562484741,2.1814699172973633,0.09482264518737793
2091,TH0031AV/viewpoint_simulated_37_surface1.pcd,Testing,2.141251564025879,2.2173008918762207,0.0760493278503418
2092,TH0031AV/viewpoint_simulated_38_surface1.pcd,Testing,2.0506081581115723,2.1587166786193848,0.1081085205078125
2093,TH0031AV/viewpoint_simulated_39_surface1.pcd,Testing,2.145294666290283,2.1674747467041016,0.02218008041381836
2094,TH0031AV/viewpoint_simulated_4_surface1.pcd,Testing,1.9991998672485352,2.116159677505493,0.11695981025695801
2095,TH0031AV/viewpoint_simulated_40_surface1.pcd,Testing,2.0790467262268066,2.13334321975708,0.05429649353027344
2096,TH0031AV/viewpoint_simulated_41_surface1.pcd,Testing,2.1817405223846436,2.119007110595703,0.06273341178894043
2097,TH0031AV/viewpoint_simulated_42_surface1.pcd,Testing,2.1896185874938965,2.108959197998047,0.08065938949584961
2098,TH0031AV/viewpoint_simulated_43_surface1.pcd,Testing,2.1581838130950928,2.1110496520996094,0.0471341609954834
2099,TH0031AV/viewpoint_simulated_44_surface1.pcd,Testing,2.0457370281219482,2.1218416690826416,0.07610464096069336
2100,TH0031AV/viewpoint_simulated_45_surface1.pcd,Testing,2.149751663208008,2.121006488800049,0.028745174407958984
2101,TH0031AV/viewpoint_simulated_46_surface1.pcd,Testing,2.1705853939056396,2.1334781646728516,0.037107229232788086
2102,TH0031AV/viewpoint_simulated_47_surface1.pcd,Testing,2.191255569458008,2.176997661590576,0.01425790786743164
2103,TH0031AV/viewpoint_simulated_48_surface1.pcd,Testing,2.1633987426757812,2.23125958442688,0.06786084175109863
2104,TH0031AV/viewpoint_simulated_49_surface1.pcd,Testing,2.1003050804138184,2.379617214202881,0.2793121337890625
2105,TH0031AV/viewpoint_simulated_5_surface1.pcd,Testing,2.1413400173187256,2.1093196868896484,0.03202033042907715
2106,TH0031AV/viewpoint_simulated_50_surface1.pcd,Testing,2.113323450088501,2.2076659202575684,0.09434247016906738
2107,TH0031AV/viewpoint_simulated_51_surface1.pcd,Testing,2.157677412033081,2.2022972106933594,0.04461979866027832
2108,TH0031AV/viewpoint_simulated_52_surface1.pcd,Testing,2.3844451904296875,2.1549172401428223,0.22952795028686523
2109,TH0031AV/viewpoint_simulated_53_surface1.pcd,Testing,2.298943281173706,2.1243128776550293,0.17463040351867676
2110,TH0031AV/viewpoint_simulated_54_surface1.pcd,Testing,2.1328125,2.116851329803467,0.015961170196533203
2111,TH0031AV/viewpoint_simulated_55_surface1.pcd,Testing,2.229576826095581,2.1208980083465576,0.10867881774902344
2112,TH0031AV/viewpoint_simulated_56_surface1.pcd,Testing,2.297459840774536,2.1248650550842285,0.17259478569030762
2113,TH0031AV/viewpoint_simulated_57_surface1.pcd,Testing,2.2281723022460938,2.126899242401123,0.1012730598449707
2114,TH0031AV/viewpoint_simulated_58_surface1.pcd,Testing,2.2519702911376953,2.1459178924560547,0.10605239868164062
2115,TH0031AV/viewpoint_simulated_59_surface1.pcd,Testing,2.288057565689087,2.1989505290985107,0.08910703659057617
2116,TH0031AV/viewpoint_simulated_6_surface1.pcd,Testing,1.993994951248169,2.113825798034668,0.11983084678649902
2117,TH0031AV/viewpoint_simulated_60_surface1.pcd,Testing,2.0321664810180664,2.3731861114501953,0.3410196304321289
2118,TH0031AV/viewpoint_simulated_61_surface1.pcd,Testing,2.200770854949951,2.4021389484405518,0.20136809349060059
2119,TH0031AV/viewpoint_simulated_62_surface1.pcd,Testing,2.2691595554351807,2.2265424728393555,0.042617082595825195
2120,TH0031AV/viewpoint_simulated_63_surface1.pcd,Testing,2.3007774353027344,2.236607313156128,0.06417012214660645
2121,TH0031AV/viewpoint_simulated_64_surface1.pcd,Testing,2.2669637203216553,2.191351890563965,0.07561182975769043
2122,TH0031AV/viewpoint_simulated_65_surface1.pcd,Testing,2.250713348388672,2.1436190605163574,0.10709428787231445
2123,TH0031AV/viewpoint_simulated_66_surface1.pcd,Testing,2.121091842651367,2.1327877044677734,0.01169586181640625
2124,TH0031AV/viewpoint_simulated_67_surface1.pcd,Testing,2.110704183578491,2.1263647079467773,0.015660524368286133
2125,TH0031AV/viewpoint_simulated_68_surface1.pcd,Testing,2.1052744388580322,2.139983654022217,0.03470921516418457
2126,TH0031AV/viewpoint_simulated_69_surface1.pcd,Testing,2.1922926902770996,2.1262755393981934,0.06601715087890625
2127,TH0031AV/viewpoint_simulated_7_surface1.pcd,Testing,2.182453155517578,2.1157171726226807,0.06673598289489746
2128,TH0031AV/viewpoint_simulated_70_surface1.pcd,Testing,2.004521369934082,2.1552512645721436,0.15072989463806152
2129,TH0031AV/viewpoint_simulated_71_surface1.pcd,Testing,2.2240817546844482,2.2635369300842285,0.03945517539978027
2130,TH0031AV/viewpoint_simulated_72_surface1.pcd,Testing,2.215998649597168,2.130586862564087,0.08541178703308105
2131,TH0031AV/viewpoint_simulated_73_surface1.pcd,Testing,2.1294546127319336,2.1213133335113525,0.008141279220581055
2132,TH0031AV/viewpoint_simulated_74_surface1.pcd,Testing,2.0807907581329346,2.11790132522583,0.03711056709289551
2133,TH0031AV/viewpoint_simulated_75_surface1.pcd,Testing,2.216282606124878,2.1212968826293945,0.0949857234954834
2134,TH0031AV/viewpoint_simulated_76_surface1.pcd,Testing,2.1800148487091064,2.1188158988952637,0.06119894981384277
2135,TH0031AV/viewpoint_simulated_77_surface1.pcd,Testing,2.165390968322754,2.1136460304260254,0.051744937896728516
2136,TH0031AV/viewpoint_simulated_78_surface1.pcd,Testing,2.2350821495056152,2.1143364906311035,0.12074565887451172
2137,TH0031AV/viewpoint_simulated_79_surface1.pcd,Testing,2.1494879722595215,2.1166229248046875,0.032865047454833984
2138,TH0031AV/viewpoint_simulated_8_surface1.pcd,Testing,2.040231227874756,2.1181020736694336,0.07787084579467773
2139,TH0031AV/viewpoint_simulated_80_surface1.pcd,Testing,2.1176602840423584,2.1203055381774902,0.002645254135131836
2140,TH0031AV/viewpoint_simulated_81_surface1.pcd,Testing,2.150991201400757,2.121479034423828,0.02951216697692871
2141,TH0031AV/viewpoint_simulated_82_surface1.pcd,Testing,2.190256357192993,2.123502254486084,0.06675410270690918
2142,TH0031AV/viewpoint_simulated_83_surface1.pcd,Testing,2.070735454559326,2.125788688659668,0.0550532341003418
2143,TH0031AV/viewpoint_simulated_84_surface1.pcd,Testing,2.096355438232422,2.13682222366333,0.0404667854309082
2144,TH0031AV/viewpoint_simulated_85_surface1.pcd,Testing,2.0228450298309326,2.1245779991149902,0.10173296928405762
2145,TH0031AV/viewpoint_simulated_86_surface1.pcd,Testing,1.9940046072006226,2.122497081756592,0.12849247455596924
2146,TH0031AV/viewpoint_simulated_87_surface1.pcd,Testing,1.9094390869140625,2.1294517517089844,0.22001266479492188
2147,TH0031AV/viewpoint_simulated_88_surface1.pcd,Testing,2.035372734069824,2.119520902633667,0.08414816856384277
2148,TH0031AV/viewpoint_simulated_89_surface1.pcd,Testing,2.110921621322632,2.1170859336853027,0.0061643123626708984
2149,TH0031AV/viewpoint_simulated_9_surface1.pcd,Testing,2.0667970180511475,2.1192924976348877,0.052495479583740234
2150,TH0031AV/viewpoint_simulated_90_surface1.pcd,Testing,2.259704351425171,2.108940601348877,0.15076375007629395
2151,TH0031AV/viewpoint_simulated_91_surface1.pcd,Testing,2.084960699081421,2.1168220043182373,0.031861305236816406
2152,TH0031AV/viewpoint_simulated_92_surface1.pcd,Testing,2.1246609687805176,2.12129545211792,0.0033655166625976562
2153,TH0031AV/viewpoint_simulated_93_surface1.pcd,Testing,2.1009361743927,2.1225762367248535,0.02164006233215332
2154,TH0031AV/viewpoint_simulated_94_surface1.pcd,Testing,2.307844877243042,2.124660015106201,0.18318486213684082
2155,TH0031AV/viewpoint_simulated_95_surface1.pcd,Testing,2.000312328338623,2.131460189819336,0.1311478614807129
2156,TH0031AV/viewpoint_simulated_96_surface1.pcd,Testing,2.1696135997772217,2.158135414123535,0.011478185653686523
2157,TH0031AV/viewpoint_simulated_97_surface1.pcd,Testing,2.0130844116210938,2.154857873916626,0.14177346229553223
2158,TH0031AV/viewpoint_simulated_98_surface1.pcd,Testing,2.0878446102142334,2.1311750411987305,0.04333043098449707
2159,TH0031AV/viewpoint_simulated_99_surface1.pcd,Testing,2.152191638946533,2.1461687088012695,0.006022930145263672
2160,TH0032AV/viewpoint_simulated_0_surface0.pcd,Testing,1.9265022277832031,1.901931643486023,0.024570584297180176
2161,TH0032AV/viewpoint_simulated_1_surface0.pcd,Testing,2.0609920024871826,1.900321125984192,0.16067087650299072
2162,TH0032AV/viewpoint_simulated_10_surface0.pcd,Testing,1.962172508239746,1.8781818151474,0.08399069309234619
2163,TH0032AV/viewpoint_simulated_100_surface0.pcd,Testing,2.064840316772461,1.9255872964859009,0.13925302028656006
2164,TH0032AV/viewpoint_simulated_101_surface0.pcd,Testing,1.931321144104004,1.9558918476104736,0.024570703506469727
2165,TH0032AV/viewpoint_simulated_102_surface0.pcd,Testing,2.0077929496765137,1.9703630208969116,0.03742992877960205
2166,TH0032AV/viewpoint_simulated_103_surface0.pcd,Testing,2.0281455516815186,1.9706449508666992,0.057500600814819336
2167,TH0032AV/viewpoint_simulated_104_surface0.pcd,Testing,1.9342074394226074,1.9707026481628418,0.036495208740234375
2168,TH0032AV/viewpoint_simulated_105_surface0.pcd,Testing,1.9149901866912842,1.944545030593872,0.02955484390258789
2169,TH0032AV/viewpoint_simulated_106_surface0.pcd,Testing,2.045158863067627,1.926670789718628,0.11848807334899902
2170,TH0032AV/viewpoint_simulated_107_surface0.pcd,Testing,1.9438128471374512,1.9135781526565552,0.030234694480895996
2171,TH0032AV/viewpoint_simulated_108_surface0.pcd,Testing,1.9575767517089844,1.9704481363296509,0.012871384620666504
2172,TH0032AV/viewpoint_simulated_109_surface0.pcd,Testing,2.0268778800964355,2.0131072998046875,0.013770580291748047
2173,TH0032AV/viewpoint_simulated_11_surface0.pcd,Testing,1.9259355068206787,1.9019211530685425,0.02401435375213623
2174,TH0032AV/viewpoint_simulated_110_surface0.pcd,Testing,2.004059076309204,2.00982666015625,0.0057675838470458984
2175,TH0032AV/viewpoint_simulated_111_surface0.pcd,Testing,2.0246682167053223,1.9416521787643433,0.083016037940979
2176,TH0032AV/viewpoint_simulated_112_surface0.pcd,Testing,2.1596713066101074,1.9500025510787964,0.20966875553131104
2177,TH0032AV/viewpoint_simulated_113_surface0.pcd,Testing,2.184079885482788,1.9845287799835205,0.19955110549926758
2178,TH0032AV/viewpoint_simulated_114_surface0.pcd,Testing,1.9315794706344604,1.9942011833190918,0.06262171268463135
2179,TH0032AV/viewpoint_simulated_115_surface0.pcd,Testing,1.9920085668563843,2.0155129432678223,0.02350437641143799
2180,TH0032AV/viewpoint_simulated_116_surface0.pcd,Testing,1.9394841194152832,2.0110063552856445,0.07152223587036133
2181,TH0032AV/viewpoint_simulated_117_surface0.pcd,Testing,1.9205927848815918,1.9858276844024658,0.06523489952087402
2182,TH0032AV/viewpoint_simulated_118_surface0.pcd,Testing,2.0257742404937744,1.9635368585586548,0.06223738193511963
2183,TH0032AV/viewpoint_simulated_119_surface0.pcd,Testing,2.117462158203125,1.9514039754867554,0.16605818271636963
2184,TH0032AV/viewpoint_simulated_12_surface0.pcd,Testing,2.0518081188201904,1.910983681678772,0.14082443714141846
2185,TH0032AV/viewpoint_simulated_120_surface0.pcd,Testing,2.1342978477478027,2.018573760986328,0.11572408676147461
2186,TH0032AV/viewpoint_simulated_121_surface0.pcd,Testing,2.0659983158111572,2.05979585647583,0.0062024593353271484
2187,TH0032AV/viewpoint_simulated_122_surface0.pcd,Testing,2.1255645751953125,2.0601658821105957,0.0653986930847168
2188,TH0032AV/viewpoint_simulated_123_surface0.pcd,Testing,1.957329511642456,1.9804819822311401,0.023152470588684082
2189,TH0032AV/viewpoint_simulated_124_surface0.pcd,Testing,2.0608980655670166,1.9837555885314941,0.07714247703552246
2190,TH0032AV/viewpoint_simulated_125_surface0.pcd,Testing,1.9131920337677002,2.0055012702941895,0.09230923652648926
2191,TH0032AV/viewpoint_simulated_126_surface0.pcd,Testing,2.030184507369995,2.020693778991699,0.009490728378295898
2192,TH0032AV/viewpoint_simulated_127_surface0.pcd,Testing,1.9457820653915405,2.028168201446533,0.08238613605499268
2193,TH0032AV/viewpoint_simulated_128_surface0.pcd,Testing,2.073529005050659,2.042980194091797,0.030548810958862305
2194,TH0032AV/viewpoint_simulated_129_surface0.pcd,Testing,2.0632567405700684,2.022066116333008,0.04119062423706055
2195,TH0032AV/viewpoint_simulated_13_surface0.pcd,Testing,2.034971237182617,1.9317748546600342,0.10319638252258301
2196,TH0032AV/viewpoint_simulated_130_surface0.pcd,Testing,2.118107318878174,2.008617639541626,0.10948967933654785
2197,TH0032AV/viewpoint_simulated_131_surface0.pcd,Testing,2.0635151863098145,1.9961198568344116,0.06739532947540283
2198,TH0032AV/viewpoint_simulated_132_surface0.pcd,Testing,2.020578622817993,2.0605363845825195,0.03995776176452637
2199,TH0032AV/viewpoint_simulated_133_surface0.pcd,Testing,1.9950416088104248,2.0877363681793213,0.09269475936889648
2200,TH0032AV/viewpoint_simulated_134_surface0.pcd,Testing,2.045758008956909,2.0974764823913574,0.05171847343444824
2201,TH0032AV/viewpoint_simulated_135_surface0.pcd,Testing,2.0897216796875,2.0205767154693604,0.06914496421813965
2202,TH0032AV/viewpoint_simulated_136_surface0.pcd,Testing,2.081047773361206,2.0035934448242188,0.0774543285369873
2203,TH0032AV/viewpoint_simulated_137_surface0.pcd,Testing,2.0769121646881104,2.0191893577575684,0.05772280693054199
2204,TH0032AV/viewpoint_simulated_138_surface0.pcd,Testing,1.9645746946334839,2.0417611598968506,0.0771864652633667
2205,TH0032AV/viewpoint_simulated_139_surface0.pcd,Testing,2.0346157550811768,2.0614519119262695,0.026836156845092773
2206,TH0032AV/viewpoint_simulated_14_surface0.pcd,Testing,1.9512214660644531,1.9367605447769165,0.014460921287536621
2207,TH0032AV/viewpoint_simulated_140_surface0.pcd,Testing,2.0381367206573486,2.047612190246582,0.009475469589233398
2208,TH0032AV/viewpoint_simulated_141_surface0.pcd,Testing,2.141359329223633,2.0569562911987305,0.08440303802490234
2209,TH0032AV/viewpoint_simulated_142_surface0.pcd,Testing,2.102233648300171,2.052065372467041,0.05016827583312988
2210,TH0032AV/viewpoint_simulated_143_surface0.pcd,Testing,2.100541830062866,2.038975238800049,0.06156659126281738
2211,TH0032AV/viewpoint_simulated_144_surface0.pcd,Testing,2.0514144897460938,1.899675965309143,0.15173852443695068
2212,TH0032AV/viewpoint_simulated_145_surface0.pcd,Testing,1.9570446014404297,1.9053908586502075,0.05165374279022217
2213,TH0032AV/viewpoint_simulated_146_surface0.pcd,Testing,2.0642142295837402,1.898262619972229,0.16595160961151123
2214,TH0032AV/viewpoint_simulated_147_surface0.pcd,Testing,2.041504383087158,1.8963215351104736,0.14518284797668457
2215,TH0032AV/viewpoint_simulated_148_surface0.pcd,Testing,2.075514078140259,1.8959392309188843,0.1795748472213745
2216,TH0032AV/viewpoint_simulated_149_surface0.pcd,Testing,1.8804839849472046,1.9095827341079712,0.0290987491607666
2217,TH0032AV/viewpoint_simulated_15_surface0.pcd,Testing,2.011090040206909,1.9285558462142944,0.08253419399261475
2218,TH0032AV/viewpoint_simulated_150_surface0.pcd,Testing,2.050156593322754,1.912412405014038,0.13774418830871582
2219,TH0032AV/viewpoint_simulated_151_surface0.pcd,Testing,1.9994498491287231,1.9123200178146362,0.08712983131408691
2220,TH0032AV/viewpoint_simulated_152_surface0.pcd,Testing,1.9504575729370117,1.8861082792282104,0.06434929370880127
2221,TH0032AV/viewpoint_simulated_153_surface0.pcd,Testing,1.9747517108917236,1.8734911680221558,0.10126054286956787
2222,TH0032AV/viewpoint_simulated_154_surface0.pcd,Testing,2.012537717819214,1.8792232275009155,0.13331449031829834
2223,TH0032AV/viewpoint_simulated_155_surface0.pcd,Testing,1.9044384956359863,1.896409034729004,0.008029460906982422
2224,TH0032AV/viewpoint_simulated_156_surface0.pcd,Testing,1.9262518882751465,1.9090971946716309,0.017154693603515625
2225,TH0032AV/viewpoint_simulated_157_surface0.pcd,Testing,2.0240726470947266,1.9289488792419434,0.0951237678527832
2226,TH0032AV/viewpoint_simulated_158_surface0.pcd,Testing,1.9318753480911255,1.9343047142028809,0.002429366111755371
2227,TH0032AV/viewpoint_simulated_159_surface0.pcd,Testing,2.0074031352996826,1.9188491106033325,0.0885540246963501
2228,TH0032AV/viewpoint_simulated_16_surface0.pcd,Testing,1.994073510169983,1.9183485507965088,0.07572495937347412
2229,TH0032AV/viewpoint_simulated_160_surface0.pcd,Testing,1.9382604360580444,1.9104355573654175,0.027824878692626953
2230,TH0032AV/viewpoint_simulated_161_surface0.pcd,Testing,1.9187875986099243,1.92532217502594,0.006534576416015625
2231,TH0032AV/viewpoint_simulated_162_surface0.pcd,Testing,2.0635459423065186,1.9351905584335327,0.12835538387298584
2232,TH0032AV/viewpoint_simulated_163_surface0.pcd,Testing,2.0530881881713867,1.913915753364563,0.13917243480682373
2233,TH0032AV/viewpoint_simulated_164_surface0.pcd,Testing,1.9013699293136597,1.9036945104599,0.0023245811462402344
2234,TH0032AV/viewpoint_simulated_165_surface0.pcd,Testing,2.0763680934906006,1.8887501955032349,0.18761789798736572
2235,TH0032AV/viewpoint_simulated_166_surface0.pcd,Testing,1.9499558210372925,1.9025479555130005,0.04740786552429199
2236,TH0032AV/viewpoint_simulated_167_surface0.pcd,Testing,1.929517149925232,1.9015864133834839,0.027930736541748047
2237,TH0032AV/viewpoint_simulated_168_surface0.pcd,Testing,2.068283796310425,1.931755542755127,0.13652825355529785
2238,TH0032AV/viewpoint_simulated_169_surface0.pcd,Testing,2.0375609397888184,1.9645472764968872,0.07301366329193115
2239,TH0032AV/viewpoint_simulated_17_surface0.pcd,Testing,2.0261807441711426,1.9283865690231323,0.09779417514801025
2240,TH0032AV/viewpoint_simulated_170_surface0.pcd,Testing,2.024824380874634,1.9638160467147827,0.061008334159851074
2241,TH0032AV/viewpoint_simulated_171_surface0.pcd,Testing,1.9197232723236084,1.9459331035614014,0.02620983123779297
2242,TH0032AV/viewpoint_simulated_172_surface0.pcd,Testing,2.009840250015259,1.9247835874557495,0.08505666255950928
2243,TH0032AV/viewpoint_simulated_173_surface0.pcd,Testing,2.1302831172943115,1.95505690574646,0.17522621154785156
2244,TH0032AV/viewpoint_simulated_174_surface0.pcd,Testing,1.9801161289215088,1.9661849737167358,0.01393115520477295
2245,TH0032AV/viewpoint_simulated_175_surface0.pcd,Testing,2.0163891315460205,1.9724453687667847,0.04394376277923584
2246,TH0032AV/viewpoint_simulated_176_surface0.pcd,Testing,2.0253243446350098,1.969851016998291,0.05547332763671875
2247,TH0032AV/viewpoint_simulated_177_surface0.pcd,Testing,2.1275839805603027,1.9440287351608276,0.1835552453994751
2248,TH0032AV/viewpoint_simulated_178_surface0.pcd,Testing,1.9873279333114624,1.925782561302185,0.061545372009277344
2249,TH0032AV/viewpoint_simulated_179_surface0.pcd,Testing,2.1394617557525635,1.9182416200637817,0.22122013568878174
2250,TH0032AV/viewpoint_simulated_18_surface0.pcd,Testing,1.9676549434661865,1.9369982481002808,0.03065669536590576
2251,TH0032AV/viewpoint_simulated_180_surface0.pcd,Testing,1.9560270309448242,1.9547406435012817,0.0012863874435424805
2252,TH0032AV/viewpoint_simulated_181_surface0.pcd,Testing,2.030163288116455,2.012570858001709,0.017592430114746094
2253,TH0032AV/viewpoint_simulated_182_surface0.pcd,Testing,2.0532190799713135,2.0090699195861816,0.044149160385131836
2254,TH0032AV/viewpoint_simulated_183_surface0.pcd,Testing,1.9439791440963745,1.939855933189392,0.004123210906982422
2255,TH0032AV/viewpoint_simulated_184_surface0.pcd,Testing,2.1302521228790283,1.9491312503814697,0.1811208724975586
2256,TH0032AV/viewpoint_simulated_185_surface0.pcd,Testing,2.036524534225464,1.9834911823272705,0.05303335189819336
2257,TH0032AV/viewpoint_simulated_186_surface0.pcd,Testing,1.9315500259399414,1.9933719635009766,0.061821937561035156
2258,TH0032AV/viewpoint_simulated_187_surface0.pcd,Testing,1.983473777770996,2.0148887634277344,0.03141498565673828
2259,TH0032AV/viewpoint_simulated_188_surface0.pcd,Testing,2.0232951641082764,2.010234832763672,0.013060331344604492
2260,TH0032AV/viewpoint_simulated_189_surface0.pcd,Testing,2.002349376678467,1.985945463180542,0.016403913497924805
2261,TH0032AV/viewpoint_simulated_19_surface0.pcd,Testing,1.96157968044281,1.9369210004806519,0.024658679962158203
2262,TH0032AV/viewpoint_simulated_190_surface0.pcd,Testing,1.9344830513000488,1.9609745740890503,0.026491522789001465
2263,TH0032AV/viewpoint_simulated_191_surface0.pcd,Testing,2.094208002090454,1.9475045204162598,0.14670348167419434
2264,TH0032AV/viewpoint_simulated_192_surface0.pcd,Testing,2.1026368141174316,2.0182485580444336,0.08438825607299805
2265,TH0032AV/viewpoint_simulated_193_surface0.pcd,Testing,2.0005862712860107,2.059666156768799,0.059079885482788086
2266,TH0032AV/viewpoint_simulated_194_surface0.pcd,Testing,1.9892845153808594,2.0595993995666504,0.07031488418579102
2267,TH0032AV/viewpoint_simulated_195_surface0.pcd,Testing,2.0336697101593018,1.979094386100769,0.054575324058532715
2268,TH0032AV/viewpoint_simulated_196_surface0.pcd,Testing,2.1049225330352783,1.9835230112075806,0.12139952182769775
2269,TH0032AV/viewpoint_simulated_197_surface0.pcd,Testing,2.000023603439331,2.0047378540039062,0.004714250564575195
2270,TH0032AV/viewpoint_simulated_198_surface0.pcd,Testing,2.074298620223999,2.020303726196289,0.05399489402770996
2271,TH0032AV/viewpoint_simulated_199_surface0.pcd,Testing,1.9595746994018555,2.027592182159424,0.06801748275756836
2272,TH0032AV/viewpoint_simulated_2_surface0.pcd,Testing,1.915832757949829,1.9056276082992554,0.01020514965057373
2273,TH0032AV/viewpoint_simulated_20_surface0.pcd,Testing,2.0409748554229736,1.905494213104248,0.13548064231872559
2274,TH0032AV/viewpoint_simulated_200_surface0.pcd,Testing,2.0752174854278564,2.042374849319458,0.03284263610839844
2275,TH0032AV/viewpoint_simulated_201_surface0.pcd,Testing,1.8511322736740112,1.9913915395736694,0.1402592658996582
2276,TH0032AV/viewpoint_simulated_202_surface0.pcd,Testing,2.152475357055664,2.008213520050049,0.14426183700561523
2277,TH0032AV/viewpoint_simulated_203_surface0.pcd,Testing,1.9202494621276855,1.995606541633606,0.07535707950592041
2278,TH0032AV/viewpoint_simulated_204_surface0.pcd,Testing,2.052370309829712,2.0572621822357178,0.004891872406005859
2279,TH0032AV/viewpoint_simulated_205_surface0.pcd,Testing,2.169003963470459,2.087550163269043,0.08145380020141602
2280,TH0032AV/viewpoint_simulated_206_surface0.pcd,Testing,2.0997180938720703,2.097318172454834,0.002399921417236328
2281,TH0032AV/viewpoint_simulated_207_surface0.pcd,Testing,2.0524449348449707,2.020467758178711,0.031977176666259766
2282,TH0032AV/viewpoint_simulated_208_surface0.pcd,Testing,2.1355271339416504,2.0029172897338867,0.13260984420776367
2283,TH0032AV/viewpoint_simulated_209_surface0.pcd,Testing,1.9405030012130737,2.0184271335601807,0.07792413234710693
2284,TH0032AV/viewpoint_simulated_21_surface0.pcd,Testing,1.9932641983032227,1.883456826210022,0.10980737209320068
2285,TH0032AV/viewpoint_simulated_210_surface0.pcd,Testing,2.099062919616699,2.03251314163208,0.06654977798461914
2286,TH0032AV/viewpoint_simulated_211_surface0.pcd,Testing,2.061373472213745,2.061168670654297,0.0002048015594482422
2287,TH0032AV/viewpoint_simulated_212_surface0.pcd,Testing,2.0353786945343018,2.0471675395965576,0.01178884506225586
2288,TH0032AV/viewpoint_simulated_213_surface0.pcd,Testing,2.0792312622070312,2.056093692779541,0.023137569427490234
2289,TH0032AV/viewpoint_simulated_214_surface0.pcd,Testing,2.0690670013427734,2.0517239570617676,0.01734304428100586
2290,TH0032AV/viewpoint_simulated_215_surface0.pcd,Testing,1.8952361345291138,2.039154052734375,0.14391791820526123
2291,TH0032AV/viewpoint_simulated_22_surface0.pcd,Testing,2.044623374938965,1.9032124280929565,0.1414109468460083
2292,TH0032AV/viewpoint_simulated_23_surface0.pcd,Testing,1.8562815189361572,1.9035212993621826,0.04723978042602539
2293,TH0032AV/viewpoint_simulated_24_surface0.pcd,Testing,1.9075428247451782,1.9332796335220337,0.02573680877685547
2294,TH0032AV/viewpoint_simulated_25_surface0.pcd,Testing,1.9742240905761719,1.9659464359283447,0.008277654647827148
2295,TH0032AV/viewpoint_simulated_26_surface0.pcd,Testing,1.924440622329712,1.9660307168960571,0.041590094566345215
2296,TH0032AV/viewpoint_simulated_27_surface0.pcd,Testing,2.129279613494873,1.9480425119400024,0.1812371015548706
2297,TH0032AV/viewpoint_simulated_28_surface0.pcd,Testing,2.04298996925354,1.926538348197937,0.11645162105560303
2298,TH0032AV/viewpoint_simulated_29_surface0.pcd,Testing,2.1543490886688232,1.9572113752365112,0.197137713432312
2299,TH0032AV/viewpoint_simulated_3_surface0.pcd,Testing,2.0904455184936523,1.8991693258285522,0.1912761926651001
2300,TH0032AV/viewpoint_simulated_30_surface0.pcd,Testing,1.9923666715621948,1.9714646339416504,0.020902037620544434
2301,TH0032AV/viewpoint_simulated_31_surface0.pcd,Testing,1.9083607196807861,1.9717942476272583,0.06343352794647217
2302,TH0032AV/viewpoint_simulated_32_surface0.pcd,Testing,2.029132843017578,1.9713648557662964,0.05776798725128174
2303,TH0032AV/viewpoint_simulated_33_surface0.pcd,Testing,1.9358515739440918,1.9446814060211182,0.008829832077026367
2304,TH0032AV/viewpoint_simulated_34_surface0.pcd,Testing,2.04569935798645,1.927554726600647,0.11814463138580322
2305,TH0032AV/viewpoint_simulated_35_surface0.pcd,Testing,2.0456926822662354,1.9143532514572144,0.131339430809021
2306,TH0032AV/viewpoint_simulated_36_surface0.pcd,Testing,2.0367863178253174,1.9707905054092407,0.06599581241607666
2307,TH0032AV/viewpoint_simulated_37_surface0.pcd,Testing,1.9668737649917603,2.0142335891723633,0.04735982418060303
2308,TH0032AV/viewpoint_simulated_38_surface0.pcd,Testing,2.1072404384613037,2.0119171142578125,0.09532332420349121
2309,TH0032AV/viewpoint_simulated_39_surface0.pcd,Testing,2.1017532348632812,1.9430408477783203,0.15871238708496094
2310,TH0032AV/viewpoint_simulated_4_surface0.pcd,Testing,1.8735181093215942,1.9003334045410156,0.026815295219421387
2311,TH0032AV/viewpoint_simulated_40_surface0.pcd,Testing,2.0210988521575928,1.969194769859314,0.05190408229827881
2312,TH0032AV/viewpoint_simulated_41_surface0.pcd,Testing,2.0003836154937744,1.9855459928512573,0.01483762264251709
2313,TH0032AV/viewpoint_simulated_42_surface0.pcd,Testing,1.938492774963379,1.9950045347213745,0.056511759757995605
2314,TH0032AV/viewpoint_simulated_43_surface0.pcd,Testing,2.02559232711792,2.014293670654297,0.011298656463623047
2315,TH0032AV/viewpoint_simulated_44_surface0.pcd,Testing,2.068286657333374,2.011112689971924,0.057173967361450195
2316,TH0032AV/viewpoint_simulated_45_surface0.pcd,Testing,2.0144457817077637,1.986371636390686,0.028074145317077637
2317,TH0032AV/viewpoint_simulated_46_surface0.pcd,Testing,2.0217742919921875,1.9628926515579224,0.05888164043426514
2318,TH0032AV/viewpoint_simulated_47_surface0.pcd,Testing,2.077434778213501,1.9500041007995605,0.12743067741394043
2319,TH0032AV/viewpoint_simulated_48_surface0.pcd,Testing,2.1054999828338623,2.018831729888916,0.08666825294494629
2320,TH0032AV/viewpoint_simulated_49_surface0.pcd,Testing,1.9388374090194702,2.0604381561279297,0.12160074710845947
2321,TH0032AV/viewpoint_simulated_5_surface0.pcd,Testing,1.962816834449768,1.9103718996047974,0.0524449348449707
2322,TH0032AV/viewpoint_simulated_50_surface0.pcd,Testing,1.974770426750183,2.06093168258667,0.08616125583648682
2323,TH0032AV/viewpoint_simulated_51_surface0.pcd,Testing,2.0044960975646973,2.012615203857422,0.00811910629272461
2324,TH0032AV/viewpoint_simulated_52_surface0.pcd,Testing,1.8605245351791382,1.984864592552185,0.12434005737304688
2325,TH0032AV/viewpoint_simulated_53_surface0.pcd,Testing,2.2078423500061035,2.0061492919921875,0.20169305801391602
2326,TH0032AV/viewpoint_simulated_54_surface0.pcd,Testing,2.0041768550872803,2.021475076675415,0.017298221588134766
2327,TH0032AV/viewpoint_simulated_55_surface0.pcd,Testing,1.9823031425476074,2.0288357734680176,0.046532630920410156
2328,TH0032AV/viewpoint_simulated_56_surface0.pcd,Testing,1.9727346897125244,2.0436363220214844,0.07090163230895996
2329,TH0032AV/viewpoint_simulated_57_surface0.pcd,Testing,2.100787878036499,2.0226364135742188,0.07815146446228027
2330,TH0032AV/viewpoint_simulated_58_surface0.pcd,Testing,2.1341493129730225,2.008849859237671,0.12529945373535156
2331,TH0032AV/viewpoint_simulated_59_surface0.pcd,Testing,2.067983865737915,1.996444821357727,0.07153904438018799
2332,TH0032AV/viewpoint_simulated_6_surface0.pcd,Testing,2.068650484085083,1.9143589735031128,0.15429151058197021
2333,TH0032AV/viewpoint_simulated_60_surface0.pcd,Testing,2.031853437423706,2.0608744621276855,0.029021024703979492
2334,TH0032AV/viewpoint_simulated_61_surface0.pcd,Testing,1.9768908023834229,2.0877647399902344,0.11087393760681152
2335,TH0032AV/viewpoint_simulated_62_surface0.pcd,Testing,2.06618595123291,2.0975942611694336,0.03140830993652344
2336,TH0032AV/viewpoint_simulated_63_surface0.pcd,Testing,2.0920774936676025,2.0222978591918945,0.06977963447570801
2337,TH0032AV/viewpoint_simulated_64_surface0.pcd,Testing,2.04645037651062,2.0046396255493164,0.04181075096130371
2338,TH0032AV/viewpoint_simulated_65_surface0.pcd,Testing,1.9947049617767334,2.019925355911255,0.025220394134521484
2339,TH0032AV/viewpoint_simulated_66_surface0.pcd,Testing,2.085099220275879,2.0426430702209473,0.04245615005493164
2340,TH0032AV/viewpoint_simulated_67_surface0.pcd,Testing,2.025698184967041,2.0619306564331055,0.03623247146606445
2341,TH0032AV/viewpoint_simulated_68_surface0.pcd,Testing,2.0756571292877197,2.0482146739959717,0.027442455291748047
2342,TH0032AV/viewpoint_simulated_69_surface0.pcd,Testing,2.0729904174804688,2.061652183532715,0.011338233947753906
2343,TH0032AV/viewpoint_simulated_7_surface0.pcd,Testing,2.0918984413146973,1.9135764837265015,0.1783219575881958
2344,TH0032AV/viewpoint_simulated_70_surface0.pcd,Testing,1.99919593334198,2.0524799823760986,0.05328404903411865
2345,TH0032AV/viewpoint_simulated_71_surface0.pcd,Testing,2.082324743270874,2.0391154289245605,0.04320931434631348
2346,TH0032AV/viewpoint_simulated_72_surface0.pcd,Testing,2.101766586303711,1.9007292985916138,0.20103728771209717
2347,TH0032AV/viewpoint_simulated_73_surface0.pcd,Testing,1.9270172119140625,1.9064713716506958,0.0205458402633667
2348,TH0032AV/viewpoint_simulated_74_surface0.pcd,Testing,1.878846526145935,1.9016889333724976,0.0228424072265625
2349,TH0032AV/viewpoint_simulated_75_surface0.pcd,Testing,2.022376298904419,1.8972662687301636,0.12511003017425537
2350,TH0032AV/viewpoint_simulated_76_surface0.pcd,Testing,2.118806838989258,1.8985098600387573,0.2202969789505005
2351,TH0032AV/viewpoint_simulated_77_surface0.pcd,Testing,1.905726671218872,1.91022789478302,0.004501223564147949
2352,TH0032AV/viewpoint_simulated_78_surface0.pcd,Testing,1.9863568544387817,1.913260817527771,0.07309603691101074
2353,TH0032AV/viewpoint_simulated_79_surface0.pcd,Testing,1.9858633279800415,1.9123378992080688,0.07352542877197266
2354,TH0032AV/viewpoint_simulated_8_surface0.pcd,Testing,2.1098825931549072,1.907810091972351,0.20207250118255615
2355,TH0032AV/viewpoint_simulated_80_surface0.pcd,Testing,2.0204365253448486,1.9067753553390503,0.11366117000579834
2356,TH0032AV/viewpoint_simulated_81_surface0.pcd,Testing,1.9264099597930908,1.8748000860214233,0.05160987377166748
2357,TH0032AV/viewpoint_simulated_82_surface0.pcd,Testing,1.998964786529541,1.8779247999191284,0.1210399866104126
2358,TH0032AV/viewpoint_simulated_83_surface0.pcd,Testing,1.9851775169372559,1.8980118036270142,0.0871657133102417
2359,TH0032AV/viewpoint_simulated_84_surface0.pcd,Testing,1.94581139087677,1.9101125001907349,0.035698890686035156
2360,TH0032AV/viewpoint_simulated_85_surface0.pcd,Testing,2.019343376159668,1.9302347898483276,0.08910858631134033
2361,TH0032AV/viewpoint_simulated_86_surface0.pcd,Testing,1.9083212614059448,1.9349290132522583,0.026607751846313477
2362,TH0032AV/viewpoint_simulated_87_surface0.pcd,Testing,1.9164899587631226,1.927422046661377,0.010932087898254395
2363,TH0032AV/viewpoint_simulated_88_surface0.pcd,Testing,1.9249353408813477,1.9102753400802612,0.014660000801086426
2364,TH0032AV/viewpoint_simulated_89_surface0.pcd,Testing,2.0533816814422607,1.926509141921997,0.12687253952026367
2365,TH0032AV/viewpoint_simulated_9_surface0.pcd,Testing,2.0979068279266357,1.9018458127975464,0.19606101512908936
2366,TH0032AV/viewpoint_simulated_90_surface0.pcd,Testing,2.0421900749206543,1.9360212087631226,0.10616886615753174
2367,TH0032AV/viewpoint_simulated_91_surface0.pcd,Testing,2.0531466007232666,1.9359687566757202,0.11717784404754639
2368,TH0032AV/viewpoint_simulated_92_surface0.pcd,Testing,1.941474199295044,1.9046539068222046,0.036820292472839355
2369,TH0032AV/viewpoint_simulated_93_surface0.pcd,Testing,2.058542490005493,1.8898788690567017,0.1686636209487915
2370,TH0032AV/viewpoint_simulated_94_surface0.pcd,Testing,1.9899652004241943,1.9024566411972046,0.08750855922698975
2371,TH0032AV/viewpoint_simulated_95_surface0.pcd,Testing,2.190807342529297,1.902421236038208,0.28838610649108887
2372,TH0032AV/viewpoint_simulated_96_surface0.pcd,Testing,1.994246006011963,1.9326027631759644,0.061643242835998535
2373,TH0032AV/viewpoint_simulated_97_surface0.pcd,Testing,2.0843679904937744,1.9651275873184204,0.119240403175354
2374,TH0032AV/viewpoint_simulated_98_surface0.pcd,Testing,2.0321578979492188,1.964642882347107,0.06751501560211182
2375,TH0032AV/viewpoint_simulated_99_surface0.pcd,Testing,2.0089612007141113,1.9469120502471924,0.062049150466918945
2376,TH0032AV/viewpoint_simulated_0_surface1.pcd,Testing,2.305295705795288,2.1755313873291016,0.12976431846618652
2377,TH0032AV/viewpoint_simulated_1_surface1.pcd,Testing,2.211895704269409,2.157815933227539,0.05407977104187012
2378,TH0032AV/viewpoint_simulated_10_surface1.pcd,Testing,2.2325456142425537,2.2130110263824463,0.019534587860107422
2379,TH0032AV/viewpoint_simulated_100_surface1.pcd,Testing,2.2233266830444336,2.2671380043029785,0.04381132125854492
2380,TH0032AV/viewpoint_simulated_101_surface1.pcd,Testing,2.2621278762817383,2.3003406524658203,0.03821277618408203
2381,TH0032AV/viewpoint_simulated_102_surface1.pcd,Testing,2.2701306343078613,2.3287973403930664,0.05866670608520508
2382,TH0032AV/viewpoint_simulated_103_surface1.pcd,Testing,2.3155839443206787,2.2489523887634277,0.06663155555725098
2383,TH0032AV/viewpoint_simulated_104_surface1.pcd,Testing,2.276076316833496,2.2825465202331543,0.006470203399658203
2384,TH0032AV/viewpoint_simulated_105_surface1.pcd,Testing,2.2124428749084473,2.263284206390381,0.050841331481933594
2385,TH0032AV/viewpoint_simulated_106_surface1.pcd,Testing,2.23067045211792,2.229710578918457,0.0009598731994628906
2386,TH0032AV/viewpoint_simulated_107_surface1.pcd,Testing,2.1781013011932373,2.2219550609588623,0.043853759765625
2387,TH0032AV/viewpoint_simulated_108_surface1.pcd,Testing,2.125675678253174,2.197568416595459,0.07189273834228516
2388,TH0032AV/viewpoint_simulated_109_surface1.pcd,Testing,2.2785208225250244,2.2276134490966797,0.05090737342834473
2389,TH0032AV/viewpoint_simulated_11_surface1.pcd,Testing,2.093024253845215,2.204082489013672,0.11105823516845703
2390,TH0032AV/viewpoint_simulated_110_surface1.pcd,Testing,2.272094488143921,2.1996841430664062,0.07241034507751465
2391,TH0032AV/viewpoint_simulated_111_surface1.pcd,Testing,2.295581340789795,2.2900285720825195,0.005552768707275391
2392,TH0032AV/viewpoint_simulated_112_surface1.pcd,Testing,2.2855217456817627,2.2833051681518555,0.0022165775299072266
2393,TH0032AV/viewpoint_simulated_113_surface1.pcd,Testing,2.1448721885681152,2.3109941482543945,0.1661219596862793
2394,TH0032AV/viewpoint_simulated_114_surface1.pcd,Testing,2.2958438396453857,2.2986907958984375,0.002846956253051758
2395,TH0032AV/viewpoint_simulated_115_surface1.pcd,Testing,2.248880624771118,2.2440197467803955,0.004860877990722656
2396,TH0032AV/viewpoint_simulated_116_surface1.pcd,Testing,2.364884614944458,2.2645411491394043,0.10034346580505371
2397,TH0032AV/viewpoint_simulated_117_surface1.pcd,Testing,2.111562967300415,2.2553091049194336,0.14374613761901855
2398,TH0032AV/viewpoint_simulated_118_surface1.pcd,Testing,2.265690565109253,2.2359533309936523,0.029737234115600586
2399,TH0032AV/viewpoint_simulated_119_surface1.pcd,Testing,2.1551997661590576,2.2367610931396484,0.08156132698059082
2400,TH0032AV/viewpoint_simulated_12_surface1.pcd,Testing,2.1486456394195557,2.1877150535583496,0.039069414138793945
2401,TH0032AV/viewpoint_simulated_120_surface1.pcd,Testing,2.3637590408325195,2.238539218902588,0.12521982192993164
2402,TH0032AV/viewpoint_simulated_121_surface1.pcd,Testing,2.2881228923797607,2.2490267753601074,0.03909611701965332
2403,TH0032AV/viewpoint_simulated_122_surface1.pcd,Testing,2.3206584453582764,2.2163944244384766,0.1042640209197998
2404,TH0032AV/viewpoint_simulated_123_surface1.pcd,Testing,2.2105863094329834,2.295410633087158,0.0848243236541748
2405,TH0032AV/viewpoint_simulated_124_surface1.pcd,Testing,2.240870475769043,2.3097119331359863,0.06884145736694336
2406,TH0032AV/viewpoint_simulated_125_surface1.pcd,Testing,2.3677496910095215,2.298607349395752,0.06914234161376953
2407,TH0032AV/viewpoint_simulated_126_surface1.pcd,Testing,2.3706586360931396,2.319934368133545,0.05072426795959473
2408,TH0032AV/viewpoint_simulated_127_surface1.pcd,Testing,2.2847301959991455,2.2459006309509277,0.03882956504821777
2409,TH0032AV/viewpoint_simulated_128_surface1.pcd,Testing,2.194254159927368,2.2537121772766113,0.059458017349243164
2410,TH0032AV/viewpoint_simulated_129_surface1.pcd,Testing,2.194032669067383,2.230166435241699,0.036133766174316406
2411,TH0032AV/viewpoint_simulated_13_surface1.pcd,Testing,2.111178159713745,2.1574034690856934,0.04622530937194824
2412,TH0032AV/viewpoint_simulated_130_surface1.pcd,Testing,2.3971993923187256,2.242316722869873,0.15488266944885254
2413,TH0032AV/viewpoint_simulated_131_surface1.pcd,Testing,2.2573065757751465,2.3056325912475586,0.04832601547241211
2414,TH0032AV/viewpoint_simulated_132_surface1.pcd,Testing,2.2301111221313477,2.2714056968688965,0.04129457473754883
2415,TH0032AV/viewpoint_simulated_133_surface1.pcd,Testing,2.1524641513824463,2.2490553855895996,0.09659123420715332
2416,TH0032AV/viewpoint_simulated_134_surface1.pcd,Testing,2.2372119426727295,2.2280097007751465,0.009202241897583008
2417,TH0032AV/viewpoint_simulated_135_surface1.pcd,Testing,2.2732768058776855,2.2769598960876465,0.0036830902099609375
2418,TH0032AV/viewpoint_simulated_136_surface1.pcd,Testing,2.2945942878723145,2.3158154487609863,0.021221160888671875
2419,TH0032AV/viewpoint_simulated_137_surface1.pcd,Testing,2.3348116874694824,2.2956032752990723,0.039208412170410156
2420,TH0032AV/viewpoint_simulated_138_surface1.pcd,Testing,2.2132952213287354,2.31437087059021,0.10107564926147461
2421,TH0032AV/viewpoint_simulated_139_surface1.pcd,Testing,2.3182990550994873,2.243225574493408,0.0750734806060791
2422,TH0032AV/viewpoint_simulated_14_surface1.pcd,Testing,2.2193429470062256,2.1588428020477295,0.060500144958496094
2423,TH0032AV/viewpoint_simulated_140_surface1.pcd,Testing,2.175359010696411,2.2337045669555664,0.05834555625915527
2424,TH0032AV/viewpoint_simulated_141_surface1.pcd,Testing,2.3405191898345947,2.2126572132110596,0.12786197662353516
2425,TH0032AV/viewpoint_simulated_142_surface1.pcd,Testing,2.282585859298706,2.235684394836426,0.04690146446228027
2426,TH0032AV/viewpoint_simulated_143_surface1.pcd,Testing,2.3370912075042725,2.327256202697754,0.009835004806518555
2427,TH0032AV/viewpoint_simulated_144_surface1.pcd,Testing,2.1550681591033936,2.195150852203369,0.040082693099975586
2428,TH0032AV/viewpoint_simulated_145_surface1.pcd,Testing,2.0823659896850586,2.151994228363037,0.06962823867797852
2429,TH0032AV/viewpoint_simulated_146_surface1.pcd,Testing,2.2607386112213135,2.152594566345215,0.10814404487609863
2430,TH0032AV/viewpoint_simulated_147_surface1.pcd,Testing,2.417795181274414,2.209308624267578,0.20848655700683594
2431,TH0032AV/viewpoint_simulated_148_surface1.pcd,Testing,2.016826629638672,2.2125468254089355,0.19572019577026367
2432,TH0032AV/viewpoint_simulated_149_surface1.pcd,Testing,2.205411195755005,2.224057674407959,0.0186464786529541
2433,TH0032AV/viewpoint_simulated_15_surface1.pcd,Testing,2.273710012435913,2.225006580352783,0.04870343208312988
2434,TH0032AV/viewpoint_simulated_150_surface1.pcd,Testing,2.306694984436035,2.2364306449890137,0.07026433944702148
2435,TH0032AV/viewpoint_simulated_151_surface1.pcd,Testing,2.2617242336273193,2.234809160232544,0.02691507339477539
2436,TH0032AV/viewpoint_simulated_152_surface1.pcd,Testing,2.209676504135132,2.2622241973876953,0.05254769325256348
2437,TH0032AV/viewpoint_simulated_153_surface1.pcd,Testing,2.4178948402404785,2.2509536743164062,0.16694116592407227
2438,TH0032AV/viewpoint_simulated_154_surface1.pcd,Testing,2.3536083698272705,2.222414255142212,0.1311941146850586
2439,TH0032AV/viewpoint_simulated_155_surface1.pcd,Testing,2.1263179779052734,2.207988739013672,0.08167076110839844
2440,TH0032AV/viewpoint_simulated_156_surface1.pcd,Testing,2.143847703933716,2.1907899379730225,0.04694223403930664
2441,TH0032AV/viewpoint_simulated_157_surface1.pcd,Testing,2.2319653034210205,2.1584842205047607,0.07348108291625977
2442,TH0032AV/viewpoint_simulated_158_surface1.pcd,Testing,2.1001482009887695,2.1610188484191895,0.06087064743041992
2443,TH0032AV/viewpoint_simulated_159_surface1.pcd,Testing,1.9823710918426514,2.232954502105713,0.2505834102630615
2444,TH0032AV/viewpoint_simulated_16_surface1.pcd,Testing,2.1906256675720215,2.2313780784606934,0.040752410888671875
2445,TH0032AV/viewpoint_simulated_160_surface1.pcd,Testing,2.0996451377868652,2.236027479171753,0.1363823413848877
2446,TH0032AV/viewpoint_simulated_161_surface1.pcd,Testing,2.2621653079986572,2.2661468982696533,0.003981590270996094
2447,TH0032AV/viewpoint_simulated_162_surface1.pcd,Testing,2.100632667541504,2.2361197471618652,0.13548707962036133
2448,TH0032AV/viewpoint_simulated_163_surface1.pcd,Testing,2.3912837505340576,2.2431321144104004,0.14815163612365723
2449,TH0032AV/viewpoint_simulated_164_surface1.pcd,Testing,2.123792886734009,2.285893678665161,0.16210079193115234
2450,TH0032AV/viewpoint_simulated_165_surface1.pcd,Testing,2.1949622631073,2.2519309520721436,0.05696868896484375
2451,TH0032AV/viewpoint_simulated_166_surface1.pcd,Testing,2.3188767433166504,2.2250962257385254,0.093780517578125
2452,TH0032AV/viewpoint_simulated_167_surface1.pcd,Testing,2.22358775138855,2.2265639305114746,0.0029761791229248047
2453,TH0032AV/viewpoint_simulated_168_surface1.pcd,Testing,2.3075573444366455,2.189762592315674,0.11779475212097168
2454,TH0032AV/viewpoint_simulated_169_surface1.pcd,Testing,2.191483736038208,2.190176486968994,0.0013072490692138672
2455,TH0032AV/viewpoint_simulated_17_surface1.pcd,Testing,2.27349591255188,2.2601771354675293,0.013318777084350586
2456,TH0032AV/viewpoint_simulated_170_surface1.pcd,Testing,2.2637412548065186,2.1735949516296387,0.09014630317687988
2457,TH0032AV/viewpoint_simulated_171_surface1.pcd,Testing,2.1517844200134277,2.27078914642334,0.11900472640991211
2458,TH0032AV/viewpoint_simulated_172_surface1.pcd,Testing,2.1623382568359375,2.264252185821533,0.1019139289855957
2459,TH0032AV/viewpoint_simulated_173_surface1.pcd,Testing,2.3235249519348145,2.2979331016540527,0.02559185028076172
2460,TH0032AV/viewpoint_simulated_174_surface1.pcd,Testing,2.1200485229492188,2.24202299118042,0.12197446823120117
2461,TH0032AV/viewpoint_simulated_175_surface1.pcd,Testing,2.124246120452881,2.248232841491699,0.12398672103881836
2462,TH0032AV/viewpoint_simulated_176_surface1.pcd,Testing,2.2394983768463135,2.2791504859924316,0.039652109146118164
2463,TH0032AV/viewpoint_simulated_177_surface1.pcd,Testing,2.178567409515381,2.2645649909973145,0.0859975814819336
2464,TH0032AV/viewpoint_simulated_178_surface1.pcd,Testing,2.346034526824951,2.231001853942871,0.11503267288208008
2465,TH0032AV/viewpoint_simulated_179_surface1.pcd,Testing,2.186835289001465,2.2295587062835693,0.04272341728210449
2466,TH0032AV/viewpoint_simulated_18_surface1.pcd,Testing,2.3431615829467773,2.3182175159454346,0.024944067001342773
2467,TH0032AV/viewpoint_simulated_180_surface1.pcd,Testing,2.3710687160491943,2.2078819274902344,0.16318678855895996
2468,TH0032AV/viewpoint_simulated_181_surface1.pcd,Testing,2.3976898193359375,2.233933925628662,0.1637558937072754
2469,TH0032AV/viewpoint_simulated_182_surface1.pcd,Testing,2.1178174018859863,2.2015843391418457,0.08376693725585938
2470,TH0032AV/viewpoint_simulated_183_surface1.pcd,Testing,2.321707248687744,2.291078567504883,0.030628681182861328
2471,TH0032AV/viewpoint_simulated_184_surface1.pcd,Testing,2.209531784057617,2.288724660873413,0.0791928768157959
2472,TH0032AV/viewpoint_simulated_185_surface1.pcd,Testing,2.3213467597961426,2.305117607116699,0.01622915267944336
2473,TH0032AV/viewpoint_simulated_186_surface1.pcd,Testing,2.1892237663269043,2.2341697216033936,0.04494595527648926
2474,TH0032AV/viewpoint_simulated_187_surface1.pcd,Testing,2.29789400100708,2.242361068725586,0.05553293228149414
2475,TH0032AV/viewpoint_simulated_188_surface1.pcd,Testing,2.436426877975464,2.267526626586914,0.1689002513885498
2476,TH0032AV/viewpoint_simulated_189_surface1.pcd,Testing,2.1569154262542725,2.2540833950042725,0.09716796875
2477,TH0032AV/viewpoint_simulated_19_surface1.pcd,Testing,2.2485275268554688,2.2454004287719727,0.0031270980834960938
2478,TH0032AV/viewpoint_simulated_190_surface1.pcd,Testing,2.192411422729492,2.2421789169311523,0.049767494201660156
2479,TH0032AV/viewpoint_simulated_191_surface1.pcd,Testing,2.408931255340576,2.240072727203369,0.16885852813720703
2480,TH0032AV/viewpoint_simulated_192_surface1.pcd,Testing,2.3139150142669678,2.25211763381958,0.061797380447387695
2481,TH0032AV/viewpoint_simulated_193_surface1.pcd,Testing,2.333772659301758,2.2418079376220703,0.0919647216796875
2482,TH0032AV/viewpoint_simulated_194_surface1.pcd,Testing,2.2047886848449707,2.2143044471740723,0.009515762329101562
2483,TH0032AV/viewpoint_simulated_195_surface1.pcd,Testing,2.2853729724884033,2.2951173782348633,0.009744405746459961
2484,TH0032AV/viewpoint_simulated_196_surface1.pcd,Testing,2.2914459705352783,2.305060386657715,0.013614416122436523
2485,TH0032AV/viewpoint_simulated_197_surface1.pcd,Testing,2.2771177291870117,2.293879270553589,0.01676154136657715
2486,TH0032AV/viewpoint_simulated_198_surface1.pcd,Testing,2.3921492099761963,2.2501797676086426,0.1419694423675537
2487,TH0032AV/viewpoint_simulated_199_surface1.pcd,Testing,2.1296191215515137,2.239485502243042,0.10986638069152832
2488,TH0032AV/viewpoint_simulated_2_surface1.pcd,Testing,2.1153297424316406,2.1517982482910156,0.036468505859375
2489,TH0032AV/viewpoint_simulated_20_surface1.pcd,Testing,2.392843246459961,2.3097922801971436,0.08305096626281738
2490,TH0032AV/viewpoint_simulated_200_surface1.pcd,Testing,2.1653146743774414,2.2532386779785156,0.08792400360107422
2491,TH0032AV/viewpoint_simulated_201_surface1.pcd,Testing,2.2403225898742676,2.2294726371765137,0.010849952697753906
2492,TH0032AV/viewpoint_simulated_202_surface1.pcd,Testing,2.131962299346924,2.2450289726257324,0.1130666732788086
2493,TH0032AV/viewpoint_simulated_203_surface1.pcd,Testing,2.4727742671966553,2.3064537048339844,0.1663205623626709
2494,TH0032AV/viewpoint_simulated_204_surface1.pcd,Testing,2.1385374069213867,2.2736830711364746,0.1351456642150879
2495,TH0032AV/viewpoint_simulated_205_surface1.pcd,Testing,2.3402771949768066,2.252225875854492,0.08805131912231445
2496,TH0032AV/viewpoint_simulated_206_surface1.pcd,Testing,2.3695645332336426,2.2305612564086914,0.13900327682495117
2497,TH0032AV/viewpoint_simulated_207_surface1.pcd,Testing,2.2632431983947754,2.2777466773986816,0.01450347900390625
2498,TH0032AV/viewpoint_simulated_208_surface1.pcd,Testing,2.337693929672241,2.3126063346862793,0.025087594985961914
2499,TH0032AV/viewpoint_simulated_209_surface1.pcd,Testing,2.319648504257202,2.2930173873901367,0.02663111686706543
2500,TH0032AV/viewpoint_simulated_21_surface1.pcd,Testing,2.18141508102417,2.236253499984741,0.05483841896057129
2501,TH0032AV/viewpoint_simulated_210_surface1.pcd,Testing,2.1752443313598633,2.270458221435547,0.0952138900756836
2502,TH0032AV/viewpoint_simulated_211_surface1.pcd,Testing,2.210874080657959,2.240553379058838,0.029679298400878906
2503,TH0032AV/viewpoint_simulated_212_surface1.pcd,Testing,2.2791357040405273,2.231957197189331,0.04717850685119629
2504,TH0032AV/viewpoint_simulated_213_surface1.pcd,Testing,2.325362205505371,2.21354341506958,0.11181879043579102
2505,TH0032AV/viewpoint_simulated_214_surface1.pcd,Testing,2.340075731277466,2.2376694679260254,0.10240626335144043
2506,TH0032AV/viewpoint_simulated_215_surface1.pcd,Testing,2.4014968872070312,2.300441265106201,0.10105562210083008
2507,TH0032AV/viewpoint_simulated_22_surface1.pcd,Testing,2.258043050765991,2.2150251865386963,0.04301786422729492
2508,TH0032AV/viewpoint_simulated_23_surface1.pcd,Testing,2.174004316329956,2.213273763656616,0.039269447326660156
2509,TH0032AV/viewpoint_simulated_24_surface1.pcd,Testing,2.17504620552063,2.1862387657165527,0.011192560195922852
2510,TH0032AV/viewpoint_simulated_25_surface1.pcd,Testing,2.20173978805542,2.181518077850342,0.020221710205078125
2511,TH0032AV/viewpoint_simulated_26_surface1.pcd,Testing,2.2745254039764404,2.1688709259033203,0.10565447807312012
2512,TH0032AV/viewpoint_simulated_27_surface1.pcd,Testing,2.1372673511505127,2.2631468772888184,0.12587952613830566
2513,TH0032AV/viewpoint_simulated_28_surface1.pcd,Testing,2.3000435829162598,2.269972085952759,0.030071496963500977
2514,TH0032AV/viewpoint_simulated_29_surface1.pcd,Testing,2.439448356628418,2.3033699989318848,0.1360783576965332
2515,TH0032AV/viewpoint_simulated_3_surface1.pcd,Testing,2.242786407470703,2.202244997024536,0.04054141044616699
2516,TH0032AV/viewpoint_simulated_30_surface1.pcd,Testing,2.2171695232391357,2.3300271034240723,0.11285758018493652
2517,TH0032AV/viewpoint_simulated_31_surface1.pcd,Testing,2.4274988174438477,2.297053337097168,0.1304454803466797
2518,TH0032AV/viewpoint_simulated_32_surface1.pcd,Testing,2.3290293216705322,2.289524793624878,0.0395045280456543
2519,TH0032AV/viewpoint_simulated_33_surface1.pcd,Testing,2.3833937644958496,2.2548952102661133,0.12849855422973633
2520,TH0032AV/viewpoint_simulated_34_surface1.pcd,Testing,2.162271499633789,2.224655866622925,0.06238436698913574
2521,TH0032AV/viewpoint_simulated_35_surface1.pcd,Testing,2.261441230773926,2.219219207763672,0.042222023010253906
2522,TH0032AV/viewpoint_simulated_36_surface1.pcd,Testing,2.283517599105835,2.1915626525878906,0.09195494651794434
2523,TH0032AV/viewpoint_simulated_37_surface1.pcd,Testing,2.3582136631011963,2.228088140487671,0.1301255226135254
2524,TH0032AV/viewpoint_simulated_38_surface1.pcd,Testing,2.2684695720672607,2.194809913635254,0.07365965843200684
2525,TH0032AV/viewpoint_simulated_39_surface1.pcd,Testing,2.2067956924438477,2.2876148223876953,0.08081912994384766
2526,TH0032AV/viewpoint_simulated_4_surface1.pcd,Testing,2.2996182441711426,2.2072196006774902,0.09239864349365234
2527,TH0032AV/viewpoint_simulated_40_surface1.pcd,Testing,2.354997158050537,2.2922792434692383,0.06271791458129883
2528,TH0032AV/viewpoint_simulated_41_surface1.pcd,Testing,2.2810981273651123,2.3119821548461914,0.0308840274810791
2529,TH0032AV/viewpoint_simulated_42_surface1.pcd,Testing,2.342180013656616,2.333415985107422,0.008764028549194336
2530,TH0032AV/viewpoint_simulated_43_surface1.pcd,Testing,2.281550407409668,2.2565507888793945,0.024999618530273438
2531,TH0032AV/viewpoint_simulated_44_surface1.pcd,Testing,2.381439447402954,2.263876438140869,0.11756300926208496
2532,TH0032AV/viewpoint_simulated_45_surface1.pcd,Testing,2.235703468322754,2.2509803771972656,0.015276908874511719
2533,TH0032AV/viewpoint_simulated_46_surface1.pcd,Testing,2.338433027267456,2.235346794128418,0.10308623313903809
2534,TH0032AV/viewpoint_simulated_47_surface1.pcd,Testing,2.409376382827759,2.2340869903564453,0.17528939247131348
2535,TH0032AV/viewpoint_simulated_48_surface1.pcd,Testing,2.229743003845215,2.2232041358947754,0.006538867950439453
2536,TH0032AV/viewpoint_simulated_49_surface1.pcd,Testing,2.2895798683166504,2.2521090507507324,0.03747081756591797
2537,TH0032AV/viewpoint_simulated_5_surface1.pcd,Testing,2.290611743927002,2.203327178955078,0.08728456497192383
2538,TH0032AV/viewpoint_simulated_50_surface1.pcd,Testing,2.286202907562256,2.213103771209717,0.07309913635253906
2539,TH0032AV/viewpoint_simulated_51_surface1.pcd,Testing,2.3173420429229736,2.2994771003723145,0.01786494255065918
2540,TH0032AV/viewpoint_simulated_52_surface1.pcd,Testing,2.311246633529663,2.3158559799194336,0.004609346389770508
2541,TH0032AV/viewpoint_simulated_53_surface1.pcd,Testing,2.258344888687134,2.2989702224731445,0.04062533378601074
2542,TH0032AV/viewpoint_simulated_54_surface1.pcd,Testing,2.345029592514038,2.333632469177246,0.011397123336791992
2543,TH0032AV/viewpoint_simulated_55_surface1.pcd,Testing,2.229320526123047,2.243717670440674,0.014397144317626953
2544,TH0032AV/viewpoint_simulated_56_surface1.pcd,Testing,2.220632553100586,2.262788772583008,0.042156219482421875
2545,TH0032AV/viewpoint_simulated_57_surface1.pcd,Testing,2.1249616146087646,2.2249326705932617,0.09997105598449707
2546,TH0032AV/viewpoint_simulated_58_surface1.pcd,Testing,2.2847440242767334,2.235672950744629,0.04907107353210449
2547,TH0032AV/viewpoint_simulated_59_surface1.pcd,Testing,2.3657524585723877,2.3095414638519287,0.056210994720458984
2548,TH0032AV/viewpoint_simulated_6_surface1.pcd,Testing,2.148909091949463,2.252502918243408,0.10359382629394531
2549,TH0032AV/viewpoint_simulated_60_surface1.pcd,Testing,2.3217177391052246,2.262545585632324,0.05917215347290039
2550,TH0032AV/viewpoint_simulated_61_surface1.pcd,Testing,2.239565134048462,2.251730442047119,0.012165307998657227
2551,TH0032AV/viewpoint_simulated_62_surface1.pcd,Testing,2.3130383491516113,2.224705696105957,0.0883326530456543
2552,TH0032AV/viewpoint_simulated_63_surface1.pcd,Testing,2.3044116497039795,2.282477378845215,0.02193427085876465
2553,TH0032AV/viewpoint_simulated_64_surface1.pcd,Testing,2.3106110095977783,2.315530300140381,0.004919290542602539
2554,TH0032AV/viewpoint_simulated_65_surface1.pcd,Testing,2.1599745750427246,2.3000857830047607,0.14011120796203613
2555,TH0032AV/viewpoint_simulated_66_surface1.pcd,Testing,2.2240679264068604,2.3312063217163086,0.10713839530944824
2556,TH0032AV/viewpoint_simulated_67_surface1.pcd,Testing,2.336880922317505,2.2476916313171387,0.08918929100036621
2557,TH0032AV/viewpoint_simulated_68_surface1.pcd,Testing,2.2738473415374756,2.2355711460113525,0.03827619552612305
2558,TH0032AV/viewpoint_simulated_69_surface1.pcd,Testing,2.271092176437378,2.2144410610198975,0.05665111541748047
2559,TH0032AV/viewpoint_simulated_7_surface1.pcd,Testing,2.3032524585723877,2.2337164878845215,0.06953597068786621
2560,TH0032AV/viewpoint_simulated_70_surface1.pcd,Testing,2.140514612197876,2.228898048400879,0.08838343620300293
2561,TH0032AV/viewpoint_simulated_71_surface1.pcd,Testing,2.291795253753662,2.337372064590454,0.04557681083679199
2562,TH0032AV/viewpoint_simulated_72_surface1.pcd,Testing,2.108165740966797,2.18519926071167,0.07703351974487305
2563,TH0032AV/viewpoint_simulated_73_surface1.pcd,Testing,2.24198317527771,2.15797758102417,0.08400559425354004
2564,TH0032AV/viewpoint_simulated_74_surface1.pcd,Testing,2.1601808071136475,2.1518921852111816,0.00828862190246582
2565,TH0032AV/viewpoint_simulated_75_surface1.pcd,Testing,2.2544944286346436,2.2076032161712646,0.046891212463378906
2566,TH0032AV/viewpoint_simulated_76_surface1.pcd,Testing,2.2266485691070557,2.2111575603485107,0.015491008758544922
2567,TH0032AV/viewpoint_simulated_77_surface1.pcd,Testing,2.3445606231689453,2.216860771179199,0.1276998519897461
2568,TH0032AV/viewpoint_simulated_78_surface1.pcd,Testing,2.2058298587799072,2.283576488494873,0.07774662971496582
2569,TH0032AV/viewpoint_simulated_79_surface1.pcd,Testing,2.1336495876312256,2.2352237701416016,0.10157418251037598
2570,TH0032AV/viewpoint_simulated_8_surface1.pcd,Testing,2.3239951133728027,2.259542942047119,0.0644521713256836
2571,TH0032AV/viewpoint_simulated_80_surface1.pcd,Testing,2.3535051345825195,2.263741970062256,0.08976316452026367
2572,TH0032AV/viewpoint_simulated_81_surface1.pcd,Testing,2.3821258544921875,2.24839186668396,0.13373398780822754
2573,TH0032AV/viewpoint_simulated_82_surface1.pcd,Testing,2.169776439666748,2.217507839202881,0.04773139953613281
2574,TH0032AV/viewpoint_simulated_83_surface1.pcd,Testing,2.198693037033081,2.2070810794830322,0.008388042449951172
2575,TH0032AV/viewpoint_simulated_84_surface1.pcd,Testing,2.3731484413146973,2.189734935760498,0.18341350555419922
2576,TH0032AV/viewpoint_simulated_85_surface1.pcd,Testing,2.2096166610717773,2.1587471961975098,0.05086946487426758
2577,TH0032AV/viewpoint_simulated_86_surface1.pcd,Testing,2.173982620239258,2.160860061645508,0.01312255859375
2578,TH0032AV/viewpoint_simulated_87_surface1.pcd,Testing,2.186737537384033,2.2342584133148193,0.04752087593078613
2579,TH0032AV/viewpoint_simulated_88_surface1.pcd,Testing,2.1372952461242676,2.235994815826416,0.09869956970214844
2580,TH0032AV/viewpoint_simulated_89_surface1.pcd,Testing,2.1050145626068115,2.262329339981079,0.15731477737426758
2581,TH0032AV/viewpoint_simulated_9_surface1.pcd,Testing,2.184563398361206,2.239635467529297,0.05507206916809082
2582,TH0032AV/viewpoint_simulated_90_surface1.pcd,Testing,2.244386911392212,2.3229055404663086,0.07851862907409668
2583,TH0032AV/viewpoint_simulated_91_surface1.pcd,Testing,2.192462682723999,2.2451953887939453,0.05273270606994629
2584,TH0032AV/viewpoint_simulated_92_surface1.pcd,Testing,2.28311824798584,2.292362689971924,0.009244441986083984
2585,TH0032AV/viewpoint_simulated_93_surface1.pcd,Testing,2.245762825012207,2.24971342086792,0.003950595855712891
2586,TH0032AV/viewpoint_simulated_94_surface1.pcd,Testing,2.2402119636535645,2.2198944091796875,0.020317554473876953
2587,TH0032AV/viewpoint_simulated_95_surface1.pcd,Testing,2.28133487701416,2.222114086151123,0.05922079086303711
2588,TH0032AV/viewpoint_simulated_96_surface1.pcd,Testing,2.3905460834503174,2.1859023571014404,0.20464372634887695
2589,TH0032AV/viewpoint_simulated_97_surface1.pcd,Testing,2.1631691455841064,2.1887459754943848,0.02557682991027832
2590,TH0032AV/viewpoint_simulated_98_surface1.pcd,Testing,2.3225135803222656,2.1710853576660156,0.15142822265625
2591,TH0032AV/viewpoint_simulated_99_surface1.pcd,Testing,2.3348686695098877,2.266561985015869,0.06830668449401855
