Original_Index,Filename,Split,GroundTruth_CD,Predicted_CD,Error
0,TH0011AV/viewpoint_simulated_0_surface0.pcd,Testing,1.9374059438705444,1.9187452793121338,0.018660664558410645
1,TH0011AV/viewpoint_simulated_1_surface0.pcd,Testing,1.968840479850769,1.9219796657562256,0.04686081409454346
2,TH0011AV/viewpoint_simulated_10_surface0.pcd,Testing,1.969947099685669,1.9241743087768555,0.04577279090881348
3,TH0011AV/viewpoint_simulated_100_surface0.pcd,Testing,1.8592361211776733,1.917923092842102,0.05868697166442871
4,TH0011AV/viewpoint_simulated_101_surface0.pcd,Testing,2.1146299839019775,1.905155062675476,0.20947492122650146
5,TH0011AV/viewpoint_simulated_102_surface0.pcd,Testing,1.8915700912475586,1.8964396715164185,0.004869580268859863
6,TH0011AV/viewpoint_simulated_103_surface0.pcd,Testing,2.0341832637786865,1.8988510370254517,0.13533222675323486
7,TH0011AV/viewpoint_simulated_104_surface0.pcd,Testing,1.9817876815795898,1.913070559501648,0.0687171220779419
8,TH0011AV/viewpoint_simulated_105_surface0.pcd,Testing,2.027348756790161,1.9240858554840088,0.10326290130615234
9,TH0011AV/viewpoint_simulated_106_surface0.pcd,Testing,1.9215037822723389,1.924432396888733,0.002928614616394043
10,TH0011AV/viewpoint_simulated_107_surface0.pcd,Testing,2.0458824634552,1.9247767925262451,0.12110567092895508
11,TH0011AV/viewpoint_simulated_108_surface0.pcd,Testing,1.9603885412216187,1.9379751682281494,0.02241337299346924
12,TH0011AV/viewpoint_simulated_109_surface0.pcd,Testing,2.029000997543335,1.9516206979751587,0.07738029956817627
13,TH0011AV/viewpoint_simulated_11_surface0.pcd,Testing,1.8794660568237305,1.9257707595825195,0.04630470275878906
14,TH0011AV/viewpoint_simulated_110_surface0.pcd,Testing,2.0068747997283936,1.9443931579589844,0.06248164176940918
15,TH0011AV/viewpoint_simulated_111_surface0.pcd,Testing,1.8384422063827515,1.9225813150405884,0.08413910865783691
16,TH0011AV/viewpoint_simulated_112_surface0.pcd,Testing,2.0369346141815186,1.9245729446411133,0.11236166954040527
17,TH0011AV/viewpoint_simulated_113_surface0.pcd,Testing,1.9133939743041992,1.9060567617416382,0.007337212562561035
18,TH0011AV/viewpoint_simulated_114_surface0.pcd,Testing,2.0430500507354736,1.8954464197158813,0.14760363101959229
19,TH0011AV/viewpoint_simulated_115_surface0.pcd,Testing,1.8864980936050415,1.8840268850326538,0.0024712085723876953
20,TH0011AV/viewpoint_simulated_116_surface0.pcd,Testing,1.868637204170227,1.9011720418930054,0.03253483772277832
21,TH0011AV/viewpoint_simulated_117_surface0.pcd,Testing,2.026681900024414,1.9242597818374634,0.10242211818695068
22,TH0011AV/viewpoint_simulated_118_surface0.pcd,Testing,2.0873332023620605,1.9212558269500732,0.1660773754119873
23,TH0011AV/viewpoint_simulated_119_surface0.pcd,Testing,1.9461883306503296,1.920716404914856,0.025471925735473633
24,TH0011AV/viewpoint_simulated_12_surface0.pcd,Testing,2.0887019634246826,1.9302068948745728,0.15849506855010986
25,TH0011AV/viewpoint_simulated_120_surface0.pcd,Testing,2.0421361923217773,1.963409423828125,0.07872676849365234
26,TH0011AV/viewpoint_simulated_121_surface0.pcd,Testing,2.104750871658325,1.954367995262146,0.1503828763961792
27,TH0011AV/viewpoint_simulated_122_surface0.pcd,Testing,2.002326488494873,1.9471293687820435,0.05519711971282959
28,TH0011AV/viewpoint_simulated_123_surface0.pcd,Testing,1.9654338359832764,1.9380401372909546,0.027393698692321777
29,TH0011AV/viewpoint_simulated_124_surface0.pcd,Testing,2.020805835723877,1.9234685897827148,0.09733724594116211
30,TH0011AV/viewpoint_simulated_125_surface0.pcd,Testing,2.0883665084838867,1.8950456380844116,0.1933208703994751
31,TH0011AV/viewpoint_simulated_126_surface0.pcd,Testing,1.9588592052459717,1.8915998935699463,0.06725931167602539
32,TH0011AV/viewpoint_simulated_127_surface0.pcd,Testing,2.0658962726593018,1.8789992332458496,0.18689703941345215
33,TH0011AV/viewpoint_simulated_128_surface0.pcd,Testing,1.937657356262207,1.8831982612609863,0.0544590950012207
34,TH0011AV/viewpoint_simulated_129_surface0.pcd,Testing,2.19857120513916,1.917764663696289,0.2808065414428711
35,TH0011AV/viewpoint_simulated_13_surface0.pcd,Testing,1.9701825380325317,1.9316545724868774,0.0385279655456543
36,TH0011AV/viewpoint_simulated_130_surface0.pcd,Testing,2.0555663108825684,1.9172242879867554,0.138342022895813
37,TH0011AV/viewpoint_simulated_131_surface0.pcd,Testing,2.0527234077453613,1.939978003501892,0.11274540424346924
38,TH0011AV/viewpoint_simulated_132_surface0.pcd,Testing,2.124321699142456,1.9813121557235718,0.14300954341888428
39,TH0011AV/viewpoint_simulated_133_surface0.pcd,Testing,2.0662729740142822,1.9687224626541138,0.09755051136016846
40,TH0011AV/viewpoint_simulated_134_surface0.pcd,Testing,2.1543309688568115,1.9646979570388794,0.18963301181793213
41,TH0011AV/viewpoint_simulated_135_surface0.pcd,Testing,2.009798288345337,1.9453909397125244,0.0644073486328125
42,TH0011AV/viewpoint_simulated_136_surface0.pcd,Testing,1.9880694150924683,1.9269672632217407,0.06110215187072754
43,TH0011AV/viewpoint_simulated_137_surface0.pcd,Testing,2.060772180557251,1.8857158422470093,0.1750563383102417
44,TH0011AV/viewpoint_simulated_138_surface0.pcd,Testing,2.0025758743286133,1.8852955102920532,0.11728036403656006
45,TH0011AV/viewpoint_simulated_139_surface0.pcd,Testing,2.2598822116851807,1.876581072807312,0.38330113887786865
46,TH0011AV/viewpoint_simulated_14_surface0.pcd,Testing,1.8850592374801636,1.9280222654342651,0.04296302795410156
47,TH0011AV/viewpoint_simulated_140_surface0.pcd,Testing,1.9736661911010742,1.878230094909668,0.09543609619140625
48,TH0011AV/viewpoint_simulated_141_surface0.pcd,Testing,2.0387165546417236,1.9085966348648071,0.1301199197769165
49,TH0011AV/viewpoint_simulated_142_surface0.pcd,Testing,2.0118534564971924,1.915431022644043,0.09642243385314941
50,TH0011AV/viewpoint_simulated_143_surface0.pcd,Testing,2.0904247760772705,1.9654120206832886,0.12501275539398193
51,TH0011AV/viewpoint_simulated_144_surface0.pcd,Testing,1.9978418350219727,1.9212592840194702,0.07658255100250244
52,TH0011AV/viewpoint_simulated_145_surface0.pcd,Testing,1.9500752687454224,1.9196168184280396,0.030458450317382812
53,TH0011AV/viewpoint_simulated_146_surface0.pcd,Testing,2.11440372467041,1.9186687469482422,0.19573497772216797
54,TH0011AV/viewpoint_simulated_147_surface0.pcd,Testing,1.9027674198150635,1.9111584424972534,0.008391022682189941
55,TH0011AV/viewpoint_simulated_148_surface0.pcd,Testing,2.088059902191162,1.9112259149551392,0.17683398723602295
56,TH0011AV/viewpoint_simulated_149_surface0.pcd,Testing,1.9706401824951172,1.911155343055725,0.05948483943939209
57,TH0011AV/viewpoint_simulated_15_surface0.pcd,Testing,1.9321686029434204,1.9195297956466675,0.01263880729675293
58,TH0011AV/viewpoint_simulated_150_surface0.pcd,Testing,1.9912781715393066,1.9103206396102905,0.08095753192901611
59,TH0011AV/viewpoint_simulated_151_surface0.pcd,Testing,2.00093150138855,1.9134891033172607,0.08744239807128906
60,TH0011AV/viewpoint_simulated_152_surface0.pcd,Testing,1.796446442604065,1.911807656288147,0.11536121368408203
61,TH0011AV/viewpoint_simulated_153_surface0.pcd,Testing,1.9939526319503784,1.9190410375595093,0.07491159439086914
62,TH0011AV/viewpoint_simulated_154_surface0.pcd,Testing,2.1598877906799316,1.9245513677597046,0.23533642292022705
63,TH0011AV/viewpoint_simulated_155_surface0.pcd,Testing,1.8924484252929688,1.9249441623687744,0.032495737075805664
64,TH0011AV/viewpoint_simulated_156_surface0.pcd,Testing,2.0358433723449707,1.9263020753860474,0.10954129695892334
65,TH0011AV/viewpoint_simulated_157_surface0.pcd,Testing,1.9851394891738892,1.934572458267212,0.050567030906677246
66,TH0011AV/viewpoint_simulated_158_surface0.pcd,Testing,1.973901391029358,1.9300501346588135,0.043851256370544434
67,TH0011AV/viewpoint_simulated_159_surface0.pcd,Testing,1.8830807209014893,1.9187678098678589,0.03568708896636963
68,TH0011AV/viewpoint_simulated_16_surface0.pcd,Testing,2.0581281185150146,1.91457998752594,0.1435481309890747
69,TH0011AV/viewpoint_simulated_160_surface0.pcd,Testing,2.076908826828003,1.9161356687545776,0.1607731580734253
70,TH0011AV/viewpoint_simulated_161_surface0.pcd,Testing,1.989266037940979,1.9091163873672485,0.08014965057373047
71,TH0011AV/viewpoint_simulated_162_surface0.pcd,Testing,1.920030117034912,1.9062271118164062,0.01380300521850586
72,TH0011AV/viewpoint_simulated_163_surface0.pcd,Testing,2.0236611366271973,1.9067662954330444,0.11689484119415283
73,TH0011AV/viewpoint_simulated_164_surface0.pcd,Testing,1.9377862215042114,1.9153331518173218,0.02245306968688965
74,TH0011AV/viewpoint_simulated_165_surface0.pcd,Testing,2.0439679622650146,1.9223246574401855,0.1216433048248291
75,TH0011AV/viewpoint_simulated_166_surface0.pcd,Testing,2.035693883895874,1.9308346509933472,0.10485923290252686
76,TH0011AV/viewpoint_simulated_167_surface0.pcd,Testing,1.9489692449569702,1.9283161163330078,0.020653128623962402
77,TH0011AV/viewpoint_simulated_168_surface0.pcd,Testing,1.9353853464126587,1.930241346359253,0.005144000053405762
78,TH0011AV/viewpoint_simulated_169_surface0.pcd,Testing,1.9951903820037842,1.9447784423828125,0.05041193962097168
79,TH0011AV/viewpoint_simulated_17_surface0.pcd,Testing,2.0266966819763184,1.9056587219238281,0.12103796005249023
80,TH0011AV/viewpoint_simulated_170_surface0.pcd,Testing,2.0288808345794678,1.9369781017303467,0.0919027328491211
81,TH0011AV/viewpoint_simulated_171_surface0.pcd,Testing,2.0692920684814453,1.9262632131576538,0.1430288553237915
82,TH0011AV/viewpoint_simulated_172_surface0.pcd,Testing,1.9766432046890259,1.9187275171279907,0.057915687561035156
83,TH0011AV/viewpoint_simulated_173_surface0.pcd,Testing,2.039591073989868,1.9039769172668457,0.13561415672302246
84,TH0011AV/viewpoint_simulated_174_surface0.pcd,Testing,2.1163887977600098,1.8973113298416138,0.219077467918396
85,TH0011AV/viewpoint_simulated_175_surface0.pcd,Testing,1.972955584526062,1.9000426530838013,0.07291293144226074
86,TH0011AV/viewpoint_simulated_176_surface0.pcd,Testing,2.0433478355407715,1.9164003133773804,0.1269475221633911
87,TH0011AV/viewpoint_simulated_177_surface0.pcd,Testing,2.034369468688965,1.9245356321334839,0.10983383655548096
88,TH0011AV/viewpoint_simulated_178_surface0.pcd,Testing,1.9838871955871582,1.9245545864105225,0.05933260917663574
89,TH0011AV/viewpoint_simulated_179_surface0.pcd,Testing,1.9783576726913452,1.9272688627243042,0.051088809967041016
90,TH0011AV/viewpoint_simulated_18_surface0.pcd,Testing,2.053295612335205,1.9035618305206299,0.1497337818145752
91,TH0011AV/viewpoint_simulated_180_surface0.pcd,Testing,1.9337613582611084,1.9336216449737549,0.00013971328735351562
92,TH0011AV/viewpoint_simulated_181_surface0.pcd,Testing,2.0142619609832764,1.9508029222488403,0.06345903873443604
93,TH0011AV/viewpoint_simulated_182_surface0.pcd,Testing,1.9742778539657593,1.9440418481826782,0.030236005783081055
94,TH0011AV/viewpoint_simulated_183_surface0.pcd,Testing,1.8765337467193604,1.9336696863174438,0.057135939598083496
95,TH0011AV/viewpoint_simulated_184_surface0.pcd,Testing,2.0246658325195312,1.9243454933166504,0.10032033920288086
96,TH0011AV/viewpoint_simulated_185_surface0.pcd,Testing,2.078601598739624,1.9066548347473145,0.17194676399230957
97,TH0011AV/viewpoint_simulated_186_surface0.pcd,Testing,1.9776382446289062,1.8921791315078735,0.08545911312103271
98,TH0011AV/viewpoint_simulated_187_surface0.pcd,Testing,1.9039256572723389,1.8814340829849243,0.02249157428741455
99,TH0011AV/viewpoint_simulated_188_surface0.pcd,Testing,1.973759651184082,1.9021955728530884,0.07156407833099365
100,TH0011AV/viewpoint_simulated_189_surface0.pcd,Testing,1.8675709962844849,1.9261523485183716,0.05858135223388672
101,TH0011AV/viewpoint_simulated_19_surface0.pcd,Testing,1.8695213794708252,1.9096568822860718,0.04013550281524658
102,TH0011AV/viewpoint_simulated_190_surface0.pcd,Testing,1.979210376739502,1.9135712385177612,0.06563913822174072
103,TH0011AV/viewpoint_simulated_191_surface0.pcd,Testing,1.957993507385254,1.9213579893112183,0.036635518074035645
104,TH0011AV/viewpoint_simulated_192_surface0.pcd,Testing,2.0885989665985107,1.9599412679672241,0.12865769863128662
105,TH0011AV/viewpoint_simulated_193_surface0.pcd,Testing,2.1285176277160645,1.9597138166427612,0.16880381107330322
106,TH0011AV/viewpoint_simulated_194_surface0.pcd,Testing,2.1475706100463867,1.9582267999649048,0.18934381008148193
107,TH0011AV/viewpoint_simulated_195_surface0.pcd,Testing,2.006061315536499,1.9395649433135986,0.06649637222290039
108,TH0011AV/viewpoint_simulated_196_surface0.pcd,Testing,2.048478126525879,1.927801489830017,0.12067663669586182
109,TH0011AV/viewpoint_simulated_197_surface0.pcd,Testing,2.041212558746338,1.9000239372253418,0.1411886215209961
110,TH0011AV/viewpoint_simulated_198_surface0.pcd,Testing,1.9618144035339355,1.8920902013778687,0.0697242021560669
111,TH0011AV/viewpoint_simulated_199_surface0.pcd,Testing,2.050112724304199,1.8818700313568115,0.1682426929473877
112,TH0011AV/viewpoint_simulated_2_surface0.pcd,Testing,1.9277843236923218,1.9195400476455688,0.00824427604675293
113,TH0011AV/viewpoint_simulated_20_surface0.pcd,Testing,1.9760743379592896,1.915825605392456,0.060248732566833496
114,TH0011AV/viewpoint_simulated_200_surface0.pcd,Testing,2.026331663131714,1.8855438232421875,0.14078783988952637
115,TH0011AV/viewpoint_simulated_201_surface0.pcd,Testing,2.0775277614593506,1.9193973541259766,0.15813040733337402
116,TH0011AV/viewpoint_simulated_202_surface0.pcd,Testing,2.0374131202697754,1.915225625038147,0.12218749523162842
117,TH0011AV/viewpoint_simulated_203_surface0.pcd,Testing,2.0065650939941406,1.936065673828125,0.07049942016601562
118,TH0011AV/viewpoint_simulated_204_surface0.pcd,Testing,2.0799732208251953,1.981479287147522,0.09849393367767334
119,TH0011AV/viewpoint_simulated_205_surface0.pcd,Testing,2.137850284576416,1.9653692245483398,0.17248106002807617
120,TH0011AV/viewpoint_simulated_206_surface0.pcd,Testing,2.0897645950317383,1.9619935750961304,0.1277710199356079
121,TH0011AV/viewpoint_simulated_207_surface0.pcd,Testing,2.07474946975708,1.9431543350219727,0.13159513473510742
122,TH0011AV/viewpoint_simulated_208_surface0.pcd,Testing,2.0619046688079834,1.9256306886672974,0.13627398014068604
123,TH0011AV/viewpoint_simulated_209_surface0.pcd,Testing,2.0446622371673584,1.8873010873794556,0.15736114978790283
124,TH0011AV/viewpoint_simulated_21_surface0.pcd,Testing,1.9369431734085083,1.921683669090271,0.015259504318237305
125,TH0011AV/viewpoint_simulated_210_surface0.pcd,Testing,2.0334548950195312,1.8895859718322754,0.14386892318725586
126,TH0011AV/viewpoint_simulated_211_surface0.pcd,Testing,1.9921901226043701,1.877747893333435,0.11444222927093506
127,TH0011AV/viewpoint_simulated_212_surface0.pcd,Testing,1.9549211263656616,1.8795644044876099,0.07535672187805176
128,TH0011AV/viewpoint_simulated_213_surface0.pcd,Testing,1.9774703979492188,1.9090797901153564,0.0683906078338623
129,TH0011AV/viewpoint_simulated_214_surface0.pcd,Testing,2.0351412296295166,1.9173803329467773,0.11776089668273926
130,TH0011AV/viewpoint_simulated_215_surface0.pcd,Testing,1.9400795698165894,1.960739016532898,0.020659446716308594
131,TH0011AV/viewpoint_simulated_22_surface0.pcd,Testing,2.009996175765991,1.9283889532089233,0.08160722255706787
132,TH0011AV/viewpoint_simulated_23_surface0.pcd,Testing,1.997662901878357,1.9286162853240967,0.06904661655426025
133,TH0011AV/viewpoint_simulated_24_surface0.pcd,Testing,1.9228270053863525,1.9314371347427368,0.008610129356384277
134,TH0011AV/viewpoint_simulated_25_surface0.pcd,Testing,2.073868989944458,1.9466010332107544,0.1272679567337036
135,TH0011AV/viewpoint_simulated_26_surface0.pcd,Testing,1.9386969804763794,1.9385042190551758,0.00019276142120361328
136,TH0011AV/viewpoint_simulated_27_surface0.pcd,Testing,1.9194939136505127,1.9243582487106323,0.004864335060119629
137,TH0011AV/viewpoint_simulated_28_surface0.pcd,Testing,1.9969418048858643,1.9159404039382935,0.0810014009475708
138,TH0011AV/viewpoint_simulated_29_surface0.pcd,Testing,2.141404867172241,1.9008777141571045,0.24052715301513672
139,TH0011AV/viewpoint_simulated_3_surface0.pcd,Testing,2.0915091037750244,1.914089322090149,0.1774197816848755
140,TH0011AV/viewpoint_simulated_30_surface0.pcd,Testing,1.9726890325546265,1.8957322835922241,0.07695674896240234
141,TH0011AV/viewpoint_simulated_31_surface0.pcd,Testing,1.9709343910217285,1.8993669748306274,0.07156741619110107
142,TH0011AV/viewpoint_simulated_32_surface0.pcd,Testing,2.0537290573120117,1.9140148162841797,0.13971424102783203
143,TH0011AV/viewpoint_simulated_33_surface0.pcd,Testing,2.0817418098449707,1.9244213104248047,0.15732049942016602
144,TH0011AV/viewpoint_simulated_34_surface0.pcd,Testing,2.0297746658325195,1.9210362434387207,0.10873842239379883
145,TH0011AV/viewpoint_simulated_35_surface0.pcd,Testing,2.0770797729492188,1.922843337059021,0.15423643589019775
146,TH0011AV/viewpoint_simulated_36_surface0.pcd,Testing,2.235337018966675,1.9382938146591187,0.29704320430755615
147,TH0011AV/viewpoint_simulated_37_surface0.pcd,Testing,1.9626641273498535,1.9513864517211914,0.01127767562866211
148,TH0011AV/viewpoint_simulated_38_surface0.pcd,Testing,1.9839308261871338,1.9452762603759766,0.03865456581115723
149,TH0011AV/viewpoint_simulated_39_surface0.pcd,Testing,1.9470713138580322,1.9315139055252075,0.015557408332824707
150,TH0011AV/viewpoint_simulated_4_surface0.pcd,Testing,1.9496383666992188,1.910156488418579,0.03948187828063965
151,TH0011AV/viewpoint_simulated_40_surface0.pcd,Testing,1.9315937757492065,1.9229408502578735,0.008652925491333008
152,TH0011AV/viewpoint_simulated_41_surface0.pcd,Testing,1.9155734777450562,1.9051848649978638,0.010388612747192383
153,TH0011AV/viewpoint_simulated_42_surface0.pcd,Testing,1.9879581928253174,1.888285517692566,0.09967267513275146
154,TH0011AV/viewpoint_simulated_43_surface0.pcd,Testing,1.9673031568527222,1.8832662105560303,0.0840369462966919
155,TH0011AV/viewpoint_simulated_44_surface0.pcd,Testing,2.0809319019317627,1.8986037969589233,0.18232810497283936
156,TH0011AV/viewpoint_simulated_45_surface0.pcd,Testing,1.9212861061096191,1.927982211112976,0.006696105003356934
157,TH0011AV/viewpoint_simulated_46_surface0.pcd,Testing,2.0257301330566406,1.9183980226516724,0.10733211040496826
158,TH0011AV/viewpoint_simulated_47_surface0.pcd,Testing,1.948479175567627,1.9217270612716675,0.026752114295959473
159,TH0011AV/viewpoint_simulated_48_surface0.pcd,Testing,2.0038461685180664,1.9615172147750854,0.04232895374298096
160,TH0011AV/viewpoint_simulated_49_surface0.pcd,Testing,2.020322561264038,1.9572803974151611,0.06304216384887695
161,TH0011AV/viewpoint_simulated_5_surface0.pcd,Testing,1.8782931566238403,1.9090676307678223,0.030774474143981934
162,TH0011AV/viewpoint_simulated_50_surface0.pcd,Testing,1.9240317344665527,1.9593613147735596,0.035329580307006836
163,TH0011AV/viewpoint_simulated_51_surface0.pcd,Testing,2.0677261352539062,1.942412257194519,0.1253138780593872
164,TH0011AV/viewpoint_simulated_52_surface0.pcd,Testing,2.0277740955352783,1.921986699104309,0.10578739643096924
165,TH0011AV/viewpoint_simulated_53_surface0.pcd,Testing,2.0580685138702393,1.898802638053894,0.15926587581634521
166,TH0011AV/viewpoint_simulated_54_surface0.pcd,Testing,1.9051153659820557,1.8956180810928345,0.009497284889221191
167,TH0011AV/viewpoint_simulated_55_surface0.pcd,Testing,2.1032252311706543,1.8765065670013428,0.22671866416931152
168,TH0011AV/viewpoint_simulated_56_surface0.pcd,Testing,1.918439507484436,1.8857430219650269,0.03269648551940918
169,TH0011AV/viewpoint_simulated_57_surface0.pcd,Testing,1.9293756484985352,1.9138071537017822,0.01556849479675293
170,TH0011AV/viewpoint_simulated_58_surface0.pcd,Testing,2.0004968643188477,1.919265627861023,0.08123123645782471
171,TH0011AV/viewpoint_simulated_59_surface0.pcd,Testing,2.0323119163513184,1.9435410499572754,0.08877086639404297
172,TH0011AV/viewpoint_simulated_6_surface0.pcd,Testing,1.9689666032791138,1.9149247407913208,0.05404186248779297
173,TH0011AV/viewpoint_simulated_60_surface0.pcd,Testing,2.0940322875976562,1.9778615236282349,0.11617076396942139
174,TH0011AV/viewpoint_simulated_61_surface0.pcd,Testing,2.0453672409057617,1.9679574966430664,0.07740974426269531
175,TH0011AV/viewpoint_simulated_62_surface0.pcd,Testing,2.0835623741149902,1.9602352380752563,0.12332713603973389
176,TH0011AV/viewpoint_simulated_63_surface0.pcd,Testing,2.1404387950897217,1.932002305984497,0.2084364891052246
177,TH0011AV/viewpoint_simulated_64_surface0.pcd,Testing,2.124258041381836,1.9264580011367798,0.19780004024505615
178,TH0011AV/viewpoint_simulated_65_surface0.pcd,Testing,1.879872441291809,1.8812745809555054,0.001402139663696289
179,TH0011AV/viewpoint_simulated_66_surface0.pcd,Testing,2.050854206085205,1.8811593055725098,0.1696949005126953
180,TH0011AV/viewpoint_simulated_67_surface0.pcd,Testing,2.002436399459839,1.8783472776412964,0.12408912181854248
181,TH0011AV/viewpoint_simulated_68_surface0.pcd,Testing,2.0598366260528564,1.8773587942123413,0.18247783184051514
182,TH0011AV/viewpoint_simulated_69_surface0.pcd,Testing,2.032975673675537,1.9027234315872192,0.13025224208831787
183,TH0011AV/viewpoint_simulated_7_surface0.pcd,Testing,1.8470697402954102,1.9137927293777466,0.06672298908233643
184,TH0011AV/viewpoint_simulated_70_surface0.pcd,Testing,1.9771413803100586,1.9157238006591797,0.061417579650878906
185,TH0011AV/viewpoint_simulated_71_surface0.pcd,Testing,1.9802426099777222,1.959232211112976,0.021010398864746094
186,TH0011AV/viewpoint_simulated_72_surface0.pcd,Testing,1.8507928848266602,1.9239084720611572,0.07311558723449707
187,TH0011AV/viewpoint_simulated_73_surface0.pcd,Testing,1.9773051738739014,1.9205317497253418,0.05677342414855957
188,TH0011AV/viewpoint_simulated_74_surface0.pcd,Testing,1.9945671558380127,1.919283151626587,0.07528400421142578
189,TH0011AV/viewpoint_simulated_75_surface0.pcd,Testing,1.865983247756958,1.9144483804702759,0.04846513271331787
190,TH0011AV/viewpoint_simulated_76_surface0.pcd,Testing,1.9416652917861938,1.910470962524414,0.031194329261779785
191,TH0011AV/viewpoint_simulated_77_surface0.pcd,Testing,2.084231376647949,1.9122031927108765,0.17202818393707275
192,TH0011AV/viewpoint_simulated_78_surface0.pcd,Testing,2.025904893875122,1.9127628803253174,0.11314201354980469
193,TH0011AV/viewpoint_simulated_79_surface0.pcd,Testing,1.991147756576538,1.913816213607788,0.07733154296875
194,TH0011AV/viewpoint_simulated_8_surface0.pcd,Testing,1.9670106172561646,1.9145556688308716,0.05245494842529297
195,TH0011AV/viewpoint_simulated_80_surface0.pcd,Testing,2.004525661468506,1.9127912521362305,0.09173440933227539
196,TH0011AV/viewpoint_simulated_81_surface0.pcd,Testing,2.0395967960357666,1.9167081117630005,0.12288868427276611
197,TH0011AV/viewpoint_simulated_82_surface0.pcd,Testing,2.058906078338623,1.9240742921829224,0.13483178615570068
198,TH0011AV/viewpoint_simulated_83_surface0.pcd,Testing,1.969770073890686,1.9245896339416504,0.045180439949035645
199,TH0011AV/viewpoint_simulated_84_surface0.pcd,Testing,2.1169142723083496,1.9282349348068237,0.18867933750152588
200,TH0011AV/viewpoint_simulated_85_surface0.pcd,Testing,1.959421992301941,1.9338001012802124,0.025621891021728516
201,TH0011AV/viewpoint_simulated_86_surface0.pcd,Testing,1.9632692337036133,1.9271973371505737,0.03607189655303955
202,TH0011AV/viewpoint_simulated_87_surface0.pcd,Testing,1.9598562717437744,1.9203423261642456,0.03951394557952881
203,TH0011AV/viewpoint_simulated_88_surface0.pcd,Testing,1.9803310632705688,1.9137122631072998,0.06661880016326904
204,TH0011AV/viewpoint_simulated_89_surface0.pcd,Testing,1.9627586603164673,1.9078131914138794,0.05494546890258789
205,TH0011AV/viewpoint_simulated_9_surface0.pcd,Testing,1.9897466897964478,1.91677725315094,0.07296943664550781
206,TH0011AV/viewpoint_simulated_90_surface0.pcd,Testing,2.0013697147369385,1.901984453201294,0.09938526153564453
207,TH0011AV/viewpoint_simulated_91_surface0.pcd,Testing,2.002100706100464,1.9083725214004517,0.09372818470001221
208,TH0011AV/viewpoint_simulated_92_surface0.pcd,Testing,2.0044541358947754,1.9132858514785767,0.09116828441619873
209,TH0011AV/viewpoint_simulated_93_surface0.pcd,Testing,2.024678945541382,1.9207841157913208,0.10389482975006104
210,TH0011AV/viewpoint_simulated_94_surface0.pcd,Testing,1.9521008729934692,1.92987060546875,0.02223026752471924
211,TH0011AV/viewpoint_simulated_95_surface0.pcd,Testing,1.8560800552368164,1.9301972389221191,0.07411718368530273
212,TH0011AV/viewpoint_simulated_96_surface0.pcd,Testing,2.0843701362609863,1.9292038679122925,0.15516626834869385
213,TH0011AV/viewpoint_simulated_97_surface0.pcd,Testing,2.0984067916870117,1.94634211063385,0.15206468105316162
214,TH0011AV/viewpoint_simulated_98_surface0.pcd,Testing,2.1913952827453613,1.9390500783920288,0.2523452043533325
215,TH0011AV/viewpoint_simulated_99_surface0.pcd,Testing,2.026698350906372,1.9222087860107422,0.10448956489562988
216,TH0011AV/viewpoint_simulated_0_surface1.pcd,Testing,2.1267075538635254,2.021526336669922,0.10518121719360352
217,TH0011AV/viewpoint_simulated_1_surface1.pcd,Testing,2.1186563968658447,2.209275245666504,0.09061884880065918
218,TH0011AV/viewpoint_simulated_10_surface1.pcd,Testing,2.2086589336395264,2.024425506591797,0.1842334270477295
219,TH0011AV/viewpoint_simulated_100_surface1.pcd,Testing,2.1497488021850586,2.4297311305999756,0.279982328414917
220,TH0011AV/viewpoint_simulated_101_surface1.pcd,Testing,2.1050426959991455,2.4010720252990723,0.29602932929992676
221,TH0011AV/viewpoint_simulated_102_surface1.pcd,Testing,2.170283317565918,2.362975597381592,0.19269227981567383
222,TH0011AV/viewpoint_simulated_103_surface1.pcd,Testing,2.1898200511932373,2.2324938774108887,0.04267382621765137
223,TH0011AV/viewpoint_simulated_104_surface1.pcd,Testing,2.1064462661743164,2.1106162071228027,0.004169940948486328
224,TH0011AV/viewpoint_simulated_105_surface1.pcd,Testing,2.170081853866577,2.160651922225952,0.009429931640625
225,TH0011AV/viewpoint_simulated_106_surface1.pcd,Testing,2.0759875774383545,2.0262489318847656,0.04973864555358887
226,TH0011AV/viewpoint_simulated_107_surface1.pcd,Testing,2.109476327896118,1.9575684070587158,0.15190792083740234
227,TH0011AV/viewpoint_simulated_108_surface1.pcd,Testing,2.1948459148406982,1.9824014902114868,0.21244442462921143
228,TH0011AV/viewpoint_simulated_109_surface1.pcd,Testing,2.147848129272461,1.9987598657608032,0.14908826351165771
229,TH0011AV/viewpoint_simulated_11_surface1.pcd,Testing,2.089596748352051,1.971934199333191,0.11766254901885986
230,TH0011AV/viewpoint_simulated_110_surface1.pcd,Testing,2.1607425212860107,2.0704760551452637,0.09026646614074707
231,TH0011AV/viewpoint_simulated_111_surface1.pcd,Testing,2.276218891143799,2.3579351902008057,0.08171629905700684
232,TH0011AV/viewpoint_simulated_112_surface1.pcd,Testing,2.1659433841705322,2.38555908203125,0.21961569786071777
233,TH0011AV/viewpoint_simulated_113_surface1.pcd,Testing,2.102318048477173,2.3597726821899414,0.25745463371276855
234,TH0011AV/viewpoint_simulated_114_surface1.pcd,Testing,2.1378955841064453,2.3419082164764404,0.20401263236999512
235,TH0011AV/viewpoint_simulated_115_surface1.pcd,Testing,2.115022659301758,2.291914463043213,0.17689180374145508
236,TH0011AV/viewpoint_simulated_116_surface1.pcd,Testing,2.2103288173675537,2.2691259384155273,0.05879712104797363
237,TH0011AV/viewpoint_simulated_117_surface1.pcd,Testing,2.037952184677124,2.1169090270996094,0.07895684242248535
238,TH0011AV/viewpoint_simulated_118_surface1.pcd,Testing,2.071164846420288,1.9987858533859253,0.07237899303436279
239,TH0011AV/viewpoint_simulated_119_surface1.pcd,Testing,2.3366355895996094,1.9338756799697876,0.4027599096298218
240,TH0011AV/viewpoint_simulated_12_surface1.pcd,Testing,2.2356793880462646,2.0213100910186768,0.2143692970275879
241,TH0011AV/viewpoint_simulated_120_surface1.pcd,Testing,2.256575584411621,1.9935709238052368,0.2630046606063843
242,TH0011AV/viewpoint_simulated_121_surface1.pcd,Testing,2.1613516807556152,2.0695390701293945,0.0918126106262207
243,TH0011AV/viewpoint_simulated_122_surface1.pcd,Testing,2.298771381378174,2.039999485015869,0.2587718963623047
244,TH0011AV/viewpoint_simulated_123_surface1.pcd,Testing,2.1258418560028076,2.4059886932373047,0.28014683723449707
245,TH0011AV/viewpoint_simulated_124_surface1.pcd,Testing,2.1471376419067383,2.3608932495117188,0.21375560760498047
246,TH0011AV/viewpoint_simulated_125_surface1.pcd,Testing,2.12852144241333,2.3656210899353027,0.23709964752197266
247,TH0011AV/viewpoint_simulated_126_surface1.pcd,Testing,2.1378157138824463,2.259641647338867,0.1218259334564209
248,TH0011AV/viewpoint_simulated_127_surface1.pcd,Testing,2.1588969230651855,2.2409255504608154,0.08202862739562988
249,TH0011AV/viewpoint_simulated_128_surface1.pcd,Testing,2.2182509899139404,2.256013870239258,0.03776288032531738
250,TH0011AV/viewpoint_simulated_129_surface1.pcd,Testing,2.2184031009674072,2.08264422416687,0.1357588768005371
251,TH0011AV/viewpoint_simulated_13_surface1.pcd,Testing,2.0853891372680664,2.0421640872955322,0.04322504997253418
252,TH0011AV/viewpoint_simulated_130_surface1.pcd,Testing,2.005291223526001,1.9572182893753052,0.0480729341506958
253,TH0011AV/viewpoint_simulated_131_surface1.pcd,Testing,2.139143705368042,2.024303913116455,0.11483979225158691
254,TH0011AV/viewpoint_simulated_132_surface1.pcd,Testing,2.217893600463867,1.9887540340423584,0.2291395664215088
255,TH0011AV/viewpoint_simulated_133_surface1.pcd,Testing,2.4657766819000244,2.0569963455200195,0.4087803363800049
256,TH0011AV/viewpoint_simulated_134_surface1.pcd,Testing,2.1006739139556885,2.053316354751587,0.04735755920410156
257,TH0011AV/viewpoint_simulated_135_surface1.pcd,Testing,2.1878395080566406,2.398082971572876,0.21024346351623535
258,TH0011AV/viewpoint_simulated_136_surface1.pcd,Testing,2.090130567550659,2.464836597442627,0.3747060298919678
259,TH0011AV/viewpoint_simulated_137_surface1.pcd,Testing,2.228736162185669,2.306199550628662,0.07746338844299316
260,TH0011AV/viewpoint_simulated_138_surface1.pcd,Testing,2.2625532150268555,2.2340612411499023,0.028491973876953125
261,TH0011AV/viewpoint_simulated_139_surface1.pcd,Testing,2.1064693927764893,2.22168231010437,0.11521291732788086
262,TH0011AV/viewpoint_simulated_14_surface1.pcd,Testing,2.111217737197876,2.0648093223571777,0.04640841484069824
263,TH0011AV/viewpoint_simulated_140_surface1.pcd,Testing,2.2723004817962646,2.1768977642059326,0.09540271759033203
264,TH0011AV/viewpoint_simulated_141_surface1.pcd,Testing,2.166478395462036,2.12249755859375,0.04398083686828613
265,TH0011AV/viewpoint_simulated_142_surface1.pcd,Testing,2.1344876289367676,1.9656277894973755,0.1688598394393921
266,TH0011AV/viewpoint_simulated_143_surface1.pcd,Testing,2.212822675704956,1.9466444253921509,0.2661782503128052
267,TH0011AV/viewpoint_simulated_144_surface1.pcd,Testing,2.208639144897461,1.9848016500473022,0.2238374948501587
268,TH0011AV/viewpoint_simulated_145_surface1.pcd,Testing,2.0038869380950928,2.1426873207092285,0.13880038261413574
269,TH0011AV/viewpoint_simulated_146_surface1.pcd,Testing,2.1465909481048584,2.149265766143799,0.0026748180389404297
270,TH0011AV/viewpoint_simulated_147_surface1.pcd,Testing,2.072019577026367,2.2323758602142334,0.1603562831878662
271,TH0011AV/viewpoint_simulated_148_surface1.pcd,Testing,2.150733232498169,2.162883758544922,0.01215052604675293
272,TH0011AV/viewpoint_simulated_149_surface1.pcd,Testing,2.1333436965942383,2.258023977279663,0.1246802806854248
273,TH0011AV/viewpoint_simulated_15_surface1.pcd,Testing,2.05019211769104,2.2986626625061035,0.24847054481506348
274,TH0011AV/viewpoint_simulated_150_surface1.pcd,Testing,2.0501034259796143,2.139932155609131,0.0898287296295166
275,TH0011AV/viewpoint_simulated_151_surface1.pcd,Testing,2.2352635860443115,2.0518617630004883,0.18340182304382324
276,TH0011AV/viewpoint_simulated_152_surface1.pcd,Testing,2.2302193641662598,2.0465614795684814,0.18365788459777832
277,TH0011AV/viewpoint_simulated_153_surface1.pcd,Testing,2.2165350914001465,2.0952930450439453,0.12124204635620117
278,TH0011AV/viewpoint_simulated_154_surface1.pcd,Testing,2.144052505493164,1.979087233543396,0.16496527194976807
279,TH0011AV/viewpoint_simulated_155_surface1.pcd,Testing,2.006132125854492,2.001913070678711,0.00421905517578125
280,TH0011AV/viewpoint_simulated_156_surface1.pcd,Testing,2.265341281890869,1.9860800504684448,0.2792612314224243
281,TH0011AV/viewpoint_simulated_157_surface1.pcd,Testing,2.105325222015381,2.082913398742676,0.022411823272705078
282,TH0011AV/viewpoint_simulated_158_surface1.pcd,Testing,2.250897169113159,2.0711207389831543,0.17977643013000488
283,TH0011AV/viewpoint_simulated_159_surface1.pcd,Testing,2.1144790649414062,2.2801854610443115,0.16570639610290527
284,TH0011AV/viewpoint_simulated_16_surface1.pcd,Testing,2.0333991050720215,2.3213820457458496,0.2879829406738281
285,TH0011AV/viewpoint_simulated_160_surface1.pcd,Testing,2.086350202560425,2.2484827041625977,0.16213250160217285
286,TH0011AV/viewpoint_simulated_161_surface1.pcd,Testing,2.131739616394043,2.3074936866760254,0.17575407028198242
287,TH0011AV/viewpoint_simulated_162_surface1.pcd,Testing,2.0523104667663574,2.3533051013946533,0.3009946346282959
288,TH0011AV/viewpoint_simulated_163_surface1.pcd,Testing,2.012524366378784,2.14711856842041,0.13459420204162598
289,TH0011AV/viewpoint_simulated_164_surface1.pcd,Testing,2.104320526123047,2.0575623512268066,0.046758174896240234
290,TH0011AV/viewpoint_simulated_165_surface1.pcd,Testing,2.0614306926727295,2.0785036087036133,0.01707291603088379
291,TH0011AV/viewpoint_simulated_166_surface1.pcd,Testing,2.041217565536499,1.9745968580245972,0.06662070751190186
292,TH0011AV/viewpoint_simulated_167_surface1.pcd,Testing,2.1935880184173584,1.9762636423110962,0.2173243761062622
293,TH0011AV/viewpoint_simulated_168_surface1.pcd,Testing,2.182924747467041,1.977710247039795,0.2052145004272461
294,TH0011AV/viewpoint_simulated_169_surface1.pcd,Testing,2.0008115768432617,2.015197277069092,0.014385700225830078
295,TH0011AV/viewpoint_simulated_17_surface1.pcd,Testing,2.1719307899475098,2.27034854888916,0.09841775894165039
296,TH0011AV/viewpoint_simulated_170_surface1.pcd,Testing,2.1862504482269287,2.04746150970459,0.13878893852233887
297,TH0011AV/viewpoint_simulated_171_surface1.pcd,Testing,2.2096705436706543,2.323611259460449,0.11394071578979492
298,TH0011AV/viewpoint_simulated_172_surface1.pcd,Testing,2.1660659313201904,2.2842350006103516,0.11816906929016113
299,TH0011AV/viewpoint_simulated_173_surface1.pcd,Testing,2.023819923400879,2.5867977142333984,0.5629777908325195
300,TH0011AV/viewpoint_simulated_174_surface1.pcd,Testing,2.1603710651397705,2.3061461448669434,0.14577507972717285
301,TH0011AV/viewpoint_simulated_175_surface1.pcd,Testing,2.0370726585388184,2.1710221767425537,0.13394951820373535
302,TH0011AV/viewpoint_simulated_176_surface1.pcd,Testing,2.1817126274108887,2.0901074409484863,0.09160518646240234
303,TH0011AV/viewpoint_simulated_177_surface1.pcd,Testing,2.242337226867676,2.0567944049835205,0.18554282188415527
304,TH0011AV/viewpoint_simulated_178_surface1.pcd,Testing,2.139228582382202,1.9787946939468384,0.16043388843536377
305,TH0011AV/viewpoint_simulated_179_surface1.pcd,Testing,2.2118704319000244,1.9565411806106567,0.2553292512893677
306,TH0011AV/viewpoint_simulated_18_surface1.pcd,Testing,2.2581965923309326,2.2977635860443115,0.039566993713378906
307,TH0011AV/viewpoint_simulated_180_surface1.pcd,Testing,2.060647964477539,1.970063328742981,0.0905846357345581
308,TH0011AV/viewpoint_simulated_181_surface1.pcd,Testing,2.3105902671813965,2.015442371368408,0.2951478958129883
309,TH0011AV/viewpoint_simulated_182_surface1.pcd,Testing,2.095693826675415,2.0446696281433105,0.05102419853210449
310,TH0011AV/viewpoint_simulated_183_surface1.pcd,Testing,2.19083571434021,2.3207778930664062,0.1299421787261963
311,TH0011AV/viewpoint_simulated_184_surface1.pcd,Testing,2.099701404571533,2.3078505992889404,0.20814919471740723
312,TH0011AV/viewpoint_simulated_185_surface1.pcd,Testing,2.139716625213623,2.4722049236297607,0.3324882984161377
313,TH0011AV/viewpoint_simulated_186_surface1.pcd,Testing,2.003302812576294,2.2543201446533203,0.25101733207702637
314,TH0011AV/viewpoint_simulated_187_surface1.pcd,Testing,2.206109046936035,2.2082786560058594,0.0021696090698242188
315,TH0011AV/viewpoint_simulated_188_surface1.pcd,Testing,2.1535487174987793,2.1518969535827637,0.001651763916015625
316,TH0011AV/viewpoint_simulated_189_surface1.pcd,Testing,2.219468355178833,2.0662269592285156,0.15324139595031738
317,TH0011AV/viewpoint_simulated_19_surface1.pcd,Testing,2.250525712966919,2.3538875579833984,0.10336184501647949
318,TH0011AV/viewpoint_simulated_190_surface1.pcd,Testing,2.034254550933838,1.9716473817825317,0.06260716915130615
319,TH0011AV/viewpoint_simulated_191_surface1.pcd,Testing,2.269226551055908,1.9421354532241821,0.3270910978317261
320,TH0011AV/viewpoint_simulated_192_surface1.pcd,Testing,2.249711751937866,1.987411618232727,0.26230013370513916
321,TH0011AV/viewpoint_simulated_193_surface1.pcd,Testing,2.157802104949951,2.024275302886963,0.13352680206298828
322,TH0011AV/viewpoint_simulated_194_surface1.pcd,Testing,2.0622239112854004,2.013176441192627,0.04904747009277344
323,TH0011AV/viewpoint_simulated_195_surface1.pcd,Testing,2.270646572113037,2.410017490386963,0.13937091827392578
324,TH0011AV/viewpoint_simulated_196_surface1.pcd,Testing,2.099731922149658,2.336236000061035,0.23650407791137695
325,TH0011AV/viewpoint_simulated_197_surface1.pcd,Testing,2.072631359100342,2.423274040222168,0.35064268112182617
326,TH0011AV/viewpoint_simulated_198_surface1.pcd,Testing,2.1290204524993896,2.297828435897827,0.1688079833984375
327,TH0011AV/viewpoint_simulated_199_surface1.pcd,Testing,2.197157621383667,2.240241050720215,0.04308342933654785
328,TH0011AV/viewpoint_simulated_2_surface1.pcd,Testing,2.0738046169281006,2.1439123153686523,0.07010769844055176
329,TH0011AV/viewpoint_simulated_20_surface1.pcd,Testing,2.217758893966675,2.2633891105651855,0.04563021659851074
330,TH0011AV/viewpoint_simulated_200_surface1.pcd,Testing,2.2814934253692627,2.0989394187927246,0.18255400657653809
331,TH0011AV/viewpoint_simulated_201_surface1.pcd,Testing,2.2890608310699463,2.102142095565796,0.1869187355041504
332,TH0011AV/viewpoint_simulated_202_surface1.pcd,Testing,2.1546452045440674,1.9618147611618042,0.19283044338226318
333,TH0011AV/viewpoint_simulated_203_surface1.pcd,Testing,2.2088916301727295,1.9477744102478027,0.26111721992492676
334,TH0011AV/viewpoint_simulated_204_surface1.pcd,Testing,2.100806474685669,1.9861637353897095,0.11464273929595947
335,TH0011AV/viewpoint_simulated_205_surface1.pcd,Testing,2.1842923164367676,1.9916164875030518,0.19267582893371582
336,TH0011AV/viewpoint_simulated_206_surface1.pcd,Testing,2.133690357208252,2.0068907737731934,0.1267995834350586
337,TH0011AV/viewpoint_simulated_207_surface1.pcd,Testing,2.0941333770751953,2.2882542610168457,0.1941208839416504
338,TH0011AV/viewpoint_simulated_208_surface1.pcd,Testing,1.9936635494232178,2.433586359024048,0.4399228096008301
339,TH0011AV/viewpoint_simulated_209_surface1.pcd,Testing,2.302248954772949,2.369574546813965,0.06732559204101562
340,TH0011AV/viewpoint_simulated_21_surface1.pcd,Testing,2.138322353363037,2.2250988483428955,0.0867764949798584
341,TH0011AV/viewpoint_simulated_210_surface1.pcd,Testing,2.1079885959625244,2.2097744941711426,0.10178589820861816
342,TH0011AV/viewpoint_simulated_211_surface1.pcd,Testing,2.2349629402160645,2.2561416625976562,0.021178722381591797
343,TH0011AV/viewpoint_simulated_212_surface1.pcd,Testing,2.234546422958374,2.155409574508667,0.07913684844970703
344,TH0011AV/viewpoint_simulated_213_surface1.pcd,Testing,2.0753157138824463,2.106065511703491,0.030749797821044922
345,TH0011AV/viewpoint_simulated_214_surface1.pcd,Testing,2.2253191471099854,1.9622193574905396,0.2630997896194458
346,TH0011AV/viewpoint_simulated_215_surface1.pcd,Testing,2.069664716720581,1.9472018480300903,0.12246286869049072
347,TH0011AV/viewpoint_simulated_22_surface1.pcd,Testing,2.200296640396118,2.049182891845703,0.15111374855041504
348,TH0011AV/viewpoint_simulated_23_surface1.pcd,Testing,2.0789952278137207,2.0023577213287354,0.07663750648498535
349,TH0011AV/viewpoint_simulated_24_surface1.pcd,Testing,2.2271218299865723,1.9893797636032104,0.23774206638336182
350,TH0011AV/viewpoint_simulated_25_surface1.pcd,Testing,2.107595682144165,2.115025043487549,0.007429361343383789
351,TH0011AV/viewpoint_simulated_26_surface1.pcd,Testing,2.1625869274139404,2.1397182941436768,0.022868633270263672
352,TH0011AV/viewpoint_simulated_27_surface1.pcd,Testing,2.1164069175720215,2.326115608215332,0.20970869064331055
353,TH0011AV/viewpoint_simulated_28_surface1.pcd,Testing,2.2574141025543213,2.3786463737487793,0.12123227119445801
354,TH0011AV/viewpoint_simulated_29_surface1.pcd,Testing,2.1660256385803223,2.432262659072876,0.2662370204925537
355,TH0011AV/viewpoint_simulated_3_surface1.pcd,Testing,2.040937900543213,2.2749216556549072,0.23398375511169434
356,TH0011AV/viewpoint_simulated_30_surface1.pcd,Testing,2.132159948348999,2.3746933937072754,0.24253344535827637
357,TH0011AV/viewpoint_simulated_31_surface1.pcd,Testing,2.162338972091675,2.303158760070801,0.14081978797912598
358,TH0011AV/viewpoint_simulated_32_surface1.pcd,Testing,2.2657759189605713,2.223116397857666,0.04265952110290527
359,TH0011AV/viewpoint_simulated_33_surface1.pcd,Testing,2.199223518371582,2.169673204421997,0.02955031394958496
360,TH0011AV/viewpoint_simulated_34_surface1.pcd,Testing,2.2166247367858887,2.010733127593994,0.20589160919189453
361,TH0011AV/viewpoint_simulated_35_surface1.pcd,Testing,2.1448216438293457,1.9516559839248657,0.19316565990447998
362,TH0011AV/viewpoint_simulated_36_surface1.pcd,Testing,2.232591152191162,1.977132797241211,0.25545835494995117
363,TH0011AV/viewpoint_simulated_37_surface1.pcd,Testing,2.139313220977783,2.0488948822021484,0.09041833877563477
364,TH0011AV/viewpoint_simulated_38_surface1.pcd,Testing,2.074385643005371,2.086571216583252,0.01218557357788086
365,TH0011AV/viewpoint_simulated_39_surface1.pcd,Testing,2.1739180088043213,2.357485771179199,0.18356776237487793
366,TH0011AV/viewpoint_simulated_4_surface1.pcd,Testing,2.1935131549835205,2.282337188720703,0.08882403373718262
367,TH0011AV/viewpoint_simulated_40_surface1.pcd,Testing,2.1802845001220703,2.3925459384918213,0.21226143836975098
368,TH0011AV/viewpoint_simulated_41_surface1.pcd,Testing,2.1555168628692627,2.402250289916992,0.2467334270477295
369,TH0011AV/viewpoint_simulated_42_surface1.pcd,Testing,2.100802421569824,2.332533836364746,0.23173141479492188
370,TH0011AV/viewpoint_simulated_43_surface1.pcd,Testing,2.235259532928467,2.2934632301330566,0.058203697204589844
371,TH0011AV/viewpoint_simulated_44_surface1.pcd,Testing,2.070492744445801,2.3371427059173584,0.2666499614715576
372,TH0011AV/viewpoint_simulated_45_surface1.pcd,Testing,2.2476086616516113,2.1863927841186523,0.061215877532958984
373,TH0011AV/viewpoint_simulated_46_surface1.pcd,Testing,2.125394344329834,2.0167715549468994,0.10862278938293457
374,TH0011AV/viewpoint_simulated_47_surface1.pcd,Testing,2.111398458480835,1.9231774806976318,0.18822097778320312
375,TH0011AV/viewpoint_simulated_48_surface1.pcd,Testing,2.154798746109009,1.9691835641860962,0.1856151819229126
376,TH0011AV/viewpoint_simulated_49_surface1.pcd,Testing,2.0218300819396973,2.0577232837677,0.03589320182800293
377,TH0011AV/viewpoint_simulated_5_surface1.pcd,Testing,2.0367228984832764,2.3573389053344727,0.3206160068511963
378,TH0011AV/viewpoint_simulated_50_surface1.pcd,Testing,2.068828582763672,2.014960289001465,0.05386829376220703
379,TH0011AV/viewpoint_simulated_51_surface1.pcd,Testing,2.237246513366699,2.4085617065429688,0.17131519317626953
380,TH0011AV/viewpoint_simulated_52_surface1.pcd,Testing,2.233248710632324,2.2779321670532227,0.04468345642089844
381,TH0011AV/viewpoint_simulated_53_surface1.pcd,Testing,2.2044379711151123,2.316422939300537,0.1119849681854248
382,TH0011AV/viewpoint_simulated_54_surface1.pcd,Testing,2.185914993286133,2.2231862545013428,0.03727126121520996
383,TH0011AV/viewpoint_simulated_55_surface1.pcd,Testing,2.268839120864868,2.35188627243042,0.08304715156555176
384,TH0011AV/viewpoint_simulated_56_surface1.pcd,Testing,2.1153910160064697,2.348233699798584,0.23284268379211426
385,TH0011AV/viewpoint_simulated_57_surface1.pcd,Testing,2.1880717277526855,2.153385877609253,0.03468585014343262
386,TH0011AV/viewpoint_simulated_58_surface1.pcd,Testing,2.2425754070281982,1.978609561920166,0.2639658451080322
387,TH0011AV/viewpoint_simulated_59_surface1.pcd,Testing,2.273951768875122,2.0120301246643066,0.26192164421081543
388,TH0011AV/viewpoint_simulated_6_surface1.pcd,Testing,2.161008834838867,2.1650118827819824,0.004003047943115234
389,TH0011AV/viewpoint_simulated_60_surface1.pcd,Testing,2.2342638969421387,2.0067827701568604,0.22748112678527832
390,TH0011AV/viewpoint_simulated_61_surface1.pcd,Testing,2.1639063358306885,2.053283214569092,0.11062312126159668
391,TH0011AV/viewpoint_simulated_62_surface1.pcd,Testing,2.4069104194641113,2.135727882385254,0.2711825370788574
392,TH0011AV/viewpoint_simulated_63_surface1.pcd,Testing,2.0735371112823486,2.46221923828125,0.38868212699890137
393,TH0011AV/viewpoint_simulated_64_surface1.pcd,Testing,2.240156650543213,2.442107677459717,0.2019510269165039
394,TH0011AV/viewpoint_simulated_65_surface1.pcd,Testing,2.1507718563079834,2.3298535346984863,0.17908167839050293
395,TH0011AV/viewpoint_simulated_66_surface1.pcd,Testing,2.1657402515411377,2.16856050491333,0.002820253372192383
396,TH0011AV/viewpoint_simulated_67_surface1.pcd,Testing,2.146456480026245,2.2835960388183594,0.13713955879211426
397,TH0011AV/viewpoint_simulated_68_surface1.pcd,Testing,2.1210556030273438,2.323439121246338,0.20238351821899414
398,TH0011AV/viewpoint_simulated_69_surface1.pcd,Testing,2.0988378524780273,2.1792311668395996,0.08039331436157227
399,TH0011AV/viewpoint_simulated_7_surface1.pcd,Testing,2.025550603866577,2.102057933807373,0.0765073299407959
400,TH0011AV/viewpoint_simulated_70_surface1.pcd,Testing,2.2121479511260986,1.954645037651062,0.2575029134750366
401,TH0011AV/viewpoint_simulated_71_surface1.pcd,Testing,2.160937786102295,1.9491389989852905,0.2117987871170044
402,TH0011AV/viewpoint_simulated_72_surface1.pcd,Testing,2.119447708129883,2.040567398071289,0.07888031005859375
403,TH0011AV/viewpoint_simulated_73_surface1.pcd,Testing,2.050368547439575,2.2157487869262695,0.16538023948669434
404,TH0011AV/viewpoint_simulated_74_surface1.pcd,Testing,2.127695322036743,2.135483741760254,0.007788419723510742
405,TH0011AV/viewpoint_simulated_75_surface1.pcd,Testing,2.035186767578125,2.328559160232544,0.29337239265441895
406,TH0011AV/viewpoint_simulated_76_surface1.pcd,Testing,2.160991907119751,2.2589497566223145,0.09795784950256348
407,TH0011AV/viewpoint_simulated_77_surface1.pcd,Testing,2.0669984817504883,2.2469022274017334,0.17990374565124512
408,TH0011AV/viewpoint_simulated_78_surface1.pcd,Testing,2.1069281101226807,2.078918933868408,0.02800917625427246
409,TH0011AV/viewpoint_simulated_79_surface1.pcd,Testing,2.0695300102233887,2.0952978134155273,0.025767803192138672
410,TH0011AV/viewpoint_simulated_8_surface1.pcd,Testing,2.194004535675049,2.0768232345581055,0.11718130111694336
411,TH0011AV/viewpoint_simulated_80_surface1.pcd,Testing,2.1897592544555664,2.090841770172119,0.09891748428344727
412,TH0011AV/viewpoint_simulated_81_surface1.pcd,Testing,2.105578660964966,2.2966322898864746,0.1910536289215088
413,TH0011AV/viewpoint_simulated_82_surface1.pcd,Testing,2.1380176544189453,2.0027196407318115,0.1352980136871338
414,TH0011AV/viewpoint_simulated_83_surface1.pcd,Testing,2.109271764755249,2.0010437965393066,0.10822796821594238
415,TH0011AV/viewpoint_simulated_84_surface1.pcd,Testing,2.119684934616089,2.0057120323181152,0.11397290229797363
416,TH0011AV/viewpoint_simulated_85_surface1.pcd,Testing,2.1788272857666016,2.0622682571411133,0.11655902862548828
417,TH0011AV/viewpoint_simulated_86_surface1.pcd,Testing,2.049873113632202,2.0829238891601562,0.0330507755279541
418,TH0011AV/viewpoint_simulated_87_surface1.pcd,Testing,2.1763274669647217,2.3008103370666504,0.12448287010192871
419,TH0011AV/viewpoint_simulated_88_surface1.pcd,Testing,2.183277130126953,2.338381767272949,0.1551046371459961
420,TH0011AV/viewpoint_simulated_89_surface1.pcd,Testing,2.0494801998138428,2.542202949523926,0.492722749710083
421,TH0011AV/viewpoint_simulated_9_surface1.pcd,Testing,2.2245562076568604,2.330415725708008,0.10585951805114746
422,TH0011AV/viewpoint_simulated_90_surface1.pcd,Testing,2.068448781967163,2.2858660221099854,0.21741724014282227
423,TH0011AV/viewpoint_simulated_91_surface1.pcd,Testing,2.031270742416382,2.227335214614868,0.19606447219848633
424,TH0011AV/viewpoint_simulated_92_surface1.pcd,Testing,2.0540413856506348,2.110849380493164,0.0568079948425293
425,TH0011AV/viewpoint_simulated_93_surface1.pcd,Testing,2.124896287918091,2.1382665634155273,0.013370275497436523
426,TH0011AV/viewpoint_simulated_94_surface1.pcd,Testing,2.2422406673431396,1.9774963855743408,0.26474428176879883
427,TH0011AV/viewpoint_simulated_95_surface1.pcd,Testing,2.1989331245422363,1.9891501665115356,0.20978295803070068
428,TH0011AV/viewpoint_simulated_96_surface1.pcd,Testing,2.1561849117279053,1.965484380722046,0.19070053100585938
429,TH0011AV/viewpoint_simulated_97_surface1.pcd,Testing,2.1706840991973877,2.054914712905884,0.1157693862915039
430,TH0011AV/viewpoint_simulated_98_surface1.pcd,Testing,2.2557179927825928,2.0940070152282715,0.1617109775543213
431,TH0011AV/viewpoint_simulated_99_surface1.pcd,Testing,2.227327346801758,2.297203302383423,0.06987595558166504
432,TH0012AV/viewpoint_simulated_0_surface0.pcd,Testing,1.9299508333206177,1.9279930591583252,0.0019577741622924805
433,TH0012AV/viewpoint_simulated_1_surface0.pcd,Testing,1.9893535375595093,1.9208580255508423,0.06849551200866699
434,TH0012AV/viewpoint_simulated_10_surface0.pcd,Testing,2.082723617553711,1.9242717027664185,0.15845191478729248
435,TH0012AV/viewpoint_simulated_100_surface0.pcd,Testing,1.9694883823394775,1.921639323234558,0.047849059104919434
436,TH0012AV/viewpoint_simulated_101_surface0.pcd,Testing,1.9775867462158203,1.9113754034042358,0.06621134281158447
437,TH0012AV/viewpoint_simulated_102_surface0.pcd,Testing,1.9750667810440063,1.9047516584396362,0.07031512260437012
438,TH0012AV/viewpoint_simulated_103_surface0.pcd,Testing,2.0201950073242188,1.906693458557129,0.11350154876708984
439,TH0012AV/viewpoint_simulated_104_surface0.pcd,Testing,2.0641157627105713,1.9142141342163086,0.1499016284942627
440,TH0012AV/viewpoint_simulated_105_surface0.pcd,Testing,2.04528546333313,1.932137131690979,0.11314833164215088
441,TH0012AV/viewpoint_simulated_106_surface0.pcd,Testing,1.9177086353302002,1.925662875175476,0.007954239845275879
442,TH0012AV/viewpoint_simulated_107_surface0.pcd,Testing,2.0146915912628174,1.9275470972061157,0.08714449405670166
443,TH0012AV/viewpoint_simulated_108_surface0.pcd,Testing,2.080533027648926,1.9309736490249634,0.1495593786239624
444,TH0012AV/viewpoint_simulated_109_surface0.pcd,Testing,2.1044366359710693,1.9429279565811157,0.1615086793899536
445,TH0012AV/viewpoint_simulated_11_surface0.pcd,Testing,1.92231285572052,1.9306203126907349,0.008307456970214844
446,TH0012AV/viewpoint_simulated_110_surface0.pcd,Testing,2.0738577842712402,1.9473592042922974,0.12649857997894287
447,TH0012AV/viewpoint_simulated_111_surface0.pcd,Testing,1.9884580373764038,1.9288016557693481,0.059656381607055664
448,TH0012AV/viewpoint_simulated_112_surface0.pcd,Testing,2.007277250289917,1.9241434335708618,0.08313381671905518
449,TH0012AV/viewpoint_simulated_113_surface0.pcd,Testing,2.0921103954315186,1.9070402383804321,0.18507015705108643
450,TH0012AV/viewpoint_simulated_114_surface0.pcd,Testing,1.9354772567749023,1.9018279314041138,0.033649325370788574
451,TH0012AV/viewpoint_simulated_115_surface0.pcd,Testing,2.0187838077545166,1.8984426259994507,0.12034118175506592
452,TH0012AV/viewpoint_simulated_116_surface0.pcd,Testing,2.0484204292297363,1.901502013206482,0.1469184160232544
453,TH0012AV/viewpoint_simulated_117_surface0.pcd,Testing,2.1510677337646484,1.9267750978469849,0.22429263591766357
454,TH0012AV/viewpoint_simulated_118_surface0.pcd,Testing,1.963046669960022,1.9246971607208252,0.03834950923919678
455,TH0012AV/viewpoint_simulated_119_surface0.pcd,Testing,1.9901707172393799,1.923241138458252,0.06692957878112793
456,TH0012AV/viewpoint_simulated_12_surface0.pcd,Testing,1.9732531309127808,1.9344708919525146,0.03878223896026611
457,TH0012AV/viewpoint_simulated_120_surface0.pcd,Testing,2.1437833309173584,1.9518753290176392,0.19190800189971924
458,TH0012AV/viewpoint_simulated_121_surface0.pcd,Testing,2.1081924438476562,1.9480282068252563,0.1601642370223999
459,TH0012AV/viewpoint_simulated_122_surface0.pcd,Testing,2.0617291927337646,1.9609614610671997,0.10076773166656494
460,TH0012AV/viewpoint_simulated_123_surface0.pcd,Testing,1.977247953414917,1.9370951652526855,0.040152788162231445
461,TH0012AV/viewpoint_simulated_124_surface0.pcd,Testing,2.083721160888672,1.9245679378509521,0.15915322303771973
462,TH0012AV/viewpoint_simulated_125_surface0.pcd,Testing,2.0266988277435303,1.9097026586532593,0.116996169090271
463,TH0012AV/viewpoint_simulated_126_surface0.pcd,Testing,2.002854585647583,1.9070903062820435,0.09576427936553955
464,TH0012AV/viewpoint_simulated_127_surface0.pcd,Testing,2.053013324737549,1.89522123336792,0.1577920913696289
465,TH0012AV/viewpoint_simulated_128_surface0.pcd,Testing,1.996780514717102,1.8932021856307983,0.10357832908630371
466,TH0012AV/viewpoint_simulated_129_surface0.pcd,Testing,2.0394954681396484,1.9230047464370728,0.11649072170257568
467,TH0012AV/viewpoint_simulated_13_surface0.pcd,Testing,2.0259580612182617,1.9306421279907227,0.09531593322753906
468,TH0012AV/viewpoint_simulated_130_surface0.pcd,Testing,2.091606616973877,1.9298149347305298,0.16179168224334717
469,TH0012AV/viewpoint_simulated_131_surface0.pcd,Testing,2.046372652053833,1.938534140586853,0.10783851146697998
470,TH0012AV/viewpoint_simulated_132_surface0.pcd,Testing,2.0312607288360596,1.9724693298339844,0.058791399002075195
471,TH0012AV/viewpoint_simulated_133_surface0.pcd,Testing,2.092151641845703,1.9639465808868408,0.1282050609588623
472,TH0012AV/viewpoint_simulated_134_surface0.pcd,Testing,2.0774619579315186,1.9632357358932495,0.11422622203826904
473,TH0012AV/viewpoint_simulated_135_surface0.pcd,Testing,2.1068668365478516,1.9434294700622559,0.1634373664855957
474,TH0012AV/viewpoint_simulated_136_surface0.pcd,Testing,2.07442045211792,1.9253709316253662,0.1490495204925537
475,TH0012AV/viewpoint_simulated_137_surface0.pcd,Testing,2.096198081970215,1.9122310876846313,0.1839669942855835
476,TH0012AV/viewpoint_simulated_138_surface0.pcd,Testing,1.9925835132598877,1.904025673866272,0.08855783939361572
477,TH0012AV/viewpoint_simulated_139_surface0.pcd,Testing,2.040532112121582,1.8898452520370483,0.1506868600845337
478,TH0012AV/viewpoint_simulated_14_surface0.pcd,Testing,2.0080747604370117,1.9212818145751953,0.0867929458618164
479,TH0012AV/viewpoint_simulated_140_surface0.pcd,Testing,2.129958152770996,1.896562933921814,0.23339521884918213
480,TH0012AV/viewpoint_simulated_141_surface0.pcd,Testing,2.1212222576141357,1.9165712594985962,0.20465099811553955
481,TH0012AV/viewpoint_simulated_142_surface0.pcd,Testing,2.081688165664673,1.9292882680892944,0.15239989757537842
482,TH0012AV/viewpoint_simulated_143_surface0.pcd,Testing,1.9736541509628296,1.9630467891693115,0.010607361793518066
483,TH0012AV/viewpoint_simulated_144_surface0.pcd,Testing,1.9982211589813232,1.9318135976791382,0.06640756130218506
484,TH0012AV/viewpoint_simulated_145_surface0.pcd,Testing,2.123176097869873,1.921021580696106,0.2021545171737671
485,TH0012AV/viewpoint_simulated_146_surface0.pcd,Testing,1.977591633796692,1.9165462255477905,0.06104540824890137
486,TH0012AV/viewpoint_simulated_147_surface0.pcd,Testing,1.9649474620819092,1.914228081703186,0.050719380378723145
487,TH0012AV/viewpoint_simulated_148_surface0.pcd,Testing,1.9163390398025513,1.9139769077301025,0.0023621320724487305
488,TH0012AV/viewpoint_simulated_149_surface0.pcd,Testing,1.9706107378005981,1.9146158695220947,0.05599486827850342
489,TH0012AV/viewpoint_simulated_15_surface0.pcd,Testing,1.9514251947402954,1.918550968170166,0.032874226570129395
490,TH0012AV/viewpoint_simulated_150_surface0.pcd,Testing,1.9398000240325928,1.9109166860580444,0.02888333797454834
491,TH0012AV/viewpoint_simulated_151_surface0.pcd,Testing,1.9293032884597778,1.9130414724349976,0.016261816024780273
492,TH0012AV/viewpoint_simulated_152_surface0.pcd,Testing,2.020293951034546,1.9163622856140137,0.10393166542053223
493,TH0012AV/viewpoint_simulated_153_surface0.pcd,Testing,1.8942395448684692,1.9298588037490845,0.035619258880615234
494,TH0012AV/viewpoint_simulated_154_surface0.pcd,Testing,2.0240650177001953,1.9315730333328247,0.0924919843673706
495,TH0012AV/viewpoint_simulated_155_surface0.pcd,Testing,2.0500917434692383,1.9323698282241821,0.11772191524505615
496,TH0012AV/viewpoint_simulated_156_surface0.pcd,Testing,2.1448912620544434,1.9349287748336792,0.20996248722076416
497,TH0012AV/viewpoint_simulated_157_surface0.pcd,Testing,2.0794174671173096,1.9310344457626343,0.1483830213546753
498,TH0012AV/viewpoint_simulated_158_surface0.pcd,Testing,2.0424113273620605,1.9214307069778442,0.12098062038421631
499,TH0012AV/viewpoint_simulated_159_surface0.pcd,Testing,1.9917367696762085,1.9198330640792847,0.07190370559692383
500,TH0012AV/viewpoint_simulated_16_surface0.pcd,Testing,2.036665201187134,1.9190775156021118,0.11758768558502197
501,TH0012AV/viewpoint_simulated_160_surface0.pcd,Testing,2.0563576221466064,1.9140429496765137,0.14231467247009277
502,TH0012AV/viewpoint_simulated_161_surface0.pcd,Testing,2.0939838886260986,1.9106041193008423,0.18337976932525635
503,TH0012AV/viewpoint_simulated_162_surface0.pcd,Testing,2.0575003623962402,1.9093459844589233,0.1481543779373169
504,TH0012AV/viewpoint_simulated_163_surface0.pcd,Testing,1.9764260053634644,1.9095594882965088,0.06686651706695557
505,TH0012AV/viewpoint_simulated_164_surface0.pcd,Testing,2.0004894733428955,1.9199386835098267,0.08055078983306885
506,TH0012AV/viewpoint_simulated_165_surface0.pcd,Testing,2.0379440784454346,1.9245036840438843,0.11344039440155029
507,TH0012AV/viewpoint_simulated_166_surface0.pcd,Testing,2.0077385902404785,1.9325082302093506,0.07523036003112793
508,TH0012AV/viewpoint_simulated_167_surface0.pcd,Testing,2.029888153076172,1.9319827556610107,0.09790539741516113
509,TH0012AV/viewpoint_simulated_168_surface0.pcd,Testing,1.9203548431396484,1.9301016330718994,0.009746789932250977
510,TH0012AV/viewpoint_simulated_169_surface0.pcd,Testing,1.9782263040542603,1.9361990690231323,0.04202723503112793
511,TH0012AV/viewpoint_simulated_17_surface0.pcd,Testing,1.9464833736419678,1.9100421667099,0.03644120693206787
512,TH0012AV/viewpoint_simulated_170_surface0.pcd,Testing,2.1553139686584473,1.9297847747802734,0.22552919387817383
513,TH0012AV/viewpoint_simulated_171_surface0.pcd,Testing,2.0602805614471436,1.9256139993667603,0.1346665620803833
514,TH0012AV/viewpoint_simulated_172_surface0.pcd,Testing,2.0502171516418457,1.9232672452926636,0.12694990634918213
515,TH0012AV/viewpoint_simulated_173_surface0.pcd,Testing,2.1018624305725098,1.9074839353561401,0.19437849521636963
516,TH0012AV/viewpoint_simulated_174_surface0.pcd,Testing,2.021031618118286,1.9044151306152344,0.11661648750305176
517,TH0012AV/viewpoint_simulated_175_surface0.pcd,Testing,1.9395155906677246,1.9052928686141968,0.03422272205352783
518,TH0012AV/viewpoint_simulated_176_surface0.pcd,Testing,1.9530847072601318,1.915534257888794,0.03755044937133789
519,TH0012AV/viewpoint_simulated_177_surface0.pcd,Testing,1.9807192087173462,1.9355649948120117,0.04515421390533447
520,TH0012AV/viewpoint_simulated_178_surface0.pcd,Testing,1.9943972826004028,1.927815318107605,0.06658196449279785
521,TH0012AV/viewpoint_simulated_179_surface0.pcd,Testing,1.9676328897476196,1.9255419969558716,0.04209089279174805
522,TH0012AV/viewpoint_simulated_18_surface0.pcd,Testing,2.03084659576416,1.909603238105774,0.12124335765838623
523,TH0012AV/viewpoint_simulated_180_surface0.pcd,Testing,1.9568959474563599,1.9306697845458984,0.026226162910461426
524,TH0012AV/viewpoint_simulated_181_surface0.pcd,Testing,1.9510759115219116,1.9427568912506104,0.00831902027130127
525,TH0012AV/viewpoint_simulated_182_surface0.pcd,Testing,2.0169026851654053,1.9420136213302612,0.07488906383514404
526,TH0012AV/viewpoint_simulated_183_surface0.pcd,Testing,2.0501949787139893,1.935311198234558,0.11488378047943115
527,TH0012AV/viewpoint_simulated_184_surface0.pcd,Testing,2.0133562088012695,1.9235996007919312,0.08975660800933838
528,TH0012AV/viewpoint_simulated_185_surface0.pcd,Testing,2.113278865814209,1.9070900678634644,0.20618879795074463
529,TH0012AV/viewpoint_simulated_186_surface0.pcd,Testing,2.009709596633911,1.905395746231079,0.10431385040283203
530,TH0012AV/viewpoint_simulated_187_surface0.pcd,Testing,1.8998323678970337,1.897333025932312,0.0024993419647216797
531,TH0012AV/viewpoint_simulated_188_surface0.pcd,Testing,2.0020976066589355,1.9052420854568481,0.0968555212020874
532,TH0012AV/viewpoint_simulated_189_surface0.pcd,Testing,2.1021668910980225,1.929742455482483,0.17242443561553955
533,TH0012AV/viewpoint_simulated_19_surface0.pcd,Testing,2.0868966579437256,1.9094148874282837,0.1774817705154419
534,TH0012AV/viewpoint_simulated_190_surface0.pcd,Testing,2.141242742538452,1.9241766929626465,0.21706604957580566
535,TH0012AV/viewpoint_simulated_191_surface0.pcd,Testing,1.8477200269699097,1.9250009059906006,0.07728087902069092
536,TH0012AV/viewpoint_simulated_192_surface0.pcd,Testing,2.0062384605407715,1.9541583061218262,0.05208015441894531
537,TH0012AV/viewpoint_simulated_193_surface0.pcd,Testing,2.0552077293395996,1.9454710483551025,0.10973668098449707
538,TH0012AV/viewpoint_simulated_194_surface0.pcd,Testing,2.018665075302124,1.9589390754699707,0.05972599983215332
539,TH0012AV/viewpoint_simulated_195_surface0.pcd,Testing,2.0816712379455566,1.9361584186553955,0.14551281929016113
540,TH0012AV/viewpoint_simulated_196_surface0.pcd,Testing,1.958982229232788,1.9254696369171143,0.03351259231567383
541,TH0012AV/viewpoint_simulated_197_surface0.pcd,Testing,2.011198043823242,1.909908413887024,0.10128962993621826
542,TH0012AV/viewpoint_simulated_198_surface0.pcd,Testing,1.9564720392227173,1.905861735343933,0.05061030387878418
543,TH0012AV/viewpoint_simulated_199_surface0.pcd,Testing,1.9418660402297974,1.893275499343872,0.04859054088592529
544,TH0012AV/viewpoint_simulated_2_surface0.pcd,Testing,2.014328956604004,1.9184539318084717,0.09587502479553223
545,TH0012AV/viewpoint_simulated_20_surface0.pcd,Testing,1.9986499547958374,1.9207905530929565,0.07785940170288086
546,TH0012AV/viewpoint_simulated_200_surface0.pcd,Testing,2.097163438796997,1.893874168395996,0.20328927040100098
547,TH0012AV/viewpoint_simulated_201_surface0.pcd,Testing,1.9891917705535889,1.9246050119400024,0.06458675861358643
548,TH0012AV/viewpoint_simulated_202_surface0.pcd,Testing,2.088061571121216,1.9295250177383423,0.15853655338287354
549,TH0012AV/viewpoint_simulated_203_surface0.pcd,Testing,2.0427095890045166,1.9357904195785522,0.10691916942596436
550,TH0012AV/viewpoint_simulated_204_surface0.pcd,Testing,2.110137462615967,1.970260739326477,0.13987672328948975
551,TH0012AV/viewpoint_simulated_205_surface0.pcd,Testing,2.0319602489471436,1.9604002237319946,0.07156002521514893
552,TH0012AV/viewpoint_simulated_206_surface0.pcd,Testing,2.18908429145813,1.9689141511917114,0.22017014026641846
553,TH0012AV/viewpoint_simulated_207_surface0.pcd,Testing,2.301225185394287,1.940231442451477,0.36099374294281006
554,TH0012AV/viewpoint_simulated_208_surface0.pcd,Testing,2.0953311920166016,1.9209866523742676,0.17434453964233398
555,TH0012AV/viewpoint_simulated_209_surface0.pcd,Testing,2.023092031478882,1.9044333696365356,0.11865866184234619
556,TH0012AV/viewpoint_simulated_21_surface0.pcd,Testing,2.106847047805786,1.9274725914001465,0.17937445640563965
557,TH0012AV/viewpoint_simulated_210_surface0.pcd,Testing,2.0519583225250244,1.9008859395980835,0.15107238292694092
558,TH0012AV/viewpoint_simulated_211_surface0.pcd,Testing,2.1063232421875,1.8911652565002441,0.21515798568725586
559,TH0012AV/viewpoint_simulated_212_surface0.pcd,Testing,2.0763635635375977,1.8952524662017822,0.18111109733581543
560,TH0012AV/viewpoint_simulated_213_surface0.pcd,Testing,2.0916922092437744,1.9170892238616943,0.17460298538208008
561,TH0012AV/viewpoint_simulated_214_surface0.pcd,Testing,2.039396286010742,1.9261070489883423,0.1132892370223999
562,TH0012AV/viewpoint_simulated_215_surface0.pcd,Testing,2.121033191680908,1.9596331119537354,0.16140007972717285
563,TH0012AV/viewpoint_simulated_22_surface0.pcd,Testing,1.905458688735962,1.9309555292129517,0.025496840476989746
564,TH0012AV/viewpoint_simulated_23_surface0.pcd,Testing,1.9686799049377441,1.9343773126602173,0.034302592277526855
565,TH0012AV/viewpoint_simulated_24_surface0.pcd,Testing,2.0332093238830566,1.9301786422729492,0.10303068161010742
566,TH0012AV/viewpoint_simulated_25_surface0.pcd,Testing,1.928148865699768,1.9369016885757446,0.008752822875976562
567,TH0012AV/viewpoint_simulated_26_surface0.pcd,Testing,1.9423596858978271,1.9338295459747314,0.008530139923095703
568,TH0012AV/viewpoint_simulated_27_surface0.pcd,Testing,1.9569729566574097,1.9245589971542358,0.03241395950317383
569,TH0012AV/viewpoint_simulated_28_surface0.pcd,Testing,1.9539207220077515,1.921651840209961,0.03226888179779053
570,TH0012AV/viewpoint_simulated_29_surface0.pcd,Testing,1.9985703229904175,1.9095121622085571,0.08905816078186035
571,TH0012AV/viewpoint_simulated_3_surface0.pcd,Testing,1.9536534547805786,1.9135609865188599,0.04009246826171875
572,TH0012AV/viewpoint_simulated_30_surface0.pcd,Testing,1.9300439357757568,1.8984462022781372,0.03159773349761963
573,TH0012AV/viewpoint_simulated_31_surface0.pcd,Testing,1.9658972024917603,1.9035496711730957,0.06234753131866455
574,TH0012AV/viewpoint_simulated_32_surface0.pcd,Testing,1.899787425994873,1.911242127418518,0.01145470142364502
575,TH0012AV/viewpoint_simulated_33_surface0.pcd,Testing,2.1090087890625,1.9350546598434448,0.17395412921905518
576,TH0012AV/viewpoint_simulated_34_surface0.pcd,Testing,2.1034836769104004,1.927132248878479,0.1763514280319214
577,TH0012AV/viewpoint_simulated_35_surface0.pcd,Testing,1.9158649444580078,1.9270380735397339,0.011173129081726074
578,TH0012AV/viewpoint_simulated_36_surface0.pcd,Testing,1.9830963611602783,1.9295547008514404,0.05354166030883789
579,TH0012AV/viewpoint_simulated_37_surface0.pcd,Testing,2.076878070831299,1.9443366527557373,0.13254141807556152
580,TH0012AV/viewpoint_simulated_38_surface0.pcd,Testing,2.009981632232666,1.9456242322921753,0.06435739994049072
581,TH0012AV/viewpoint_simulated_39_surface0.pcd,Testing,2.1259799003601074,1.9291270971298218,0.19685280323028564
582,TH0012AV/viewpoint_simulated_4_surface0.pcd,Testing,1.9054839611053467,1.912848949432373,0.007364988327026367
583,TH0012AV/viewpoint_simulated_40_surface0.pcd,Testing,2.0997984409332275,1.9252127408981323,0.17458570003509521
584,TH0012AV/viewpoint_simulated_41_surface0.pcd,Testing,1.9649850130081177,1.9093880653381348,0.05559694766998291
585,TH0012AV/viewpoint_simulated_42_surface0.pcd,Testing,2.129911422729492,1.905781865119934,0.2241295576095581
586,TH0012AV/viewpoint_simulated_43_surface0.pcd,Testing,2.0182859897613525,1.8919293880462646,0.1263566017150879
587,TH0012AV/viewpoint_simulated_44_surface0.pcd,Testing,2.041689872741699,1.903597354888916,0.1380925178527832
588,TH0012AV/viewpoint_simulated_45_surface0.pcd,Testing,2.071692943572998,1.9276564121246338,0.14403653144836426
589,TH0012AV/viewpoint_simulated_46_surface0.pcd,Testing,1.9859284162521362,1.9285888671875,0.05733954906463623
590,TH0012AV/viewpoint_simulated_47_surface0.pcd,Testing,1.9800955057144165,1.9253695011138916,0.0547260046005249
591,TH0012AV/viewpoint_simulated_48_surface0.pcd,Testing,2.027881622314453,1.9533084630966187,0.07457315921783447
592,TH0012AV/viewpoint_simulated_49_surface0.pcd,Testing,2.1396617889404297,1.9494457244873047,0.190216064453125
593,TH0012AV/viewpoint_simulated_5_surface0.pcd,Testing,1.904123306274414,1.9101808071136475,0.0060575008392333984
594,TH0012AV/viewpoint_simulated_50_surface0.pcd,Testing,1.9953832626342773,1.961346983909607,0.03403627872467041
595,TH0012AV/viewpoint_simulated_51_surface0.pcd,Testing,2.00469970703125,1.9335895776748657,0.07111012935638428
596,TH0012AV/viewpoint_simulated_52_surface0.pcd,Testing,2.087273120880127,1.9255750179290771,0.1616981029510498
597,TH0012AV/viewpoint_simulated_53_surface0.pcd,Testing,2.005819320678711,1.9062808752059937,0.09953844547271729
598,TH0012AV/viewpoint_simulated_54_surface0.pcd,Testing,2.106471538543701,1.9044185876846313,0.20205295085906982
599,TH0012AV/viewpoint_simulated_55_surface0.pcd,Testing,1.9999027252197266,1.8976882696151733,0.10221445560455322
600,TH0012AV/viewpoint_simulated_56_surface0.pcd,Testing,2.102410078048706,1.8954570293426514,0.2069530487060547
601,TH0012AV/viewpoint_simulated_57_surface0.pcd,Testing,1.9829297065734863,1.9228806495666504,0.06004905700683594
602,TH0012AV/viewpoint_simulated_58_surface0.pcd,Testing,2.001904249191284,1.9259955883026123,0.07590866088867188
603,TH0012AV/viewpoint_simulated_59_surface0.pcd,Testing,2.1009695529937744,1.9368278980255127,0.16414165496826172
604,TH0012AV/viewpoint_simulated_6_surface0.pcd,Testing,2.013523817062378,1.9124846458435059,0.10103917121887207
605,TH0012AV/viewpoint_simulated_60_surface0.pcd,Testing,2.0105631351470947,1.9794251918792725,0.031137943267822266
606,TH0012AV/viewpoint_simulated_61_surface0.pcd,Testing,1.9988292455673218,1.966403841972351,0.0324254035949707
607,TH0012AV/viewpoint_simulated_62_surface0.pcd,Testing,1.9414805173873901,1.96648371219635,0.02500319480895996
608,TH0012AV/viewpoint_simulated_63_surface0.pcd,Testing,2.038558006286621,1.9426223039627075,0.09593570232391357
609,TH0012AV/viewpoint_simulated_64_surface0.pcd,Testing,2.160975933074951,1.9254329204559326,0.23554301261901855
610,TH0012AV/viewpoint_simulated_65_surface0.pcd,Testing,2.1954386234283447,1.9097856283187866,0.2856529951095581
611,TH0012AV/viewpoint_simulated_66_surface0.pcd,Testing,2.0110015869140625,1.9026821851730347,0.10831940174102783
612,TH0012AV/viewpoint_simulated_67_surface0.pcd,Testing,2.0384013652801514,1.889992594718933,0.14840877056121826
613,TH0012AV/viewpoint_simulated_68_surface0.pcd,Testing,1.9434200525283813,1.8935657739639282,0.049854278564453125
614,TH0012AV/viewpoint_simulated_69_surface0.pcd,Testing,1.9837757349014282,1.9174927473068237,0.06628298759460449
615,TH0012AV/viewpoint_simulated_7_surface0.pcd,Testing,2.007054567337036,1.913389801979065,0.09366476535797119
616,TH0012AV/viewpoint_simulated_70_surface0.pcd,Testing,2.113335132598877,1.9288349151611328,0.18450021743774414
617,TH0012AV/viewpoint_simulated_71_surface0.pcd,Testing,2.13197922706604,1.9617332220077515,0.17024600505828857
618,TH0012AV/viewpoint_simulated_72_surface0.pcd,Testing,2.169213056564331,1.9301793575286865,0.23903369903564453
619,TH0012AV/viewpoint_simulated_73_surface0.pcd,Testing,1.9641016721725464,1.9208794832229614,0.04322218894958496
620,TH0012AV/viewpoint_simulated_74_surface0.pcd,Testing,1.977103352546692,1.9202651977539062,0.056838154792785645
621,TH0012AV/viewpoint_simulated_75_surface0.pcd,Testing,2.056896448135376,1.9169659614562988,0.13993048667907715
622,TH0012AV/viewpoint_simulated_76_surface0.pcd,Testing,1.982584834098816,1.9143085479736328,0.0682762861251831
623,TH0012AV/viewpoint_simulated_77_surface0.pcd,Testing,1.9040940999984741,1.91275155544281,0.008657455444335938
624,TH0012AV/viewpoint_simulated_78_surface0.pcd,Testing,2.012515068054199,1.9096845388412476,0.10283052921295166
625,TH0012AV/viewpoint_simulated_79_surface0.pcd,Testing,2.121647596359253,1.9156312942504883,0.20601630210876465
626,TH0012AV/viewpoint_simulated_8_surface0.pcd,Testing,2.088456392288208,1.9140568971633911,0.1743994951248169
627,TH0012AV/viewpoint_simulated_80_surface0.pcd,Testing,1.9370288848876953,1.9202601909637451,0.016768693923950195
628,TH0012AV/viewpoint_simulated_81_surface0.pcd,Testing,1.9147958755493164,1.9280341863632202,0.013238310813903809
629,TH0012AV/viewpoint_simulated_82_surface0.pcd,Testing,2.002807855606079,1.934500813484192,0.06830704212188721
630,TH0012AV/viewpoint_simulated_83_surface0.pcd,Testing,2.073289632797241,1.9293967485427856,0.14389288425445557
631,TH0012AV/viewpoint_simulated_84_surface0.pcd,Testing,2.0336663722991943,1.9342237710952759,0.09944260120391846
632,TH0012AV/viewpoint_simulated_85_surface0.pcd,Testing,2.0407092571258545,1.93320894241333,0.10750031471252441
633,TH0012AV/viewpoint_simulated_86_surface0.pcd,Testing,2.008389472961426,1.9231137037277222,0.08527576923370361
634,TH0012AV/viewpoint_simulated_87_surface0.pcd,Testing,2.0179286003112793,1.9211822748184204,0.09674632549285889
635,TH0012AV/viewpoint_simulated_88_surface0.pcd,Testing,2.0429718494415283,1.9184786081314087,0.12449324131011963
636,TH0012AV/viewpoint_simulated_89_surface0.pcd,Testing,1.9682798385620117,1.910846471786499,0.057433366775512695
637,TH0012AV/viewpoint_simulated_9_surface0.pcd,Testing,1.9018974304199219,1.926635980606079,0.024738550186157227
638,TH0012AV/viewpoint_simulated_90_surface0.pcd,Testing,2.001185894012451,1.9093965291976929,0.0917893648147583
639,TH0012AV/viewpoint_simulated_91_surface0.pcd,Testing,1.9657208919525146,1.9087852239608765,0.056935667991638184
640,TH0012AV/viewpoint_simulated_92_surface0.pcd,Testing,2.039108991622925,1.9197834730148315,0.11932551860809326
641,TH0012AV/viewpoint_simulated_93_surface0.pcd,Testing,2.034395217895508,1.9258047342300415,0.10859048366546631
642,TH0012AV/viewpoint_simulated_94_surface0.pcd,Testing,2.0595123767852783,1.9290460348129272,0.13046634197235107
643,TH0012AV/viewpoint_simulated_95_surface0.pcd,Testing,1.9339573383331299,1.9346282482147217,0.0006709098815917969
644,TH0012AV/viewpoint_simulated_96_surface0.pcd,Testing,2.013869047164917,1.9313338994979858,0.08253514766693115
645,TH0012AV/viewpoint_simulated_97_surface0.pcd,Testing,2.022458553314209,1.935597538948059,0.0868610143661499
646,TH0012AV/viewpoint_simulated_98_surface0.pcd,Testing,1.983643651008606,1.9299649000167847,0.05367875099182129
647,TH0012AV/viewpoint_simulated_99_surface0.pcd,Testing,1.9184061288833618,1.9272745847702026,0.00886845588684082
648,TH0012AV/viewpoint_simulated_0_surface1.pcd,Testing,2.2353737354278564,2.476466655731201,0.24109292030334473
649,TH0012AV/viewpoint_simulated_1_surface1.pcd,Testing,2.2152645587921143,2.516228199005127,0.3009636402130127
650,TH0012AV/viewpoint_simulated_10_surface1.pcd,Testing,2.2593586444854736,2.0789761543273926,0.18038249015808105
651,TH0012AV/viewpoint_simulated_100_surface1.pcd,Testing,2.2757022380828857,2.5545101165771484,0.2788078784942627
652,TH0012AV/viewpoint_simulated_101_surface1.pcd,Testing,2.319422721862793,2.5392894744873047,0.21986675262451172
653,TH0012AV/viewpoint_simulated_102_surface1.pcd,Testing,2.248016595840454,2.7173378467559814,0.46932125091552734
654,TH0012AV/viewpoint_simulated_103_surface1.pcd,Testing,2.183749198913574,2.4882144927978516,0.30446529388427734
655,TH0012AV/viewpoint_simulated_104_surface1.pcd,Testing,2.154822826385498,2.3509340286254883,0.19611120223999023
656,TH0012AV/viewpoint_simulated_105_surface1.pcd,Testing,2.1959388256073,2.2429182529449463,0.046979427337646484
657,TH0012AV/viewpoint_simulated_106_surface1.pcd,Testing,2.312969446182251,2.0944247245788574,0.21854472160339355
658,TH0012AV/viewpoint_simulated_107_surface1.pcd,Testing,2.2342729568481445,2.0336813926696777,0.2005915641784668
659,TH0012AV/viewpoint_simulated_108_surface1.pcd,Testing,2.2762465476989746,2.2231807708740234,0.05306577682495117
660,TH0012AV/viewpoint_simulated_109_surface1.pcd,Testing,2.2804479598999023,2.2971975803375244,0.01674962043762207
661,TH0012AV/viewpoint_simulated_11_surface1.pcd,Testing,2.3925139904022217,2.09828782081604,0.29422616958618164
662,TH0012AV/viewpoint_simulated_110_surface1.pcd,Testing,2.2451817989349365,2.3386764526367188,0.09349465370178223
663,TH0012AV/viewpoint_simulated_111_surface1.pcd,Testing,2.217440128326416,2.6193299293518066,0.4018898010253906
664,TH0012AV/viewpoint_simulated_112_surface1.pcd,Testing,2.418436050415039,2.4442853927612305,0.025849342346191406
665,TH0012AV/viewpoint_simulated_113_surface1.pcd,Testing,2.300851821899414,2.6274399757385254,0.32658815383911133
666,TH0012AV/viewpoint_simulated_114_surface1.pcd,Testing,2.1908819675445557,2.4843525886535645,0.2934706211090088
667,TH0012AV/viewpoint_simulated_115_surface1.pcd,Testing,2.2643885612487793,2.552579879760742,0.2881913185119629
668,TH0012AV/viewpoint_simulated_116_surface1.pcd,Testing,2.297771692276001,2.3892414569854736,0.09146976470947266
669,TH0012AV/viewpoint_simulated_117_surface1.pcd,Testing,2.260542392730713,2.1920650005340576,0.06847739219665527
670,TH0012AV/viewpoint_simulated_118_surface1.pcd,Testing,2.3302314281463623,2.076659917831421,0.2535715103149414
671,TH0012AV/viewpoint_simulated_119_surface1.pcd,Testing,2.3798205852508545,2.069025993347168,0.3107945919036865
672,TH0012AV/viewpoint_simulated_12_surface1.pcd,Testing,2.1754839420318604,2.2991888523101807,0.12370491027832031
673,TH0012AV/viewpoint_simulated_120_surface1.pcd,Testing,2.200108766555786,2.2039170265197754,0.003808259963989258
674,TH0012AV/viewpoint_simulated_121_surface1.pcd,Testing,2.229097843170166,2.282039165496826,0.052941322326660156
675,TH0012AV/viewpoint_simulated_122_surface1.pcd,Testing,2.2826147079467773,2.2870357036590576,0.0044209957122802734
676,TH0012AV/viewpoint_simulated_123_surface1.pcd,Testing,2.1742939949035645,2.6978089809417725,0.523514986038208
677,TH0012AV/viewpoint_simulated_124_surface1.pcd,Testing,2.325714111328125,2.5645668506622314,0.23885273933410645
678,TH0012AV/viewpoint_simulated_125_surface1.pcd,Testing,2.3232216835021973,2.352301836013794,0.02908015251159668
679,TH0012AV/viewpoint_simulated_126_surface1.pcd,Testing,2.2598865032196045,2.468724250793457,0.20883774757385254
680,TH0012AV/viewpoint_simulated_127_surface1.pcd,Testing,2.312575101852417,2.441434383392334,0.128859281539917
681,TH0012AV/viewpoint_simulated_128_surface1.pcd,Testing,2.2295010089874268,2.3342981338500977,0.1047971248626709
682,TH0012AV/viewpoint_simulated_129_surface1.pcd,Testing,2.196075916290283,2.20729660987854,0.011220693588256836
683,TH0012AV/viewpoint_simulated_13_surface1.pcd,Testing,2.122454881668091,2.2784743309020996,0.1560194492340088
684,TH0012AV/viewpoint_simulated_130_surface1.pcd,Testing,2.2824227809906006,2.0295021533966064,0.25292062759399414
685,TH0012AV/viewpoint_simulated_131_surface1.pcd,Testing,2.302517890930176,2.034569025039673,0.26794886589050293
686,TH0012AV/viewpoint_simulated_132_surface1.pcd,Testing,2.1703941822052,2.246021270751953,0.07562708854675293
687,TH0012AV/viewpoint_simulated_133_surface1.pcd,Testing,2.311713933944702,2.248218536376953,0.06349539756774902
688,TH0012AV/viewpoint_simulated_134_surface1.pcd,Testing,2.263462781906128,2.214481830596924,0.0489809513092041
689,TH0012AV/viewpoint_simulated_135_surface1.pcd,Testing,2.272287130355835,2.6293532848358154,0.35706615447998047
690,TH0012AV/viewpoint_simulated_136_surface1.pcd,Testing,2.2906649112701416,2.521538257598877,0.23087334632873535
691,TH0012AV/viewpoint_simulated_137_surface1.pcd,Testing,2.238682746887207,2.398366689682007,0.1596839427947998
692,TH0012AV/viewpoint_simulated_138_surface1.pcd,Testing,2.1958208084106445,2.341374158859253,0.1455533504486084
693,TH0012AV/viewpoint_simulated_139_surface1.pcd,Testing,2.291358232498169,2.4678242206573486,0.1764659881591797
694,TH0012AV/viewpoint_simulated_14_surface1.pcd,Testing,2.1903865337371826,2.367147445678711,0.17676091194152832
695,TH0012AV/viewpoint_simulated_140_surface1.pcd,Testing,2.378739356994629,2.219526529312134,0.15921282768249512
696,TH0012AV/viewpoint_simulated_141_surface1.pcd,Testing,2.177884817123413,2.1790671348571777,0.0011823177337646484
697,TH0012AV/viewpoint_simulated_142_surface1.pcd,Testing,2.3140172958374023,1.996289610862732,0.3177276849746704
698,TH0012AV/viewpoint_simulated_143_surface1.pcd,Testing,2.2737910747528076,1.9727519750595093,0.30103909969329834
699,TH0012AV/viewpoint_simulated_144_surface1.pcd,Testing,2.2431647777557373,2.0924439430236816,0.15072083473205566
700,TH0012AV/viewpoint_simulated_145_surface1.pcd,Testing,2.280932903289795,2.4578917026519775,0.17695879936218262
701,TH0012AV/viewpoint_simulated_146_surface1.pcd,Testing,2.182483434677124,2.469898223876953,0.2874147891998291
702,TH0012AV/viewpoint_simulated_147_surface1.pcd,Testing,2.2350103855133057,2.6423933506011963,0.4073829650878906
703,TH0012AV/viewpoint_simulated_148_surface1.pcd,Testing,2.1817829608917236,2.5562779903411865,0.3744950294494629
704,TH0012AV/viewpoint_simulated_149_surface1.pcd,Testing,2.1270389556884766,2.593456506729126,0.4664175510406494
705,TH0012AV/viewpoint_simulated_15_surface1.pcd,Testing,2.2797272205352783,2.525265693664551,0.24553847312927246
706,TH0012AV/viewpoint_simulated_150_surface1.pcd,Testing,2.212358236312866,2.326293468475342,0.11393523216247559
707,TH0012AV/viewpoint_simulated_151_surface1.pcd,Testing,2.2448558807373047,2.237761974334717,0.007093906402587891
708,TH0012AV/viewpoint_simulated_152_surface1.pcd,Testing,2.2538890838623047,2.1909890174865723,0.06290006637573242
709,TH0012AV/viewpoint_simulated_153_surface1.pcd,Testing,2.194908380508423,2.158155918121338,0.03675246238708496
710,TH0012AV/viewpoint_simulated_154_surface1.pcd,Testing,2.3071649074554443,2.0658535957336426,0.24131131172180176
711,TH0012AV/viewpoint_simulated_155_surface1.pcd,Testing,2.216907501220703,2.0592470169067383,0.15766048431396484
712,TH0012AV/viewpoint_simulated_156_surface1.pcd,Testing,2.1916050910949707,2.2395365238189697,0.04793143272399902
713,TH0012AV/viewpoint_simulated_157_surface1.pcd,Testing,2.164458990097046,2.265305995941162,0.10084700584411621
714,TH0012AV/viewpoint_simulated_158_surface1.pcd,Testing,2.172652244567871,2.294414758682251,0.12176251411437988
715,TH0012AV/viewpoint_simulated_159_surface1.pcd,Testing,2.269458055496216,2.5439624786376953,0.2745044231414795
716,TH0012AV/viewpoint_simulated_16_surface1.pcd,Testing,2.3135781288146973,2.6722841262817383,0.358705997467041
717,TH0012AV/viewpoint_simulated_160_surface1.pcd,Testing,2.2299163341522217,2.596327304840088,0.3664109706878662
718,TH0012AV/viewpoint_simulated_161_surface1.pcd,Testing,2.290158987045288,2.666442632675171,0.3762836456298828
719,TH0012AV/viewpoint_simulated_162_surface1.pcd,Testing,2.309143304824829,2.435375690460205,0.12623238563537598
720,TH0012AV/viewpoint_simulated_163_surface1.pcd,Testing,2.229757070541382,2.3877148628234863,0.1579577922821045
721,TH0012AV/viewpoint_simulated_164_surface1.pcd,Testing,2.124913215637207,2.203235149383545,0.07832193374633789
722,TH0012AV/viewpoint_simulated_165_surface1.pcd,Testing,2.143298387527466,2.1937921047210693,0.050493717193603516
723,TH0012AV/viewpoint_simulated_166_surface1.pcd,Testing,2.096930742263794,2.045942783355713,0.050987958908081055
724,TH0012AV/viewpoint_simulated_167_surface1.pcd,Testing,2.3287277221679688,2.039919376373291,0.28880834579467773
725,TH0012AV/viewpoint_simulated_168_surface1.pcd,Testing,2.11885929107666,2.075191020965576,0.043668270111083984
726,TH0012AV/viewpoint_simulated_169_surface1.pcd,Testing,2.1842823028564453,2.3005268573760986,0.11624455451965332
727,TH0012AV/viewpoint_simulated_17_surface1.pcd,Testing,2.1978118419647217,2.656961441040039,0.4591495990753174
728,TH0012AV/viewpoint_simulated_170_surface1.pcd,Testing,2.228907823562622,2.2871177196502686,0.058209896087646484
729,TH0012AV/viewpoint_simulated_171_surface1.pcd,Testing,2.102795362472534,2.5551199913024902,0.45232462882995605
730,TH0012AV/viewpoint_simulated_172_surface1.pcd,Testing,2.2259132862091064,2.4989335536956787,0.27302026748657227
731,TH0012AV/viewpoint_simulated_173_surface1.pcd,Testing,2.2408502101898193,2.5764660835266113,0.335615873336792
732,TH0012AV/viewpoint_simulated_174_surface1.pcd,Testing,2.174438953399658,2.5026495456695557,0.32821059226989746
733,TH0012AV/viewpoint_simulated_175_surface1.pcd,Testing,2.2853035926818848,2.4314780235290527,0.14617443084716797
734,TH0012AV/viewpoint_simulated_176_surface1.pcd,Testing,2.1859867572784424,2.333777666091919,0.14779090881347656
735,TH0012AV/viewpoint_simulated_177_surface1.pcd,Testing,2.282352924346924,2.2461414337158203,0.036211490631103516
736,TH0012AV/viewpoint_simulated_178_surface1.pcd,Testing,2.2526562213897705,2.0432944297790527,0.20936179161071777
737,TH0012AV/viewpoint_simulated_179_surface1.pcd,Testing,2.1984944343566895,2.0033862590789795,0.19510817527770996
738,TH0012AV/viewpoint_simulated_18_surface1.pcd,Testing,2.2058732509613037,2.7068963050842285,0.5010230541229248
739,TH0012AV/viewpoint_simulated_180_surface1.pcd,Testing,2.2123303413391113,2.068326473236084,0.14400386810302734
740,TH0012AV/viewpoint_simulated_181_surface1.pcd,Testing,2.1979775428771973,2.2956154346466064,0.09763789176940918
741,TH0012AV/viewpoint_simulated_182_surface1.pcd,Testing,2.292020082473755,2.3332343101501465,0.0412142276763916
742,TH0012AV/viewpoint_simulated_183_surface1.pcd,Testing,2.259341239929199,2.6610002517700195,0.4016590118408203
743,TH0012AV/viewpoint_simulated_184_surface1.pcd,Testing,2.3561644554138184,2.513833522796631,0.1576690673828125
744,TH0012AV/viewpoint_simulated_185_surface1.pcd,Testing,2.220874547958374,2.541536331176758,0.3206617832183838
745,TH0012AV/viewpoint_simulated_186_surface1.pcd,Testing,2.377593755722046,2.505067825317383,0.12747406959533691
746,TH0012AV/viewpoint_simulated_187_surface1.pcd,Testing,2.126249074935913,2.4910125732421875,0.3647634983062744
747,TH0012AV/viewpoint_simulated_188_surface1.pcd,Testing,2.358797311782837,2.359405279159546,0.0006079673767089844
748,TH0012AV/viewpoint_simulated_189_surface1.pcd,Testing,2.1261937618255615,2.1466598510742188,0.020466089248657227
749,TH0012AV/viewpoint_simulated_19_surface1.pcd,Testing,2.2624425888061523,2.49130916595459,0.2288665771484375
750,TH0012AV/viewpoint_simulated_190_surface1.pcd,Testing,2.2898199558258057,2.0275628566741943,0.26225709915161133
751,TH0012AV/viewpoint_simulated_191_surface1.pcd,Testing,2.396437406539917,1.9845527410507202,0.4118846654891968
752,TH0012AV/viewpoint_simulated_192_surface1.pcd,Testing,2.1236631870269775,2.0576248168945312,0.06603837013244629
753,TH0012AV/viewpoint_simulated_193_surface1.pcd,Testing,2.4643726348876953,2.2573344707489014,0.20703816413879395
754,TH0012AV/viewpoint_simulated_194_surface1.pcd,Testing,2.1684370040893555,2.3143820762634277,0.14594507217407227
755,TH0012AV/viewpoint_simulated_195_surface1.pcd,Testing,2.2953708171844482,2.6752309799194336,0.37986016273498535
756,TH0012AV/viewpoint_simulated_196_surface1.pcd,Testing,2.41267466545105,2.521972179412842,0.10929751396179199
757,TH0012AV/viewpoint_simulated_197_surface1.pcd,Testing,2.3672003746032715,2.468541145324707,0.10134077072143555
758,TH0012AV/viewpoint_simulated_198_surface1.pcd,Testing,2.1998448371887207,2.340573310852051,0.14072847366333008
759,TH0012AV/viewpoint_simulated_199_surface1.pcd,Testing,2.23901104927063,2.4304401874542236,0.19142913818359375
760,TH0012AV/viewpoint_simulated_2_surface1.pcd,Testing,2.237138032913208,2.5112900733947754,0.2741520404815674
761,TH0012AV/viewpoint_simulated_20_surface1.pcd,Testing,2.1628127098083496,2.379727840423584,0.21691513061523438
762,TH0012AV/viewpoint_simulated_200_surface1.pcd,Testing,2.252565622329712,2.2900118827819824,0.03744626045227051
763,TH0012AV/viewpoint_simulated_201_surface1.pcd,Testing,2.352933645248413,2.1580872535705566,0.19484639167785645
764,TH0012AV/viewpoint_simulated_202_surface1.pcd,Testing,2.3101844787597656,1.9934782981872559,0.31670618057250977
765,TH0012AV/viewpoint_simulated_203_surface1.pcd,Testing,2.1628310680389404,1.9762402772903442,0.1865907907485962
766,TH0012AV/viewpoint_simulated_204_surface1.pcd,Testing,2.1869711875915527,2.0653634071350098,0.12160778045654297
767,TH0012AV/viewpoint_simulated_205_surface1.pcd,Testing,2.249741792678833,2.2407116889953613,0.00903010368347168
768,TH0012AV/viewpoint_simulated_206_surface1.pcd,Testing,2.1595582962036133,2.2472424507141113,0.08768415451049805
769,TH0012AV/viewpoint_simulated_207_surface1.pcd,Testing,2.1664133071899414,2.6554558277130127,0.4890425205230713
770,TH0012AV/viewpoint_simulated_208_surface1.pcd,Testing,2.350644826889038,2.539123296737671,0.1884784698486328
771,TH0012AV/viewpoint_simulated_209_surface1.pcd,Testing,2.209778070449829,2.3989200592041016,0.18914198875427246
772,TH0012AV/viewpoint_simulated_21_surface1.pcd,Testing,2.140695571899414,2.4995858669281006,0.3588902950286865
773,TH0012AV/viewpoint_simulated_210_surface1.pcd,Testing,2.2171871662139893,2.3479647636413574,0.13077759742736816
774,TH0012AV/viewpoint_simulated_211_surface1.pcd,Testing,2.304441213607788,2.331608533859253,0.027167320251464844
775,TH0012AV/viewpoint_simulated_212_surface1.pcd,Testing,2.354356288909912,2.2151870727539062,0.13916921615600586
776,TH0012AV/viewpoint_simulated_213_surface1.pcd,Testing,2.224649667739868,2.1839163303375244,0.04073333740234375
777,TH0012AV/viewpoint_simulated_214_surface1.pcd,Testing,2.3178322315216064,1.9943656921386719,0.32346653938293457
778,TH0012AV/viewpoint_simulated_215_surface1.pcd,Testing,2.304668664932251,1.9693635702133179,0.3353050947189331
779,TH0012AV/viewpoint_simulated_22_surface1.pcd,Testing,2.31083345413208,2.211249351501465,0.09958410263061523
780,TH0012AV/viewpoint_simulated_23_surface1.pcd,Testing,2.0878889560699463,2.0419821739196777,0.045906782150268555
781,TH0012AV/viewpoint_simulated_24_surface1.pcd,Testing,2.321523666381836,2.2563297748565674,0.06519389152526855
782,TH0012AV/viewpoint_simulated_25_surface1.pcd,Testing,2.1564927101135254,2.2506191730499268,0.09412646293640137
783,TH0012AV/viewpoint_simulated_26_surface1.pcd,Testing,2.2481746673583984,2.3021178245544434,0.05394315719604492
784,TH0012AV/viewpoint_simulated_27_surface1.pcd,Testing,2.198009729385376,2.548281669616699,0.35027194023132324
785,TH0012AV/viewpoint_simulated_28_surface1.pcd,Testing,2.1684036254882812,2.5624704360961914,0.39406681060791016
786,TH0012AV/viewpoint_simulated_29_surface1.pcd,Testing,2.2887048721313477,2.5366008281707764,0.2478959560394287
787,TH0012AV/viewpoint_simulated_3_surface1.pcd,Testing,2.2670953273773193,2.6095919609069824,0.3424966335296631
788,TH0012AV/viewpoint_simulated_30_surface1.pcd,Testing,2.199145555496216,2.5610108375549316,0.3618652820587158
789,TH0012AV/viewpoint_simulated_31_surface1.pcd,Testing,2.1810145378112793,2.538444995880127,0.35743045806884766
790,TH0012AV/viewpoint_simulated_32_surface1.pcd,Testing,2.426401376724243,2.5359320640563965,0.10953068733215332
791,TH0012AV/viewpoint_simulated_33_surface1.pcd,Testing,2.2695188522338867,2.3026552200317383,0.03313636779785156
792,TH0012AV/viewpoint_simulated_34_surface1.pcd,Testing,2.234961986541748,2.0811967849731445,0.15376520156860352
793,TH0012AV/viewpoint_simulated_35_surface1.pcd,Testing,2.24269437789917,2.1544384956359863,0.0882558822631836
794,TH0012AV/viewpoint_simulated_36_surface1.pcd,Testing,2.2853403091430664,2.244462251663208,0.0408780574798584
795,TH0012AV/viewpoint_simulated_37_surface1.pcd,Testing,2.2824790477752686,2.251067638397217,0.03141140937805176
796,TH0012AV/viewpoint_simulated_38_surface1.pcd,Testing,2.2916762828826904,2.3203835487365723,0.028707265853881836
797,TH0012AV/viewpoint_simulated_39_surface1.pcd,Testing,2.2338974475860596,2.6536593437194824,0.41976189613342285
798,TH0012AV/viewpoint_simulated_4_surface1.pcd,Testing,2.2952935695648193,2.589942455291748,0.2946488857269287
799,TH0012AV/viewpoint_simulated_40_surface1.pcd,Testing,2.2509562969207764,2.4623494148254395,0.21139311790466309
800,TH0012AV/viewpoint_simulated_41_surface1.pcd,Testing,2.317631244659424,2.4820499420166016,0.16441869735717773
801,TH0012AV/viewpoint_simulated_42_surface1.pcd,Testing,2.0986740589141846,2.5104076862335205,0.41173362731933594
802,TH0012AV/viewpoint_simulated_43_surface1.pcd,Testing,2.2103748321533203,2.48415470123291,0.27377986907958984
803,TH0012AV/viewpoint_simulated_44_surface1.pcd,Testing,2.2599570751190186,2.437131404876709,0.17717432975769043
804,TH0012AV/viewpoint_simulated_45_surface1.pcd,Testing,2.3196470737457275,2.288726329803467,0.030920743942260742
805,TH0012AV/viewpoint_simulated_46_surface1.pcd,Testing,2.2848238945007324,2.066155433654785,0.21866846084594727
806,TH0012AV/viewpoint_simulated_47_surface1.pcd,Testing,2.2603743076324463,2.1579384803771973,0.10243582725524902
807,TH0012AV/viewpoint_simulated_48_surface1.pcd,Testing,2.2296102046966553,2.248175621032715,0.01856541633605957
808,TH0012AV/viewpoint_simulated_49_surface1.pcd,Testing,2.297398328781128,2.2933411598205566,0.004057168960571289
809,TH0012AV/viewpoint_simulated_5_surface1.pcd,Testing,2.2498185634613037,2.7779111862182617,0.528092622756958
810,TH0012AV/viewpoint_simulated_50_surface1.pcd,Testing,2.2249555587768555,2.3070333003997803,0.0820777416229248
811,TH0012AV/viewpoint_simulated_51_surface1.pcd,Testing,2.269629716873169,2.680156946182251,0.41052722930908203
812,TH0012AV/viewpoint_simulated_52_surface1.pcd,Testing,2.12448787689209,2.5116262435913086,0.38713836669921875
813,TH0012AV/viewpoint_simulated_53_surface1.pcd,Testing,2.342529058456421,2.3648059368133545,0.022276878356933594
814,TH0012AV/viewpoint_simulated_54_surface1.pcd,Testing,2.3878843784332275,2.4473228454589844,0.059438467025756836
815,TH0012AV/viewpoint_simulated_55_surface1.pcd,Testing,2.2510688304901123,2.4348437786102295,0.1837749481201172
816,TH0012AV/viewpoint_simulated_56_surface1.pcd,Testing,2.2294700145721436,2.336944818496704,0.10747480392456055
817,TH0012AV/viewpoint_simulated_57_surface1.pcd,Testing,2.1188881397247314,2.2449874877929688,0.1260993480682373
818,TH0012AV/viewpoint_simulated_58_surface1.pcd,Testing,2.2420692443847656,2.045863389968872,0.19620585441589355
819,TH0012AV/viewpoint_simulated_59_surface1.pcd,Testing,2.2440667152404785,2.0526859760284424,0.19138073921203613
820,TH0012AV/viewpoint_simulated_6_surface1.pcd,Testing,2.2350034713745117,2.6212220191955566,0.3862185478210449
821,TH0012AV/viewpoint_simulated_60_surface1.pcd,Testing,2.192293882369995,2.3823587894439697,0.1900649070739746
822,TH0012AV/viewpoint_simulated_61_surface1.pcd,Testing,2.2857866287231445,2.2881579399108887,0.0023713111877441406
823,TH0012AV/viewpoint_simulated_62_surface1.pcd,Testing,2.313424825668335,2.272055149078369,0.04136967658996582
824,TH0012AV/viewpoint_simulated_63_surface1.pcd,Testing,2.352428913116455,2.720113754272461,0.36768484115600586
825,TH0012AV/viewpoint_simulated_64_surface1.pcd,Testing,2.3540568351745605,2.5010838508605957,0.14702701568603516
826,TH0012AV/viewpoint_simulated_65_surface1.pcd,Testing,2.2296817302703857,2.222752094268799,0.006929636001586914
827,TH0012AV/viewpoint_simulated_66_surface1.pcd,Testing,2.4452641010284424,2.4044318199157715,0.0408322811126709
828,TH0012AV/viewpoint_simulated_67_surface1.pcd,Testing,2.359326124191284,2.3473830223083496,0.01194310188293457
829,TH0012AV/viewpoint_simulated_68_surface1.pcd,Testing,2.1902830600738525,2.281480312347412,0.09119725227355957
830,TH0012AV/viewpoint_simulated_69_surface1.pcd,Testing,2.3062219619750977,2.246776580810547,0.05944538116455078
831,TH0012AV/viewpoint_simulated_7_surface1.pcd,Testing,2.2709617614746094,2.266289710998535,0.004672050476074219
832,TH0012AV/viewpoint_simulated_70_surface1.pcd,Testing,2.2500288486480713,1.9889897108078003,0.261039137840271
833,TH0012AV/viewpoint_simulated_71_surface1.pcd,Testing,2.240706443786621,2.0246284008026123,0.2160780429840088
834,TH0012AV/viewpoint_simulated_72_surface1.pcd,Testing,2.2479162216186523,2.4400181770324707,0.19210195541381836
835,TH0012AV/viewpoint_simulated_73_surface1.pcd,Testing,2.1218278408050537,2.5656237602233887,0.44379591941833496
836,TH0012AV/viewpoint_simulated_74_surface1.pcd,Testing,2.2777860164642334,2.487118721008301,0.20933270454406738
837,TH0012AV/viewpoint_simulated_75_surface1.pcd,Testing,2.2029926776885986,2.580656051635742,0.37766337394714355
838,TH0012AV/viewpoint_simulated_76_surface1.pcd,Testing,2.179513692855835,2.580352306365967,0.40083861351013184
839,TH0012AV/viewpoint_simulated_77_surface1.pcd,Testing,2.1614086627960205,2.5804967880249023,0.41908812522888184
840,TH0012AV/viewpoint_simulated_78_surface1.pcd,Testing,2.3168108463287354,2.544471263885498,0.2276604175567627
841,TH0012AV/viewpoint_simulated_79_surface1.pcd,Testing,2.357530355453491,2.23051118850708,0.12701916694641113
842,TH0012AV/viewpoint_simulated_8_surface1.pcd,Testing,2.2035715579986572,2.3100781440734863,0.1065065860748291
843,TH0012AV/viewpoint_simulated_80_surface1.pcd,Testing,2.179806709289551,2.2027177810668945,0.02291107177734375
844,TH0012AV/viewpoint_simulated_81_surface1.pcd,Testing,2.2951738834381104,2.1622445583343506,0.13292932510375977
845,TH0012AV/viewpoint_simulated_82_surface1.pcd,Testing,2.25268816947937,2.06632924079895,0.18635892868041992
846,TH0012AV/viewpoint_simulated_83_surface1.pcd,Testing,2.1843101978302,2.074244737625122,0.11006546020507812
847,TH0012AV/viewpoint_simulated_84_surface1.pcd,Testing,2.181420087814331,2.2812650203704834,0.09984493255615234
848,TH0012AV/viewpoint_simulated_85_surface1.pcd,Testing,2.140357494354248,2.2712244987487793,0.13086700439453125
849,TH0012AV/viewpoint_simulated_86_surface1.pcd,Testing,2.253577470779419,2.299912929534912,0.046335458755493164
850,TH0012AV/viewpoint_simulated_87_surface1.pcd,Testing,2.180053949356079,2.552823066711426,0.3727691173553467
851,TH0012AV/viewpoint_simulated_88_surface1.pcd,Testing,2.33241868019104,2.666916847229004,0.33449816703796387
852,TH0012AV/viewpoint_simulated_89_surface1.pcd,Testing,2.2991418838500977,2.658940315246582,0.3597984313964844
853,TH0012AV/viewpoint_simulated_9_surface1.pcd,Testing,2.2447452545166016,2.387582778930664,0.1428375244140625
854,TH0012AV/viewpoint_simulated_90_surface1.pcd,Testing,2.269104480743408,2.5969691276550293,0.3278646469116211
855,TH0012AV/viewpoint_simulated_91_surface1.pcd,Testing,2.132349967956543,2.4278883934020996,0.29553842544555664
856,TH0012AV/viewpoint_simulated_92_surface1.pcd,Testing,2.238651752471924,2.3140616416931152,0.0754098892211914
857,TH0012AV/viewpoint_simulated_93_surface1.pcd,Testing,2.2147574424743652,2.232773780822754,0.018016338348388672
858,TH0012AV/viewpoint_simulated_94_surface1.pcd,Testing,2.2382073402404785,2.144110918045044,0.09409642219543457
859,TH0012AV/viewpoint_simulated_95_surface1.pcd,Testing,2.2759130001068115,2.0478737354278564,0.22803926467895508
860,TH0012AV/viewpoint_simulated_96_surface1.pcd,Testing,2.3529367446899414,2.2629969120025635,0.08993983268737793
861,TH0012AV/viewpoint_simulated_97_surface1.pcd,Testing,2.134859085083008,2.2879111766815186,0.15305209159851074
862,TH0012AV/viewpoint_simulated_98_surface1.pcd,Testing,2.2182295322418213,2.301795721054077,0.08356618881225586
863,TH0012AV/viewpoint_simulated_99_surface1.pcd,Testing,2.2914109230041504,2.5489330291748047,0.2575221061706543
864,TH0021AV/viewpoint_simulated_0_surface0.pcd,Testing,1.9646518230438232,2.3544211387634277,0.3897693157196045
865,TH0021AV/viewpoint_simulated_1_surface0.pcd,Testing,2.087364912033081,2.3080265522003174,0.22066164016723633
866,TH0021AV/viewpoint_simulated_10_surface0.pcd,Testing,2.137026071548462,2.2614965438842773,0.12447047233581543
867,TH0021AV/viewpoint_simulated_100_surface0.pcd,Testing,2.102552652359009,2.4102206230163574,0.30766797065734863
868,TH0021AV/viewpoint_simulated_101_surface0.pcd,Testing,2.348335027694702,2.345879554748535,0.002455472946166992
869,TH0021AV/viewpoint_simulated_102_surface0.pcd,Testing,2.139540672302246,2.274838924407959,0.1352982521057129
870,TH0021AV/viewpoint_simulated_103_surface0.pcd,Testing,2.2920310497283936,2.396850109100342,0.10481905937194824
871,TH0021AV/viewpoint_simulated_104_surface0.pcd,Testing,2.3414881229400635,2.5628786087036133,0.2213904857635498
872,TH0021AV/viewpoint_simulated_105_surface0.pcd,Testing,2.248948574066162,2.226806640625,0.02214193344116211
873,TH0021AV/viewpoint_simulated_106_surface0.pcd,Testing,2.112645149230957,1.991335153579712,0.12130999565124512
874,TH0021AV/viewpoint_simulated_107_surface0.pcd,Testing,2.274994373321533,2.0554661750793457,0.2195281982421875
875,TH0021AV/viewpoint_simulated_108_surface0.pcd,Testing,1.9286787509918213,2.080476760864258,0.15179800987243652
876,TH0021AV/viewpoint_simulated_109_surface0.pcd,Testing,2.2704060077667236,2.204744815826416,0.06566119194030762
877,TH0021AV/viewpoint_simulated_11_surface0.pcd,Testing,2.3309669494628906,2.020209550857544,0.3107573986053467
878,TH0021AV/viewpoint_simulated_110_surface0.pcd,Testing,2.133338689804077,2.1713907718658447,0.03805208206176758
879,TH0021AV/viewpoint_simulated_111_surface0.pcd,Testing,2.1986758708953857,2.291753053665161,0.09307718276977539
880,TH0021AV/viewpoint_simulated_112_surface0.pcd,Testing,1.982994794845581,2.2977194786071777,0.3147246837615967
881,TH0021AV/viewpoint_simulated_113_surface0.pcd,Testing,2.274998426437378,2.329543113708496,0.054544687271118164
882,TH0021AV/viewpoint_simulated_114_surface0.pcd,Testing,1.931538701057434,2.291181802749634,0.3596431016921997
883,TH0021AV/viewpoint_simulated_115_surface0.pcd,Testing,2.1582512855529785,2.2647175788879395,0.10646629333496094
884,TH0021AV/viewpoint_simulated_116_surface0.pcd,Testing,2.1744930744171143,2.4211807250976562,0.246687650680542
885,TH0021AV/viewpoint_simulated_117_surface0.pcd,Testing,2.3117103576660156,2.2072055339813232,0.10450482368469238
886,TH0021AV/viewpoint_simulated_118_surface0.pcd,Testing,2.26949143409729,2.0006117820739746,0.26887965202331543
887,TH0021AV/viewpoint_simulated_119_surface0.pcd,Testing,2.367851734161377,2.048001289367676,0.31985044479370117
888,TH0021AV/viewpoint_simulated_12_surface0.pcd,Testing,2.1655900478363037,2.1104116439819336,0.05517840385437012
889,TH0021AV/viewpoint_simulated_120_surface0.pcd,Testing,2.235628604888916,1.9797948598861694,0.2558337450027466
890,TH0021AV/viewpoint_simulated_121_surface0.pcd,Testing,2.136087656021118,2.1436715126037598,0.0075838565826416016
891,TH0021AV/viewpoint_simulated_122_surface0.pcd,Testing,2.2294912338256836,2.2127249240875244,0.01676630973815918
892,TH0021AV/viewpoint_simulated_123_surface0.pcd,Testing,2.2476303577423096,2.4006049633026123,0.15297460556030273
893,TH0021AV/viewpoint_simulated_124_surface0.pcd,Testing,2.282521963119507,2.220015525817871,0.06250643730163574
894,TH0021AV/viewpoint_simulated_125_surface0.pcd,Testing,2.0286245346069336,2.1193747520446777,0.09075021743774414
895,TH0021AV/viewpoint_simulated_126_surface0.pcd,Testing,2.265350341796875,2.1525092124938965,0.11284112930297852
896,TH0021AV/viewpoint_simulated_127_surface0.pcd,Testing,2.2002334594726562,2.299748420715332,0.09951496124267578
897,TH0021AV/viewpoint_simulated_128_surface0.pcd,Testing,2.298607587814331,2.3080015182495117,0.009393930435180664
898,TH0021AV/viewpoint_simulated_129_surface0.pcd,Testing,2.1946287155151367,2.130519390106201,0.06410932540893555
899,TH0021AV/viewpoint_simulated_13_surface0.pcd,Testing,2.1986377239227295,2.144326686859131,0.05431103706359863
900,TH0021AV/viewpoint_simulated_130_surface0.pcd,Testing,2.2556471824645996,1.973496675491333,0.2821505069732666
901,TH0021AV/viewpoint_simulated_131_surface0.pcd,Testing,2.1336376667022705,2.0742645263671875,0.05937314033508301
902,TH0021AV/viewpoint_simulated_132_surface0.pcd,Testing,2.1740126609802246,1.9924309253692627,0.18158173561096191
903,TH0021AV/viewpoint_simulated_133_surface0.pcd,Testing,2.3600330352783203,2.080335855484009,0.2796971797943115
904,TH0021AV/viewpoint_simulated_134_surface0.pcd,Testing,2.284661293029785,2.229191780090332,0.055469512939453125
905,TH0021AV/viewpoint_simulated_135_surface0.pcd,Testing,2.0790205001831055,2.440220832824707,0.36120033264160156
906,TH0021AV/viewpoint_simulated_136_surface0.pcd,Testing,2.1144421100616455,2.262336492538452,0.14789438247680664
907,TH0021AV/viewpoint_simulated_137_surface0.pcd,Testing,2.2282087802886963,2.117861270904541,0.11034750938415527
908,TH0021AV/viewpoint_simulated_138_surface0.pcd,Testing,2.3355767726898193,2.0652523040771484,0.2703244686126709
909,TH0021AV/viewpoint_simulated_139_surface0.pcd,Testing,2.100776195526123,2.1068718433380127,0.0060956478118896484
910,TH0021AV/viewpoint_simulated_14_surface0.pcd,Testing,2.1456732749938965,2.1969573497772217,0.051284074783325195
911,TH0021AV/viewpoint_simulated_140_surface0.pcd,Testing,2.080075979232788,2.261679172515869,0.18160319328308105
912,TH0021AV/viewpoint_simulated_141_surface0.pcd,Testing,2.2226173877716064,2.1068239212036133,0.11579346656799316
913,TH0021AV/viewpoint_simulated_142_surface0.pcd,Testing,2.1970813274383545,1.9833818674087524,0.21369946002960205
914,TH0021AV/viewpoint_simulated_143_surface0.pcd,Testing,2.3955650329589844,1.9720258712768555,0.4235391616821289
915,TH0021AV/viewpoint_simulated_144_surface0.pcd,Testing,2.15521240234375,2.079921245574951,0.07529115676879883
916,TH0021AV/viewpoint_simulated_145_surface0.pcd,Testing,2.250016450881958,2.2259669303894043,0.02404952049255371
917,TH0021AV/viewpoint_simulated_146_surface0.pcd,Testing,2.1398088932037354,2.2752015590667725,0.1353926658630371
918,TH0021AV/viewpoint_simulated_147_surface0.pcd,Testing,2.0913002490997314,2.339616298675537,0.24831604957580566
919,TH0021AV/viewpoint_simulated_148_surface0.pcd,Testing,2.226109743118286,2.4142701625823975,0.18816041946411133
920,TH0021AV/viewpoint_simulated_149_surface0.pcd,Testing,2.2290444374084473,2.377103328704834,0.14805889129638672
921,TH0021AV/viewpoint_simulated_15_surface0.pcd,Testing,2.2090797424316406,2.392399787902832,0.1833200454711914
922,TH0021AV/viewpoint_simulated_150_surface0.pcd,Testing,2.011756181716919,2.248044490814209,0.23628830909729004
923,TH0021AV/viewpoint_simulated_151_surface0.pcd,Testing,2.149724245071411,2.219097137451172,0.06937289237976074
924,TH0021AV/viewpoint_simulated_152_surface0.pcd,Testing,2.313713312149048,2.0709497928619385,0.24276351928710938
925,TH0021AV/viewpoint_simulated_153_surface0.pcd,Testing,2.141352415084839,2.065039873123169,0.07631254196166992
926,TH0021AV/viewpoint_simulated_154_surface0.pcd,Testing,1.960705041885376,2.0152149200439453,0.054509878158569336
927,TH0021AV/viewpoint_simulated_155_surface0.pcd,Testing,2.084886074066162,2.0243947505950928,0.060491323471069336
928,TH0021AV/viewpoint_simulated_156_surface0.pcd,Testing,2.2337677478790283,2.0685837268829346,0.16518402099609375
929,TH0021AV/viewpoint_simulated_157_surface0.pcd,Testing,2.2016677856445312,2.185070037841797,0.016597747802734375
930,TH0021AV/viewpoint_simulated_158_surface0.pcd,Testing,2.2327587604522705,2.1784911155700684,0.05426764488220215
931,TH0021AV/viewpoint_simulated_159_surface0.pcd,Testing,2.0999953746795654,2.2641897201538086,0.16419434547424316
932,TH0021AV/viewpoint_simulated_16_surface0.pcd,Testing,2.1335158348083496,2.4587087631225586,0.325192928314209
933,TH0021AV/viewpoint_simulated_160_surface0.pcd,Testing,2.200854539871216,2.4004759788513184,0.19962143898010254
934,TH0021AV/viewpoint_simulated_161_surface0.pcd,Testing,2.239842414855957,2.5450196266174316,0.3051772117614746
935,TH0021AV/viewpoint_simulated_162_surface0.pcd,Testing,2.090660572052002,2.4307756423950195,0.3401150703430176
936,TH0021AV/viewpoint_simulated_163_surface0.pcd,Testing,2.117314577102661,2.5511891841888428,0.43387460708618164
937,TH0021AV/viewpoint_simulated_164_surface0.pcd,Testing,2.1801793575286865,2.1836342811584473,0.003454923629760742
938,TH0021AV/viewpoint_simulated_165_surface0.pcd,Testing,2.1376841068267822,2.0336835384368896,0.10400056838989258
939,TH0021AV/viewpoint_simulated_166_surface0.pcd,Testing,2.1101279258728027,1.9733915328979492,0.13673639297485352
940,TH0021AV/viewpoint_simulated_167_surface0.pcd,Testing,2.221919536590576,2.0598225593566895,0.16209697723388672
941,TH0021AV/viewpoint_simulated_168_surface0.pcd,Testing,2.1754302978515625,2.09999418258667,0.07543611526489258
942,TH0021AV/viewpoint_simulated_169_surface0.pcd,Testing,2.014592409133911,2.1350131034851074,0.12042069435119629
943,TH0021AV/viewpoint_simulated_17_surface0.pcd,Testing,2.1187169551849365,2.356295108795166,0.2375781536102295
944,TH0021AV/viewpoint_simulated_170_surface0.pcd,Testing,2.2740931510925293,2.1763148307800293,0.0977783203125
945,TH0021AV/viewpoint_simulated_171_surface0.pcd,Testing,2.117377519607544,2.2526044845581055,0.13522696495056152
946,TH0021AV/viewpoint_simulated_172_surface0.pcd,Testing,2.154653787612915,2.404003620147705,0.24934983253479004
947,TH0021AV/viewpoint_simulated_173_surface0.pcd,Testing,2.093310594558716,2.3406591415405273,0.24734854698181152
948,TH0021AV/viewpoint_simulated_174_surface0.pcd,Testing,2.2396812438964844,2.288715362548828,0.04903411865234375
949,TH0021AV/viewpoint_simulated_175_surface0.pcd,Testing,2.158796548843384,2.4759016036987305,0.3171050548553467
950,TH0021AV/viewpoint_simulated_176_surface0.pcd,Testing,2.178438901901245,2.3416898250579834,0.16325092315673828
951,TH0021AV/viewpoint_simulated_177_surface0.pcd,Testing,2.0661685466766357,2.059755802154541,0.0064127445220947266
952,TH0021AV/viewpoint_simulated_178_surface0.pcd,Testing,2.233844041824341,1.9856125116348267,0.24823153018951416
953,TH0021AV/viewpoint_simulated_179_surface0.pcd,Testing,2.193837881088257,2.0488762855529785,0.14496159553527832
954,TH0021AV/viewpoint_simulated_18_surface0.pcd,Testing,2.1010689735412598,2.4067678451538086,0.30569887161254883
955,TH0021AV/viewpoint_simulated_180_surface0.pcd,Testing,2.012406587600708,2.081136465072632,0.06872987747192383
956,TH0021AV/viewpoint_simulated_181_surface0.pcd,Testing,1.9834343194961548,2.188307285308838,0.2048729658126831
957,TH0021AV/viewpoint_simulated_182_surface0.pcd,Testing,2.2371041774749756,2.1821494102478027,0.05495476722717285
958,TH0021AV/viewpoint_simulated_183_surface0.pcd,Testing,2.321153402328491,2.303542137145996,0.017611265182495117
959,TH0021AV/viewpoint_simulated_184_surface0.pcd,Testing,2.192135810852051,2.3998217582702637,0.2076859474182129
960,TH0021AV/viewpoint_simulated_185_surface0.pcd,Testing,2.3263275623321533,2.2749946117401123,0.051332950592041016
961,TH0021AV/viewpoint_simulated_186_surface0.pcd,Testing,2.070643663406372,2.2796597480773926,0.2090160846710205
962,TH0021AV/viewpoint_simulated_187_surface0.pcd,Testing,2.013378620147705,2.3295464515686035,0.31616783142089844
963,TH0021AV/viewpoint_simulated_188_surface0.pcd,Testing,2.010457754135132,2.335071563720703,0.3246138095855713
964,TH0021AV/viewpoint_simulated_189_surface0.pcd,Testing,2.106158494949341,2.0514938831329346,0.05466461181640625
965,TH0021AV/viewpoint_simulated_19_surface0.pcd,Testing,2.2445425987243652,2.4821667671203613,0.2376241683959961
966,TH0021AV/viewpoint_simulated_190_surface0.pcd,Testing,2.0768980979919434,1.985771656036377,0.0911264419555664
967,TH0021AV/viewpoint_simulated_191_surface0.pcd,Testing,2.197106122970581,1.980918288230896,0.21618783473968506
968,TH0021AV/viewpoint_simulated_192_surface0.pcd,Testing,2.211700201034546,2.0062243938446045,0.2054758071899414
969,TH0021AV/viewpoint_simulated_193_surface0.pcd,Testing,2.3893966674804688,2.142716407775879,0.24668025970458984
970,TH0021AV/viewpoint_simulated_194_surface0.pcd,Testing,2.27382755279541,2.19731068611145,0.07651686668395996
971,TH0021AV/viewpoint_simulated_195_surface0.pcd,Testing,2.2216687202453613,2.3948168754577637,0.17314815521240234
972,TH0021AV/viewpoint_simulated_196_surface0.pcd,Testing,2.0321083068847656,2.279942035675049,0.2478337287902832
973,TH0021AV/viewpoint_simulated_197_surface0.pcd,Testing,2.006861448287964,2.252950668334961,0.24608922004699707
974,TH0021AV/viewpoint_simulated_198_surface0.pcd,Testing,2.284456729888916,2.180187225341797,0.10426950454711914
975,TH0021AV/viewpoint_simulated_199_surface0.pcd,Testing,2.1213366985321045,2.257296562194824,0.13595986366271973
976,TH0021AV/viewpoint_simulated_2_surface0.pcd,Testing,2.307523012161255,2.2974581718444824,0.010064840316772461
977,TH0021AV/viewpoint_simulated_20_surface0.pcd,Testing,2.1734979152679443,2.4229555130004883,0.24945759773254395
978,TH0021AV/viewpoint_simulated_200_surface0.pcd,Testing,2.29716157913208,2.207888603210449,0.08927297592163086
979,TH0021AV/viewpoint_simulated_201_surface0.pcd,Testing,2.273000717163086,2.073868751525879,0.19913196563720703
980,TH0021AV/viewpoint_simulated_202_surface0.pcd,Testing,2.2211246490478516,1.9770183563232422,0.24410629272460938
981,TH0021AV/viewpoint_simulated_203_surface0.pcd,Testing,2.1742897033691406,1.944339394569397,0.22995030879974365
982,TH0021AV/viewpoint_simulated_204_surface0.pcd,Testing,2.24839186668396,2.011700391769409,0.23669147491455078
983,TH0021AV/viewpoint_simulated_205_surface0.pcd,Testing,2.0518460273742676,2.0665082931518555,0.01466226577758789
984,TH0021AV/viewpoint_simulated_206_surface0.pcd,Testing,2.305820941925049,2.203899383544922,0.10192155838012695
985,TH0021AV/viewpoint_simulated_207_surface0.pcd,Testing,2.298163652420044,2.430846691131592,0.13268303871154785
986,TH0021AV/viewpoint_simulated_208_surface0.pcd,Testing,2.1486973762512207,2.345719337463379,0.1970219612121582
987,TH0021AV/viewpoint_simulated_209_surface0.pcd,Testing,2.1201319694519043,2.08758282661438,0.032549142837524414
988,TH0021AV/viewpoint_simulated_21_surface0.pcd,Testing,2.242894411087036,2.0374975204467773,0.2053968906402588
989,TH0021AV/viewpoint_simulated_210_surface0.pcd,Testing,2.2468345165252686,2.085786819458008,0.16104769706726074
990,TH0021AV/viewpoint_simulated_211_surface0.pcd,Testing,2.214503765106201,2.122565984725952,0.09193778038024902
991,TH0021AV/viewpoint_simulated_212_surface0.pcd,Testing,2.1561191082000732,2.242126226425171,0.08600711822509766
992,TH0021AV/viewpoint_simulated_213_surface0.pcd,Testing,2.2104811668395996,2.1419029235839844,0.06857824325561523
993,TH0021AV/viewpoint_simulated_214_surface0.pcd,Testing,2.1448397636413574,1.9906485080718994,0.154191255569458
994,TH0021AV/viewpoint_simulated_215_surface0.pcd,Testing,2.250070333480835,1.9831228256225586,0.26694750785827637
995,TH0021AV/viewpoint_simulated_22_surface0.pcd,Testing,2.328732490539551,2.0002260208129883,0.3285064697265625
996,TH0021AV/viewpoint_simulated_23_surface0.pcd,Testing,2.1992130279541016,2.081855297088623,0.11735773086547852
997,TH0021AV/viewpoint_simulated_24_surface0.pcd,Testing,2.3300862312316895,2.216066837310791,0.11401939392089844
998,TH0021AV/viewpoint_simulated_25_surface0.pcd,Testing,2.0807812213897705,2.1567158699035645,0.07593464851379395
999,TH0021AV/viewpoint_simulated_26_surface0.pcd,Testing,2.2156784534454346,2.157071590423584,0.058606863021850586
1000,TH0021AV/viewpoint_simulated_27_surface0.pcd,Testing,2.0553455352783203,2.2903780937194824,0.2350325584411621
1001,TH0021AV/viewpoint_simulated_28_surface0.pcd,Testing,2.2993781566619873,2.41926908493042,0.11989092826843262
1002,TH0021AV/viewpoint_simulated_29_surface0.pcd,Testing,2.1867849826812744,2.3528196811676025,0.16603469848632812
1003,TH0021AV/viewpoint_simulated_3_surface0.pcd,Testing,2.179229736328125,2.31601619720459,0.13678646087646484
1004,TH0021AV/viewpoint_simulated_30_surface0.pcd,Testing,2.028012275695801,2.2881293296813965,0.2601170539855957
1005,TH0021AV/viewpoint_simulated_31_surface0.pcd,Testing,2.3582851886749268,2.478424072265625,0.12013888359069824
1006,TH0021AV/viewpoint_simulated_32_surface0.pcd,Testing,2.274972677230835,2.3879194259643555,0.11294674873352051
1007,TH0021AV/viewpoint_simulated_33_surface0.pcd,Testing,2.210108757019043,2.235288143157959,0.025179386138916016
1008,TH0021AV/viewpoint_simulated_34_surface0.pcd,Testing,2.103580951690674,1.9874297380447388,0.11615121364593506
1009,TH0021AV/viewpoint_simulated_35_surface0.pcd,Testing,2.1424171924591064,2.1151540279388428,0.027263164520263672
1010,TH0021AV/viewpoint_simulated_36_surface0.pcd,Testing,2.237870931625366,2.1082725524902344,0.12959837913513184
1011,TH0021AV/viewpoint_simulated_37_surface0.pcd,Testing,2.127460479736328,2.20290470123291,0.07544422149658203
1012,TH0021AV/viewpoint_simulated_38_surface0.pcd,Testing,2.2687456607818604,2.1987926959991455,0.06995296478271484
1013,TH0021AV/viewpoint_simulated_39_surface0.pcd,Testing,2.0986454486846924,2.3626489639282227,0.2640035152435303
1014,TH0021AV/viewpoint_simulated_4_surface0.pcd,Testing,2.1241157054901123,2.342538356781006,0.21842265129089355
1015,TH0021AV/viewpoint_simulated_40_surface0.pcd,Testing,2.077702522277832,2.2216105461120605,0.14390802383422852
1016,TH0021AV/viewpoint_simulated_41_surface0.pcd,Testing,2.398223400115967,2.2331156730651855,0.16510772705078125
1017,TH0021AV/viewpoint_simulated_42_surface0.pcd,Testing,2.10155987739563,2.264636754989624,0.16307687759399414
1018,TH0021AV/viewpoint_simulated_43_surface0.pcd,Testing,2.2984888553619385,2.3114771842956543,0.01298832893371582
1019,TH0021AV/viewpoint_simulated_44_surface0.pcd,Testing,2.410155773162842,2.446965217590332,0.036809444427490234
1020,TH0021AV/viewpoint_simulated_45_surface0.pcd,Testing,2.150637149810791,2.1797003746032715,0.02906322479248047
1021,TH0021AV/viewpoint_simulated_46_surface0.pcd,Testing,2.2315597534179688,2.0208373069763184,0.2107224464416504
1022,TH0021AV/viewpoint_simulated_47_surface0.pcd,Testing,2.2484209537506104,2.0765161514282227,0.1719048023223877
1023,TH0021AV/viewpoint_simulated_48_surface0.pcd,Testing,2.387995481491089,2.018524408340454,0.36947107315063477
1024,TH0021AV/viewpoint_simulated_49_surface0.pcd,Testing,2.1447277069091797,2.1605451107025146,0.01581740379333496
1025,TH0021AV/viewpoint_simulated_5_surface0.pcd,Testing,2.177206516265869,2.3550727367401123,0.17786622047424316
1026,TH0021AV/viewpoint_simulated_50_surface0.pcd,Testing,2.251364231109619,2.2484002113342285,0.002964019775390625
1027,TH0021AV/viewpoint_simulated_51_surface0.pcd,Testing,1.9041438102722168,2.4378132820129395,0.5336694717407227
1028,TH0021AV/viewpoint_simulated_52_surface0.pcd,Testing,2.1578328609466553,2.224263906478882,0.06643104553222656
1029,TH0021AV/viewpoint_simulated_53_surface0.pcd,Testing,2.302100896835327,2.126722574234009,0.17537832260131836
1030,TH0021AV/viewpoint_simulated_54_surface0.pcd,Testing,2.206892251968384,2.1250789165496826,0.08181333541870117
1031,TH0021AV/viewpoint_simulated_55_surface0.pcd,Testing,2.2375030517578125,2.2520689964294434,0.01456594467163086
1032,TH0021AV/viewpoint_simulated_56_surface0.pcd,Testing,2.1653897762298584,2.327609062194824,0.16221928596496582
1033,TH0021AV/viewpoint_simulated_57_surface0.pcd,Testing,2.138834238052368,2.1686015129089355,0.029767274856567383
1034,TH0021AV/viewpoint_simulated_58_surface0.pcd,Testing,2.124251127243042,2.0256967544555664,0.09855437278747559
1035,TH0021AV/viewpoint_simulated_59_surface0.pcd,Testing,2.390493631362915,2.031696319580078,0.3587973117828369
1036,TH0021AV/viewpoint_simulated_6_surface0.pcd,Testing,2.1870908737182617,2.262484312057495,0.0753934383392334
1037,TH0021AV/viewpoint_simulated_60_surface0.pcd,Testing,2.5817489624023438,2.004964590072632,0.5767843723297119
1038,TH0021AV/viewpoint_simulated_61_surface0.pcd,Testing,2.398914337158203,2.1509032249450684,0.24801111221313477
1039,TH0021AV/viewpoint_simulated_62_surface0.pcd,Testing,2.0814363956451416,2.2553482055664062,0.17391180992126465
1040,TH0021AV/viewpoint_simulated_63_surface0.pcd,Testing,2.184507131576538,2.4898242950439453,0.3053171634674072
1041,TH0021AV/viewpoint_simulated_64_surface0.pcd,Testing,2.3645598888397217,2.187577247619629,0.17698264122009277
1042,TH0021AV/viewpoint_simulated_65_surface0.pcd,Testing,2.117954969406128,2.139570713043213,0.02161574363708496
1043,TH0021AV/viewpoint_simulated_66_surface0.pcd,Testing,2.25818133354187,2.0527966022491455,0.2053847312927246
1044,TH0021AV/viewpoint_simulated_67_surface0.pcd,Testing,2.226109266281128,2.0574147701263428,0.16869449615478516
1045,TH0021AV/viewpoint_simulated_68_surface0.pcd,Testing,2.2369344234466553,2.2817280292510986,0.04479360580444336
1046,TH0021AV/viewpoint_simulated_69_surface0.pcd,Testing,2.2334439754486084,2.1494922637939453,0.08395171165466309
1047,TH0021AV/viewpoint_simulated_7_surface0.pcd,Testing,2.1731226444244385,2.3057541847229004,0.13263154029846191
1048,TH0021AV/viewpoint_simulated_70_surface0.pcd,Testing,2.2607576847076416,2.0006673336029053,0.26009035110473633
1049,TH0021AV/viewpoint_simulated_71_surface0.pcd,Testing,2.3140981197357178,1.974826693534851,0.3392714262008667
1050,TH0021AV/viewpoint_simulated_72_surface0.pcd,Testing,2.2990212440490723,2.074666738510132,0.22435450553894043
1051,TH0021AV/viewpoint_simulated_73_surface0.pcd,Testing,1.9923222064971924,2.2614855766296387,0.2691633701324463
1052,TH0021AV/viewpoint_simulated_74_surface0.pcd,Testing,2.040595293045044,2.3356873989105225,0.2950921058654785
1053,TH0021AV/viewpoint_simulated_75_surface0.pcd,Testing,2.3382341861724854,2.3729429244995117,0.03470873832702637
1054,TH0021AV/viewpoint_simulated_76_surface0.pcd,Testing,2.1680262088775635,2.387693405151367,0.2196671962738037
1055,TH0021AV/viewpoint_simulated_77_surface0.pcd,Testing,2.065465211868286,2.562112808227539,0.49664759635925293
1056,TH0021AV/viewpoint_simulated_78_surface0.pcd,Testing,2.3026089668273926,2.235511302947998,0.06709766387939453
1057,TH0021AV/viewpoint_simulated_79_surface0.pcd,Testing,2.2665367126464844,2.2280659675598145,0.03847074508666992
1058,TH0021AV/viewpoint_simulated_8_surface0.pcd,Testing,2.14988112449646,2.343794345855713,0.19391322135925293
1059,TH0021AV/viewpoint_simulated_80_surface0.pcd,Testing,2.222355604171753,2.300619125366211,0.07826352119445801
1060,TH0021AV/viewpoint_simulated_81_surface0.pcd,Testing,2.152353048324585,2.133484363555908,0.018868684768676758
1061,TH0021AV/viewpoint_simulated_82_surface0.pcd,Testing,2.232313394546509,2.236147880554199,0.0038344860076904297
1062,TH0021AV/viewpoint_simulated_83_surface0.pcd,Testing,2.169557571411133,2.038010597229004,0.1315469741821289
1063,TH0021AV/viewpoint_simulated_84_surface0.pcd,Testing,2.0340778827667236,2.0709848403930664,0.03690695762634277
1064,TH0021AV/viewpoint_simulated_85_surface0.pcd,Testing,2.2907321453094482,2.135058879852295,0.15567326545715332
1065,TH0021AV/viewpoint_simulated_86_surface0.pcd,Testing,2.143306016921997,2.2202959060668945,0.07698988914489746
1066,TH0021AV/viewpoint_simulated_87_surface0.pcd,Testing,2.138906717300415,2.328110456466675,0.18920373916625977
1067,TH0021AV/viewpoint_simulated_88_surface0.pcd,Testing,2.1095926761627197,2.415236711502075,0.30564403533935547
1068,TH0021AV/viewpoint_simulated_89_surface0.pcd,Testing,2.105975389480591,2.3956525325775146,0.28967714309692383
1069,TH0021AV/viewpoint_simulated_9_surface0.pcd,Testing,2.2999792098999023,2.164886951446533,0.13509225845336914
1070,TH0021AV/viewpoint_simulated_90_surface0.pcd,Testing,2.214198112487793,2.3030128479003906,0.08881473541259766
1071,TH0021AV/viewpoint_simulated_91_surface0.pcd,Testing,2.357172727584839,2.4540467262268066,0.09687399864196777
1072,TH0021AV/viewpoint_simulated_92_surface0.pcd,Testing,2.267064332962036,2.1931023597717285,0.07396197319030762
1073,TH0021AV/viewpoint_simulated_93_surface0.pcd,Testing,2.185683012008667,2.034687042236328,0.15099596977233887
1074,TH0021AV/viewpoint_simulated_94_surface0.pcd,Testing,2.0634121894836426,1.9995311498641968,0.0638810396194458
1075,TH0021AV/viewpoint_simulated_95_surface0.pcd,Testing,2.2185850143432617,2.0887045860290527,0.12988042831420898
1076,TH0021AV/viewpoint_simulated_96_surface0.pcd,Testing,2.0966038703918457,2.1252689361572266,0.02866506576538086
1077,TH0021AV/viewpoint_simulated_97_surface0.pcd,Testing,2.055882453918457,2.1370813846588135,0.08119893074035645
1078,TH0021AV/viewpoint_simulated_98_surface0.pcd,Testing,2.068852186203003,2.146811008453369,0.07795882225036621
1079,TH0021AV/viewpoint_simulated_99_surface0.pcd,Testing,2.242823362350464,2.3493432998657227,0.10651993751525879
1080,TH0021AV/viewpoint_simulated_0_surface1.pcd,Testing,1.9438668489456177,1.9290013313293457,0.014865517616271973
1081,TH0021AV/viewpoint_simulated_1_surface1.pcd,Testing,1.9214082956314087,1.927580714225769,0.0061724185943603516
1082,TH0021AV/viewpoint_simulated_10_surface1.pcd,Testing,1.9246783256530762,1.9297069311141968,0.0050286054611206055
1083,TH0021AV/viewpoint_simulated_100_surface1.pcd,Testing,2.0392532348632812,1.9191139936447144,0.1201392412185669
1084,TH0021AV/viewpoint_simulated_101_surface1.pcd,Testing,1.974327802658081,1.938169240951538,0.03615856170654297
1085,TH0021AV/viewpoint_simulated_102_surface1.pcd,Testing,1.9798614978790283,1.9109786748886108,0.06888282299041748
1086,TH0021AV/viewpoint_simulated_103_surface1.pcd,Testing,1.9652734994888306,1.8981724977493286,0.06710100173950195
1087,TH0021AV/viewpoint_simulated_104_surface1.pcd,Testing,2.1457791328430176,1.9255911111831665,0.22018802165985107
1088,TH0021AV/viewpoint_simulated_105_surface1.pcd,Testing,1.9916930198669434,1.9382115602493286,0.053481459617614746
1089,TH0021AV/viewpoint_simulated_106_surface1.pcd,Testing,1.990662693977356,1.926587700843811,0.06407499313354492
1090,TH0021AV/viewpoint_simulated_107_surface1.pcd,Testing,1.9669090509414673,1.9263131618499756,0.0405958890914917
1091,TH0021AV/viewpoint_simulated_108_surface1.pcd,Testing,2.091212272644043,1.9312552213668823,0.15995705127716064
1092,TH0021AV/viewpoint_simulated_109_surface1.pcd,Testing,1.9633827209472656,1.9471429586410522,0.01623976230621338
1093,TH0021AV/viewpoint_simulated_11_surface1.pcd,Testing,2.020136594772339,1.92483651638031,0.09530007839202881
1094,TH0021AV/viewpoint_simulated_110_surface1.pcd,Testing,2.006143808364868,1.9398771524429321,0.06626665592193604
1095,TH0021AV/viewpoint_simulated_111_surface1.pcd,Testing,2.0891005992889404,1.934795618057251,0.15430498123168945
1096,TH0021AV/viewpoint_simulated_112_surface1.pcd,Testing,2.0473666191101074,1.9346588850021362,0.11270773410797119
1097,TH0021AV/viewpoint_simulated_113_surface1.pcd,Testing,2.057020902633667,1.926090121269226,0.13093078136444092
1098,TH0021AV/viewpoint_simulated_114_surface1.pcd,Testing,2.078092575073242,1.9099174737930298,0.1681751012802124
1099,TH0021AV/viewpoint_simulated_115_surface1.pcd,Testing,1.9465956687927246,1.912401795387268,0.03419387340545654
1100,TH0021AV/viewpoint_simulated_116_surface1.pcd,Testing,2.114203453063965,1.9210950136184692,0.1931084394454956
1101,TH0021AV/viewpoint_simulated_117_surface1.pcd,Testing,2.0844457149505615,1.9516370296478271,0.13280868530273438
1102,TH0021AV/viewpoint_simulated_118_surface1.pcd,Testing,2.022061586380005,1.9351049661636353,0.08695662021636963
1103,TH0021AV/viewpoint_simulated_119_surface1.pcd,Testing,2.040663242340088,1.936950445175171,0.10371279716491699
1104,TH0021AV/viewpoint_simulated_12_surface1.pcd,Testing,1.9457039833068848,1.9337297677993774,0.011974215507507324
1105,TH0021AV/viewpoint_simulated_120_surface1.pcd,Testing,1.9427826404571533,1.9586269855499268,0.015844345092773438
1106,TH0021AV/viewpoint_simulated_121_surface1.pcd,Testing,1.9407280683517456,1.9521608352661133,0.011432766914367676
1107,TH0021AV/viewpoint_simulated_122_surface1.pcd,Testing,2.0135209560394287,1.9526126384735107,0.06090831756591797
1108,TH0021AV/viewpoint_simulated_123_surface1.pcd,Testing,1.9775947332382202,1.9310675859451294,0.04652714729309082
1109,TH0021AV/viewpoint_simulated_124_surface1.pcd,Testing,2.0685813426971436,1.9343239068984985,0.13425743579864502
1110,TH0021AV/viewpoint_simulated_125_surface1.pcd,Testing,2.0535595417022705,1.9329649209976196,0.12059462070465088
1111,TH0021AV/viewpoint_simulated_126_surface1.pcd,Testing,2.0501904487609863,1.9176582098007202,0.1325322389602661
1112,TH0021AV/viewpoint_simulated_127_surface1.pcd,Testing,1.9263029098510742,1.9220596551895142,0.004243254661560059
1113,TH0021AV/viewpoint_simulated_128_surface1.pcd,Testing,2.1056013107299805,1.9184365272521973,0.1871647834777832
1114,TH0021AV/viewpoint_simulated_129_surface1.pcd,Testing,2.0178303718566895,1.94672429561615,0.07110607624053955
1115,TH0021AV/viewpoint_simulated_13_surface1.pcd,Testing,2.053558349609375,1.9266386032104492,0.12691974639892578
1116,TH0021AV/viewpoint_simulated_130_surface1.pcd,Testing,2.0527355670928955,1.9316352605819702,0.12110030651092529
1117,TH0021AV/viewpoint_simulated_131_surface1.pcd,Testing,1.965649962425232,1.9555155038833618,0.010134458541870117
1118,TH0021AV/viewpoint_simulated_132_surface1.pcd,Testing,2.0043632984161377,1.9778364896774292,0.026526808738708496
1119,TH0021AV/viewpoint_simulated_133_surface1.pcd,Testing,2.0854663848876953,1.9810203313827515,0.10444605350494385
1120,TH0021AV/viewpoint_simulated_134_surface1.pcd,Testing,2.030257225036621,1.952508568763733,0.07774865627288818
1121,TH0021AV/viewpoint_simulated_135_surface1.pcd,Testing,2.0635147094726562,1.9420349597930908,0.12147974967956543
1122,TH0021AV/viewpoint_simulated_136_surface1.pcd,Testing,2.046989679336548,1.9342507123947144,0.1127389669418335
1123,TH0021AV/viewpoint_simulated_137_surface1.pcd,Testing,2.031872034072876,1.9289249181747437,0.10294711589813232
1124,TH0021AV/viewpoint_simulated_138_surface1.pcd,Testing,2.0282886028289795,1.9231609106063843,0.10512769222259521
1125,TH0021AV/viewpoint_simulated_139_surface1.pcd,Testing,1.960579752922058,1.9251290559768677,0.03545069694519043
1126,TH0021AV/viewpoint_simulated_14_surface1.pcd,Testing,1.9123899936676025,1.9276920557022095,0.015302062034606934
1127,TH0021AV/viewpoint_simulated_140_surface1.pcd,Testing,2.047856569290161,1.9135074615478516,0.13434910774230957
1128,TH0021AV/viewpoint_simulated_141_surface1.pcd,Testing,2.1097378730773926,1.9387789964675903,0.17095887660980225
1129,TH0021AV/viewpoint_simulated_142_surface1.pcd,Testing,2.034452199935913,1.9562534093856812,0.07819879055023193
1130,TH0021AV/viewpoint_simulated_143_surface1.pcd,Testing,1.9013454914093018,1.9661507606506348,0.06480526924133301
1131,TH0021AV/viewpoint_simulated_144_surface1.pcd,Testing,1.9568936824798584,1.925783634185791,0.031110048294067383
1132,TH0021AV/viewpoint_simulated_145_surface1.pcd,Testing,1.9564275741577148,1.9271351099014282,0.02929246425628662
1133,TH0021AV/viewpoint_simulated_146_surface1.pcd,Testing,2.0728039741516113,1.9284476041793823,0.144356369972229
1134,TH0021AV/viewpoint_simulated_147_surface1.pcd,Testing,1.9312117099761963,1.930732250213623,0.0004794597625732422
1135,TH0021AV/viewpoint_simulated_148_surface1.pcd,Testing,1.9728562831878662,1.932266116142273,0.04059016704559326
1136,TH0021AV/viewpoint_simulated_149_surface1.pcd,Testing,2.14265513420105,1.9290200471878052,0.21363508701324463
1137,TH0021AV/viewpoint_simulated_15_surface1.pcd,Testing,1.8767801523208618,1.9276973009109497,0.05091714859008789
1138,TH0021AV/viewpoint_simulated_150_surface1.pcd,Testing,1.9469608068466187,1.926379680633545,0.02058112621307373
1139,TH0021AV/viewpoint_simulated_151_surface1.pcd,Testing,1.9602622985839844,1.9307652711868286,0.02949702739715576
1140,TH0021AV/viewpoint_simulated_152_surface1.pcd,Testing,1.9350368976593018,1.9345324039459229,0.0005044937133789062
1141,TH0021AV/viewpoint_simulated_153_surface1.pcd,Testing,2.0986242294311523,1.937444806098938,0.16117942333221436
1142,TH0021AV/viewpoint_simulated_154_surface1.pcd,Testing,1.9064455032348633,1.933980941772461,0.027535438537597656
1143,TH0021AV/viewpoint_simulated_155_surface1.pcd,Testing,1.9167510271072388,1.9288666248321533,0.01211559772491455
1144,TH0021AV/viewpoint_simulated_156_surface1.pcd,Testing,2.0283236503601074,1.9326395988464355,0.09568405151367188
1145,TH0021AV/viewpoint_simulated_157_surface1.pcd,Testing,1.9355487823486328,1.9259698390960693,0.009578943252563477
1146,TH0021AV/viewpoint_simulated_158_surface1.pcd,Testing,2.0604825019836426,1.928794503211975,0.13168799877166748
1147,TH0021AV/viewpoint_simulated_159_surface1.pcd,Testing,1.920379638671875,1.9220789670944214,0.0016993284225463867
1148,TH0021AV/viewpoint_simulated_16_surface1.pcd,Testing,1.9716181755065918,1.9201946258544922,0.05142354965209961
1149,TH0021AV/viewpoint_simulated_160_surface1.pcd,Testing,1.9573426246643066,1.923279881477356,0.034062743186950684
1150,TH0021AV/viewpoint_simulated_161_surface1.pcd,Testing,1.8842613697052002,1.92149817943573,0.037236809730529785
1151,TH0021AV/viewpoint_simulated_162_surface1.pcd,Testing,1.9545669555664062,1.9200834035873413,0.03448355197906494
1152,TH0021AV/viewpoint_simulated_163_surface1.pcd,Testing,1.9982303380966187,1.9121272563934326,0.08610308170318604
1153,TH0021AV/viewpoint_simulated_164_surface1.pcd,Testing,2.0523338317871094,1.9302868843078613,0.12204694747924805
1154,TH0021AV/viewpoint_simulated_165_surface1.pcd,Testing,1.952431559562683,1.9389578104019165,0.013473749160766602
1155,TH0021AV/viewpoint_simulated_166_surface1.pcd,Testing,2.113861560821533,1.9301284551620483,0.18373310565948486
1156,TH0021AV/viewpoint_simulated_167_surface1.pcd,Testing,1.9564417600631714,1.9267184734344482,0.029723286628723145
1157,TH0021AV/viewpoint_simulated_168_surface1.pcd,Testing,2.002793312072754,1.930173635482788,0.07261967658996582
1158,TH0021AV/viewpoint_simulated_169_surface1.pcd,Testing,2.0006284713745117,1.9404021501541138,0.06022632122039795
1159,TH0021AV/viewpoint_simulated_17_surface1.pcd,Testing,1.9552918672561646,1.9134173393249512,0.04187452793121338
1160,TH0021AV/viewpoint_simulated_170_surface1.pcd,Testing,1.9295803308486938,1.927843451499939,0.0017368793487548828
1161,TH0021AV/viewpoint_simulated_171_surface1.pcd,Testing,2.035916805267334,1.9205328226089478,0.11538398265838623
1162,TH0021AV/viewpoint_simulated_172_surface1.pcd,Testing,1.9902843236923218,1.9197179079055786,0.07056641578674316
1163,TH0021AV/viewpoint_simulated_173_surface1.pcd,Testing,1.9362872838974,1.9314016103744507,0.004885673522949219
1164,TH0021AV/viewpoint_simulated_174_surface1.pcd,Testing,2.011908531188965,1.9149411916732788,0.09696733951568604
1165,TH0021AV/viewpoint_simulated_175_surface1.pcd,Testing,2.163468837738037,1.8995888233184814,0.26388001441955566
1166,TH0021AV/viewpoint_simulated_176_surface1.pcd,Testing,2.096889019012451,1.925697922706604,0.17119109630584717
1167,TH0021AV/viewpoint_simulated_177_surface1.pcd,Testing,1.9816486835479736,1.942765235900879,0.03888344764709473
1168,TH0021AV/viewpoint_simulated_178_surface1.pcd,Testing,1.981924057006836,1.9284493923187256,0.05347466468811035
1169,TH0021AV/viewpoint_simulated_179_surface1.pcd,Testing,1.9059686660766602,1.9268949031829834,0.020926237106323242
1170,TH0021AV/viewpoint_simulated_18_surface1.pcd,Testing,2.0052738189697266,1.9249852895736694,0.08028852939605713
1171,TH0021AV/viewpoint_simulated_180_surface1.pcd,Testing,1.9651859998703003,1.9460861682891846,0.019099831581115723
1172,TH0021AV/viewpoint_simulated_181_surface1.pcd,Testing,2.0187716484069824,1.9445768594741821,0.07419478893280029
1173,TH0021AV/viewpoint_simulated_182_surface1.pcd,Testing,1.970929503440857,1.9398256540298462,0.031103849411010742
1174,TH0021AV/viewpoint_simulated_183_surface1.pcd,Testing,1.9736970663070679,1.9353872537612915,0.03830981254577637
1175,TH0021AV/viewpoint_simulated_184_surface1.pcd,Testing,1.954164743423462,1.9393397569656372,0.014824986457824707
1176,TH0021AV/viewpoint_simulated_185_surface1.pcd,Testing,2.111302375793457,1.9242562055587769,0.18704617023468018
1177,TH0021AV/viewpoint_simulated_186_surface1.pcd,Testing,2.0052506923675537,1.9212225675582886,0.08402812480926514
1178,TH0021AV/viewpoint_simulated_187_surface1.pcd,Testing,2.036672830581665,1.9040995836257935,0.13257324695587158
1179,TH0021AV/viewpoint_simulated_188_surface1.pcd,Testing,1.9191384315490723,1.9242874383926392,0.0051490068435668945
1180,TH0021AV/viewpoint_simulated_189_surface1.pcd,Testing,1.9271235466003418,1.9522309303283691,0.025107383728027344
1181,TH0021AV/viewpoint_simulated_19_surface1.pcd,Testing,1.9209593534469604,1.9144337177276611,0.006525635719299316
1182,TH0021AV/viewpoint_simulated_190_surface1.pcd,Testing,2.0339407920837402,1.9266554117202759,0.10728538036346436
1183,TH0021AV/viewpoint_simulated_191_surface1.pcd,Testing,2.069153308868408,1.9355140924453735,0.13363921642303467
1184,TH0021AV/viewpoint_simulated_192_surface1.pcd,Testing,2.095608949661255,1.9624961614608765,0.13311278820037842
1185,TH0021AV/viewpoint_simulated_193_surface1.pcd,Testing,2.029942512512207,1.9501124620437622,0.07983005046844482
1186,TH0021AV/viewpoint_simulated_194_surface1.pcd,Testing,2.0923197269439697,1.9490834474563599,0.14323627948760986
1187,TH0021AV/viewpoint_simulated_195_surface1.pcd,Testing,2.0448145866394043,1.9394084215164185,0.10540616512298584
1188,TH0021AV/viewpoint_simulated_196_surface1.pcd,Testing,1.9225776195526123,1.9363882541656494,0.01381063461303711
1189,TH0021AV/viewpoint_simulated_197_surface1.pcd,Testing,1.9824384450912476,1.9087275266647339,0.07371091842651367
1190,TH0021AV/viewpoint_simulated_198_surface1.pcd,Testing,2.1256625652313232,1.9375563859939575,0.18810617923736572
1191,TH0021AV/viewpoint_simulated_199_surface1.pcd,Testing,2.073441743850708,1.9201315641403198,0.15331017971038818
1192,TH0021AV/viewpoint_simulated_2_surface1.pcd,Testing,2.1021568775177,1.929499626159668,0.17265725135803223
1193,TH0021AV/viewpoint_simulated_20_surface1.pcd,Testing,1.9343959093093872,1.931095004081726,0.003300905227661133
1194,TH0021AV/viewpoint_simulated_200_surface1.pcd,Testing,2.0630786418914795,1.91573965549469,0.14733898639678955
1195,TH0021AV/viewpoint_simulated_201_surface1.pcd,Testing,2.080028533935547,1.948084831237793,0.1319437026977539
1196,TH0021AV/viewpoint_simulated_202_surface1.pcd,Testing,1.9581478834152222,1.9328750371932983,0.025272846221923828
1197,TH0021AV/viewpoint_simulated_203_surface1.pcd,Testing,1.9664313793182373,1.9525351524353027,0.01389622688293457
1198,TH0021AV/viewpoint_simulated_204_surface1.pcd,Testing,2.1153433322906494,1.9785209894180298,0.13682234287261963
1199,TH0021AV/viewpoint_simulated_205_surface1.pcd,Testing,2.074613571166992,1.9728535413742065,0.10176002979278564
1200,TH0021AV/viewpoint_simulated_206_surface1.pcd,Testing,2.0604591369628906,1.9490280151367188,0.11143112182617188
1201,TH0021AV/viewpoint_simulated_207_surface1.pcd,Testing,2.019310474395752,1.9338895082473755,0.08542096614837646
1202,TH0021AV/viewpoint_simulated_208_surface1.pcd,Testing,2.0331900119781494,1.9425228834152222,0.09066712856292725
1203,TH0021AV/viewpoint_simulated_209_surface1.pcd,Testing,2.066021203994751,1.9481478929519653,0.11787331104278564
1204,TH0021AV/viewpoint_simulated_21_surface1.pcd,Testing,1.9561420679092407,1.9363138675689697,0.019828200340270996
1205,TH0021AV/viewpoint_simulated_210_surface1.pcd,Testing,2.0669569969177246,1.9151147603988647,0.15184223651885986
1206,TH0021AV/viewpoint_simulated_211_surface1.pcd,Testing,2.0002753734588623,1.9194446802139282,0.08083069324493408
1207,TH0021AV/viewpoint_simulated_212_surface1.pcd,Testing,2.034245729446411,1.906593680381775,0.12765204906463623
1208,TH0021AV/viewpoint_simulated_213_surface1.pcd,Testing,2.0569112300872803,1.9418609142303467,0.1150503158569336
1209,TH0021AV/viewpoint_simulated_214_surface1.pcd,Testing,2.0859670639038086,1.9580223560333252,0.1279447078704834
1210,TH0021AV/viewpoint_simulated_215_surface1.pcd,Testing,2.076655387878418,1.9677425622940063,0.10891282558441162
1211,TH0021AV/viewpoint_simulated_22_surface1.pcd,Testing,2.0099406242370605,1.9317641258239746,0.07817649841308594
1212,TH0021AV/viewpoint_simulated_23_surface1.pcd,Testing,1.951175332069397,1.9256932735443115,0.02548205852508545
1213,TH0021AV/viewpoint_simulated_24_surface1.pcd,Testing,2.0651190280914307,1.9288692474365234,0.13624978065490723
1214,TH0021AV/viewpoint_simulated_25_surface1.pcd,Testing,2.0624423027038574,1.9410303831100464,0.12141191959381104
1215,TH0021AV/viewpoint_simulated_26_surface1.pcd,Testing,1.9780519008636475,1.931086778640747,0.04696512222290039
1216,TH0021AV/viewpoint_simulated_27_surface1.pcd,Testing,2.041795253753662,1.9141753911972046,0.12761986255645752
1217,TH0021AV/viewpoint_simulated_28_surface1.pcd,Testing,1.948110818862915,1.9213305711746216,0.026780247688293457
1218,TH0021AV/viewpoint_simulated_29_surface1.pcd,Testing,1.9899851083755493,1.9320855140686035,0.0578995943069458
1219,TH0021AV/viewpoint_simulated_3_surface1.pcd,Testing,1.989332914352417,1.9313992261886597,0.057933688163757324
1220,TH0021AV/viewpoint_simulated_30_surface1.pcd,Testing,2.032231569290161,1.9116698503494263,0.12056171894073486
1221,TH0021AV/viewpoint_simulated_31_surface1.pcd,Testing,1.9647921323776245,1.9005711078643799,0.06422102451324463
1222,TH0021AV/viewpoint_simulated_32_surface1.pcd,Testing,1.943542718887329,1.9158176183700562,0.02772510051727295
1223,TH0021AV/viewpoint_simulated_33_surface1.pcd,Testing,1.9009194374084473,1.9421989917755127,0.04127955436706543
1224,TH0021AV/viewpoint_simulated_34_surface1.pcd,Testing,1.957263469696045,1.927632451057434,0.02963101863861084
1225,TH0021AV/viewpoint_simulated_35_surface1.pcd,Testing,2.0223913192749023,1.9287829399108887,0.09360837936401367
1226,TH0021AV/viewpoint_simulated_36_surface1.pcd,Testing,1.9166001081466675,1.9309908151626587,0.014390707015991211
1227,TH0021AV/viewpoint_simulated_37_surface1.pcd,Testing,2.091437816619873,1.9463709592819214,0.14506685733795166
1228,TH0021AV/viewpoint_simulated_38_surface1.pcd,Testing,1.996860146522522,1.9358383417129517,0.06102180480957031
1229,TH0021AV/viewpoint_simulated_39_surface1.pcd,Testing,1.9829726219177246,1.9315677881240845,0.05140483379364014
1230,TH0021AV/viewpoint_simulated_4_surface1.pcd,Testing,1.9159375429153442,1.9273816347122192,0.011444091796875
1231,TH0021AV/viewpoint_simulated_40_surface1.pcd,Testing,1.9876943826675415,1.9315580129623413,0.056136369705200195
1232,TH0021AV/viewpoint_simulated_41_surface1.pcd,Testing,2.0209529399871826,1.9172126054763794,0.10374033451080322
1233,TH0021AV/viewpoint_simulated_42_surface1.pcd,Testing,2.086625814437866,1.9123249053955078,0.1743009090423584
1234,TH0021AV/viewpoint_simulated_43_surface1.pcd,Testing,2.052217960357666,1.909759521484375,0.14245843887329102
1235,TH0021AV/viewpoint_simulated_44_surface1.pcd,Testing,1.981382131576538,1.9184287786483765,0.06295335292816162
1236,TH0021AV/viewpoint_simulated_45_surface1.pcd,Testing,1.9584851264953613,1.9484877586364746,0.009997367858886719
1237,TH0021AV/viewpoint_simulated_46_surface1.pcd,Testing,2.0172626972198486,1.9328469038009644,0.08441579341888428
1238,TH0021AV/viewpoint_simulated_47_surface1.pcd,Testing,2.016937017440796,1.9377341270446777,0.07920289039611816
1239,TH0021AV/viewpoint_simulated_48_surface1.pcd,Testing,1.9396607875823975,1.9630271196365356,0.023366332054138184
1240,TH0021AV/viewpoint_simulated_49_surface1.pcd,Testing,2.0323967933654785,1.9539347887039185,0.07846200466156006
1241,TH0021AV/viewpoint_simulated_5_surface1.pcd,Testing,1.9359427690505981,1.9283913373947144,0.007551431655883789
1242,TH0021AV/viewpoint_simulated_50_surface1.pcd,Testing,2.135089635848999,1.9563971757888794,0.17869246006011963
1243,TH0021AV/viewpoint_simulated_51_surface1.pcd,Testing,2.009105682373047,1.9431816339492798,0.06592404842376709
1244,TH0021AV/viewpoint_simulated_52_surface1.pcd,Testing,2.063917875289917,1.9308582544326782,0.13305962085723877
1245,TH0021AV/viewpoint_simulated_53_surface1.pcd,Testing,2.1125974655151367,1.937310814857483,0.1752866506576538
1246,TH0021AV/viewpoint_simulated_54_surface1.pcd,Testing,2.042952060699463,1.9336436986923218,0.10930836200714111
1247,TH0021AV/viewpoint_simulated_55_surface1.pcd,Testing,2.0839345455169678,1.9181115627288818,0.16582298278808594
1248,TH0021AV/viewpoint_simulated_56_surface1.pcd,Testing,2.0684468746185303,1.9222990274429321,0.14614784717559814
1249,TH0021AV/viewpoint_simulated_57_surface1.pcd,Testing,2.0613925457000732,1.9481878280639648,0.1132047176361084
1250,TH0021AV/viewpoint_simulated_58_surface1.pcd,Testing,1.9749300479888916,1.9359238147735596,0.03900623321533203
1251,TH0021AV/viewpoint_simulated_59_surface1.pcd,Testing,2.018829345703125,1.955095648765564,0.06373369693756104
1252,TH0021AV/viewpoint_simulated_6_surface1.pcd,Testing,2.0204572677612305,1.9247474670410156,0.09570980072021484
1253,TH0021AV/viewpoint_simulated_60_surface1.pcd,Testing,2.1491847038269043,1.9849926233291626,0.1641920804977417
1254,TH0021AV/viewpoint_simulated_61_surface1.pcd,Testing,1.9427235126495361,1.9748244285583496,0.03210091590881348
1255,TH0021AV/viewpoint_simulated_62_surface1.pcd,Testing,2.057119607925415,1.9516593217849731,0.1054602861404419
1256,TH0021AV/viewpoint_simulated_63_surface1.pcd,Testing,2.087799549102783,1.9303985834121704,0.1574009656906128
1257,TH0021AV/viewpoint_simulated_64_surface1.pcd,Testing,1.9930258989334106,1.921636700630188,0.07138919830322266
1258,TH0021AV/viewpoint_simulated_65_surface1.pcd,Testing,2.0237505435943604,1.9236000776290894,0.100150465965271
1259,TH0021AV/viewpoint_simulated_66_surface1.pcd,Testing,2.0390496253967285,1.9142149686813354,0.12483465671539307
1260,TH0021AV/viewpoint_simulated_67_surface1.pcd,Testing,2.0607335567474365,1.9210467338562012,0.13968682289123535
1261,TH0021AV/viewpoint_simulated_68_surface1.pcd,Testing,2.073274850845337,1.9126720428466797,0.16060280799865723
1262,TH0021AV/viewpoint_simulated_69_surface1.pcd,Testing,1.9952400922775269,1.943811297416687,0.051428794860839844
1263,TH0021AV/viewpoint_simulated_7_surface1.pcd,Testing,1.911872386932373,1.9266835451126099,0.014811158180236816
1264,TH0021AV/viewpoint_simulated_70_surface1.pcd,Testing,2.1396238803863525,1.9606729745864868,0.17895090579986572
1265,TH0021AV/viewpoint_simulated_71_surface1.pcd,Testing,1.9683500528335571,1.971065640449524,0.002715587615966797
1266,TH0021AV/viewpoint_simulated_72_surface1.pcd,Testing,2.0794498920440674,1.925301432609558,0.15414845943450928
1267,TH0021AV/viewpoint_simulated_73_surface1.pcd,Testing,2.060486316680908,1.9283801317214966,0.13210618495941162
1268,TH0021AV/viewpoint_simulated_74_surface1.pcd,Testing,1.9521560668945312,1.931393027305603,0.020763039588928223
1269,TH0021AV/viewpoint_simulated_75_surface1.pcd,Testing,2.0145761966705322,1.928202748298645,0.08637344837188721
1270,TH0021AV/viewpoint_simulated_76_surface1.pcd,Testing,2.044032573699951,1.9276622533798218,0.1163703203201294
1271,TH0021AV/viewpoint_simulated_77_surface1.pcd,Testing,1.962526798248291,1.927926778793335,0.034600019454956055
1272,TH0021AV/viewpoint_simulated_78_surface1.pcd,Testing,2.070584297180176,1.928479790687561,0.14210450649261475
1273,TH0021AV/viewpoint_simulated_79_surface1.pcd,Testing,2.0652177333831787,1.925009846687317,0.14020788669586182
1274,TH0021AV/viewpoint_simulated_8_surface1.pcd,Testing,1.9210201501846313,1.9293127059936523,0.008292555809020996
1275,TH0021AV/viewpoint_simulated_80_surface1.pcd,Testing,1.9507938623428345,1.9301193952560425,0.020674467086791992
1276,TH0021AV/viewpoint_simulated_81_surface1.pcd,Testing,1.9916577339172363,1.933310866355896,0.05834686756134033
1277,TH0021AV/viewpoint_simulated_82_surface1.pcd,Testing,1.9687936305999756,1.9330321550369263,0.035761475563049316
1278,TH0021AV/viewpoint_simulated_83_surface1.pcd,Testing,2.0251033306121826,1.9271186590194702,0.0979846715927124
1279,TH0021AV/viewpoint_simulated_84_surface1.pcd,Testing,2.0735886096954346,1.935389518737793,0.1381990909576416
1280,TH0021AV/viewpoint_simulated_85_surface1.pcd,Testing,1.9795359373092651,1.9328464269638062,0.046689510345458984
1281,TH0021AV/viewpoint_simulated_86_surface1.pcd,Testing,1.9811900854110718,1.9263290166854858,0.05486106872558594
1282,TH0021AV/viewpoint_simulated_87_surface1.pcd,Testing,1.9320553541183472,1.9239016771316528,0.008153676986694336
1283,TH0021AV/viewpoint_simulated_88_surface1.pcd,Testing,1.878985047340393,1.9207054376602173,0.04172039031982422
1284,TH0021AV/viewpoint_simulated_89_surface1.pcd,Testing,2.049342393875122,1.9148870706558228,0.13445532321929932
1285,TH0021AV/viewpoint_simulated_9_surface1.pcd,Testing,1.989000678062439,1.9343146085739136,0.05468606948852539
1286,TH0021AV/viewpoint_simulated_90_surface1.pcd,Testing,1.8998806476593018,1.9194356203079224,0.019554972648620605
1287,TH0021AV/viewpoint_simulated_91_surface1.pcd,Testing,1.9501293897628784,1.9076719284057617,0.0424574613571167
1288,TH0021AV/viewpoint_simulated_92_surface1.pcd,Testing,2.0779900550842285,1.9276340007781982,0.15035605430603027
1289,TH0021AV/viewpoint_simulated_93_surface1.pcd,Testing,2.0187058448791504,1.9383903741836548,0.0803154706954956
1290,TH0021AV/viewpoint_simulated_94_surface1.pcd,Testing,1.9219505786895752,1.9337445497512817,0.011793971061706543
1291,TH0021AV/viewpoint_simulated_95_surface1.pcd,Testing,1.9471441507339478,1.9245730638504028,0.022571086883544922
1292,TH0021AV/viewpoint_simulated_96_surface1.pcd,Testing,2.0916826725006104,1.9312983751296997,0.16038429737091064
1293,TH0021AV/viewpoint_simulated_97_surface1.pcd,Testing,1.9468964338302612,1.9370156526565552,0.009880781173706055
1294,TH0021AV/viewpoint_simulated_98_surface1.pcd,Testing,2.0624146461486816,1.9285989999771118,0.13381564617156982
1295,TH0021AV/viewpoint_simulated_99_surface1.pcd,Testing,1.9426771402359009,1.9164910316467285,0.026186108589172363
1296,TH0022AV/viewpoint_simulated_0_surface0.pcd,Testing,1.9834837913513184,1.9252177476882935,0.0582660436630249
1297,TH0022AV/viewpoint_simulated_1_surface0.pcd,Testing,1.975834846496582,1.9245202541351318,0.051314592361450195
1298,TH0022AV/viewpoint_simulated_10_surface0.pcd,Testing,2.0347704887390137,1.930428385734558,0.10434210300445557
1299,TH0022AV/viewpoint_simulated_100_surface0.pcd,Testing,2.06561279296875,1.9287196397781372,0.1368931531906128
1300,TH0022AV/viewpoint_simulated_101_surface0.pcd,Testing,2.0556371212005615,1.9244072437286377,0.13122987747192383
1301,TH0022AV/viewpoint_simulated_102_surface0.pcd,Testing,1.9562089443206787,1.9130440950393677,0.043164849281311035
1302,TH0022AV/viewpoint_simulated_103_surface0.pcd,Testing,1.9305329322814941,1.9056373834609985,0.024895548820495605
1303,TH0022AV/viewpoint_simulated_104_surface0.pcd,Testing,1.9412832260131836,1.9187016487121582,0.02258157730102539
1304,TH0022AV/viewpoint_simulated_105_surface0.pcd,Testing,2.0255110263824463,1.9366545677185059,0.08885645866394043
1305,TH0022AV/viewpoint_simulated_106_surface0.pcd,Testing,1.9387214183807373,1.924307107925415,0.014414310455322266
1306,TH0022AV/viewpoint_simulated_107_surface0.pcd,Testing,2.011101245880127,1.9239712953567505,0.08712995052337646
1307,TH0022AV/viewpoint_simulated_108_surface0.pcd,Testing,2.0440738201141357,1.9375425577163696,0.10653126239776611
1308,TH0022AV/viewpoint_simulated_109_surface0.pcd,Testing,1.9296034574508667,1.9408706426620483,0.01126718521118164
1309,TH0022AV/viewpoint_simulated_11_surface0.pcd,Testing,2.0161564350128174,1.923587679862976,0.09256875514984131
1310,TH0022AV/viewpoint_simulated_110_surface0.pcd,Testing,2.0726988315582275,1.9447931051254272,0.1279057264328003
1311,TH0022AV/viewpoint_simulated_111_surface0.pcd,Testing,1.9721782207489014,1.9391834735870361,0.032994747161865234
1312,TH0022AV/viewpoint_simulated_112_surface0.pcd,Testing,2.096985101699829,1.9283398389816284,0.16864526271820068
1313,TH0022AV/viewpoint_simulated_113_surface0.pcd,Testing,2.0135936737060547,1.9241743087768555,0.08941936492919922
1314,TH0022AV/viewpoint_simulated_114_surface0.pcd,Testing,2.148944854736328,1.9268893003463745,0.2220555543899536
1315,TH0022AV/viewpoint_simulated_115_surface0.pcd,Testing,2.013428211212158,1.9027397632598877,0.11068844795227051
1316,TH0022AV/viewpoint_simulated_116_surface0.pcd,Testing,1.9507402181625366,1.9186519384384155,0.032088279724121094
1317,TH0022AV/viewpoint_simulated_117_surface0.pcd,Testing,2.0033421516418457,1.94220769405365,0.0611344575881958
1318,TH0022AV/viewpoint_simulated_118_surface0.pcd,Testing,2.049717664718628,1.9224250316619873,0.12729263305664062
1319,TH0022AV/viewpoint_simulated_119_surface0.pcd,Testing,2.0366108417510986,1.9240742921829224,0.11253654956817627
1320,TH0022AV/viewpoint_simulated_12_surface0.pcd,Testing,1.9761868715286255,1.9265880584716797,0.0495988130569458
1321,TH0022AV/viewpoint_simulated_120_surface0.pcd,Testing,2.0249767303466797,1.9524346590042114,0.07254207134246826
1322,TH0022AV/viewpoint_simulated_121_surface0.pcd,Testing,2.101320743560791,1.9483431577682495,0.1529775857925415
1323,TH0022AV/viewpoint_simulated_122_surface0.pcd,Testing,2.0176596641540527,1.9534567594528198,0.06420290470123291
1324,TH0022AV/viewpoint_simulated_123_surface0.pcd,Testing,1.9125133752822876,1.9463509321212769,0.03383755683898926
1325,TH0022AV/viewpoint_simulated_124_surface0.pcd,Testing,2.0995841026306152,1.9268014430999756,0.17278265953063965
1326,TH0022AV/viewpoint_simulated_125_surface0.pcd,Testing,2.0133349895477295,1.9110554456710815,0.10227954387664795
1327,TH0022AV/viewpoint_simulated_126_surface0.pcd,Testing,1.9755462408065796,1.9280229806900024,0.04752326011657715
1328,TH0022AV/viewpoint_simulated_127_surface0.pcd,Testing,2.0660622119903564,1.9042762517929077,0.16178596019744873
1329,TH0022AV/viewpoint_simulated_128_surface0.pcd,Testing,1.9940159320831299,1.9082356691360474,0.08578026294708252
1330,TH0022AV/viewpoint_simulated_129_surface0.pcd,Testing,2.0500714778900146,1.9322807788848877,0.11779069900512695
1331,TH0022AV/viewpoint_simulated_13_surface0.pcd,Testing,2.0270891189575195,1.9272264242172241,0.09986269474029541
1332,TH0022AV/viewpoint_simulated_130_surface0.pcd,Testing,1.979101538658142,1.9195458889007568,0.059555649757385254
1333,TH0022AV/viewpoint_simulated_131_surface0.pcd,Testing,2.0027074813842773,1.947891116142273,0.054816365242004395
1334,TH0022AV/viewpoint_simulated_132_surface0.pcd,Testing,2.072868585586548,1.9697686433792114,0.10309994220733643
1335,TH0022AV/viewpoint_simulated_133_surface0.pcd,Testing,2.0607125759124756,1.9674828052520752,0.09322977066040039
1336,TH0022AV/viewpoint_simulated_134_surface0.pcd,Testing,2.1075057983398438,1.9587191343307495,0.14878666400909424
1337,TH0022AV/viewpoint_simulated_135_surface0.pcd,Testing,1.9852941036224365,1.940402865409851,0.04489123821258545
1338,TH0022AV/viewpoint_simulated_136_surface0.pcd,Testing,2.0195460319519043,1.9294853210449219,0.09006071090698242
1339,TH0022AV/viewpoint_simulated_137_surface0.pcd,Testing,2.076965570449829,1.9134231805801392,0.16354238986968994
1340,TH0022AV/viewpoint_simulated_138_surface0.pcd,Testing,2.0778653621673584,1.9048916101455688,0.17297375202178955
1341,TH0022AV/viewpoint_simulated_139_surface0.pcd,Testing,2.0599722862243652,1.9080617427825928,0.15191054344177246
1342,TH0022AV/viewpoint_simulated_14_surface0.pcd,Testing,2.058236598968506,1.9297550916671753,0.12848150730133057
1343,TH0022AV/viewpoint_simulated_140_surface0.pcd,Testing,2.077239751815796,1.9132304191589355,0.16400933265686035
1344,TH0022AV/viewpoint_simulated_141_surface0.pcd,Testing,2.092346668243408,1.9348602294921875,0.1574864387512207
1345,TH0022AV/viewpoint_simulated_142_surface0.pcd,Testing,2.0836641788482666,1.9288663864135742,0.15479779243469238
1346,TH0022AV/viewpoint_simulated_143_surface0.pcd,Testing,1.9831211566925049,1.969335913658142,0.013785243034362793
1347,TH0022AV/viewpoint_simulated_144_surface0.pcd,Testing,1.9514936208724976,1.9240635633468628,0.027430057525634766
1348,TH0022AV/viewpoint_simulated_145_surface0.pcd,Testing,1.9796706438064575,1.9244576692581177,0.055212974548339844
1349,TH0022AV/viewpoint_simulated_146_surface0.pcd,Testing,1.934725284576416,1.9349160194396973,0.00019073486328125
1350,TH0022AV/viewpoint_simulated_147_surface0.pcd,Testing,2.0823423862457275,1.931611180305481,0.15073120594024658
1351,TH0022AV/viewpoint_simulated_148_surface0.pcd,Testing,1.9086838960647583,1.930738925933838,0.02205502986907959
1352,TH0022AV/viewpoint_simulated_149_surface0.pcd,Testing,2.0071914196014404,1.9261008501052856,0.08109056949615479
1353,TH0022AV/viewpoint_simulated_15_surface0.pcd,Testing,2.1042754650115967,1.9291322231292725,0.17514324188232422
1354,TH0022AV/viewpoint_simulated_150_surface0.pcd,Testing,2.0313005447387695,1.9277921915054321,0.1035083532333374
1355,TH0022AV/viewpoint_simulated_151_surface0.pcd,Testing,2.00734281539917,1.9270261526107788,0.08031666278839111
1356,TH0022AV/viewpoint_simulated_152_surface0.pcd,Testing,2.10737943649292,1.9320718050003052,0.17530763149261475
1357,TH0022AV/viewpoint_simulated_153_surface0.pcd,Testing,2.0264179706573486,1.932589054107666,0.09382891654968262
1358,TH0022AV/viewpoint_simulated_154_surface0.pcd,Testing,1.9607088565826416,1.9306824207305908,0.03002643585205078
1359,TH0022AV/viewpoint_simulated_155_surface0.pcd,Testing,2.0260016918182373,1.9261850118637085,0.09981667995452881
1360,TH0022AV/viewpoint_simulated_156_surface0.pcd,Testing,2.00748348236084,1.925633430480957,0.08185005187988281
1361,TH0022AV/viewpoint_simulated_157_surface0.pcd,Testing,1.9585070610046387,1.9323796033859253,0.02612745761871338
1362,TH0022AV/viewpoint_simulated_158_surface0.pcd,Testing,1.9255586862564087,1.9306132793426514,0.005054593086242676
1363,TH0022AV/viewpoint_simulated_159_surface0.pcd,Testing,2.0532617568969727,1.9303183555603027,0.12294340133666992
1364,TH0022AV/viewpoint_simulated_16_surface0.pcd,Testing,1.9477131366729736,1.9280849695205688,0.019628167152404785
1365,TH0022AV/viewpoint_simulated_160_surface0.pcd,Testing,1.9056321382522583,1.9249719381332397,0.019339799880981445
1366,TH0022AV/viewpoint_simulated_161_surface0.pcd,Testing,2.03177809715271,1.9264929294586182,0.1052851676940918
1367,TH0022AV/viewpoint_simulated_162_surface0.pcd,Testing,1.9490125179290771,1.928836703300476,0.020175814628601074
1368,TH0022AV/viewpoint_simulated_163_surface0.pcd,Testing,2.075862169265747,1.9246288537979126,0.15123331546783447
1369,TH0022AV/viewpoint_simulated_164_surface0.pcd,Testing,1.938814640045166,1.9313292503356934,0.007485389709472656
1370,TH0022AV/viewpoint_simulated_165_surface0.pcd,Testing,1.9728153944015503,1.9317903518676758,0.04102504253387451
1371,TH0022AV/viewpoint_simulated_166_surface0.pcd,Testing,1.9180831909179688,1.9262410402297974,0.008157849311828613
1372,TH0022AV/viewpoint_simulated_167_surface0.pcd,Testing,1.9982845783233643,1.9252604246139526,0.07302415370941162
1373,TH0022AV/viewpoint_simulated_168_surface0.pcd,Testing,2.00430965423584,1.9296594858169556,0.07465016841888428
1374,TH0022AV/viewpoint_simulated_169_surface0.pcd,Testing,2.0333402156829834,1.9391191005706787,0.09422111511230469
1375,TH0022AV/viewpoint_simulated_17_surface0.pcd,Testing,1.946151852607727,1.9290095567703247,0.017142295837402344
1376,TH0022AV/viewpoint_simulated_170_surface0.pcd,Testing,2.04901123046875,1.9351242780685425,0.11388695240020752
1377,TH0022AV/viewpoint_simulated_171_surface0.pcd,Testing,2.070598602294922,1.9307070970535278,0.13989150524139404
1378,TH0022AV/viewpoint_simulated_172_surface0.pcd,Testing,1.9720889329910278,1.934165358543396,0.037923574447631836
1379,TH0022AV/viewpoint_simulated_173_surface0.pcd,Testing,1.93194580078125,1.9290988445281982,0.002846956253051758
1380,TH0022AV/viewpoint_simulated_174_surface0.pcd,Testing,1.919468641281128,1.9140468835830688,0.005421757698059082
1381,TH0022AV/viewpoint_simulated_175_surface0.pcd,Testing,2.084637403488159,1.907450556755066,0.17718684673309326
1382,TH0022AV/viewpoint_simulated_176_surface0.pcd,Testing,2.0032339096069336,1.9246731996536255,0.0785607099533081
1383,TH0022AV/viewpoint_simulated_177_surface0.pcd,Testing,2.0113515853881836,1.937958002090454,0.07339358329772949
1384,TH0022AV/viewpoint_simulated_178_surface0.pcd,Testing,2.0191919803619385,1.9224363565444946,0.09675562381744385
1385,TH0022AV/viewpoint_simulated_179_surface0.pcd,Testing,2.069754123687744,1.9216238260269165,0.14813029766082764
1386,TH0022AV/viewpoint_simulated_18_surface0.pcd,Testing,1.9776978492736816,1.9202600717544556,0.057437777519226074
1387,TH0022AV/viewpoint_simulated_180_surface0.pcd,Testing,2.0532140731811523,1.934624433517456,0.11858963966369629
1388,TH0022AV/viewpoint_simulated_181_surface0.pcd,Testing,1.9996192455291748,1.9444493055343628,0.05516993999481201
1389,TH0022AV/viewpoint_simulated_182_surface0.pcd,Testing,2.0663955211639404,1.9432027339935303,0.12319278717041016
1390,TH0022AV/viewpoint_simulated_183_surface0.pcd,Testing,1.9573726654052734,1.9421331882476807,0.015239477157592773
1391,TH0022AV/viewpoint_simulated_184_surface0.pcd,Testing,2.127467393875122,1.9332906007766724,0.1941767930984497
1392,TH0022AV/viewpoint_simulated_185_surface0.pcd,Testing,1.916062831878662,1.915963888168335,9.894371032714844e-05
1393,TH0022AV/viewpoint_simulated_186_surface0.pcd,Testing,1.982555866241455,1.914287805557251,0.0682680606842041
1394,TH0022AV/viewpoint_simulated_187_surface0.pcd,Testing,2.074138641357422,1.9131087064743042,0.16102993488311768
1395,TH0022AV/viewpoint_simulated_188_surface0.pcd,Testing,1.9894933700561523,1.9189704656600952,0.07052290439605713
1396,TH0022AV/viewpoint_simulated_189_surface0.pcd,Testing,1.976348638534546,1.9443620443344116,0.03198659420013428
1397,TH0022AV/viewpoint_simulated_19_surface0.pcd,Testing,2.1470847129821777,1.9203298091888428,0.22675490379333496
1398,TH0022AV/viewpoint_simulated_190_surface0.pcd,Testing,1.9546465873718262,1.9264668226242065,0.02817976474761963
1399,TH0022AV/viewpoint_simulated_191_surface0.pcd,Testing,1.9703693389892578,1.9282945394515991,0.04207479953765869
1400,TH0022AV/viewpoint_simulated_192_surface0.pcd,Testing,2.078880786895752,1.954810619354248,0.1240701675415039
1401,TH0022AV/viewpoint_simulated_193_surface0.pcd,Testing,2.1532912254333496,1.9471344947814941,0.20615673065185547
1402,TH0022AV/viewpoint_simulated_194_surface0.pcd,Testing,2.1729629039764404,1.9563404321670532,0.2166224718093872
1403,TH0022AV/viewpoint_simulated_195_surface0.pcd,Testing,2.0890755653381348,1.9444431066513062,0.1446324586868286
1404,TH0022AV/viewpoint_simulated_196_surface0.pcd,Testing,1.9777933359146118,1.9255048036575317,0.05228853225708008
1405,TH0022AV/viewpoint_simulated_197_surface0.pcd,Testing,1.990985631942749,1.911368489265442,0.07961714267730713
1406,TH0022AV/viewpoint_simulated_198_surface0.pcd,Testing,2.0223276615142822,1.921700119972229,0.10062754154205322
1407,TH0022AV/viewpoint_simulated_199_surface0.pcd,Testing,1.9787970781326294,1.9161776304244995,0.06261944770812988
1408,TH0022AV/viewpoint_simulated_2_surface0.pcd,Testing,1.9231497049331665,1.9304171800613403,0.007267475128173828
1409,TH0022AV/viewpoint_simulated_20_surface0.pcd,Testing,1.951511025428772,1.92470121383667,0.02680981159210205
1410,TH0022AV/viewpoint_simulated_200_surface0.pcd,Testing,2.038208484649658,1.917272686958313,0.12093579769134521
1411,TH0022AV/viewpoint_simulated_201_surface0.pcd,Testing,1.983862280845642,1.9348770380020142,0.04898524284362793
1412,TH0022AV/viewpoint_simulated_202_surface0.pcd,Testing,2.012704372406006,1.9186162948608398,0.09408807754516602
1413,TH0022AV/viewpoint_simulated_203_surface0.pcd,Testing,1.949441909790039,1.949080467224121,0.00036144256591796875
1414,TH0022AV/viewpoint_simulated_204_surface0.pcd,Testing,2.076507806777954,1.9759246110916138,0.10058319568634033
1415,TH0022AV/viewpoint_simulated_205_surface0.pcd,Testing,2.082036256790161,1.9712415933609009,0.11079466342926025
1416,TH0022AV/viewpoint_simulated_206_surface0.pcd,Testing,1.991083025932312,1.9480303525924683,0.04305267333984375
1417,TH0022AV/viewpoint_simulated_207_surface0.pcd,Testing,2.123655080795288,1.941656470298767,0.181998610496521
1418,TH0022AV/viewpoint_simulated_208_surface0.pcd,Testing,2.132941961288452,1.92594313621521,0.2069988250732422
1419,TH0022AV/viewpoint_simulated_209_surface0.pcd,Testing,2.074669599533081,1.9167702198028564,0.1578993797302246
1420,TH0022AV/viewpoint_simulated_21_surface0.pcd,Testing,2.0282528400421143,1.929449200630188,0.09880363941192627
1421,TH0022AV/viewpoint_simulated_210_surface0.pcd,Testing,2.0441229343414307,1.9208828210830688,0.12324011325836182
1422,TH0022AV/viewpoint_simulated_211_surface0.pcd,Testing,2.0310628414154053,1.909359097480774,0.12170374393463135
1423,TH0022AV/viewpoint_simulated_212_surface0.pcd,Testing,2.1005847454071045,1.9121860265731812,0.18839871883392334
1424,TH0022AV/viewpoint_simulated_213_surface0.pcd,Testing,2.0832884311676025,1.9387723207473755,0.14451611042022705
1425,TH0022AV/viewpoint_simulated_214_surface0.pcd,Testing,2.0352320671081543,1.930137038230896,0.1050950288772583
1426,TH0022AV/viewpoint_simulated_215_surface0.pcd,Testing,2.0749847888946533,1.9720591306686401,0.10292565822601318
1427,TH0022AV/viewpoint_simulated_22_surface0.pcd,Testing,2.018754720687866,1.9274400472640991,0.09131467342376709
1428,TH0022AV/viewpoint_simulated_23_surface0.pcd,Testing,1.9637309312820435,1.9257582426071167,0.03797268867492676
1429,TH0022AV/viewpoint_simulated_24_surface0.pcd,Testing,2.007417678833008,1.9284396171569824,0.07897806167602539
1430,TH0022AV/viewpoint_simulated_25_surface0.pcd,Testing,2.0300581455230713,1.934367060661316,0.09569108486175537
1431,TH0022AV/viewpoint_simulated_26_surface0.pcd,Testing,1.9004026651382446,1.9363168478012085,0.03591418266296387
1432,TH0022AV/viewpoint_simulated_27_surface0.pcd,Testing,1.9428201913833618,1.9354326725006104,0.007387518882751465
1433,TH0022AV/viewpoint_simulated_28_surface0.pcd,Testing,1.8982698917388916,1.9288357496261597,0.030565857887268066
1434,TH0022AV/viewpoint_simulated_29_surface0.pcd,Testing,2.1083881855010986,1.9215620756149292,0.18682610988616943
1435,TH0022AV/viewpoint_simulated_3_surface0.pcd,Testing,2.001626968383789,1.9294042587280273,0.07222270965576172
1436,TH0022AV/viewpoint_simulated_30_surface0.pcd,Testing,1.953127145767212,1.9127267599105835,0.04040038585662842
1437,TH0022AV/viewpoint_simulated_31_surface0.pcd,Testing,2.0727617740631104,1.9085235595703125,0.16423821449279785
1438,TH0022AV/viewpoint_simulated_32_surface0.pcd,Testing,2.0123355388641357,1.9192613363265991,0.09307420253753662
1439,TH0022AV/viewpoint_simulated_33_surface0.pcd,Testing,1.9566872119903564,1.9383527040481567,0.018334507942199707
1440,TH0022AV/viewpoint_simulated_34_surface0.pcd,Testing,2.0224716663360596,1.9233384132385254,0.09913325309753418
1441,TH0022AV/viewpoint_simulated_35_surface0.pcd,Testing,1.8728467226028442,1.9218484163284302,0.04900169372558594
1442,TH0022AV/viewpoint_simulated_36_surface0.pcd,Testing,1.9350874423980713,1.9320508241653442,0.0030366182327270508
1443,TH0022AV/viewpoint_simulated_37_surface0.pcd,Testing,2.0254697799682617,1.9427435398101807,0.08272624015808105
1444,TH0022AV/viewpoint_simulated_38_surface0.pcd,Testing,2.091008424758911,1.9439719915390015,0.14703643321990967
1445,TH0022AV/viewpoint_simulated_39_surface0.pcd,Testing,2.0221519470214844,1.9393666982650757,0.08278524875640869
1446,TH0022AV/viewpoint_simulated_4_surface0.pcd,Testing,2.035508155822754,1.9276162385940552,0.10789191722869873
1447,TH0022AV/viewpoint_simulated_40_surface0.pcd,Testing,1.8968583345413208,1.930420160293579,0.0335618257522583
1448,TH0022AV/viewpoint_simulated_41_surface0.pcd,Testing,1.8922417163848877,1.9171773195266724,0.024935603141784668
1449,TH0022AV/viewpoint_simulated_42_surface0.pcd,Testing,2.0383920669555664,1.9096521139144897,0.12873995304107666
1450,TH0022AV/viewpoint_simulated_43_surface0.pcd,Testing,2.009093999862671,1.9074970483779907,0.10159695148468018
1451,TH0022AV/viewpoint_simulated_44_surface0.pcd,Testing,1.9338005781173706,1.921923279762268,0.011877298355102539
1452,TH0022AV/viewpoint_simulated_45_surface0.pcd,Testing,2.0886340141296387,1.9414299726486206,0.14720404148101807
1453,TH0022AV/viewpoint_simulated_46_surface0.pcd,Testing,1.9535390138626099,1.9254094362258911,0.02812957763671875
1454,TH0022AV/viewpoint_simulated_47_surface0.pcd,Testing,2.0226593017578125,1.9288493394851685,0.09380996227264404
1455,TH0022AV/viewpoint_simulated_48_surface0.pcd,Testing,2.0950942039489746,1.9533721208572388,0.14172208309173584
1456,TH0022AV/viewpoint_simulated_49_surface0.pcd,Testing,2.0712177753448486,1.9502688646316528,0.1209489107131958
1457,TH0022AV/viewpoint_simulated_5_surface0.pcd,Testing,2.10801362991333,1.9237865209579468,0.1842271089553833
1458,TH0022AV/viewpoint_simulated_50_surface0.pcd,Testing,1.973452091217041,1.9541630744934082,0.019289016723632812
1459,TH0022AV/viewpoint_simulated_51_surface0.pcd,Testing,2.1019446849823,1.94241464138031,0.15953004360198975
1460,TH0022AV/viewpoint_simulated_52_surface0.pcd,Testing,2.1154098510742188,1.9221522808074951,0.19325757026672363
1461,TH0022AV/viewpoint_simulated_53_surface0.pcd,Testing,1.994436502456665,1.9013069868087769,0.09312951564788818
1462,TH0022AV/viewpoint_simulated_54_surface0.pcd,Testing,2.0388758182525635,1.9226747751235962,0.11620104312896729
1463,TH0022AV/viewpoint_simulated_55_surface0.pcd,Testing,2.045936107635498,1.9007548093795776,0.1451812982559204
1464,TH0022AV/viewpoint_simulated_56_surface0.pcd,Testing,1.9469348192214966,1.917653203010559,0.0292816162109375
1465,TH0022AV/viewpoint_simulated_57_surface0.pcd,Testing,2.018603563308716,1.939260721206665,0.07934284210205078
1466,TH0022AV/viewpoint_simulated_58_surface0.pcd,Testing,1.9296621084213257,1.9172370433807373,0.012425065040588379
1467,TH0022AV/viewpoint_simulated_59_surface0.pcd,Testing,2.0862724781036377,1.947312355041504,0.1389601230621338
1468,TH0022AV/viewpoint_simulated_6_surface0.pcd,Testing,1.997798204421997,1.922175407409668,0.0756227970123291
1469,TH0022AV/viewpoint_simulated_60_surface0.pcd,Testing,2.0867109298706055,1.9709820747375488,0.11572885513305664
1470,TH0022AV/viewpoint_simulated_61_surface0.pcd,Testing,1.9422588348388672,1.966762661933899,0.02450382709503174
1471,TH0022AV/viewpoint_simulated_62_surface0.pcd,Testing,2.2248809337615967,1.9476712942123413,0.27720963954925537
1472,TH0022AV/viewpoint_simulated_63_surface0.pcd,Testing,2.050302028656006,1.949793815612793,0.10050821304321289
1473,TH0022AV/viewpoint_simulated_64_surface0.pcd,Testing,1.9646040201187134,1.910082459449768,0.05452156066894531
1474,TH0022AV/viewpoint_simulated_65_surface0.pcd,Testing,2.078509569168091,1.9102152585983276,0.16829431056976318
1475,TH0022AV/viewpoint_simulated_66_surface0.pcd,Testing,2.2362987995147705,1.9012800455093384,0.33501875400543213
1476,TH0022AV/viewpoint_simulated_67_surface0.pcd,Testing,2.0705246925354004,1.9017382860183716,0.1687864065170288
1477,TH0022AV/viewpoint_simulated_68_surface0.pcd,Testing,2.1199936866760254,1.9189419746398926,0.2010517120361328
1478,TH0022AV/viewpoint_simulated_69_surface0.pcd,Testing,2.026625394821167,1.9383409023284912,0.08828449249267578
1479,TH0022AV/viewpoint_simulated_7_surface0.pcd,Testing,1.9232115745544434,1.9258246421813965,0.002613067626953125
1480,TH0022AV/viewpoint_simulated_70_surface0.pcd,Testing,2.0013010501861572,1.938247561454773,0.06305348873138428
1481,TH0022AV/viewpoint_simulated_71_surface0.pcd,Testing,2.0179219245910645,1.9716516733169556,0.04627025127410889
1482,TH0022AV/viewpoint_simulated_72_surface0.pcd,Testing,2.035062074661255,1.9216142892837524,0.11344778537750244
1483,TH0022AV/viewpoint_simulated_73_surface0.pcd,Testing,2.0734074115753174,1.9273364543914795,0.1460709571838379
1484,TH0022AV/viewpoint_simulated_74_surface0.pcd,Testing,2.0666849613189697,1.9349935054779053,0.13169145584106445
1485,TH0022AV/viewpoint_simulated_75_surface0.pcd,Testing,2.049204111099243,1.9280396699905396,0.12116444110870361
1486,TH0022AV/viewpoint_simulated_76_surface0.pcd,Testing,2.093644618988037,1.9260469675064087,0.16759765148162842
1487,TH0022AV/viewpoint_simulated_77_surface0.pcd,Testing,2.0470054149627686,1.9261835813522339,0.12082183361053467
1488,TH0022AV/viewpoint_simulated_78_surface0.pcd,Testing,1.9789795875549316,1.9265146255493164,0.052464962005615234
1489,TH0022AV/viewpoint_simulated_79_surface0.pcd,Testing,2.047529697418213,1.9286199808120728,0.11890971660614014
1490,TH0022AV/viewpoint_simulated_8_surface0.pcd,Testing,1.9834363460540771,1.9339537620544434,0.04948258399963379
1491,TH0022AV/viewpoint_simulated_80_surface0.pcd,Testing,1.9635316133499146,1.9349325895309448,0.028599023818969727
1492,TH0022AV/viewpoint_simulated_81_surface0.pcd,Testing,2.083984851837158,1.9300888776779175,0.15389597415924072
1493,TH0022AV/viewpoint_simulated_82_surface0.pcd,Testing,2.0414445400238037,1.9315569400787354,0.10988759994506836
1494,TH0022AV/viewpoint_simulated_83_surface0.pcd,Testing,1.9531737565994263,1.9257484674453735,0.027425289154052734
1495,TH0022AV/viewpoint_simulated_84_surface0.pcd,Testing,1.9803744554519653,1.9243444204330444,0.0560300350189209
1496,TH0022AV/viewpoint_simulated_85_surface0.pcd,Testing,1.9441264867782593,1.9279757738113403,0.016150712966918945
1497,TH0022AV/viewpoint_simulated_86_surface0.pcd,Testing,2.002772331237793,1.9304920434951782,0.07228028774261475
1498,TH0022AV/viewpoint_simulated_87_surface0.pcd,Testing,2.023834228515625,1.931549072265625,0.09228515625
1499,TH0022AV/viewpoint_simulated_88_surface0.pcd,Testing,2.135509490966797,1.9298139810562134,0.2056955099105835
1500,TH0022AV/viewpoint_simulated_89_surface0.pcd,Testing,1.9831552505493164,1.9245351552963257,0.05862009525299072
1501,TH0022AV/viewpoint_simulated_9_surface0.pcd,Testing,1.9485958814620972,1.9298627376556396,0.01873314380645752
1502,TH0022AV/viewpoint_simulated_90_surface0.pcd,Testing,2.01021671295166,1.921517014503479,0.08869969844818115
1503,TH0022AV/viewpoint_simulated_91_surface0.pcd,Testing,1.9612752199172974,1.9231353998184204,0.03813982009887695
1504,TH0022AV/viewpoint_simulated_92_surface0.pcd,Testing,1.8866395950317383,1.92791748046875,0.04127788543701172
1505,TH0022AV/viewpoint_simulated_93_surface0.pcd,Testing,1.9139372110366821,1.9352686405181885,0.021331429481506348
1506,TH0022AV/viewpoint_simulated_94_surface0.pcd,Testing,2.0220255851745605,1.9263925552368164,0.09563302993774414
1507,TH0022AV/viewpoint_simulated_95_surface0.pcd,Testing,2.062567710876465,1.9256898164749146,0.1368778944015503
1508,TH0022AV/viewpoint_simulated_96_surface0.pcd,Testing,2.024360418319702,1.927446961402893,0.09691345691680908
1509,TH0022AV/viewpoint_simulated_97_surface0.pcd,Testing,1.9703116416931152,1.9371732473373413,0.033138394355773926
1510,TH0022AV/viewpoint_simulated_98_surface0.pcd,Testing,2.1034481525421143,1.9319955110549927,0.17145264148712158
1511,TH0022AV/viewpoint_simulated_99_surface0.pcd,Testing,1.9775408506393433,1.9366480112075806,0.040892839431762695
1512,TH0022AV/viewpoint_simulated_0_surface1.pcd,Testing,2.0953409671783447,2.5853629112243652,0.4900219440460205
1513,TH0022AV/viewpoint_simulated_1_surface1.pcd,Testing,2.254096746444702,2.663876533508301,0.40977978706359863
1514,TH0022AV/viewpoint_simulated_10_surface1.pcd,Testing,2.0652999877929688,2.07486891746521,0.009568929672241211
1515,TH0022AV/viewpoint_simulated_100_surface1.pcd,Testing,2.2579891681671143,2.5487163066864014,0.2907271385192871
1516,TH0022AV/viewpoint_simulated_101_surface1.pcd,Testing,2.469311475753784,2.324070930480957,0.14524054527282715
1517,TH0022AV/viewpoint_simulated_102_surface1.pcd,Testing,2.316632032394409,2.290271282196045,0.026360750198364258
1518,TH0022AV/viewpoint_simulated_103_surface1.pcd,Testing,2.193775177001953,2.257640838623047,0.06386566162109375
1519,TH0022AV/viewpoint_simulated_104_surface1.pcd,Testing,2.295987367630005,2.360217571258545,0.06423020362854004
1520,TH0022AV/viewpoint_simulated_105_surface1.pcd,Testing,2.1510157585144043,2.0670547485351562,0.08396100997924805
1521,TH0022AV/viewpoint_simulated_106_surface1.pcd,Testing,2.2711429595947266,2.0083398818969727,0.2628030776977539
1522,TH0022AV/viewpoint_simulated_107_surface1.pcd,Testing,2.2838377952575684,2.0693304538726807,0.2145073413848877
1523,TH0022AV/viewpoint_simulated_108_surface1.pcd,Testing,2.4532055854797363,2.2227396965026855,0.23046588897705078
1524,TH0022AV/viewpoint_simulated_109_surface1.pcd,Testing,2.411194324493408,2.277682304382324,0.13351202011108398
1525,TH0022AV/viewpoint_simulated_11_surface1.pcd,Testing,2.0822830200195312,2.062164306640625,0.02011871337890625
1526,TH0022AV/viewpoint_simulated_110_surface1.pcd,Testing,2.3005921840667725,2.3209922313690186,0.020400047302246094
1527,TH0022AV/viewpoint_simulated_111_surface1.pcd,Testing,2.418185234069824,2.446350336074829,0.028165102005004883
1528,TH0022AV/viewpoint_simulated_112_surface1.pcd,Testing,2.3919179439544678,2.2507214546203613,0.14119648933410645
1529,TH0022AV/viewpoint_simulated_113_surface1.pcd,Testing,2.2822842597961426,2.318006992340088,0.03572273254394531
1530,TH0022AV/viewpoint_simulated_114_surface1.pcd,Testing,2.295461893081665,2.275851249694824,0.01961064338684082
1531,TH0022AV/viewpoint_simulated_115_surface1.pcd,Testing,2.2294697761535645,2.305845260620117,0.07637548446655273
1532,TH0022AV/viewpoint_simulated_116_surface1.pcd,Testing,2.238179922103882,2.262868642807007,0.024688720703125
1533,TH0022AV/viewpoint_simulated_117_surface1.pcd,Testing,2.21561598777771,2.077162742614746,0.13845324516296387
1534,TH0022AV/viewpoint_simulated_118_surface1.pcd,Testing,2.3637983798980713,1.9994258880615234,0.36437249183654785
1535,TH0022AV/viewpoint_simulated_119_surface1.pcd,Testing,2.207423210144043,2.130833148956299,0.07659006118774414
1536,TH0022AV/viewpoint_simulated_12_surface1.pcd,Testing,2.359642744064331,2.298617124557495,0.06102561950683594
1537,TH0022AV/viewpoint_simulated_120_surface1.pcd,Testing,2.5221383571624756,2.2279629707336426,0.294175386428833
1538,TH0022AV/viewpoint_simulated_121_surface1.pcd,Testing,2.3247077465057373,2.2748489379882812,0.049858808517456055
1539,TH0022AV/viewpoint_simulated_122_surface1.pcd,Testing,2.271728754043579,2.313750743865967,0.042021989822387695
1540,TH0022AV/viewpoint_simulated_123_surface1.pcd,Testing,2.2906687259674072,2.474755048751831,0.18408632278442383
1541,TH0022AV/viewpoint_simulated_124_surface1.pcd,Testing,2.221357822418213,2.1829726696014404,0.03838515281677246
1542,TH0022AV/viewpoint_simulated_125_surface1.pcd,Testing,2.1609973907470703,2.298926830291748,0.13792943954467773
1543,TH0022AV/viewpoint_simulated_126_surface1.pcd,Testing,2.32321834564209,2.217409610748291,0.10580873489379883
1544,TH0022AV/viewpoint_simulated_127_surface1.pcd,Testing,2.3531625270843506,2.360366106033325,0.007203578948974609
1545,TH0022AV/viewpoint_simulated_128_surface1.pcd,Testing,2.406672954559326,2.2438712120056152,0.16280174255371094
1546,TH0022AV/viewpoint_simulated_129_surface1.pcd,Testing,2.294043779373169,2.0793704986572266,0.21467328071594238
1547,TH0022AV/viewpoint_simulated_13_surface1.pcd,Testing,2.2947165966033936,2.3408732414245605,0.04615664482116699
1548,TH0022AV/viewpoint_simulated_130_surface1.pcd,Testing,2.257322311401367,2.0130410194396973,0.24428129196166992
1549,TH0022AV/viewpoint_simulated_131_surface1.pcd,Testing,2.322431802749634,2.1314656734466553,0.19096612930297852
1550,TH0022AV/viewpoint_simulated_132_surface1.pcd,Testing,2.3284456729888916,2.500684976577759,0.1722393035888672
1551,TH0022AV/viewpoint_simulated_133_surface1.pcd,Testing,2.4002535343170166,2.495948314666748,0.09569478034973145
1552,TH0022AV/viewpoint_simulated_134_surface1.pcd,Testing,2.2870991230010986,2.2750539779663086,0.012045145034790039
1553,TH0022AV/viewpoint_simulated_135_surface1.pcd,Testing,2.2501680850982666,2.5753958225250244,0.3252277374267578
1554,TH0022AV/viewpoint_simulated_136_surface1.pcd,Testing,2.3174781799316406,2.174738883972168,0.14273929595947266
1555,TH0022AV/viewpoint_simulated_137_surface1.pcd,Testing,2.3131015300750732,2.1445374488830566,0.1685640811920166
1556,TH0022AV/viewpoint_simulated_138_surface1.pcd,Testing,2.417400360107422,2.110382318496704,0.3070180416107178
1557,TH0022AV/viewpoint_simulated_139_surface1.pcd,Testing,2.3053059577941895,2.3221311569213867,0.016825199127197266
1558,TH0022AV/viewpoint_simulated_14_surface1.pcd,Testing,2.4095473289489746,2.391848564147949,0.01769876480102539
1559,TH0022AV/viewpoint_simulated_140_surface1.pcd,Testing,2.2046406269073486,2.1394968032836914,0.06514382362365723
1560,TH0022AV/viewpoint_simulated_141_surface1.pcd,Testing,2.178797960281372,2.125734806060791,0.053063154220581055
1561,TH0022AV/viewpoint_simulated_142_surface1.pcd,Testing,2.38071608543396,1.9794577360153198,0.40125834941864014
1562,TH0022AV/viewpoint_simulated_143_surface1.pcd,Testing,2.2960405349731445,2.570821762084961,0.2747812271118164
1563,TH0022AV/viewpoint_simulated_144_surface1.pcd,Testing,2.2439072132110596,2.138880729675293,0.1050264835357666
1564,TH0022AV/viewpoint_simulated_145_surface1.pcd,Testing,2.209216356277466,2.5526280403137207,0.3434116840362549
1565,TH0022AV/viewpoint_simulated_146_surface1.pcd,Testing,2.251587152481079,2.561645269393921,0.3100581169128418
1566,TH0022AV/viewpoint_simulated_147_surface1.pcd,Testing,2.3285529613494873,2.4616260528564453,0.133073091506958
1567,TH0022AV/viewpoint_simulated_148_surface1.pcd,Testing,2.099339008331299,2.549379348754883,0.450040340423584
1568,TH0022AV/viewpoint_simulated_149_surface1.pcd,Testing,2.1337897777557373,2.429124593734741,0.2953348159790039
1569,TH0022AV/viewpoint_simulated_15_surface1.pcd,Testing,2.4063260555267334,2.437204360961914,0.030878305435180664
1570,TH0022AV/viewpoint_simulated_150_surface1.pcd,Testing,2.21732759475708,2.4574244022369385,0.2400968074798584
1571,TH0022AV/viewpoint_simulated_151_surface1.pcd,Testing,2.1456902027130127,2.2885117530822754,0.1428215503692627
1572,TH0022AV/viewpoint_simulated_152_surface1.pcd,Testing,2.0999457836151123,2.129830837249756,0.029885053634643555
1573,TH0022AV/viewpoint_simulated_153_surface1.pcd,Testing,2.2122108936309814,2.110672950744629,0.10153794288635254
1574,TH0022AV/viewpoint_simulated_154_surface1.pcd,Testing,2.3158621788024902,2.076028347015381,0.23983383178710938
1575,TH0022AV/viewpoint_simulated_155_surface1.pcd,Testing,2.2299959659576416,2.0386502742767334,0.1913456916809082
1576,TH0022AV/viewpoint_simulated_156_surface1.pcd,Testing,2.446105718612671,2.1534881591796875,0.2926175594329834
1577,TH0022AV/viewpoint_simulated_157_surface1.pcd,Testing,2.467721700668335,2.3127293586730957,0.15499234199523926
1578,TH0022AV/viewpoint_simulated_158_surface1.pcd,Testing,2.2080302238464355,2.3150453567504883,0.10701513290405273
1579,TH0022AV/viewpoint_simulated_159_surface1.pcd,Testing,2.2101638317108154,2.394232988357544,0.18406915664672852
1580,TH0022AV/viewpoint_simulated_16_surface1.pcd,Testing,2.2474632263183594,2.5082223415374756,0.2607591152191162
1581,TH0022AV/viewpoint_simulated_160_surface1.pcd,Testing,2.3827717304229736,2.4598777294158936,0.07710599899291992
1582,TH0022AV/viewpoint_simulated_161_surface1.pcd,Testing,2.3829636573791504,2.4408373832702637,0.05787372589111328
1583,TH0022AV/viewpoint_simulated_162_surface1.pcd,Testing,2.4213407039642334,2.328124523162842,0.0932161808013916
1584,TH0022AV/viewpoint_simulated_163_surface1.pcd,Testing,2.4317853450775146,2.4144718647003174,0.017313480377197266
1585,TH0022AV/viewpoint_simulated_164_surface1.pcd,Testing,2.232947826385498,2.158893585205078,0.07405424118041992
1586,TH0022AV/viewpoint_simulated_165_surface1.pcd,Testing,2.295670509338379,2.113142251968384,0.18252825736999512
1587,TH0022AV/viewpoint_simulated_166_surface1.pcd,Testing,2.159308671951294,2.0519611835479736,0.10734748840332031
1588,TH0022AV/viewpoint_simulated_167_surface1.pcd,Testing,2.3385415077209473,2.0868020057678223,0.251739501953125
1589,TH0022AV/viewpoint_simulated_168_surface1.pcd,Testing,2.34426212310791,2.2590982913970947,0.08516383171081543
1590,TH0022AV/viewpoint_simulated_169_surface1.pcd,Testing,2.2776782512664795,2.296156644821167,0.0184783935546875
1591,TH0022AV/viewpoint_simulated_17_surface1.pcd,Testing,2.347316265106201,2.447260618209839,0.0999443531036377
1592,TH0022AV/viewpoint_simulated_170_surface1.pcd,Testing,2.293544292449951,2.272153854370117,0.021390438079833984
1593,TH0022AV/viewpoint_simulated_171_surface1.pcd,Testing,2.1157948970794678,2.4022741317749023,0.28647923469543457
1594,TH0022AV/viewpoint_simulated_172_surface1.pcd,Testing,2.322340726852417,2.4554038047790527,0.13306307792663574
1595,TH0022AV/viewpoint_simulated_173_surface1.pcd,Testing,2.1085431575775146,2.362311363220215,0.2537682056427002
1596,TH0022AV/viewpoint_simulated_174_surface1.pcd,Testing,2.2796168327331543,2.322812557220459,0.04319572448730469
1597,TH0022AV/viewpoint_simulated_175_surface1.pcd,Testing,2.207125425338745,2.3569304943084717,0.14980506896972656
1598,TH0022AV/viewpoint_simulated_176_surface1.pcd,Testing,2.3280811309814453,2.322819471359253,0.005261659622192383
1599,TH0022AV/viewpoint_simulated_177_surface1.pcd,Testing,2.257967948913574,2.066154718399048,0.19181323051452637
1600,TH0022AV/viewpoint_simulated_178_surface1.pcd,Testing,2.2134265899658203,2.0103752613067627,0.20305132865905762
1601,TH0022AV/viewpoint_simulated_179_surface1.pcd,Testing,2.3076698780059814,2.0960326194763184,0.21163725852966309
1602,TH0022AV/viewpoint_simulated_18_surface1.pcd,Testing,2.4172213077545166,2.4268531799316406,0.009631872177124023
1603,TH0022AV/viewpoint_simulated_180_surface1.pcd,Testing,2.249006748199463,2.184683084487915,0.06432366371154785
1604,TH0022AV/viewpoint_simulated_181_surface1.pcd,Testing,2.269298791885376,2.291499376296997,0.022200584411621094
1605,TH0022AV/viewpoint_simulated_182_surface1.pcd,Testing,2.2892937660217285,2.3187928199768066,0.029499053955078125
1606,TH0022AV/viewpoint_simulated_183_surface1.pcd,Testing,2.382112979888916,2.4339394569396973,0.05182647705078125
1607,TH0022AV/viewpoint_simulated_184_surface1.pcd,Testing,2.4059033393859863,2.290194511413574,0.11570882797241211
1608,TH0022AV/viewpoint_simulated_185_surface1.pcd,Testing,2.3062684535980225,2.3121345043182373,0.005866050720214844
1609,TH0022AV/viewpoint_simulated_186_surface1.pcd,Testing,2.278926372528076,2.282784938812256,0.0038585662841796875
1610,TH0022AV/viewpoint_simulated_187_surface1.pcd,Testing,2.4093692302703857,2.294391632080078,0.11497759819030762
1611,TH0022AV/viewpoint_simulated_188_surface1.pcd,Testing,2.366067409515381,2.2203922271728516,0.1456751823425293
1612,TH0022AV/viewpoint_simulated_189_surface1.pcd,Testing,2.4175405502319336,2.0820882320404053,0.3354523181915283
1613,TH0022AV/viewpoint_simulated_19_surface1.pcd,Testing,2.3316309452056885,2.3954949378967285,0.06386399269104004
1614,TH0022AV/viewpoint_simulated_190_surface1.pcd,Testing,2.239699125289917,2.0503530502319336,0.1893460750579834
1615,TH0022AV/viewpoint_simulated_191_surface1.pcd,Testing,2.301971912384033,2.144122362136841,0.15784955024719238
1616,TH0022AV/viewpoint_simulated_192_surface1.pcd,Testing,2.3109443187713623,2.1874918937683105,0.12345242500305176
1617,TH0022AV/viewpoint_simulated_193_surface1.pcd,Testing,2.2763962745666504,2.2715625762939453,0.004833698272705078
1618,TH0022AV/viewpoint_simulated_194_surface1.pcd,Testing,2.3067374229431152,2.3254504203796387,0.018712997436523438
1619,TH0022AV/viewpoint_simulated_195_surface1.pcd,Testing,2.3990864753723145,2.409618854522705,0.010532379150390625
1620,TH0022AV/viewpoint_simulated_196_surface1.pcd,Testing,2.438265800476074,2.171872615814209,0.26639318466186523
1621,TH0022AV/viewpoint_simulated_197_surface1.pcd,Testing,2.252420663833618,2.2319817543029785,0.02043890953063965
1622,TH0022AV/viewpoint_simulated_198_surface1.pcd,Testing,2.4231765270233154,2.264786720275879,0.15838980674743652
1623,TH0022AV/viewpoint_simulated_199_surface1.pcd,Testing,2.5565829277038574,2.374213695526123,0.18236923217773438
1624,TH0022AV/viewpoint_simulated_2_surface1.pcd,Testing,2.2103817462921143,2.5999345779418945,0.3895528316497803
1625,TH0022AV/viewpoint_simulated_20_surface1.pcd,Testing,2.3609297275543213,2.305807113647461,0.05512261390686035
1626,TH0022AV/viewpoint_simulated_200_surface1.pcd,Testing,2.3244810104370117,2.227415084838867,0.09706592559814453
1627,TH0022AV/viewpoint_simulated_201_surface1.pcd,Testing,2.1506311893463135,2.09155011177063,0.059081077575683594
1628,TH0022AV/viewpoint_simulated_202_surface1.pcd,Testing,2.3432600498199463,1.997079610824585,0.34618043899536133
1629,TH0022AV/viewpoint_simulated_203_surface1.pcd,Testing,2.3130640983581543,2.0201475620269775,0.29291653633117676
1630,TH0022AV/viewpoint_simulated_204_surface1.pcd,Testing,2.422837495803833,2.5197677612304688,0.09693026542663574
1631,TH0022AV/viewpoint_simulated_205_surface1.pcd,Testing,2.3352303504943848,2.6006975173950195,0.26546716690063477
1632,TH0022AV/viewpoint_simulated_206_surface1.pcd,Testing,2.3383352756500244,2.2654268741607666,0.07290840148925781
1633,TH0022AV/viewpoint_simulated_207_surface1.pcd,Testing,2.427156686782837,2.5200424194335938,0.09288573265075684
1634,TH0022AV/viewpoint_simulated_208_surface1.pcd,Testing,2.3842084407806396,2.2763848304748535,0.10782361030578613
1635,TH0022AV/viewpoint_simulated_209_surface1.pcd,Testing,2.238945722579956,2.1537232398986816,0.08522248268127441
1636,TH0022AV/viewpoint_simulated_21_surface1.pcd,Testing,2.4313852787017822,2.1822328567504883,0.24915242195129395
1637,TH0022AV/viewpoint_simulated_210_surface1.pcd,Testing,2.235931158065796,2.1466240882873535,0.08930706977844238
1638,TH0022AV/viewpoint_simulated_211_surface1.pcd,Testing,2.304353952407837,2.3089771270751953,0.0046231746673583984
1639,TH0022AV/viewpoint_simulated_212_surface1.pcd,Testing,2.3627853393554688,2.133073329925537,0.22971200942993164
1640,TH0022AV/viewpoint_simulated_213_surface1.pcd,Testing,2.1113767623901367,2.0967440605163574,0.014632701873779297
1641,TH0022AV/viewpoint_simulated_214_surface1.pcd,Testing,2.3723158836364746,1.9753015041351318,0.3970143795013428
1642,TH0022AV/viewpoint_simulated_215_surface1.pcd,Testing,2.1975631713867188,2.492870330810547,0.2953071594238281
1643,TH0022AV/viewpoint_simulated_22_surface1.pcd,Testing,2.2347495555877686,2.09476375579834,0.1399857997894287
1644,TH0022AV/viewpoint_simulated_23_surface1.pcd,Testing,2.195202589035034,2.0765156745910645,0.11868691444396973
1645,TH0022AV/viewpoint_simulated_24_surface1.pcd,Testing,2.2097816467285156,2.343698024749756,0.13391637802124023
1646,TH0022AV/viewpoint_simulated_25_surface1.pcd,Testing,2.2668416500091553,2.2771928310394287,0.010351181030273438
1647,TH0022AV/viewpoint_simulated_26_surface1.pcd,Testing,2.5159807205200195,2.3798317909240723,0.13614892959594727
1648,TH0022AV/viewpoint_simulated_27_surface1.pcd,Testing,2.3035402297973633,2.465517044067383,0.16197681427001953
1649,TH0022AV/viewpoint_simulated_28_surface1.pcd,Testing,2.1939990520477295,2.363914966583252,0.16991591453552246
1650,TH0022AV/viewpoint_simulated_29_surface1.pcd,Testing,2.2726311683654785,2.39101505279541,0.11838388442993164
1651,TH0022AV/viewpoint_simulated_3_surface1.pcd,Testing,2.013713836669922,2.499221086502075,0.4855072498321533
1652,TH0022AV/viewpoint_simulated_30_surface1.pcd,Testing,2.2931485176086426,2.3317983150482178,0.038649797439575195
1653,TH0022AV/viewpoint_simulated_31_surface1.pcd,Testing,2.462498903274536,2.3243534564971924,0.13814544677734375
1654,TH0022AV/viewpoint_simulated_32_surface1.pcd,Testing,2.438028573989868,2.3811893463134766,0.0568392276763916
1655,TH0022AV/viewpoint_simulated_33_surface1.pcd,Testing,2.2474875450134277,2.1334738731384277,0.114013671875
1656,TH0022AV/viewpoint_simulated_34_surface1.pcd,Testing,2.3495895862579346,2.0516133308410645,0.2979762554168701
1657,TH0022AV/viewpoint_simulated_35_surface1.pcd,Testing,2.292874336242676,2.2341883182525635,0.058686017990112305
1658,TH0022AV/viewpoint_simulated_36_surface1.pcd,Testing,2.350267171859741,2.2545065879821777,0.09576058387756348
1659,TH0022AV/viewpoint_simulated_37_surface1.pcd,Testing,2.320673942565918,2.340343952178955,0.01967000961303711
1660,TH0022AV/viewpoint_simulated_38_surface1.pcd,Testing,2.273761034011841,2.2951557636260986,0.021394729614257812
1661,TH0022AV/viewpoint_simulated_39_surface1.pcd,Testing,2.2604260444641113,2.4602437019348145,0.19981765747070312
1662,TH0022AV/viewpoint_simulated_4_surface1.pcd,Testing,2.0913124084472656,2.4211573600769043,0.32984495162963867
1663,TH0022AV/viewpoint_simulated_40_surface1.pcd,Testing,2.231266498565674,2.2543070316314697,0.0230405330657959
1664,TH0022AV/viewpoint_simulated_41_surface1.pcd,Testing,2.3067970275878906,2.283796787261963,0.023000240325927734
1665,TH0022AV/viewpoint_simulated_42_surface1.pcd,Testing,2.2772345542907715,2.2627110481262207,0.014523506164550781
1666,TH0022AV/viewpoint_simulated_43_surface1.pcd,Testing,2.3523709774017334,2.353487014770508,0.001116037368774414
1667,TH0022AV/viewpoint_simulated_44_surface1.pcd,Testing,2.2322425842285156,2.3129687309265137,0.08072614669799805
1668,TH0022AV/viewpoint_simulated_45_surface1.pcd,Testing,2.267315626144409,2.09464693069458,0.1726686954498291
1669,TH0022AV/viewpoint_simulated_46_surface1.pcd,Testing,2.393913745880127,2.0300304889678955,0.36388325691223145
1670,TH0022AV/viewpoint_simulated_47_surface1.pcd,Testing,2.3495609760284424,2.168243646621704,0.18131732940673828
1671,TH0022AV/viewpoint_simulated_48_surface1.pcd,Testing,2.1985466480255127,2.2116618156433105,0.013115167617797852
1672,TH0022AV/viewpoint_simulated_49_surface1.pcd,Testing,2.3093035221099854,2.3256077766418457,0.01630425453186035
1673,TH0022AV/viewpoint_simulated_5_surface1.pcd,Testing,2.3688528537750244,2.537367343902588,0.16851449012756348
1674,TH0022AV/viewpoint_simulated_50_surface1.pcd,Testing,2.182340621948242,2.2966253757476807,0.11428475379943848
1675,TH0022AV/viewpoint_simulated_51_surface1.pcd,Testing,2.278085231781006,2.513756275177002,0.2356710433959961
1676,TH0022AV/viewpoint_simulated_52_surface1.pcd,Testing,2.322859525680542,2.150618553161621,0.1722409725189209
1677,TH0022AV/viewpoint_simulated_53_surface1.pcd,Testing,2.3685624599456787,2.194413423538208,0.1741490364074707
1678,TH0022AV/viewpoint_simulated_54_surface1.pcd,Testing,2.258523941040039,2.1910789012908936,0.06744503974914551
1679,TH0022AV/viewpoint_simulated_55_surface1.pcd,Testing,2.3620471954345703,2.34926700592041,0.012780189514160156
1680,TH0022AV/viewpoint_simulated_56_surface1.pcd,Testing,2.3388781547546387,2.1970198154449463,0.14185833930969238
1681,TH0022AV/viewpoint_simulated_57_surface1.pcd,Testing,2.3878939151763916,2.176528215408325,0.2113656997680664
1682,TH0022AV/viewpoint_simulated_58_surface1.pcd,Testing,2.1662049293518066,2.070456027984619,0.0957489013671875
1683,TH0022AV/viewpoint_simulated_59_surface1.pcd,Testing,2.475156307220459,2.1067001819610596,0.3684561252593994
1684,TH0022AV/viewpoint_simulated_6_surface1.pcd,Testing,2.2639570236206055,2.5490198135375977,0.2850627899169922
1685,TH0022AV/viewpoint_simulated_60_surface1.pcd,Testing,2.2800538539886475,2.480350971221924,0.20029711723327637
1686,TH0022AV/viewpoint_simulated_61_surface1.pcd,Testing,2.2448196411132812,2.445143938064575,0.20032429695129395
1687,TH0022AV/viewpoint_simulated_62_surface1.pcd,Testing,2.3313066959381104,2.3352179527282715,0.003911256790161133
1688,TH0022AV/viewpoint_simulated_63_surface1.pcd,Testing,2.454679489135742,2.6109087467193604,0.15622925758361816
1689,TH0022AV/viewpoint_simulated_64_surface1.pcd,Testing,2.357174873352051,2.1750640869140625,0.18211078643798828
1690,TH0022AV/viewpoint_simulated_65_surface1.pcd,Testing,2.419421911239624,2.0888214111328125,0.3306005001068115
1691,TH0022AV/viewpoint_simulated_66_surface1.pcd,Testing,2.483518600463867,2.1055941581726074,0.37792444229125977
1692,TH0022AV/viewpoint_simulated_67_surface1.pcd,Testing,2.253854513168335,2.269418716430664,0.015564203262329102
1693,TH0022AV/viewpoint_simulated_68_surface1.pcd,Testing,2.2889046669006348,2.3221685886383057,0.0332639217376709
1694,TH0022AV/viewpoint_simulated_69_surface1.pcd,Testing,2.33880877494812,2.1710174083709717,0.16779136657714844
1695,TH0022AV/viewpoint_simulated_7_surface1.pcd,Testing,2.2780847549438477,2.3144280910491943,0.03634333610534668
1696,TH0022AV/viewpoint_simulated_70_surface1.pcd,Testing,2.3321878910064697,1.980523705482483,0.3516641855239868
1697,TH0022AV/viewpoint_simulated_71_surface1.pcd,Testing,2.33799409866333,2.460456371307373,0.12246227264404297
1698,TH0022AV/viewpoint_simulated_72_surface1.pcd,Testing,2.096564531326294,2.50679349899292,0.410228967666626
1699,TH0022AV/viewpoint_simulated_73_surface1.pcd,Testing,2.2443060874938965,2.647731304168701,0.4034252166748047
1700,TH0022AV/viewpoint_simulated_74_surface1.pcd,Testing,2.036632537841797,2.588391065597534,0.5517585277557373
1701,TH0022AV/viewpoint_simulated_75_surface1.pcd,Testing,2.248037576675415,2.566567897796631,0.3185303211212158
1702,TH0022AV/viewpoint_simulated_76_surface1.pcd,Testing,2.465597152709961,2.4687981605529785,0.003201007843017578
1703,TH0022AV/viewpoint_simulated_77_surface1.pcd,Testing,2.267789363861084,2.4195878505706787,0.15179848670959473
1704,TH0022AV/viewpoint_simulated_78_surface1.pcd,Testing,2.424234628677368,2.4500622749328613,0.025827646255493164
1705,TH0022AV/viewpoint_simulated_79_surface1.pcd,Testing,2.3720598220825195,2.316777229309082,0.0552825927734375
1706,TH0022AV/viewpoint_simulated_8_surface1.pcd,Testing,2.197873830795288,2.383481025695801,0.1856071949005127
1707,TH0022AV/viewpoint_simulated_80_surface1.pcd,Testing,2.248546600341797,2.2807414531707764,0.03219485282897949
1708,TH0022AV/viewpoint_simulated_81_surface1.pcd,Testing,2.331727981567383,2.0938007831573486,0.23792719841003418
1709,TH0022AV/viewpoint_simulated_82_surface1.pcd,Testing,2.1313090324401855,2.0732059478759766,0.058103084564208984
1710,TH0022AV/viewpoint_simulated_83_surface1.pcd,Testing,2.2420849800109863,2.029937982559204,0.21214699745178223
1711,TH0022AV/viewpoint_simulated_84_surface1.pcd,Testing,2.17828369140625,2.2557220458984375,0.0774383544921875
1712,TH0022AV/viewpoint_simulated_85_surface1.pcd,Testing,2.1536943912506104,2.331326961517334,0.17763257026672363
1713,TH0022AV/viewpoint_simulated_86_surface1.pcd,Testing,2.1405575275421143,2.2915542125701904,0.15099668502807617
1714,TH0022AV/viewpoint_simulated_87_surface1.pcd,Testing,2.251378297805786,2.4381771087646484,0.1867988109588623
1715,TH0022AV/viewpoint_simulated_88_surface1.pcd,Testing,2.2684125900268555,2.5725817680358887,0.3041691780090332
1716,TH0022AV/viewpoint_simulated_89_surface1.pcd,Testing,2.192159414291382,2.4995877742767334,0.30742835998535156
1717,TH0022AV/viewpoint_simulated_9_surface1.pcd,Testing,2.3047873973846436,2.2300052642822266,0.07478213310241699
1718,TH0022AV/viewpoint_simulated_90_surface1.pcd,Testing,2.3313074111938477,2.460599422454834,0.12929201126098633
1719,TH0022AV/viewpoint_simulated_91_surface1.pcd,Testing,2.201049327850342,2.32106351852417,0.12001419067382812
1720,TH0022AV/viewpoint_simulated_92_surface1.pcd,Testing,2.192819833755493,2.3614888191223145,0.1686689853668213
1721,TH0022AV/viewpoint_simulated_93_surface1.pcd,Testing,2.182129383087158,2.1098527908325195,0.07227659225463867
1722,TH0022AV/viewpoint_simulated_94_surface1.pcd,Testing,2.252872943878174,2.090532064437866,0.16234087944030762
1723,TH0022AV/viewpoint_simulated_95_surface1.pcd,Testing,2.1384925842285156,2.045010566711426,0.09348201751708984
1724,TH0022AV/viewpoint_simulated_96_surface1.pcd,Testing,2.3585128784179688,2.2594897747039795,0.09902310371398926
1725,TH0022AV/viewpoint_simulated_97_surface1.pcd,Testing,2.4580674171447754,2.2818002700805664,0.17626714706420898
1726,TH0022AV/viewpoint_simulated_98_surface1.pcd,Testing,2.2325901985168457,2.425001621246338,0.1924114227294922
1727,TH0022AV/viewpoint_simulated_99_surface1.pcd,Testing,2.2340190410614014,2.3668322563171387,0.1328132152557373
1728,TH0031AV/viewpoint_simulated_0_surface0.pcd,Testing,1.9789533615112305,1.9298248291015625,0.04912853240966797
1729,TH0031AV/viewpoint_simulated_1_surface0.pcd,Testing,1.9115813970565796,1.9249156713485718,0.013334274291992188
1730,TH0031AV/viewpoint_simulated_10_surface0.pcd,Testing,1.9905734062194824,1.9341070652008057,0.05646634101867676
1731,TH0031AV/viewpoint_simulated_100_surface0.pcd,Testing,1.9559537172317505,1.9205901622772217,0.03536355495452881
1732,TH0031AV/viewpoint_simulated_101_surface0.pcd,Testing,2.0294644832611084,1.9115608930587769,0.11790359020233154
1733,TH0031AV/viewpoint_simulated_102_surface0.pcd,Testing,1.970390796661377,1.9103323221206665,0.06005847454071045
1734,TH0031AV/viewpoint_simulated_103_surface0.pcd,Testing,1.991141438484192,1.9079065322875977,0.08323490619659424
1735,TH0031AV/viewpoint_simulated_104_surface0.pcd,Testing,1.9262131452560425,1.9147565364837646,0.011456608772277832
1736,TH0031AV/viewpoint_simulated_105_surface0.pcd,Testing,2.0601184368133545,1.9306832551956177,0.12943518161773682
1737,TH0031AV/viewpoint_simulated_106_surface0.pcd,Testing,1.9040532112121582,1.9271715879440308,0.02311837673187256
1738,TH0031AV/viewpoint_simulated_107_surface0.pcd,Testing,2.1579556465148926,1.9215930700302124,0.23636257648468018
1739,TH0031AV/viewpoint_simulated_108_surface0.pcd,Testing,2.0864105224609375,1.926664113998413,0.15974640846252441
1740,TH0031AV/viewpoint_simulated_109_surface0.pcd,Testing,2.008812665939331,1.940160870552063,0.06865179538726807
1741,TH0031AV/viewpoint_simulated_11_surface0.pcd,Testing,2.0591108798980713,1.9288491010665894,0.13026177883148193
1742,TH0031AV/viewpoint_simulated_110_surface0.pcd,Testing,1.9066243171691895,1.939165472984314,0.03254115581512451
1743,TH0031AV/viewpoint_simulated_111_surface0.pcd,Testing,2.0297467708587646,1.9287457466125488,0.10100102424621582
1744,TH0031AV/viewpoint_simulated_112_surface0.pcd,Testing,2.0288636684417725,1.922423005104065,0.10644066333770752
1745,TH0031AV/viewpoint_simulated_113_surface0.pcd,Testing,2.1088101863861084,1.9172066450119019,0.19160354137420654
1746,TH0031AV/viewpoint_simulated_114_surface0.pcd,Testing,2.1755857467651367,1.9026390314102173,0.27294671535491943
1747,TH0031AV/viewpoint_simulated_115_surface0.pcd,Testing,2.0700056552886963,1.9130302667617798,0.1569753885269165
1748,TH0031AV/viewpoint_simulated_116_surface0.pcd,Testing,2.055269241333008,1.9084872007369995,0.1467820405960083
1749,TH0031AV/viewpoint_simulated_117_surface0.pcd,Testing,1.9970771074295044,1.9320136308670044,0.0650634765625
1750,TH0031AV/viewpoint_simulated_118_surface0.pcd,Testing,1.9834232330322266,1.9200314283370972,0.0633918046951294
1751,TH0031AV/viewpoint_simulated_119_surface0.pcd,Testing,1.9885343313217163,1.919747233390808,0.0687870979309082
1752,TH0031AV/viewpoint_simulated_12_surface0.pcd,Testing,1.9290915727615356,1.9345431327819824,0.005451560020446777
1753,TH0031AV/viewpoint_simulated_120_surface0.pcd,Testing,1.9601494073867798,1.9408607482910156,0.01928865909576416
1754,TH0031AV/viewpoint_simulated_121_surface0.pcd,Testing,1.9964183568954468,1.9486244916915894,0.04779386520385742
1755,TH0031AV/viewpoint_simulated_122_surface0.pcd,Testing,1.955372929573059,1.9540396928787231,0.0013332366943359375
1756,TH0031AV/viewpoint_simulated_123_surface0.pcd,Testing,2.066560983657837,1.934235692024231,0.13232529163360596
1757,TH0031AV/viewpoint_simulated_124_surface0.pcd,Testing,2.1715221405029297,1.926580548286438,0.2449415922164917
1758,TH0031AV/viewpoint_simulated_125_surface0.pcd,Testing,1.9887045621871948,1.9197802543640137,0.06892430782318115
1759,TH0031AV/viewpoint_simulated_126_surface0.pcd,Testing,2.1406874656677246,1.9123255014419556,0.22836196422576904
1760,TH0031AV/viewpoint_simulated_127_surface0.pcd,Testing,1.9136683940887451,1.9059853553771973,0.0076830387115478516
1761,TH0031AV/viewpoint_simulated_128_surface0.pcd,Testing,2.0641140937805176,1.8996007442474365,0.16451334953308105
1762,TH0031AV/viewpoint_simulated_129_surface0.pcd,Testing,2.093876838684082,1.9236634969711304,0.17021334171295166
1763,TH0031AV/viewpoint_simulated_13_surface0.pcd,Testing,2.0624048709869385,1.9260350465774536,0.13636982440948486
1764,TH0031AV/viewpoint_simulated_130_surface0.pcd,Testing,2.0165445804595947,1.9191926717758179,0.09735190868377686
1765,TH0031AV/viewpoint_simulated_131_surface0.pcd,Testing,2.01326060295105,1.9356606006622314,0.07760000228881836
1766,TH0031AV/viewpoint_simulated_132_surface0.pcd,Testing,2.0960235595703125,1.9641269445419312,0.13189661502838135
1767,TH0031AV/viewpoint_simulated_133_surface0.pcd,Testing,2.1558034420013428,1.9601141214370728,0.19568932056427002
1768,TH0031AV/viewpoint_simulated_134_surface0.pcd,Testing,2.096336841583252,1.9491184949874878,0.14721834659576416
1769,TH0031AV/viewpoint_simulated_135_surface0.pcd,Testing,2.0650835037231445,1.9338382482528687,0.13124525547027588
1770,TH0031AV/viewpoint_simulated_136_surface0.pcd,Testing,2.1236226558685303,1.933403730392456,0.19021892547607422
1771,TH0031AV/viewpoint_simulated_137_surface0.pcd,Testing,2.0794034004211426,1.9111021757125854,0.16830122470855713
1772,TH0031AV/viewpoint_simulated_138_surface0.pcd,Testing,2.018061637878418,1.9023455381393433,0.11571609973907471
1773,TH0031AV/viewpoint_simulated_139_surface0.pcd,Testing,1.8925262689590454,1.8957492113113403,0.003222942352294922
1774,TH0031AV/viewpoint_simulated_14_surface0.pcd,Testing,1.9248634576797485,1.9290976524353027,0.004234194755554199
1775,TH0031AV/viewpoint_simulated_140_surface0.pcd,Testing,2.0856688022613525,1.9033018350601196,0.1823669672012329
1776,TH0031AV/viewpoint_simulated_141_surface0.pcd,Testing,2.0566489696502686,1.9178434610366821,0.13880550861358643
1777,TH0031AV/viewpoint_simulated_142_surface0.pcd,Testing,2.0654993057250977,1.9254062175750732,0.14009308815002441
1778,TH0031AV/viewpoint_simulated_143_surface0.pcd,Testing,2.0551276206970215,1.9609770774841309,0.09415054321289062
1779,TH0031AV/viewpoint_simulated_144_surface0.pcd,Testing,1.968262791633606,1.9282513856887817,0.04001140594482422
1780,TH0031AV/viewpoint_simulated_145_surface0.pcd,Testing,1.9241224527359009,1.9271165132522583,0.002994060516357422
1781,TH0031AV/viewpoint_simulated_146_surface0.pcd,Testing,1.9239842891693115,1.92544424533844,0.001459956169128418
1782,TH0031AV/viewpoint_simulated_147_surface0.pcd,Testing,2.038479804992676,1.921352744102478,0.11712706089019775
1783,TH0031AV/viewpoint_simulated_148_surface0.pcd,Testing,1.9943066835403442,1.914273977279663,0.08003270626068115
1784,TH0031AV/viewpoint_simulated_149_surface0.pcd,Testing,2.1683449745178223,1.9150902032852173,0.253254771232605
1785,TH0031AV/viewpoint_simulated_15_surface0.pcd,Testing,1.9330775737762451,1.9232337474822998,0.009843826293945312
1786,TH0031AV/viewpoint_simulated_150_surface0.pcd,Testing,1.9557620286941528,1.9146078824996948,0.04115414619445801
1787,TH0031AV/viewpoint_simulated_151_surface0.pcd,Testing,1.9908169507980347,1.918070912361145,0.07274603843688965
1788,TH0031AV/viewpoint_simulated_152_surface0.pcd,Testing,1.894562005996704,1.9236793518066406,0.029117345809936523
1789,TH0031AV/viewpoint_simulated_153_surface0.pcd,Testing,2.0031516551971436,1.927085041999817,0.07606661319732666
1790,TH0031AV/viewpoint_simulated_154_surface0.pcd,Testing,2.0043163299560547,1.9303710460662842,0.07394528388977051
1791,TH0031AV/viewpoint_simulated_155_surface0.pcd,Testing,2.056077480316162,1.9326775074005127,0.12339997291564941
1792,TH0031AV/viewpoint_simulated_156_surface0.pcd,Testing,1.9345118999481201,1.9332597255706787,0.0012521743774414062
1793,TH0031AV/viewpoint_simulated_157_surface0.pcd,Testing,1.9694486856460571,1.9333232641220093,0.03612542152404785
1794,TH0031AV/viewpoint_simulated_158_surface0.pcd,Testing,2.0796167850494385,1.9269293546676636,0.1526874303817749
1795,TH0031AV/viewpoint_simulated_159_surface0.pcd,Testing,1.9922523498535156,1.9253361225128174,0.06691622734069824
1796,TH0031AV/viewpoint_simulated_16_surface0.pcd,Testing,2.04971981048584,1.914779782295227,0.1349400281906128
1797,TH0031AV/viewpoint_simulated_160_surface0.pcd,Testing,1.98286771774292,1.9195067882537842,0.06336092948913574
1798,TH0031AV/viewpoint_simulated_161_surface0.pcd,Testing,2.0545997619628906,1.9153107404708862,0.1392890214920044
1799,TH0031AV/viewpoint_simulated_162_surface0.pcd,Testing,2.1260457038879395,1.9153090715408325,0.21073663234710693
1800,TH0031AV/viewpoint_simulated_163_surface0.pcd,Testing,1.9484915733337402,1.9142388105392456,0.03425276279449463
1801,TH0031AV/viewpoint_simulated_164_surface0.pcd,Testing,1.9492613077163696,1.9226216077804565,0.026639699935913086
1802,TH0031AV/viewpoint_simulated_165_surface0.pcd,Testing,1.9056577682495117,1.9307504892349243,0.025092720985412598
1803,TH0031AV/viewpoint_simulated_166_surface0.pcd,Testing,1.9636298418045044,1.9329107999801636,0.03071904182434082
1804,TH0031AV/viewpoint_simulated_167_surface0.pcd,Testing,1.9866760969161987,1.931904911994934,0.05477118492126465
1805,TH0031AV/viewpoint_simulated_168_surface0.pcd,Testing,1.9816480875015259,1.9287035465240479,0.05294454097747803
1806,TH0031AV/viewpoint_simulated_169_surface0.pcd,Testing,1.967603325843811,1.9414702653884888,0.026133060455322266
1807,TH0031AV/viewpoint_simulated_17_surface0.pcd,Testing,1.9697256088256836,1.91285240650177,0.056873202323913574
1808,TH0031AV/viewpoint_simulated_170_surface0.pcd,Testing,1.9985166788101196,1.9344838857650757,0.06403279304504395
1809,TH0031AV/viewpoint_simulated_171_surface0.pcd,Testing,2.0341007709503174,1.9285095930099487,0.10559117794036865
1810,TH0031AV/viewpoint_simulated_172_surface0.pcd,Testing,2.0103023052215576,1.919071912765503,0.09123039245605469
1811,TH0031AV/viewpoint_simulated_173_surface0.pcd,Testing,2.0553340911865234,1.915252447128296,0.14008164405822754
1812,TH0031AV/viewpoint_simulated_174_surface0.pcd,Testing,2.1017191410064697,1.9121434688568115,0.1895756721496582
1813,TH0031AV/viewpoint_simulated_175_surface0.pcd,Testing,2.002345561981201,1.907124638557434,0.09522092342376709
1814,TH0031AV/viewpoint_simulated_176_surface0.pcd,Testing,1.9838273525238037,1.914293885231018,0.06953346729278564
1815,TH0031AV/viewpoint_simulated_177_surface0.pcd,Testing,2.024658441543579,1.9300819635391235,0.09457647800445557
1816,TH0031AV/viewpoint_simulated_178_surface0.pcd,Testing,2.0609426498413086,1.9258822202682495,0.13506042957305908
1817,TH0031AV/viewpoint_simulated_179_surface0.pcd,Testing,2.0533015727996826,1.9210014343261719,0.13230013847351074
1818,TH0031AV/viewpoint_simulated_18_surface0.pcd,Testing,2.0971643924713135,1.9149404764175415,0.18222391605377197
1819,TH0031AV/viewpoint_simulated_180_surface0.pcd,Testing,2.037081241607666,1.9238307476043701,0.1132504940032959
1820,TH0031AV/viewpoint_simulated_181_surface0.pcd,Testing,2.2161498069763184,1.9420841932296753,0.27406561374664307
1821,TH0031AV/viewpoint_simulated_182_surface0.pcd,Testing,2.0313775539398193,1.9445163011550903,0.086861252784729
1822,TH0031AV/viewpoint_simulated_183_surface0.pcd,Testing,2.027315139770508,1.9272868633270264,0.10002827644348145
1823,TH0031AV/viewpoint_simulated_184_surface0.pcd,Testing,2.0680153369903564,1.9203089475631714,0.14770638942718506
1824,TH0031AV/viewpoint_simulated_185_surface0.pcd,Testing,2.026641607284546,1.9154161214828491,0.11122548580169678
1825,TH0031AV/viewpoint_simulated_186_surface0.pcd,Testing,1.9565479755401611,1.903665542602539,0.05288243293762207
1826,TH0031AV/viewpoint_simulated_187_surface0.pcd,Testing,1.977295994758606,1.915507435798645,0.06178855895996094
1827,TH0031AV/viewpoint_simulated_188_surface0.pcd,Testing,2.0693986415863037,1.9063173532485962,0.16308128833770752
1828,TH0031AV/viewpoint_simulated_189_surface0.pcd,Testing,2.1450037956237793,1.9333158731460571,0.21168792247772217
1829,TH0031AV/viewpoint_simulated_19_surface0.pcd,Testing,2.0077943801879883,1.9142258167266846,0.09356856346130371
1830,TH0031AV/viewpoint_simulated_190_surface0.pcd,Testing,2.074730396270752,1.9209269285202026,0.15380346775054932
1831,TH0031AV/viewpoint_simulated_191_surface0.pcd,Testing,2.0562705993652344,1.9159358739852905,0.14033472537994385
1832,TH0031AV/viewpoint_simulated_192_surface0.pcd,Testing,2.1388163566589355,1.9426378011703491,0.19617855548858643
1833,TH0031AV/viewpoint_simulated_193_surface0.pcd,Testing,1.990875244140625,1.949434518814087,0.041440725326538086
1834,TH0031AV/viewpoint_simulated_194_surface0.pcd,Testing,2.0708396434783936,1.9544838666915894,0.1163557767868042
1835,TH0031AV/viewpoint_simulated_195_surface0.pcd,Testing,2.0727686882019043,1.9308061599731445,0.14196252822875977
1836,TH0031AV/viewpoint_simulated_196_surface0.pcd,Testing,2.121270179748535,1.933119535446167,0.18815064430236816
1837,TH0031AV/viewpoint_simulated_197_surface0.pcd,Testing,1.9039416313171387,1.9192733764648438,0.015331745147705078
1838,TH0031AV/viewpoint_simulated_198_surface0.pcd,Testing,2.1538190841674805,1.9140750169754028,0.23974406719207764
1839,TH0031AV/viewpoint_simulated_199_surface0.pcd,Testing,2.0256447792053223,1.9063359498977661,0.11930882930755615
1840,TH0031AV/viewpoint_simulated_2_surface0.pcd,Testing,1.9375803470611572,1.9248751401901245,0.012705206871032715
1841,TH0031AV/viewpoint_simulated_20_surface0.pcd,Testing,1.9032747745513916,1.9246426820755005,0.021367907524108887
1842,TH0031AV/viewpoint_simulated_200_surface0.pcd,Testing,2.0357236862182617,1.8971222639083862,0.1386014223098755
1843,TH0031AV/viewpoint_simulated_201_surface0.pcd,Testing,2.160529375076294,1.920749306678772,0.23978006839752197
1844,TH0031AV/viewpoint_simulated_202_surface0.pcd,Testing,1.9629839658737183,1.9207018613815308,0.0422821044921875
1845,TH0031AV/viewpoint_simulated_203_surface0.pcd,Testing,2.0372519493103027,1.935569405555725,0.10168254375457764
1846,TH0031AV/viewpoint_simulated_204_surface0.pcd,Testing,2.0020108222961426,1.960839867591858,0.04117095470428467
1847,TH0031AV/viewpoint_simulated_205_surface0.pcd,Testing,2.0956106185913086,1.9517347812652588,0.1438758373260498
1848,TH0031AV/viewpoint_simulated_206_surface0.pcd,Testing,2.1151278018951416,1.9494924545288086,0.165635347366333
1849,TH0031AV/viewpoint_simulated_207_surface0.pcd,Testing,2.134350299835205,1.9398974180221558,0.19445288181304932
1850,TH0031AV/viewpoint_simulated_208_surface0.pcd,Testing,2.0694870948791504,1.9314574003219604,0.13802969455718994
1851,TH0031AV/viewpoint_simulated_209_surface0.pcd,Testing,2.067498207092285,1.909393310546875,0.15810489654541016
1852,TH0031AV/viewpoint_simulated_21_surface0.pcd,Testing,1.8968555927276611,1.9314638376235962,0.03460824489593506
1853,TH0031AV/viewpoint_simulated_210_surface0.pcd,Testing,2.0596683025360107,1.9112707376480103,0.1483975648880005
1854,TH0031AV/viewpoint_simulated_211_surface0.pcd,Testing,1.9982867240905762,1.889482855796814,0.10880386829376221
1855,TH0031AV/viewpoint_simulated_212_surface0.pcd,Testing,2.0886213779449463,1.8975110054016113,0.19111037254333496
1856,TH0031AV/viewpoint_simulated_213_surface0.pcd,Testing,2.077587842941284,1.917360782623291,0.16022706031799316
1857,TH0031AV/viewpoint_simulated_214_surface0.pcd,Testing,2.038054943084717,1.9215366840362549,0.11651825904846191
1858,TH0031AV/viewpoint_simulated_215_surface0.pcd,Testing,2.05067777633667,1.9598220586776733,0.09085571765899658
1859,TH0031AV/viewpoint_simulated_22_surface0.pcd,Testing,1.9442962408065796,1.9333256483078003,0.010970592498779297
1860,TH0031AV/viewpoint_simulated_23_surface0.pcd,Testing,2.1543099880218506,1.9318256378173828,0.22248435020446777
1861,TH0031AV/viewpoint_simulated_24_surface0.pcd,Testing,2.019465684890747,1.9310698509216309,0.08839583396911621
1862,TH0031AV/viewpoint_simulated_25_surface0.pcd,Testing,2.020341634750366,1.9359042644500732,0.08443737030029297
1863,TH0031AV/viewpoint_simulated_26_surface0.pcd,Testing,2.1030521392822266,1.9318593740463257,0.17119276523590088
1864,TH0031AV/viewpoint_simulated_27_surface0.pcd,Testing,1.8721983432769775,1.9290199279785156,0.056821584701538086
1865,TH0031AV/viewpoint_simulated_28_surface0.pcd,Testing,2.0622222423553467,1.9167436361312866,0.14547860622406006
1866,TH0031AV/viewpoint_simulated_29_surface0.pcd,Testing,1.998410940170288,1.9141829013824463,0.0842280387878418
1867,TH0031AV/viewpoint_simulated_3_surface0.pcd,Testing,1.9700473546981812,1.9225221872329712,0.04752516746520996
1868,TH0031AV/viewpoint_simulated_30_surface0.pcd,Testing,2.0378739833831787,1.9080816507339478,0.12979233264923096
1869,TH0031AV/viewpoint_simulated_31_surface0.pcd,Testing,2.00734806060791,1.9085365533828735,0.09881150722503662
1870,TH0031AV/viewpoint_simulated_32_surface0.pcd,Testing,2.0224642753601074,1.9117085933685303,0.11075568199157715
1871,TH0031AV/viewpoint_simulated_33_surface0.pcd,Testing,1.9954075813293457,1.930285930633545,0.06512165069580078
1872,TH0031AV/viewpoint_simulated_34_surface0.pcd,Testing,2.0389773845672607,1.9272878170013428,0.11168956756591797
1873,TH0031AV/viewpoint_simulated_35_surface0.pcd,Testing,2.0380139350891113,1.922346830368042,0.11566710472106934
1874,TH0031AV/viewpoint_simulated_36_surface0.pcd,Testing,2.0434248447418213,1.9243470430374146,0.11907780170440674
1875,TH0031AV/viewpoint_simulated_37_surface0.pcd,Testing,2.1308465003967285,1.939724326133728,0.1911221742630005
1876,TH0031AV/viewpoint_simulated_38_surface0.pcd,Testing,1.979017734527588,1.9450010061264038,0.03401672840118408
1877,TH0031AV/viewpoint_simulated_39_surface0.pcd,Testing,2.057891368865967,1.9290210008621216,0.12887036800384521
1878,TH0031AV/viewpoint_simulated_4_surface0.pcd,Testing,1.8831286430358887,1.916677713394165,0.03354907035827637
1879,TH0031AV/viewpoint_simulated_40_surface0.pcd,Testing,2.0184884071350098,1.9200663566589355,0.09842205047607422
1880,TH0031AV/viewpoint_simulated_41_surface0.pcd,Testing,1.9683102369308472,1.9174551963806152,0.050855040550231934
1881,TH0031AV/viewpoint_simulated_42_surface0.pcd,Testing,2.026181697845459,1.9008653163909912,0.12531638145446777
1882,TH0031AV/viewpoint_simulated_43_surface0.pcd,Testing,2.079907178878784,1.9051494598388672,0.174757719039917
1883,TH0031AV/viewpoint_simulated_44_surface0.pcd,Testing,1.9695466756820679,1.9075539112091064,0.061992764472961426
1884,TH0031AV/viewpoint_simulated_45_surface0.pcd,Testing,2.001225709915161,1.9319876432418823,0.06923806667327881
1885,TH0031AV/viewpoint_simulated_46_surface0.pcd,Testing,1.924196481704712,1.9226750135421753,0.001521468162536621
1886,TH0031AV/viewpoint_simulated_47_surface0.pcd,Testing,1.9699323177337646,1.9177385568618774,0.05219376087188721
1887,TH0031AV/viewpoint_simulated_48_surface0.pcd,Testing,2.0035085678100586,1.9412899017333984,0.062218666076660156
1888,TH0031AV/viewpoint_simulated_49_surface0.pcd,Testing,2.0370285511016846,1.949046015739441,0.08798253536224365
1889,TH0031AV/viewpoint_simulated_5_surface0.pcd,Testing,2.011073589324951,1.9153671264648438,0.09570646286010742
1890,TH0031AV/viewpoint_simulated_50_surface0.pcd,Testing,2.0277254581451416,1.9486932754516602,0.07903218269348145
1891,TH0031AV/viewpoint_simulated_51_surface0.pcd,Testing,2.070657730102539,1.9345773458480835,0.13608038425445557
1892,TH0031AV/viewpoint_simulated_52_surface0.pcd,Testing,2.044647216796875,1.9258829355239868,0.11876428127288818
1893,TH0031AV/viewpoint_simulated_53_surface0.pcd,Testing,2.0038983821868896,1.917368769645691,0.08652961254119873
1894,TH0031AV/viewpoint_simulated_54_surface0.pcd,Testing,1.9625422954559326,1.9164844751358032,0.046057820320129395
1895,TH0031AV/viewpoint_simulated_55_surface0.pcd,Testing,1.9464398622512817,1.9011234045028687,0.045316457748413086
1896,TH0031AV/viewpoint_simulated_56_surface0.pcd,Testing,2.1679558753967285,1.9043691158294678,0.26358675956726074
1897,TH0031AV/viewpoint_simulated_57_surface0.pcd,Testing,1.977726697921753,1.9198864698410034,0.05784022808074951
1898,TH0031AV/viewpoint_simulated_58_surface0.pcd,Testing,2.054544687271118,1.9199053049087524,0.13463938236236572
1899,TH0031AV/viewpoint_simulated_59_surface0.pcd,Testing,2.0854568481445312,1.934705138206482,0.15075170993804932
1900,TH0031AV/viewpoint_simulated_6_surface0.pcd,Testing,2.0518081188201904,1.9153143167495728,0.13649380207061768
1901,TH0031AV/viewpoint_simulated_60_surface0.pcd,Testing,2.0275936126708984,1.9657131433486938,0.06188046932220459
1902,TH0031AV/viewpoint_simulated_61_surface0.pcd,Testing,1.9233760833740234,1.9531205892562866,0.029744505882263184
1903,TH0031AV/viewpoint_simulated_62_surface0.pcd,Testing,2.1306934356689453,1.9465923309326172,0.18410110473632812
1904,TH0031AV/viewpoint_simulated_63_surface0.pcd,Testing,1.9974658489227295,1.9335250854492188,0.06394076347351074
1905,TH0031AV/viewpoint_simulated_64_surface0.pcd,Testing,2.070863962173462,1.9292885065078735,0.14157545566558838
1906,TH0031AV/viewpoint_simulated_65_surface0.pcd,Testing,2.0654749870300293,1.9131404161453247,0.1523345708847046
1907,TH0031AV/viewpoint_simulated_66_surface0.pcd,Testing,1.9731810092926025,1.9050296545028687,0.06815135478973389
1908,TH0031AV/viewpoint_simulated_67_surface0.pcd,Testing,2.1582694053649902,1.897684931755066,0.2605844736099243
1909,TH0031AV/viewpoint_simulated_68_surface0.pcd,Testing,2.0131070613861084,1.8993533849716187,0.11375367641448975
1910,TH0031AV/viewpoint_simulated_69_surface0.pcd,Testing,2.0183753967285156,1.9157034158706665,0.10267198085784912
1911,TH0031AV/viewpoint_simulated_7_surface0.pcd,Testing,1.9447211027145386,1.918362021446228,0.026359081268310547
1912,TH0031AV/viewpoint_simulated_70_surface0.pcd,Testing,2.0723133087158203,1.9190402030944824,0.1532731056213379
1913,TH0031AV/viewpoint_simulated_71_surface0.pcd,Testing,2.000371217727661,1.9603699445724487,0.0400012731552124
1914,TH0031AV/viewpoint_simulated_72_surface0.pcd,Testing,2.0898396968841553,1.9264507293701172,0.16338896751403809
1915,TH0031AV/viewpoint_simulated_73_surface0.pcd,Testing,2.1642284393310547,1.9258192777633667,0.238409161567688
1916,TH0031AV/viewpoint_simulated_74_surface0.pcd,Testing,1.9759160280227661,1.9233262538909912,0.0525897741317749
1917,TH0031AV/viewpoint_simulated_75_surface0.pcd,Testing,2.0487117767333984,1.9258760213851929,0.12283575534820557
1918,TH0031AV/viewpoint_simulated_76_surface0.pcd,Testing,2.0216991901397705,1.9156242609024048,0.10607492923736572
1919,TH0031AV/viewpoint_simulated_77_surface0.pcd,Testing,1.953413486480713,1.9175748825073242,0.03583860397338867
1920,TH0031AV/viewpoint_simulated_78_surface0.pcd,Testing,1.9656107425689697,1.914377212524414,0.051233530044555664
1921,TH0031AV/viewpoint_simulated_79_surface0.pcd,Testing,1.9685490131378174,1.9187005758285522,0.04984843730926514
1922,TH0031AV/viewpoint_simulated_8_surface0.pcd,Testing,1.9840459823608398,1.9213558435440063,0.0626901388168335
1923,TH0031AV/viewpoint_simulated_80_surface0.pcd,Testing,2.0362017154693604,1.9254896640777588,0.11071205139160156
1924,TH0031AV/viewpoint_simulated_81_surface0.pcd,Testing,1.8715797662734985,1.9283543825149536,0.05677461624145508
1925,TH0031AV/viewpoint_simulated_82_surface0.pcd,Testing,1.9130305051803589,1.9288196563720703,0.015789151191711426
1926,TH0031AV/viewpoint_simulated_83_surface0.pcd,Testing,1.974968433380127,1.928769588470459,0.04619884490966797
1927,TH0031AV/viewpoint_simulated_84_surface0.pcd,Testing,1.8734111785888672,1.9341768026351929,0.060765624046325684
1928,TH0031AV/viewpoint_simulated_85_surface0.pcd,Testing,1.9958451986312866,1.9301873445510864,0.0656578540802002
1929,TH0031AV/viewpoint_simulated_86_surface0.pcd,Testing,1.9940558671951294,1.9270631074905396,0.06699275970458984
1930,TH0031AV/viewpoint_simulated_87_surface0.pcd,Testing,2.025592088699341,1.9246126413345337,0.10097944736480713
1931,TH0031AV/viewpoint_simulated_88_surface0.pcd,Testing,1.8584727048873901,1.9177312850952148,0.05925858020782471
1932,TH0031AV/viewpoint_simulated_89_surface0.pcd,Testing,2.025773763656616,1.9133504629135132,0.11242330074310303
1933,TH0031AV/viewpoint_simulated_9_surface0.pcd,Testing,1.9684897661209106,1.9305074214935303,0.03798234462738037
1934,TH0031AV/viewpoint_simulated_90_surface0.pcd,Testing,1.9441769123077393,1.9170480966567993,0.02712881565093994
1935,TH0031AV/viewpoint_simulated_91_surface0.pcd,Testing,2.0409483909606934,1.9153088331222534,0.12563955783843994
1936,TH0031AV/viewpoint_simulated_92_surface0.pcd,Testing,2.0606229305267334,1.9238049983978271,0.13681793212890625
1937,TH0031AV/viewpoint_simulated_93_surface0.pcd,Testing,1.9438362121582031,1.930095911026001,0.013740301132202148
1938,TH0031AV/viewpoint_simulated_94_surface0.pcd,Testing,2.041567802429199,1.9349783658981323,0.1065894365310669
1939,TH0031AV/viewpoint_simulated_95_surface0.pcd,Testing,2.0091631412506104,1.9309498071670532,0.07821333408355713
1940,TH0031AV/viewpoint_simulated_96_surface0.pcd,Testing,1.9665449857711792,1.9304466247558594,0.036098361015319824
1941,TH0031AV/viewpoint_simulated_97_surface0.pcd,Testing,1.9757468700408936,1.9396780729293823,0.03606879711151123
1942,TH0031AV/viewpoint_simulated_98_surface0.pcd,Testing,1.9741847515106201,1.9333010911941528,0.040883660316467285
1943,TH0031AV/viewpoint_simulated_99_surface0.pcd,Testing,1.9987590312957764,1.9251490831375122,0.07360994815826416
1944,TH0031AV/viewpoint_simulated_0_surface1.pcd,Testing,2.118849754333496,2.2853031158447266,0.16645336151123047
1945,TH0031AV/viewpoint_simulated_1_surface1.pcd,Testing,2.1462507247924805,2.341930389404297,0.1956796646118164
1946,TH0031AV/viewpoint_simulated_10_surface1.pcd,Testing,1.9896632432937622,2.0498557090759277,0.06019246578216553
1947,TH0031AV/viewpoint_simulated_100_surface1.pcd,Testing,2.244492769241333,2.5038139820098877,0.2593212127685547
1948,TH0031AV/viewpoint_simulated_101_surface1.pcd,Testing,2.084514856338501,2.638972282409668,0.554457426071167
1949,TH0031AV/viewpoint_simulated_102_surface1.pcd,Testing,2.1167290210723877,2.477044105529785,0.36031508445739746
1950,TH0031AV/viewpoint_simulated_103_surface1.pcd,Testing,2.0807275772094727,2.384467124938965,0.3037395477294922
1951,TH0031AV/viewpoint_simulated_104_surface1.pcd,Testing,2.309525489807129,2.457285165786743,0.14775967597961426
1952,TH0031AV/viewpoint_simulated_105_surface1.pcd,Testing,2.177105665206909,2.124906539916992,0.05219912528991699
1953,TH0031AV/viewpoint_simulated_106_surface1.pcd,Testing,2.12951397895813,1.9849964380264282,0.14451754093170166
1954,TH0031AV/viewpoint_simulated_107_surface1.pcd,Testing,2.1956076622009277,2.1248180866241455,0.07078957557678223
1955,TH0031AV/viewpoint_simulated_108_surface1.pcd,Testing,2.088935375213623,2.0089638233184814,0.0799715518951416
1956,TH0031AV/viewpoint_simulated_109_surface1.pcd,Testing,2.053102970123291,2.1472020149230957,0.09409904479980469
1957,TH0031AV/viewpoint_simulated_11_surface1.pcd,Testing,2.25667405128479,2.0582940578460693,0.1983799934387207
1958,TH0031AV/viewpoint_simulated_110_surface1.pcd,Testing,2.093705415725708,2.191690683364868,0.09798526763916016
1959,TH0031AV/viewpoint_simulated_111_surface1.pcd,Testing,2.2298061847686768,2.372619152069092,0.14281296730041504
1960,TH0031AV/viewpoint_simulated_112_surface1.pcd,Testing,2.079777717590332,2.4318416118621826,0.3520638942718506
1961,TH0031AV/viewpoint_simulated_113_surface1.pcd,Testing,2.192615509033203,2.535827398300171,0.3432118892669678
1962,TH0031AV/viewpoint_simulated_114_surface1.pcd,Testing,2.165682077407837,2.330400228500366,0.1647181510925293
1963,TH0031AV/viewpoint_simulated_115_surface1.pcd,Testing,2.228325366973877,2.2653536796569824,0.03702831268310547
1964,TH0031AV/viewpoint_simulated_116_surface1.pcd,Testing,2.1260361671447754,2.3403854370117188,0.21434926986694336
1965,TH0031AV/viewpoint_simulated_117_surface1.pcd,Testing,1.981770634651184,2.132314682006836,0.15054404735565186
1966,TH0031AV/viewpoint_simulated_118_surface1.pcd,Testing,2.3813412189483643,2.0098588466644287,0.37148237228393555
1967,TH0031AV/viewpoint_simulated_119_surface1.pcd,Testing,2.232553243637085,2.040196657180786,0.19235658645629883
1968,TH0031AV/viewpoint_simulated_12_surface1.pcd,Testing,2.1227099895477295,2.173527240753174,0.050817251205444336
1969,TH0031AV/viewpoint_simulated_120_surface1.pcd,Testing,2.3260085582733154,1.998477816581726,0.32753074169158936
1970,TH0031AV/viewpoint_simulated_121_surface1.pcd,Testing,2.1829209327697754,2.1357133388519287,0.04720759391784668
1971,TH0031AV/viewpoint_simulated_122_surface1.pcd,Testing,2.2496538162231445,2.2153267860412598,0.034327030181884766
1972,TH0031AV/viewpoint_simulated_123_surface1.pcd,Testing,2.082284927368164,2.436697244644165,0.354412317276001
1973,TH0031AV/viewpoint_simulated_124_surface1.pcd,Testing,2.185870885848999,2.372570514678955,0.18669962882995605
1974,TH0031AV/viewpoint_simulated_125_surface1.pcd,Testing,2.3041763305664062,2.307727813720703,0.003551483154296875
1975,TH0031AV/viewpoint_simulated_126_surface1.pcd,Testing,2.093496799468994,2.2043163776397705,0.11081957817077637
1976,TH0031AV/viewpoint_simulated_127_surface1.pcd,Testing,2.155670166015625,2.172178268432617,0.016508102416992188
1977,TH0031AV/viewpoint_simulated_128_surface1.pcd,Testing,2.202488422393799,2.2564949989318848,0.05400657653808594
1978,TH0031AV/viewpoint_simulated_129_surface1.pcd,Testing,2.1277737617492676,2.1657967567443848,0.03802299499511719
1979,TH0031AV/viewpoint_simulated_13_surface1.pcd,Testing,2.1974141597747803,2.169886350631714,0.027527809143066406
1980,TH0031AV/viewpoint_simulated_130_surface1.pcd,Testing,2.2414731979370117,1.9934378862380981,0.24803531169891357
1981,TH0031AV/viewpoint_simulated_131_surface1.pcd,Testing,2.132518768310547,2.0415310859680176,0.0909876823425293
1982,TH0031AV/viewpoint_simulated_132_surface1.pcd,Testing,2.0634138584136963,2.027561902999878,0.03585195541381836
1983,TH0031AV/viewpoint_simulated_133_surface1.pcd,Testing,2.1597213745117188,2.1559059619903564,0.0038154125213623047
1984,TH0031AV/viewpoint_simulated_134_surface1.pcd,Testing,2.1744227409362793,2.1569552421569824,0.017467498779296875
1985,TH0031AV/viewpoint_simulated_135_surface1.pcd,Testing,2.2845559120178223,2.5212621688842773,0.23670625686645508
1986,TH0031AV/viewpoint_simulated_136_surface1.pcd,Testing,2.1006312370300293,2.4205126762390137,0.3198814392089844
1987,TH0031AV/viewpoint_simulated_137_surface1.pcd,Testing,2.2112152576446533,2.2005436420440674,0.010671615600585938
1988,TH0031AV/viewpoint_simulated_138_surface1.pcd,Testing,2.0960540771484375,2.2300848960876465,0.13403081893920898
1989,TH0031AV/viewpoint_simulated_139_surface1.pcd,Testing,2.273735523223877,2.1463637351989746,0.12737178802490234
1990,TH0031AV/viewpoint_simulated_14_surface1.pcd,Testing,2.028381586074829,2.2411856651306152,0.21280407905578613
1991,TH0031AV/viewpoint_simulated_140_surface1.pcd,Testing,2.2213258743286133,2.2214906215667725,0.0001647472381591797
1992,TH0031AV/viewpoint_simulated_141_surface1.pcd,Testing,2.086373805999756,2.2014012336730957,0.11502742767333984
1993,TH0031AV/viewpoint_simulated_142_surface1.pcd,Testing,2.082113027572632,2.0067355632781982,0.0753774642944336
1994,TH0031AV/viewpoint_simulated_143_surface1.pcd,Testing,2.2205111980438232,1.9576836824417114,0.2628275156021118
1995,TH0031AV/viewpoint_simulated_144_surface1.pcd,Testing,1.8993535041809082,2.088374137878418,0.18902063369750977
1996,TH0031AV/viewpoint_simulated_145_surface1.pcd,Testing,2.080425500869751,2.2423839569091797,0.1619584560394287
1997,TH0031AV/viewpoint_simulated_146_surface1.pcd,Testing,1.9631412029266357,2.3028392791748047,0.33969807624816895
1998,TH0031AV/viewpoint_simulated_147_surface1.pcd,Testing,2.1578171253204346,2.402832508087158,0.24501538276672363
1999,TH0031AV/viewpoint_simulated_148_surface1.pcd,Testing,2.0948920249938965,2.4010872840881348,0.3061952590942383
2000,TH0031AV/viewpoint_simulated_149_surface1.pcd,Testing,2.055321455001831,2.3829002380371094,0.3275787830352783
2001,TH0031AV/viewpoint_simulated_15_surface1.pcd,Testing,2.1646323204040527,2.3624038696289062,0.19777154922485352
2002,TH0031AV/viewpoint_simulated_150_surface1.pcd,Testing,2.0984578132629395,2.231720209121704,0.13326239585876465
2003,TH0031AV/viewpoint_simulated_151_surface1.pcd,Testing,2.24688720703125,2.2156739234924316,0.03121328353881836
2004,TH0031AV/viewpoint_simulated_152_surface1.pcd,Testing,2.005035638809204,2.1715168952941895,0.16648125648498535
2005,TH0031AV/viewpoint_simulated_153_surface1.pcd,Testing,2.2262399196624756,2.1075425148010254,0.1186974048614502
2006,TH0031AV/viewpoint_simulated_154_surface1.pcd,Testing,2.2525930404663086,2.035111665725708,0.21748137474060059
2007,TH0031AV/viewpoint_simulated_155_surface1.pcd,Testing,2.130873918533325,2.043503761291504,0.08737015724182129
2008,TH0031AV/viewpoint_simulated_156_surface1.pcd,Testing,2.2403156757354736,2.030600070953369,0.2097156047821045
2009,TH0031AV/viewpoint_simulated_157_surface1.pcd,Testing,2.063173532485962,2.134964942932129,0.07179141044616699
2010,TH0031AV/viewpoint_simulated_158_surface1.pcd,Testing,2.052027702331543,2.2444536685943604,0.19242596626281738
2011,TH0031AV/viewpoint_simulated_159_surface1.pcd,Testing,2.1263346672058105,2.3864827156066895,0.2601480484008789
2012,TH0031AV/viewpoint_simulated_16_surface1.pcd,Testing,2.1006722450256348,2.442788600921631,0.3421163558959961
2013,TH0031AV/viewpoint_simulated_160_surface1.pcd,Testing,2.2236764430999756,2.410749912261963,0.1870734691619873
2014,TH0031AV/viewpoint_simulated_161_surface1.pcd,Testing,2.2676541805267334,2.665977954864502,0.39832377433776855
2015,TH0031AV/viewpoint_simulated_162_surface1.pcd,Testing,2.100433826446533,2.3728818893432617,0.2724480628967285
2016,TH0031AV/viewpoint_simulated_163_surface1.pcd,Testing,2.1216118335723877,2.3190503120422363,0.19743847846984863
2017,TH0031AV/viewpoint_simulated_164_surface1.pcd,Testing,2.210131883621216,2.181891679763794,0.028240203857421875
2018,TH0031AV/viewpoint_simulated_165_surface1.pcd,Testing,1.9743143320083618,2.1028449535369873,0.1285306215286255
2019,TH0031AV/viewpoint_simulated_166_surface1.pcd,Testing,2.015716791152954,2.0595946311950684,0.04387784004211426
2020,TH0031AV/viewpoint_simulated_167_surface1.pcd,Testing,2.3830227851867676,2.011199951171875,0.3718228340148926
2021,TH0031AV/viewpoint_simulated_168_surface1.pcd,Testing,2.155773162841797,2.028143882751465,0.12762928009033203
2022,TH0031AV/viewpoint_simulated_169_surface1.pcd,Testing,1.9736891984939575,2.132202386856079,0.15851318836212158
2023,TH0031AV/viewpoint_simulated_17_surface1.pcd,Testing,2.113955497741699,2.6647908687591553,0.550835371017456
2024,TH0031AV/viewpoint_simulated_170_surface1.pcd,Testing,2.148444175720215,2.1844000816345215,0.03595590591430664
2025,TH0031AV/viewpoint_simulated_171_surface1.pcd,Testing,2.303199529647827,2.373039484024048,0.0698399543762207
2026,TH0031AV/viewpoint_simulated_172_surface1.pcd,Testing,2.1862215995788574,2.455324411392212,0.2691028118133545
2027,TH0031AV/viewpoint_simulated_173_surface1.pcd,Testing,2.2176618576049805,2.639753818511963,0.4220919609069824
2028,TH0031AV/viewpoint_simulated_174_surface1.pcd,Testing,2.1424641609191895,2.442159652709961,0.2996954917907715
2029,TH0031AV/viewpoint_simulated_175_surface1.pcd,Testing,2.136747121810913,2.374351978302002,0.23760485649108887
2030,TH0031AV/viewpoint_simulated_176_surface1.pcd,Testing,2.122232437133789,2.424046039581299,0.30181360244750977
2031,TH0031AV/viewpoint_simulated_177_surface1.pcd,Testing,2.066429615020752,2.0916130542755127,0.025183439254760742
2032,TH0031AV/viewpoint_simulated_178_surface1.pcd,Testing,2.0586423873901367,1.9989076852798462,0.05973470211029053
2033,TH0031AV/viewpoint_simulated_179_surface1.pcd,Testing,2.0749282836914062,1.993302345275879,0.08162593841552734
2034,TH0031AV/viewpoint_simulated_18_surface1.pcd,Testing,1.999208688735962,2.6190924644470215,0.6198837757110596
2035,TH0031AV/viewpoint_simulated_180_surface1.pcd,Testing,2.25907301902771,2.0524959564208984,0.20657706260681152
2036,TH0031AV/viewpoint_simulated_181_surface1.pcd,Testing,2.2526040077209473,2.1655540466308594,0.08704996109008789
2037,TH0031AV/viewpoint_simulated_182_surface1.pcd,Testing,2.1007239818573,2.169928550720215,0.06920456886291504
2038,TH0031AV/viewpoint_simulated_183_surface1.pcd,Testing,2.190458297729492,2.3737633228302,0.183305025100708
2039,TH0031AV/viewpoint_simulated_184_surface1.pcd,Testing,2.20600962638855,2.43033766746521,0.22432804107666016
2040,TH0031AV/viewpoint_simulated_185_surface1.pcd,Testing,2.184615135192871,2.478691816329956,0.29407668113708496
2041,TH0031AV/viewpoint_simulated_186_surface1.pcd,Testing,2.0489308834075928,2.4181292057037354,0.3691983222961426
2042,TH0031AV/viewpoint_simulated_187_surface1.pcd,Testing,2.1785507202148438,2.3420352935791016,0.1634845733642578
2043,TH0031AV/viewpoint_simulated_188_surface1.pcd,Testing,2.1263036727905273,2.2282028198242188,0.1018991470336914
2044,TH0031AV/viewpoint_simulated_189_surface1.pcd,Testing,2.0742318630218506,2.0702877044677734,0.0039441585540771484
2045,TH0031AV/viewpoint_simulated_19_surface1.pcd,Testing,2.2562267780303955,2.509120225906372,0.25289344787597656
2046,TH0031AV/viewpoint_simulated_190_surface1.pcd,Testing,2.1336941719055176,1.9831349849700928,0.1505591869354248
2047,TH0031AV/viewpoint_simulated_191_surface1.pcd,Testing,2.2438931465148926,1.9531863927841187,0.2907067537307739
2048,TH0031AV/viewpoint_simulated_192_surface1.pcd,Testing,2.0740368366241455,1.9944297075271606,0.07960712909698486
2049,TH0031AV/viewpoint_simulated_193_surface1.pcd,Testing,2.2220687866210938,2.1437134742736816,0.07835531234741211
2050,TH0031AV/viewpoint_simulated_194_surface1.pcd,Testing,1.904995083808899,2.225849151611328,0.3208540678024292
2051,TH0031AV/viewpoint_simulated_195_surface1.pcd,Testing,2.20638108253479,2.3212459087371826,0.11486482620239258
2052,TH0031AV/viewpoint_simulated_196_surface1.pcd,Testing,2.2159807682037354,2.4436228275299072,0.22764205932617188
2053,TH0031AV/viewpoint_simulated_197_surface1.pcd,Testing,2.17620587348938,2.481297016143799,0.30509114265441895
2054,TH0031AV/viewpoint_simulated_198_surface1.pcd,Testing,2.062387704849243,2.2391514778137207,0.17676377296447754
2055,TH0031AV/viewpoint_simulated_199_surface1.pcd,Testing,2.1184215545654297,2.3558783531188965,0.2374567985534668
2056,TH0031AV/viewpoint_simulated_2_surface1.pcd,Testing,2.096226692199707,2.312572479248047,0.21634578704833984
2057,TH0031AV/viewpoint_simulated_20_surface1.pcd,Testing,2.0970585346221924,2.468233108520508,0.37117457389831543
2058,TH0031AV/viewpoint_simulated_200_surface1.pcd,Testing,2.190904378890991,2.269794464111328,0.07889008522033691
2059,TH0031AV/viewpoint_simulated_201_surface1.pcd,Testing,2.1816956996917725,2.089962959289551,0.09173274040222168
2060,TH0031AV/viewpoint_simulated_202_surface1.pcd,Testing,2.177363395690918,1.9808604717254639,0.1965029239654541
2061,TH0031AV/viewpoint_simulated_203_surface1.pcd,Testing,1.9719551801681519,1.9450370073318481,0.02691817283630371
2062,TH0031AV/viewpoint_simulated_204_surface1.pcd,Testing,2.1817800998687744,2.035898208618164,0.14588189125061035
2063,TH0031AV/viewpoint_simulated_205_surface1.pcd,Testing,2.2760281562805176,2.1049036979675293,0.17112445831298828
2064,TH0031AV/viewpoint_simulated_206_surface1.pcd,Testing,2.19881010055542,2.211452007293701,0.01264190673828125
2065,TH0031AV/viewpoint_simulated_207_surface1.pcd,Testing,2.25681471824646,2.4383201599121094,0.18150544166564941
2066,TH0031AV/viewpoint_simulated_208_surface1.pcd,Testing,2.214386224746704,2.4224729537963867,0.20808672904968262
2067,TH0031AV/viewpoint_simulated_209_surface1.pcd,Testing,2.0994651317596436,2.237823009490967,0.13835787773132324
2068,TH0031AV/viewpoint_simulated_21_surface1.pcd,Testing,2.20059871673584,2.223202705383301,0.022603988647460938
2069,TH0031AV/viewpoint_simulated_210_surface1.pcd,Testing,2.262793779373169,2.2184388637542725,0.044354915618896484
2070,TH0031AV/viewpoint_simulated_211_surface1.pcd,Testing,2.0667524337768555,2.3275985717773438,0.2608461380004883
2071,TH0031AV/viewpoint_simulated_212_surface1.pcd,Testing,2.069070339202881,2.228429079055786,0.15935873985290527
2072,TH0031AV/viewpoint_simulated_213_surface1.pcd,Testing,2.017479181289673,2.120211362838745,0.10273218154907227
2073,TH0031AV/viewpoint_simulated_214_surface1.pcd,Testing,2.31638503074646,1.990607500076294,0.325777530670166
2074,TH0031AV/viewpoint_simulated_215_surface1.pcd,Testing,2.1844334602355957,1.9594517946243286,0.2249816656112671
2075,TH0031AV/viewpoint_simulated_22_surface1.pcd,Testing,2.062488555908203,2.1060709953308105,0.04358243942260742
2076,TH0031AV/viewpoint_simulated_23_surface1.pcd,Testing,2.06120228767395,2.0886099338531494,0.02740764617919922
2077,TH0031AV/viewpoint_simulated_24_surface1.pcd,Testing,2.131324052810669,2.1820778846740723,0.05075383186340332
2078,TH0031AV/viewpoint_simulated_25_surface1.pcd,Testing,2.139666795730591,2.1758480072021484,0.03618121147155762
2079,TH0031AV/viewpoint_simulated_26_surface1.pcd,Testing,2.146794080734253,2.234342336654663,0.08754825592041016
2080,TH0031AV/viewpoint_simulated_27_surface1.pcd,Testing,2.1068196296691895,2.3642404079437256,0.25742077827453613
2081,TH0031AV/viewpoint_simulated_28_surface1.pcd,Testing,2.367210626602173,2.521695137023926,0.15448451042175293
2082,TH0031AV/viewpoint_simulated_29_surface1.pcd,Testing,2.148920774459839,2.6232857704162598,0.4743649959564209
2083,TH0031AV/viewpoint_simulated_3_surface1.pcd,Testing,2.1476058959960938,2.453748941421509,0.30614304542541504
2084,TH0031AV/viewpoint_simulated_30_surface1.pcd,Testing,2.2713592052459717,2.4801838397979736,0.20882463455200195
2085,TH0031AV/viewpoint_simulated_31_surface1.pcd,Testing,2.2974066734313965,2.408212900161743,0.11080622673034668
2086,TH0031AV/viewpoint_simulated_32_surface1.pcd,Testing,2.1166601181030273,2.438849925994873,0.3221898078918457
2087,TH0031AV/viewpoint_simulated_33_surface1.pcd,Testing,2.002443552017212,2.153792381286621,0.15134882926940918
2088,TH0031AV/viewpoint_simulated_34_surface1.pcd,Testing,2.2285120487213135,2.0244150161743164,0.20409703254699707
2089,TH0031AV/viewpoint_simulated_35_surface1.pcd,Testing,2.205122470855713,2.104687213897705,0.10043525695800781
2090,TH0031AV/viewpoint_simulated_36_surface1.pcd,Testing,2.276292562484741,2.1615872383117676,0.11470532417297363
2091,TH0031AV/viewpoint_simulated_37_surface1.pcd,Testing,2.141251564025879,2.159904956817627,0.018653392791748047
2092,TH0031AV/viewpoint_simulated_38_surface1.pcd,Testing,2.0506081581115723,2.239405632019043,0.1887974739074707
2093,TH0031AV/viewpoint_simulated_39_surface1.pcd,Testing,2.145294666290283,2.410095691680908,0.264801025390625
2094,TH0031AV/viewpoint_simulated_4_surface1.pcd,Testing,1.9991998672485352,2.4758031368255615,0.47660326957702637
2095,TH0031AV/viewpoint_simulated_40_surface1.pcd,Testing,2.0790467262268066,2.3718068599700928,0.29276013374328613
2096,TH0031AV/viewpoint_simulated_41_surface1.pcd,Testing,2.1817405223846436,2.4754691123962402,0.2937285900115967
2097,TH0031AV/viewpoint_simulated_42_surface1.pcd,Testing,2.1896185874938965,2.362764596939087,0.17314600944519043
2098,TH0031AV/viewpoint_simulated_43_surface1.pcd,Testing,2.1581838130950928,2.3065013885498047,0.14831757545471191
2099,TH0031AV/viewpoint_simulated_44_surface1.pcd,Testing,2.0457370281219482,2.440939426422119,0.3952023983001709
2100,TH0031AV/viewpoint_simulated_45_surface1.pcd,Testing,2.149751663208008,2.1672470569610596,0.017495393753051758
2101,TH0031AV/viewpoint_simulated_46_surface1.pcd,Testing,2.1705853939056396,2.0096306800842285,0.16095471382141113
2102,TH0031AV/viewpoint_simulated_47_surface1.pcd,Testing,2.191255569458008,2.087188720703125,0.10406684875488281
2103,TH0031AV/viewpoint_simulated_48_surface1.pcd,Testing,2.1633987426757812,2.160902738571167,0.002496004104614258
2104,TH0031AV/viewpoint_simulated_49_surface1.pcd,Testing,2.1003050804138184,2.1179487705230713,0.01764369010925293
2105,TH0031AV/viewpoint_simulated_5_surface1.pcd,Testing,2.1413400173187256,2.4798941612243652,0.33855414390563965
2106,TH0031AV/viewpoint_simulated_50_surface1.pcd,Testing,2.113323450088501,2.2471508979797363,0.13382744789123535
2107,TH0031AV/viewpoint_simulated_51_surface1.pcd,Testing,2.157677412033081,2.429182529449463,0.27150511741638184
2108,TH0031AV/viewpoint_simulated_52_surface1.pcd,Testing,2.3844451904296875,2.3105363845825195,0.07390880584716797
2109,TH0031AV/viewpoint_simulated_53_surface1.pcd,Testing,2.298943281173706,2.2893083095550537,0.009634971618652344
2110,TH0031AV/viewpoint_simulated_54_surface1.pcd,Testing,2.1328125,2.2793397903442383,0.14652729034423828
2111,TH0031AV/viewpoint_simulated_55_surface1.pcd,Testing,2.229576826095581,2.1921894550323486,0.03738737106323242
2112,TH0031AV/viewpoint_simulated_56_surface1.pcd,Testing,2.297459840774536,2.22544527053833,0.07201457023620605
2113,TH0031AV/viewpoint_simulated_57_surface1.pcd,Testing,2.2281723022460938,2.1805262565612793,0.04764604568481445
2114,TH0031AV/viewpoint_simulated_58_surface1.pcd,Testing,2.2519702911376953,2.0307979583740234,0.22117233276367188
2115,TH0031AV/viewpoint_simulated_59_surface1.pcd,Testing,2.288057565689087,2.0669374465942383,0.22112011909484863
2116,TH0031AV/viewpoint_simulated_6_surface1.pcd,Testing,1.993994951248169,2.494386911392212,0.500391960144043
2117,TH0031AV/viewpoint_simulated_60_surface1.pcd,Testing,2.0321664810180664,2.1812386512756348,0.14907217025756836
2118,TH0031AV/viewpoint_simulated_61_surface1.pcd,Testing,2.200770854949951,2.1677212715148926,0.033049583435058594
2119,TH0031AV/viewpoint_simulated_62_surface1.pcd,Testing,2.2691595554351807,2.259117841720581,0.01004171371459961
2120,TH0031AV/viewpoint_simulated_63_surface1.pcd,Testing,2.3007774353027344,2.5102150440216064,0.20943760871887207
2121,TH0031AV/viewpoint_simulated_64_surface1.pcd,Testing,2.2669637203216553,2.3601582050323486,0.09319448471069336
2122,TH0031AV/viewpoint_simulated_65_surface1.pcd,Testing,2.250713348388672,2.245546340942383,0.0051670074462890625
2123,TH0031AV/viewpoint_simulated_66_surface1.pcd,Testing,2.121091842651367,2.2935500144958496,0.17245817184448242
2124,TH0031AV/viewpoint_simulated_67_surface1.pcd,Testing,2.110704183578491,2.16102933883667,0.05032515525817871
2125,TH0031AV/viewpoint_simulated_68_surface1.pcd,Testing,2.1052744388580322,2.354065418243408,0.24879097938537598
2126,TH0031AV/viewpoint_simulated_69_surface1.pcd,Testing,2.1922926902770996,2.24190092086792,0.04960823059082031
2127,TH0031AV/viewpoint_simulated_7_surface1.pcd,Testing,2.182453155517578,2.254692554473877,0.07223939895629883
2128,TH0031AV/viewpoint_simulated_70_surface1.pcd,Testing,2.004521369934082,2.0068752765655518,0.0023539066314697266
2129,TH0031AV/viewpoint_simulated_71_surface1.pcd,Testing,2.2240817546844482,1.9534436464309692,0.270638108253479
2130,TH0031AV/viewpoint_simulated_72_surface1.pcd,Testing,2.215998649597168,2.2278988361358643,0.011900186538696289
2131,TH0031AV/viewpoint_simulated_73_surface1.pcd,Testing,2.1294546127319336,2.280606269836426,0.1511516571044922
2132,TH0031AV/viewpoint_simulated_74_surface1.pcd,Testing,2.0807907581329346,2.3445019721984863,0.26371121406555176
2133,TH0031AV/viewpoint_simulated_75_surface1.pcd,Testing,2.216282606124878,2.366487503051758,0.15020489692687988
2134,TH0031AV/viewpoint_simulated_76_surface1.pcd,Testing,2.1800148487091064,2.397061347961426,0.21704649925231934
2135,TH0031AV/viewpoint_simulated_77_surface1.pcd,Testing,2.165390968322754,2.369144916534424,0.20375394821166992
2136,TH0031AV/viewpoint_simulated_78_surface1.pcd,Testing,2.2350821495056152,2.365365505218506,0.13028335571289062
2137,TH0031AV/viewpoint_simulated_79_surface1.pcd,Testing,2.1494879722595215,2.2410953044891357,0.09160733222961426
2138,TH0031AV/viewpoint_simulated_8_surface1.pcd,Testing,2.040231227874756,2.293280601501465,0.253049373626709
2139,TH0031AV/viewpoint_simulated_80_surface1.pcd,Testing,2.1176602840423584,2.1444590091705322,0.026798725128173828
2140,TH0031AV/viewpoint_simulated_81_surface1.pcd,Testing,2.150991201400757,2.1115026473999023,0.03948855400085449
2141,TH0031AV/viewpoint_simulated_82_surface1.pcd,Testing,2.190256357192993,2.0376381874084473,0.1526181697845459
2142,TH0031AV/viewpoint_simulated_83_surface1.pcd,Testing,2.070735454559326,2.0368146896362305,0.0339207649230957
2143,TH0031AV/viewpoint_simulated_84_surface1.pcd,Testing,2.096355438232422,2.04669451713562,0.04966092109680176
2144,TH0031AV/viewpoint_simulated_85_surface1.pcd,Testing,2.0228450298309326,2.170259952545166,0.1474149227142334
2145,TH0031AV/viewpoint_simulated_86_surface1.pcd,Testing,1.9940046072006226,2.229971408843994,0.23596680164337158
2146,TH0031AV/viewpoint_simulated_87_surface1.pcd,Testing,1.9094390869140625,2.3291749954223633,0.4197359085083008
2147,TH0031AV/viewpoint_simulated_88_surface1.pcd,Testing,2.035372734069824,2.47116756439209,0.4357948303222656
2148,TH0031AV/viewpoint_simulated_89_surface1.pcd,Testing,2.110921621322632,2.6185290813446045,0.5076074600219727
2149,TH0031AV/viewpoint_simulated_9_surface1.pcd,Testing,2.0667970180511475,2.1957712173461914,0.12897419929504395
2150,TH0031AV/viewpoint_simulated_90_surface1.pcd,Testing,2.259704351425171,2.4197261333465576,0.16002178192138672
2151,TH0031AV/viewpoint_simulated_91_surface1.pcd,Testing,2.084960699081421,2.542999029159546,0.458038330078125
2152,TH0031AV/viewpoint_simulated_92_surface1.pcd,Testing,2.1246609687805176,2.1588845252990723,0.03422355651855469
2153,TH0031AV/viewpoint_simulated_93_surface1.pcd,Testing,2.1009361743927,2.217411518096924,0.11647534370422363
2154,TH0031AV/viewpoint_simulated_94_surface1.pcd,Testing,2.307844877243042,2.055605888366699,0.2522389888763428
2155,TH0031AV/viewpoint_simulated_95_surface1.pcd,Testing,2.000312328338623,2.000401496887207,8.916854858398438e-05
2156,TH0031AV/viewpoint_simulated_96_surface1.pcd,Testing,2.1696135997772217,2.050497055053711,0.11911654472351074
2157,TH0031AV/viewpoint_simulated_97_surface1.pcd,Testing,2.0130844116210938,2.1512160301208496,0.13813161849975586
2158,TH0031AV/viewpoint_simulated_98_surface1.pcd,Testing,2.0878446102142334,2.2182319164276123,0.1303873062133789
2159,TH0031AV/viewpoint_simulated_99_surface1.pcd,Testing,2.152191638946533,2.4004290103912354,0.24823737144470215
2160,TH0032AV/viewpoint_simulated_0_surface0.pcd,Testing,1.9265022277832031,1.9268594980239868,0.0003572702407836914
2161,TH0032AV/viewpoint_simulated_1_surface0.pcd,Testing,2.0609920024871826,1.9211715459823608,0.13982045650482178
2162,TH0032AV/viewpoint_simulated_10_surface0.pcd,Testing,1.962172508239746,1.9356966018676758,0.026475906372070312
2163,TH0032AV/viewpoint_simulated_100_surface0.pcd,Testing,2.064840316772461,1.9207271337509155,0.1441131830215454
2164,TH0032AV/viewpoint_simulated_101_surface0.pcd,Testing,1.931321144104004,1.9141902923583984,0.01713085174560547
2165,TH0032AV/viewpoint_simulated_102_surface0.pcd,Testing,2.0077929496765137,1.9131525754928589,0.09464037418365479
2166,TH0032AV/viewpoint_simulated_103_surface0.pcd,Testing,2.0281455516815186,1.9035404920578003,0.12460505962371826
2167,TH0032AV/viewpoint_simulated_104_surface0.pcd,Testing,1.9342074394226074,1.914833664894104,0.019373774528503418
2168,TH0032AV/viewpoint_simulated_105_surface0.pcd,Testing,1.9149901866912842,1.9312891960144043,0.016299009323120117
2169,TH0032AV/viewpoint_simulated_106_surface0.pcd,Testing,2.045158863067627,1.930664300918579,0.11449456214904785
2170,TH0032AV/viewpoint_simulated_107_surface0.pcd,Testing,1.9438128471374512,1.923864483833313,0.019948363304138184
2171,TH0032AV/viewpoint_simulated_108_surface0.pcd,Testing,1.9575767517089844,1.9378337860107422,0.019742965698242188
2172,TH0032AV/viewpoint_simulated_109_surface0.pcd,Testing,2.0268778800964355,1.9454970359802246,0.08138084411621094
2173,TH0032AV/viewpoint_simulated_11_surface0.pcd,Testing,1.9259355068206787,1.9321937561035156,0.006258249282836914
2174,TH0032AV/viewpoint_simulated_110_surface0.pcd,Testing,2.004059076309204,1.9351719617843628,0.06888711452484131
2175,TH0032AV/viewpoint_simulated_111_surface0.pcd,Testing,2.0246682167053223,1.9272204637527466,0.09744775295257568
2176,TH0032AV/viewpoint_simulated_112_surface0.pcd,Testing,2.1596713066101074,1.9184993505477905,0.2411719560623169
2177,TH0032AV/viewpoint_simulated_113_surface0.pcd,Testing,2.184079885482788,1.9126416444778442,0.27143824100494385
2178,TH0032AV/viewpoint_simulated_114_surface0.pcd,Testing,1.9315794706344604,1.9053717851638794,0.026207685470581055
2179,TH0032AV/viewpoint_simulated_115_surface0.pcd,Testing,1.9920085668563843,1.9071320295333862,0.08487653732299805
2180,TH0032AV/viewpoint_simulated_116_surface0.pcd,Testing,1.9394841194152832,1.907185435295105,0.03229868412017822
2181,TH0032AV/viewpoint_simulated_117_surface0.pcd,Testing,1.9205927848815918,1.9330229759216309,0.012430191040039062
2182,TH0032AV/viewpoint_simulated_118_surface0.pcd,Testing,2.0257742404937744,1.924892783164978,0.10088145732879639
2183,TH0032AV/viewpoint_simulated_119_surface0.pcd,Testing,2.117462158203125,1.9317413568496704,0.1857208013534546
2184,TH0032AV/viewpoint_simulated_12_surface0.pcd,Testing,2.0518081188201904,1.9318679571151733,0.11994016170501709
2185,TH0032AV/viewpoint_simulated_120_surface0.pcd,Testing,2.1342978477478027,1.95246422290802,0.18183362483978271
2186,TH0032AV/viewpoint_simulated_121_surface0.pcd,Testing,2.0659983158111572,1.9472399950027466,0.11875832080841064
2187,TH0032AV/viewpoint_simulated_122_surface0.pcd,Testing,2.1255645751953125,1.9551039934158325,0.17046058177947998
2188,TH0032AV/viewpoint_simulated_123_surface0.pcd,Testing,1.957329511642456,1.9284309148788452,0.02889859676361084
2189,TH0032AV/viewpoint_simulated_124_surface0.pcd,Testing,2.0608980655670166,1.9194750785827637,0.14142298698425293
2190,TH0032AV/viewpoint_simulated_125_surface0.pcd,Testing,1.9131920337677002,1.9105334281921387,0.0026586055755615234
2191,TH0032AV/viewpoint_simulated_126_surface0.pcd,Testing,2.030184507369995,1.9050627946853638,0.12512171268463135
2192,TH0032AV/viewpoint_simulated_127_surface0.pcd,Testing,1.9457820653915405,1.9076833724975586,0.038098692893981934
2193,TH0032AV/viewpoint_simulated_128_surface0.pcd,Testing,2.073529005050659,1.8928979635238647,0.18063104152679443
2194,TH0032AV/viewpoint_simulated_129_surface0.pcd,Testing,2.0632567405700684,1.9289931058883667,0.13426363468170166
2195,TH0032AV/viewpoint_simulated_13_surface0.pcd,Testing,2.034971237182617,1.9253673553466797,0.1096038818359375
2196,TH0032AV/viewpoint_simulated_130_surface0.pcd,Testing,2.118107318878174,1.92424738407135,0.19385993480682373
2197,TH0032AV/viewpoint_simulated_131_surface0.pcd,Testing,2.0635151863098145,1.9396275281906128,0.12388765811920166
2198,TH0032AV/viewpoint_simulated_132_surface0.pcd,Testing,2.020578622817993,1.9698339700698853,0.05074465274810791
2199,TH0032AV/viewpoint_simulated_133_surface0.pcd,Testing,1.9950416088104248,1.956760048866272,0.03828155994415283
2200,TH0032AV/viewpoint_simulated_134_surface0.pcd,Testing,2.045758008956909,1.9475759267807007,0.0981820821762085
2201,TH0032AV/viewpoint_simulated_135_surface0.pcd,Testing,2.0897216796875,1.9345425367355347,0.15517914295196533
2202,TH0032AV/viewpoint_simulated_136_surface0.pcd,Testing,2.081047773361206,1.9267090559005737,0.15433871746063232
2203,TH0032AV/viewpoint_simulated_137_surface0.pcd,Testing,2.0769121646881104,1.901279330253601,0.17563283443450928
2204,TH0032AV/viewpoint_simulated_138_surface0.pcd,Testing,1.9645746946334839,1.90841543674469,0.056159257888793945
2205,TH0032AV/viewpoint_simulated_139_surface0.pcd,Testing,2.0346157550811768,1.9014314413070679,0.1331843137741089
2206,TH0032AV/viewpoint_simulated_14_surface0.pcd,Testing,1.9512214660644531,1.9213260412216187,0.029895424842834473
2207,TH0032AV/viewpoint_simulated_140_surface0.pcd,Testing,2.0381367206573486,1.8952902555465698,0.1428464651107788
2208,TH0032AV/viewpoint_simulated_141_surface0.pcd,Testing,2.141359329223633,1.9308630228042603,0.21049630641937256
2209,TH0032AV/viewpoint_simulated_142_surface0.pcd,Testing,2.102233648300171,1.93282949924469,0.16940414905548096
2210,TH0032AV/viewpoint_simulated_143_surface0.pcd,Testing,2.100541830062866,1.965321660041809,0.13522017002105713
2211,TH0032AV/viewpoint_simulated_144_surface0.pcd,Testing,2.0514144897460938,1.9254204034805298,0.12599408626556396
2212,TH0032AV/viewpoint_simulated_145_surface0.pcd,Testing,1.9570446014404297,1.9221469163894653,0.034897685050964355
2213,TH0032AV/viewpoint_simulated_146_surface0.pcd,Testing,2.0642142295837402,1.9127691984176636,0.15144503116607666
2214,TH0032AV/viewpoint_simulated_147_surface0.pcd,Testing,2.041504383087158,1.9162968397140503,0.1252075433731079
2215,TH0032AV/viewpoint_simulated_148_surface0.pcd,Testing,2.075514078140259,1.9131633043289185,0.16235077381134033
2216,TH0032AV/viewpoint_simulated_149_surface0.pcd,Testing,1.8804839849472046,1.9139562845230103,0.033472299575805664
2217,TH0032AV/viewpoint_simulated_15_surface0.pcd,Testing,2.011090040206909,1.916655421257019,0.09443461894989014
2218,TH0032AV/viewpoint_simulated_150_surface0.pcd,Testing,2.050156593322754,1.916868805885315,0.13328778743743896
2219,TH0032AV/viewpoint_simulated_151_surface0.pcd,Testing,1.9994498491287231,1.9200655221939087,0.07938432693481445
2220,TH0032AV/viewpoint_simulated_152_surface0.pcd,Testing,1.9504575729370117,1.9294281005859375,0.02102947235107422
2221,TH0032AV/viewpoint_simulated_153_surface0.pcd,Testing,1.9747517108917236,1.9313057661056519,0.04344594478607178
2222,TH0032AV/viewpoint_simulated_154_surface0.pcd,Testing,2.012537717819214,1.9324570894241333,0.08008062839508057
2223,TH0032AV/viewpoint_simulated_155_surface0.pcd,Testing,1.9044384956359863,1.9331411123275757,0.028702616691589355
2224,TH0032AV/viewpoint_simulated_156_surface0.pcd,Testing,1.9262518882751465,1.934368371963501,0.008116483688354492
2225,TH0032AV/viewpoint_simulated_157_surface0.pcd,Testing,2.0240726470947266,1.9276379346847534,0.09643471240997314
2226,TH0032AV/viewpoint_simulated_158_surface0.pcd,Testing,1.9318753480911255,1.9198123216629028,0.012063026428222656
2227,TH0032AV/viewpoint_simulated_159_surface0.pcd,Testing,2.0074031352996826,1.9156944751739502,0.09170866012573242
2228,TH0032AV/viewpoint_simulated_16_surface0.pcd,Testing,1.994073510169983,1.915802001953125,0.07827150821685791
2229,TH0032AV/viewpoint_simulated_160_surface0.pcd,Testing,1.9382604360580444,1.9117661714553833,0.026494264602661133
2230,TH0032AV/viewpoint_simulated_161_surface0.pcd,Testing,1.9187875986099243,1.909632921218872,0.009154677391052246
2231,TH0032AV/viewpoint_simulated_162_surface0.pcd,Testing,2.0635459423065186,1.9108150005340576,0.15273094177246094
2232,TH0032AV/viewpoint_simulated_163_surface0.pcd,Testing,2.0530881881713867,1.9176404476165771,0.13544774055480957
2233,TH0032AV/viewpoint_simulated_164_surface0.pcd,Testing,1.9013699293136597,1.92280912399292,0.021439194679260254
2234,TH0032AV/viewpoint_simulated_165_surface0.pcd,Testing,2.0763680934906006,1.9317954778671265,0.14457261562347412
2235,TH0032AV/viewpoint_simulated_166_surface0.pcd,Testing,1.9499558210372925,1.9299612045288086,0.019994616508483887
2236,TH0032AV/viewpoint_simulated_167_surface0.pcd,Testing,1.929517149925232,1.9325772523880005,0.0030601024627685547
2237,TH0032AV/viewpoint_simulated_168_surface0.pcd,Testing,2.068283796310425,1.9363101720809937,0.13197362422943115
2238,TH0032AV/viewpoint_simulated_169_surface0.pcd,Testing,2.0375609397888184,1.9424668550491333,0.09509408473968506
2239,TH0032AV/viewpoint_simulated_17_surface0.pcd,Testing,2.0261807441711426,1.911655306816101,0.1145254373550415
2240,TH0032AV/viewpoint_simulated_170_surface0.pcd,Testing,2.024824380874634,1.930822491645813,0.0940018892288208
2241,TH0032AV/viewpoint_simulated_171_surface0.pcd,Testing,1.9197232723236084,1.9215205907821655,0.001797318458557129
2242,TH0032AV/viewpoint_simulated_172_surface0.pcd,Testing,2.009840250015259,1.9211643934249878,0.088675856590271
2243,TH0032AV/viewpoint_simulated_173_surface0.pcd,Testing,2.1302831172943115,1.9079947471618652,0.2222883701324463
2244,TH0032AV/viewpoint_simulated_174_surface0.pcd,Testing,1.9801161289215088,1.9029083251953125,0.07720780372619629
2245,TH0032AV/viewpoint_simulated_175_surface0.pcd,Testing,2.0163891315460205,1.9037517309188843,0.11263740062713623
2246,TH0032AV/viewpoint_simulated_176_surface0.pcd,Testing,2.0253243446350098,1.9122172594070435,0.11310708522796631
2247,TH0032AV/viewpoint_simulated_177_surface0.pcd,Testing,2.1275839805603027,1.9303327798843384,0.19725120067596436
2248,TH0032AV/viewpoint_simulated_178_surface0.pcd,Testing,1.9873279333114624,1.9295750856399536,0.05775284767150879
2249,TH0032AV/viewpoint_simulated_179_surface0.pcd,Testing,2.1394617557525635,1.9276105165481567,0.21185123920440674
2250,TH0032AV/viewpoint_simulated_18_surface0.pcd,Testing,1.9676549434661865,1.9100672006607056,0.05758774280548096
2251,TH0032AV/viewpoint_simulated_180_surface0.pcd,Testing,1.9560270309448242,1.933395504951477,0.022631525993347168
2252,TH0032AV/viewpoint_simulated_181_surface0.pcd,Testing,2.030163288116455,1.9443140029907227,0.08584928512573242
2253,TH0032AV/viewpoint_simulated_182_surface0.pcd,Testing,2.0532190799713135,1.9360605478286743,0.11715853214263916
2254,TH0032AV/viewpoint_simulated_183_surface0.pcd,Testing,1.9439791440963745,1.9214645624160767,0.02251458168029785
2255,TH0032AV/viewpoint_simulated_184_surface0.pcd,Testing,2.1302521228790283,1.923524022102356,0.20672810077667236
2256,TH0032AV/viewpoint_simulated_185_surface0.pcd,Testing,2.036524534225464,1.9112956523895264,0.1252288818359375
2257,TH0032AV/viewpoint_simulated_186_surface0.pcd,Testing,1.9315500259399414,1.9050686359405518,0.02648138999938965
2258,TH0032AV/viewpoint_simulated_187_surface0.pcd,Testing,1.983473777770996,1.9024266004562378,0.0810471773147583
2259,TH0032AV/viewpoint_simulated_188_surface0.pcd,Testing,2.0232951641082764,1.9089068174362183,0.1143883466720581
2260,TH0032AV/viewpoint_simulated_189_surface0.pcd,Testing,2.002349376678467,1.9324547052383423,0.06989467144012451
2261,TH0032AV/viewpoint_simulated_19_surface0.pcd,Testing,1.96157968044281,1.9125385284423828,0.049041152000427246
2262,TH0032AV/viewpoint_simulated_190_surface0.pcd,Testing,1.9344830513000488,1.925202488899231,0.009280562400817871
2263,TH0032AV/viewpoint_simulated_191_surface0.pcd,Testing,2.094208002090454,1.9278615713119507,0.16634643077850342
2264,TH0032AV/viewpoint_simulated_192_surface0.pcd,Testing,2.1026368141174316,1.9542630910873413,0.14837372303009033
2265,TH0032AV/viewpoint_simulated_193_surface0.pcd,Testing,2.0005862712860107,1.9465049505233765,0.05408132076263428
2266,TH0032AV/viewpoint_simulated_194_surface0.pcd,Testing,1.9892845153808594,1.95136559009552,0.037918925285339355
2267,TH0032AV/viewpoint_simulated_195_surface0.pcd,Testing,2.0336697101593018,1.9242185354232788,0.10945117473602295
2268,TH0032AV/viewpoint_simulated_196_surface0.pcd,Testing,2.1049225330352783,1.9201123714447021,0.18481016159057617
2269,TH0032AV/viewpoint_simulated_197_surface0.pcd,Testing,2.000023603439331,1.9077855348587036,0.09223806858062744
2270,TH0032AV/viewpoint_simulated_198_surface0.pcd,Testing,2.074298620223999,1.9109784364700317,0.16332018375396729
2271,TH0032AV/viewpoint_simulated_199_surface0.pcd,Testing,1.9595746994018555,1.9009071588516235,0.058667540550231934
2272,TH0032AV/viewpoint_simulated_2_surface0.pcd,Testing,1.915832757949829,1.9171603918075562,0.0013276338577270508
2273,TH0032AV/viewpoint_simulated_20_surface0.pcd,Testing,2.0409748554229736,1.9196696281433105,0.12130522727966309
2274,TH0032AV/viewpoint_simulated_200_surface0.pcd,Testing,2.0752174854278564,1.8997135162353516,0.17550396919250488
2275,TH0032AV/viewpoint_simulated_201_surface0.pcd,Testing,1.8511322736740112,1.9285517930984497,0.07741951942443848
2276,TH0032AV/viewpoint_simulated_202_surface0.pcd,Testing,2.152475357055664,1.925547480583191,0.22692787647247314
2277,TH0032AV/viewpoint_simulated_203_surface0.pcd,Testing,1.9202494621276855,1.9431192874908447,0.02286982536315918
2278,TH0032AV/viewpoint_simulated_204_surface0.pcd,Testing,2.052370309829712,1.9720250368118286,0.0803452730178833
2279,TH0032AV/viewpoint_simulated_205_surface0.pcd,Testing,2.169003963470459,1.9596400260925293,0.2093639373779297
2280,TH0032AV/viewpoint_simulated_206_surface0.pcd,Testing,2.0997180938720703,1.9438852071762085,0.15583288669586182
2281,TH0032AV/viewpoint_simulated_207_surface0.pcd,Testing,2.0524449348449707,1.9344134330749512,0.11803150177001953
2282,TH0032AV/viewpoint_simulated_208_surface0.pcd,Testing,2.1355271339416504,1.927889108657837,0.20763802528381348
2283,TH0032AV/viewpoint_simulated_209_surface0.pcd,Testing,1.9405030012130737,1.9036647081375122,0.03683829307556152
2284,TH0032AV/viewpoint_simulated_21_surface0.pcd,Testing,1.9932641983032227,1.9291538000106812,0.0641103982925415
2285,TH0032AV/viewpoint_simulated_210_surface0.pcd,Testing,2.099062919616699,1.931744933128357,0.16731798648834229
2286,TH0032AV/viewpoint_simulated_211_surface0.pcd,Testing,2.061373472213745,1.9076112508773804,0.15376222133636475
2287,TH0032AV/viewpoint_simulated_212_surface0.pcd,Testing,2.0353786945343018,1.8910809755325317,0.14429771900177002
2288,TH0032AV/viewpoint_simulated_213_surface0.pcd,Testing,2.0792312622070312,1.9324620962142944,0.14676916599273682
2289,TH0032AV/viewpoint_simulated_214_surface0.pcd,Testing,2.0690670013427734,1.9350014925003052,0.13406550884246826
2290,TH0032AV/viewpoint_simulated_215_surface0.pcd,Testing,1.8952361345291138,1.9622043371200562,0.06696820259094238
2291,TH0032AV/viewpoint_simulated_22_surface0.pcd,Testing,2.044623374938965,1.9321751594543457,0.11244821548461914
2292,TH0032AV/viewpoint_simulated_23_surface0.pcd,Testing,1.8562815189361572,1.9311844110488892,0.07490289211273193
2293,TH0032AV/viewpoint_simulated_24_surface0.pcd,Testing,1.9075428247451782,1.9356005191802979,0.02805769443511963
2294,TH0032AV/viewpoint_simulated_25_surface0.pcd,Testing,1.9742240905761719,1.9433451890945435,0.030878901481628418
2295,TH0032AV/viewpoint_simulated_26_surface0.pcd,Testing,1.924440622329712,1.9276527166366577,0.0032120943069458008
2296,TH0032AV/viewpoint_simulated_27_surface0.pcd,Testing,2.129279613494873,1.9264549016952515,0.20282471179962158
2297,TH0032AV/viewpoint_simulated_28_surface0.pcd,Testing,2.04298996925354,1.9171268939971924,0.12586307525634766
2298,TH0032AV/viewpoint_simulated_29_surface0.pcd,Testing,2.1543490886688232,1.9098116159439087,0.24453747272491455
2299,TH0032AV/viewpoint_simulated_3_surface0.pcd,Testing,2.0904455184936523,1.9148982763290405,0.17554724216461182
2300,TH0032AV/viewpoint_simulated_30_surface0.pcd,Testing,1.9923666715621948,1.9109374284744263,0.08142924308776855
2301,TH0032AV/viewpoint_simulated_31_surface0.pcd,Testing,1.9083607196807861,1.907590389251709,0.0007703304290771484
2302,TH0032AV/viewpoint_simulated_32_surface0.pcd,Testing,2.029132843017578,1.9114142656326294,0.11771857738494873
2303,TH0032AV/viewpoint_simulated_33_surface0.pcd,Testing,1.9358515739440918,1.9297934770584106,0.006058096885681152
2304,TH0032AV/viewpoint_simulated_34_surface0.pcd,Testing,2.04569935798645,1.9302541017532349,0.11544525623321533
2305,TH0032AV/viewpoint_simulated_35_surface0.pcd,Testing,2.0456926822662354,1.9251075983047485,0.12058508396148682
2306,TH0032AV/viewpoint_simulated_36_surface0.pcd,Testing,2.0367863178253174,1.9454363584518433,0.09134995937347412
2307,TH0032AV/viewpoint_simulated_37_surface0.pcd,Testing,1.9668737649917603,1.9459214210510254,0.020952343940734863
2308,TH0032AV/viewpoint_simulated_38_surface0.pcd,Testing,2.1072404384613037,1.938263177871704,0.1689772605895996
2309,TH0032AV/viewpoint_simulated_39_surface0.pcd,Testing,2.1017532348632812,1.9270927906036377,0.17466044425964355
2310,TH0032AV/viewpoint_simulated_4_surface0.pcd,Testing,1.8735181093215942,1.9113794565200806,0.03786134719848633
2311,TH0032AV/viewpoint_simulated_40_surface0.pcd,Testing,2.0210988521575928,1.9229103326797485,0.09818851947784424
2312,TH0032AV/viewpoint_simulated_41_surface0.pcd,Testing,2.0003836154937744,1.9139180183410645,0.08646559715270996
2313,TH0032AV/viewpoint_simulated_42_surface0.pcd,Testing,1.938492774963379,1.9043097496032715,0.03418302536010742
2314,TH0032AV/viewpoint_simulated_43_surface0.pcd,Testing,2.02559232711792,1.9023690223693848,0.12322330474853516
2315,TH0032AV/viewpoint_simulated_44_surface0.pcd,Testing,2.068286657333374,1.9045542478561401,0.1637324094772339
2316,TH0032AV/viewpoint_simulated_45_surface0.pcd,Testing,2.0144457817077637,1.9368531703948975,0.07759261131286621
2317,TH0032AV/viewpoint_simulated_46_surface0.pcd,Testing,2.0217742919921875,1.9257858991622925,0.09598839282989502
2318,TH0032AV/viewpoint_simulated_47_surface0.pcd,Testing,2.077434778213501,1.9387235641479492,0.13871121406555176
2319,TH0032AV/viewpoint_simulated_48_surface0.pcd,Testing,2.1054999828338623,1.9552770853042603,0.15022289752960205
2320,TH0032AV/viewpoint_simulated_49_surface0.pcd,Testing,1.9388374090194702,1.9475747346878052,0.008737325668334961
2321,TH0032AV/viewpoint_simulated_5_surface0.pcd,Testing,1.962816834449768,1.9179631471633911,0.04485368728637695
2322,TH0032AV/viewpoint_simulated_50_surface0.pcd,Testing,1.974770426750183,1.9515281915664673,0.02324223518371582
2323,TH0032AV/viewpoint_simulated_51_surface0.pcd,Testing,2.0044960975646973,1.9221258163452148,0.08237028121948242
2324,TH0032AV/viewpoint_simulated_52_surface0.pcd,Testing,1.8605245351791382,1.9254647493362427,0.06494021415710449
2325,TH0032AV/viewpoint_simulated_53_surface0.pcd,Testing,2.2078423500061035,1.9086240530014038,0.2992182970046997
2326,TH0032AV/viewpoint_simulated_54_surface0.pcd,Testing,2.0041768550872803,1.9103412628173828,0.09383559226989746
2327,TH0032AV/viewpoint_simulated_55_surface0.pcd,Testing,1.9823031425476074,1.9036329984664917,0.07867014408111572
2328,TH0032AV/viewpoint_simulated_56_surface0.pcd,Testing,1.9727346897125244,1.8969871997833252,0.07574748992919922
2329,TH0032AV/viewpoint_simulated_57_surface0.pcd,Testing,2.100787878036499,1.9264439344406128,0.17434394359588623
2330,TH0032AV/viewpoint_simulated_58_surface0.pcd,Testing,2.1341493129730225,1.9258301258087158,0.20831918716430664
2331,TH0032AV/viewpoint_simulated_59_surface0.pcd,Testing,2.067983865737915,1.9428497552871704,0.12513411045074463
2332,TH0032AV/viewpoint_simulated_6_surface0.pcd,Testing,2.068650484085083,1.9123895168304443,0.15626096725463867
2333,TH0032AV/viewpoint_simulated_60_surface0.pcd,Testing,2.031853437423706,1.9700137376785278,0.06183969974517822
2334,TH0032AV/viewpoint_simulated_61_surface0.pcd,Testing,1.9768908023834229,1.95728600025177,0.019604802131652832
2335,TH0032AV/viewpoint_simulated_62_surface0.pcd,Testing,2.06618595123291,1.957294225692749,0.10889172554016113
2336,TH0032AV/viewpoint_simulated_63_surface0.pcd,Testing,2.0920774936676025,1.9302592277526855,0.161818265914917
2337,TH0032AV/viewpoint_simulated_64_surface0.pcd,Testing,2.04645037651062,1.9254834651947021,0.12096691131591797
2338,TH0032AV/viewpoint_simulated_65_surface0.pcd,Testing,1.9947049617767334,1.9044231176376343,0.09028184413909912
2339,TH0032AV/viewpoint_simulated_66_surface0.pcd,Testing,2.085099220275879,1.9166488647460938,0.16845035552978516
2340,TH0032AV/viewpoint_simulated_67_surface0.pcd,Testing,2.025698184967041,1.9165672063827515,0.10913097858428955
2341,TH0032AV/viewpoint_simulated_68_surface0.pcd,Testing,2.0756571292877197,1.8937371969223022,0.18191993236541748
2342,TH0032AV/viewpoint_simulated_69_surface0.pcd,Testing,2.0729904174804688,1.9394241571426392,0.1335662603378296
2343,TH0032AV/viewpoint_simulated_7_surface0.pcd,Testing,2.0918984413146973,1.9229456186294556,0.1689528226852417
2344,TH0032AV/viewpoint_simulated_70_surface0.pcd,Testing,1.99919593334198,1.9366461038589478,0.06254982948303223
2345,TH0032AV/viewpoint_simulated_71_surface0.pcd,Testing,2.082324743270874,1.96599543094635,0.11632931232452393
2346,TH0032AV/viewpoint_simulated_72_surface0.pcd,Testing,2.101766586303711,1.9239771366119385,0.17778944969177246
2347,TH0032AV/viewpoint_simulated_73_surface0.pcd,Testing,1.9270172119140625,1.9247595071792603,0.002257704734802246
2348,TH0032AV/viewpoint_simulated_74_surface0.pcd,Testing,1.878846526145935,1.9182268381118774,0.03938031196594238
2349,TH0032AV/viewpoint_simulated_75_surface0.pcd,Testing,2.022376298904419,1.910313367843628,0.11206293106079102
2350,TH0032AV/viewpoint_simulated_76_surface0.pcd,Testing,2.118806838989258,1.9162241220474243,0.2025827169418335
2351,TH0032AV/viewpoint_simulated_77_surface0.pcd,Testing,1.905726671218872,1.9113719463348389,0.005645275115966797
2352,TH0032AV/viewpoint_simulated_78_surface0.pcd,Testing,1.9863568544387817,1.9105600118637085,0.07579684257507324
2353,TH0032AV/viewpoint_simulated_79_surface0.pcd,Testing,1.9858633279800415,1.920721411705017,0.06514191627502441
2354,TH0032AV/viewpoint_simulated_8_surface0.pcd,Testing,2.1098825931549072,1.9296739101409912,0.18020868301391602
2355,TH0032AV/viewpoint_simulated_80_surface0.pcd,Testing,2.0204365253448486,1.928904414176941,0.09153211116790771
2356,TH0032AV/viewpoint_simulated_81_surface0.pcd,Testing,1.9264099597930908,1.93217134475708,0.005761384963989258
2357,TH0032AV/viewpoint_simulated_82_surface0.pcd,Testing,1.998964786529541,1.932942271232605,0.06602251529693604
2358,TH0032AV/viewpoint_simulated_83_surface0.pcd,Testing,1.9851775169372559,1.9303957223892212,0.05478179454803467
2359,TH0032AV/viewpoint_simulated_84_surface0.pcd,Testing,1.94581139087677,1.9352712631225586,0.010540127754211426
2360,TH0032AV/viewpoint_simulated_85_surface0.pcd,Testing,2.019343376159668,1.9287629127502441,0.09058046340942383
2361,TH0032AV/viewpoint_simulated_86_surface0.pcd,Testing,1.9083212614059448,1.9165151119232178,0.00819385051727295
2362,TH0032AV/viewpoint_simulated_87_surface0.pcd,Testing,1.9164899587631226,1.9199903011322021,0.00350034236907959
2363,TH0032AV/viewpoint_simulated_88_surface0.pcd,Testing,1.9249353408813477,1.9176300764083862,0.007305264472961426
2364,TH0032AV/viewpoint_simulated_89_surface0.pcd,Testing,2.0533816814422607,1.9094488620758057,0.14393281936645508
2365,TH0032AV/viewpoint_simulated_9_surface0.pcd,Testing,2.0979068279266357,1.929909586906433,0.16799724102020264
2366,TH0032AV/viewpoint_simulated_90_surface0.pcd,Testing,2.0421900749206543,1.9074819087982178,0.13470816612243652
2367,TH0032AV/viewpoint_simulated_91_surface0.pcd,Testing,2.0531466007232666,1.9094200134277344,0.14372658729553223
2368,TH0032AV/viewpoint_simulated_92_surface0.pcd,Testing,1.941474199295044,1.9204317331314087,0.021042466163635254
2369,TH0032AV/viewpoint_simulated_93_surface0.pcd,Testing,2.058542490005493,1.9302873611450195,0.12825512886047363
2370,TH0032AV/viewpoint_simulated_94_surface0.pcd,Testing,1.9899652004241943,1.9310413599014282,0.05892384052276611
2371,TH0032AV/viewpoint_simulated_95_surface0.pcd,Testing,2.190807342529297,1.931519865989685,0.2592874765396118
2372,TH0032AV/viewpoint_simulated_96_surface0.pcd,Testing,1.994246006011963,1.9355378150939941,0.05870819091796875
2373,TH0032AV/viewpoint_simulated_97_surface0.pcd,Testing,2.0843679904937744,1.9425106048583984,0.14185738563537598
2374,TH0032AV/viewpoint_simulated_98_surface0.pcd,Testing,2.0321578979492188,1.9252650737762451,0.10689282417297363
2375,TH0032AV/viewpoint_simulated_99_surface0.pcd,Testing,2.0089612007141113,1.9227213859558105,0.08623981475830078
2376,TH0032AV/viewpoint_simulated_0_surface1.pcd,Testing,2.305295705795288,2.6537294387817383,0.3484337329864502
2377,TH0032AV/viewpoint_simulated_1_surface1.pcd,Testing,2.211895704269409,2.6336326599121094,0.4217369556427002
2378,TH0032AV/viewpoint_simulated_10_surface1.pcd,Testing,2.2325456142425537,2.075774669647217,0.15677094459533691
2379,TH0032AV/viewpoint_simulated_100_surface1.pcd,Testing,2.2233266830444336,2.48957896232605,0.2662522792816162
2380,TH0032AV/viewpoint_simulated_101_surface1.pcd,Testing,2.2621278762817383,2.60336971282959,0.34124183654785156
2381,TH0032AV/viewpoint_simulated_102_surface1.pcd,Testing,2.2701306343078613,2.530860424041748,0.2607297897338867
2382,TH0032AV/viewpoint_simulated_103_surface1.pcd,Testing,2.3155839443206787,2.50628924369812,0.1907052993774414
2383,TH0032AV/viewpoint_simulated_104_surface1.pcd,Testing,2.276076316833496,2.4520821571350098,0.17600584030151367
2384,TH0032AV/viewpoint_simulated_105_surface1.pcd,Testing,2.2124428749084473,2.2240641117095947,0.011621236801147461
2385,TH0032AV/viewpoint_simulated_106_surface1.pcd,Testing,2.23067045211792,2.0409984588623047,0.18967199325561523
2386,TH0032AV/viewpoint_simulated_107_surface1.pcd,Testing,2.1781013011932373,2.1257288455963135,0.05237245559692383
2387,TH0032AV/viewpoint_simulated_108_surface1.pcd,Testing,2.125675678253174,2.2735462188720703,0.14787054061889648
2388,TH0032AV/viewpoint_simulated_109_surface1.pcd,Testing,2.2785208225250244,2.2973151206970215,0.01879429817199707
2389,TH0032AV/viewpoint_simulated_11_surface1.pcd,Testing,2.093024253845215,2.0963170528411865,0.0032927989959716797
2390,TH0032AV/viewpoint_simulated_110_surface1.pcd,Testing,2.272094488143921,2.3710765838623047,0.09898209571838379
2391,TH0032AV/viewpoint_simulated_111_surface1.pcd,Testing,2.295581340789795,2.5105433464050293,0.21496200561523438
2392,TH0032AV/viewpoint_simulated_112_surface1.pcd,Testing,2.2855217456817627,2.449840545654297,0.16431879997253418
2393,TH0032AV/viewpoint_simulated_113_surface1.pcd,Testing,2.1448721885681152,2.387516975402832,0.2426447868347168
2394,TH0032AV/viewpoint_simulated_114_surface1.pcd,Testing,2.2958438396453857,2.4927141666412354,0.1968703269958496
2395,TH0032AV/viewpoint_simulated_115_surface1.pcd,Testing,2.248880624771118,2.366429328918457,0.11754870414733887
2396,TH0032AV/viewpoint_simulated_116_surface1.pcd,Testing,2.364884614944458,2.4809772968292236,0.11609268188476562
2397,TH0032AV/viewpoint_simulated_117_surface1.pcd,Testing,2.111562967300415,2.1204371452331543,0.008874177932739258
2398,TH0032AV/viewpoint_simulated_118_surface1.pcd,Testing,2.265690565109253,2.01495099067688,0.25073957443237305
2399,TH0032AV/viewpoint_simulated_119_surface1.pcd,Testing,2.1551997661590576,2.125988006591797,0.029211759567260742
2400,TH0032AV/viewpoint_simulated_12_surface1.pcd,Testing,2.1486456394195557,2.326713800430298,0.1780681610107422
2401,TH0032AV/viewpoint_simulated_120_surface1.pcd,Testing,2.3637590408325195,2.240130662918091,0.12362837791442871
2402,TH0032AV/viewpoint_simulated_121_surface1.pcd,Testing,2.2881228923797607,2.2351298332214355,0.052993059158325195
2403,TH0032AV/viewpoint_simulated_122_surface1.pcd,Testing,2.3206584453582764,2.3172597885131836,0.0033986568450927734
2404,TH0032AV/viewpoint_simulated_123_surface1.pcd,Testing,2.2105863094329834,2.5958173274993896,0.38523101806640625
2405,TH0032AV/viewpoint_simulated_124_surface1.pcd,Testing,2.240870475769043,2.402350425720215,0.16147994995117188
2406,TH0032AV/viewpoint_simulated_125_surface1.pcd,Testing,2.3677496910095215,2.327505350112915,0.040244340896606445
2407,TH0032AV/viewpoint_simulated_126_surface1.pcd,Testing,2.3706586360931396,2.4296841621398926,0.05902552604675293
2408,TH0032AV/viewpoint_simulated_127_surface1.pcd,Testing,2.2847301959991455,2.259216070175171,0.02551412582397461
2409,TH0032AV/viewpoint_simulated_128_surface1.pcd,Testing,2.194254159927368,2.298414468765259,0.10416030883789062
2410,TH0032AV/viewpoint_simulated_129_surface1.pcd,Testing,2.194032669067383,2.1392664909362793,0.054766178131103516
2411,TH0032AV/viewpoint_simulated_13_surface1.pcd,Testing,2.111178159713745,2.317028522491455,0.20585036277770996
2412,TH0032AV/viewpoint_simulated_130_surface1.pcd,Testing,2.3971993923187256,2.017266273498535,0.37993311882019043
2413,TH0032AV/viewpoint_simulated_131_surface1.pcd,Testing,2.2573065757751465,2.064338207244873,0.19296836853027344
2414,TH0032AV/viewpoint_simulated_132_surface1.pcd,Testing,2.2301111221313477,2.241070508956909,0.010959386825561523
2415,TH0032AV/viewpoint_simulated_133_surface1.pcd,Testing,2.1524641513824463,2.2085464000701904,0.05608224868774414
2416,TH0032AV/viewpoint_simulated_134_surface1.pcd,Testing,2.2372119426727295,2.2419373989105225,0.004725456237792969
2417,TH0032AV/viewpoint_simulated_135_surface1.pcd,Testing,2.2732768058776855,2.5637192726135254,0.29044246673583984
2418,TH0032AV/viewpoint_simulated_136_surface1.pcd,Testing,2.2945942878723145,2.3716907501220703,0.07709646224975586
2419,TH0032AV/viewpoint_simulated_137_surface1.pcd,Testing,2.3348116874694824,2.313124179840088,0.02168750762939453
2420,TH0032AV/viewpoint_simulated_138_surface1.pcd,Testing,2.2132952213287354,2.3431143760681152,0.12981915473937988
2421,TH0032AV/viewpoint_simulated_139_surface1.pcd,Testing,2.3182990550994873,2.1883585453033447,0.12994050979614258
2422,TH0032AV/viewpoint_simulated_14_surface1.pcd,Testing,2.2193429470062256,2.444729804992676,0.2253868579864502
2423,TH0032AV/viewpoint_simulated_140_surface1.pcd,Testing,2.175359010696411,2.218736171722412,0.04337716102600098
2424,TH0032AV/viewpoint_simulated_141_surface1.pcd,Testing,2.3405191898345947,2.123730182647705,0.21678900718688965
2425,TH0032AV/viewpoint_simulated_142_surface1.pcd,Testing,2.282585859298706,1.996090292930603,0.286495566368103
2426,TH0032AV/viewpoint_simulated_143_surface1.pcd,Testing,2.3370912075042725,2.0106780529022217,0.3264131546020508
2427,TH0032AV/viewpoint_simulated_144_surface1.pcd,Testing,2.1550681591033936,2.255723714828491,0.10065555572509766
2428,TH0032AV/viewpoint_simulated_145_surface1.pcd,Testing,2.0823659896850586,2.5074424743652344,0.4250764846801758
2429,TH0032AV/viewpoint_simulated_146_surface1.pcd,Testing,2.2607386112213135,2.5662572383880615,0.30551862716674805
2430,TH0032AV/viewpoint_simulated_147_surface1.pcd,Testing,2.417795181274414,2.595264434814453,0.17746925354003906
2431,TH0032AV/viewpoint_simulated_148_surface1.pcd,Testing,2.016826629638672,2.5201504230499268,0.5033237934112549
2432,TH0032AV/viewpoint_simulated_149_surface1.pcd,Testing,2.205411195755005,2.468477249145508,0.26306605339050293
2433,TH0032AV/viewpoint_simulated_15_surface1.pcd,Testing,2.273710012435913,2.5828804969787598,0.3091704845428467
2434,TH0032AV/viewpoint_simulated_150_surface1.pcd,Testing,2.306694984436035,2.37082576751709,0.06413078308105469
2435,TH0032AV/viewpoint_simulated_151_surface1.pcd,Testing,2.2617242336273193,2.2595252990722656,0.002198934555053711
2436,TH0032AV/viewpoint_simulated_152_surface1.pcd,Testing,2.209676504135132,2.198690414428711,0.010986089706420898
2437,TH0032AV/viewpoint_simulated_153_surface1.pcd,Testing,2.4178948402404785,2.156522750854492,0.26137208938598633
2438,TH0032AV/viewpoint_simulated_154_surface1.pcd,Testing,2.3536083698272705,2.052670478820801,0.3009378910064697
2439,TH0032AV/viewpoint_simulated_155_surface1.pcd,Testing,2.1263179779052734,2.075514793395996,0.050803184509277344
2440,TH0032AV/viewpoint_simulated_156_surface1.pcd,Testing,2.143847703933716,2.2585954666137695,0.11474776268005371
2441,TH0032AV/viewpoint_simulated_157_surface1.pcd,Testing,2.2319653034210205,2.338499069213867,0.10653376579284668
2442,TH0032AV/viewpoint_simulated_158_surface1.pcd,Testing,2.1001482009887695,2.437018394470215,0.3368701934814453
2443,TH0032AV/viewpoint_simulated_159_surface1.pcd,Testing,1.9823710918426514,2.5228934288024902,0.5405223369598389
2444,TH0032AV/viewpoint_simulated_16_surface1.pcd,Testing,2.1906256675720215,2.556821823120117,0.3661961555480957
2445,TH0032AV/viewpoint_simulated_160_surface1.pcd,Testing,2.0996451377868652,2.4693565368652344,0.36971139907836914
2446,TH0032AV/viewpoint_simulated_161_surface1.pcd,Testing,2.2621653079986572,2.5207676887512207,0.2586023807525635
2447,TH0032AV/viewpoint_simulated_162_surface1.pcd,Testing,2.100632667541504,2.420527935028076,0.31989526748657227
2448,TH0032AV/viewpoint_simulated_163_surface1.pcd,Testing,2.3912837505340576,2.4181251525878906,0.026841402053833008
2449,TH0032AV/viewpoint_simulated_164_surface1.pcd,Testing,2.123792886734009,2.2850728034973145,0.16127991676330566
2450,TH0032AV/viewpoint_simulated_165_surface1.pcd,Testing,2.1949622631073,2.2250640392303467,0.030101776123046875
2451,TH0032AV/viewpoint_simulated_166_surface1.pcd,Testing,2.3188767433166504,2.2231760025024414,0.09570074081420898
2452,TH0032AV/viewpoint_simulated_167_surface1.pcd,Testing,2.22358775138855,2.062039613723755,0.16154813766479492
2453,TH0032AV/viewpoint_simulated_168_surface1.pcd,Testing,2.3075573444366455,2.231010913848877,0.07654643058776855
2454,TH0032AV/viewpoint_simulated_169_surface1.pcd,Testing,2.191483736038208,2.3083858489990234,0.11690211296081543
2455,TH0032AV/viewpoint_simulated_17_surface1.pcd,Testing,2.27349591255188,2.5111629962921143,0.23766708374023438
2456,TH0032AV/viewpoint_simulated_170_surface1.pcd,Testing,2.2637412548065186,2.3661937713623047,0.10245251655578613
2457,TH0032AV/viewpoint_simulated_171_surface1.pcd,Testing,2.1517844200134277,2.49332857131958,0.34154415130615234
2458,TH0032AV/viewpoint_simulated_172_surface1.pcd,Testing,2.1623382568359375,2.483274459838867,0.3209362030029297
2459,TH0032AV/viewpoint_simulated_173_surface1.pcd,Testing,2.3235249519348145,2.5766568183898926,0.2531318664550781
2460,TH0032AV/viewpoint_simulated_174_surface1.pcd,Testing,2.1200485229492188,2.570070743560791,0.45002222061157227
2461,TH0032AV/viewpoint_simulated_175_surface1.pcd,Testing,2.124246120452881,2.5068912506103516,0.3826451301574707
2462,TH0032AV/viewpoint_simulated_176_surface1.pcd,Testing,2.2394983768463135,2.4464926719665527,0.20699429512023926
2463,TH0032AV/viewpoint_simulated_177_surface1.pcd,Testing,2.178567409515381,2.2354421615600586,0.056874752044677734
2464,TH0032AV/viewpoint_simulated_178_surface1.pcd,Testing,2.346034526824951,2.0175726413726807,0.3284618854522705
2465,TH0032AV/viewpoint_simulated_179_surface1.pcd,Testing,2.186835289001465,2.0532021522521973,0.13363313674926758
2466,TH0032AV/viewpoint_simulated_18_surface1.pcd,Testing,2.3431615829467773,2.623934507369995,0.2807729244232178
2467,TH0032AV/viewpoint_simulated_180_surface1.pcd,Testing,2.3710687160491943,2.092109441757202,0.2789592742919922
2468,TH0032AV/viewpoint_simulated_181_surface1.pcd,Testing,2.3976898193359375,2.2479255199432373,0.1497642993927002
2469,TH0032AV/viewpoint_simulated_182_surface1.pcd,Testing,2.1178174018859863,2.354198932647705,0.23638153076171875
2470,TH0032AV/viewpoint_simulated_183_surface1.pcd,Testing,2.321707248687744,2.447096824645996,0.12538957595825195
2471,TH0032AV/viewpoint_simulated_184_surface1.pcd,Testing,2.209531784057617,2.4164466857910156,0.20691490173339844
2472,TH0032AV/viewpoint_simulated_185_surface1.pcd,Testing,2.3213467597961426,2.404618263244629,0.08327150344848633
2473,TH0032AV/viewpoint_simulated_186_surface1.pcd,Testing,2.1892237663269043,2.3346307277679443,0.14540696144104004
2474,TH0032AV/viewpoint_simulated_187_surface1.pcd,Testing,2.29789400100708,2.3518166542053223,0.05392265319824219
2475,TH0032AV/viewpoint_simulated_188_surface1.pcd,Testing,2.436426877975464,2.422309637069702,0.014117240905761719
2476,TH0032AV/viewpoint_simulated_189_surface1.pcd,Testing,2.1569154262542725,2.1175413131713867,0.03937411308288574
2477,TH0032AV/viewpoint_simulated_19_surface1.pcd,Testing,2.2485275268554688,2.419919013977051,0.17139148712158203
2478,TH0032AV/viewpoint_simulated_190_surface1.pcd,Testing,2.192411422729492,1.9982558488845825,0.19415557384490967
2479,TH0032AV/viewpoint_simulated_191_surface1.pcd,Testing,2.408931255340576,2.017717123031616,0.39121413230895996
2480,TH0032AV/viewpoint_simulated_192_surface1.pcd,Testing,2.3139150142669678,2.1694021224975586,0.14451289176940918
2481,TH0032AV/viewpoint_simulated_193_surface1.pcd,Testing,2.333772659301758,2.195935010910034,0.13783764839172363
2482,TH0032AV/viewpoint_simulated_194_surface1.pcd,Testing,2.2047886848449707,2.328190803527832,0.12340211868286133
2483,TH0032AV/viewpoint_simulated_195_surface1.pcd,Testing,2.2853729724884033,2.49568510055542,0.2103121280670166
2484,TH0032AV/viewpoint_simulated_196_surface1.pcd,Testing,2.2914459705352783,2.409641742706299,0.11819577217102051
2485,TH0032AV/viewpoint_simulated_197_surface1.pcd,Testing,2.2771177291870117,2.4446818828582764,0.16756415367126465
2486,TH0032AV/viewpoint_simulated_198_surface1.pcd,Testing,2.3921492099761963,2.300556182861328,0.09159302711486816
2487,TH0032AV/viewpoint_simulated_199_surface1.pcd,Testing,2.1296191215515137,2.2672226428985596,0.1376035213470459
2488,TH0032AV/viewpoint_simulated_2_surface1.pcd,Testing,2.1153297424316406,2.5744218826293945,0.4590921401977539
2489,TH0032AV/viewpoint_simulated_20_surface1.pcd,Testing,2.392843246459961,2.619752883911133,0.22690963745117188
2490,TH0032AV/viewpoint_simulated_200_surface1.pcd,Testing,2.1653146743774414,2.27244234085083,0.10712766647338867
2491,TH0032AV/viewpoint_simulated_201_surface1.pcd,Testing,2.2403225898742676,2.1280202865600586,0.11230230331420898
2492,TH0032AV/viewpoint_simulated_202_surface1.pcd,Testing,2.131962299346924,2.0229148864746094,0.10904741287231445
2493,TH0032AV/viewpoint_simulated_203_surface1.pcd,Testing,2.4727742671966553,2.0024101734161377,0.4703640937805176
2494,TH0032AV/viewpoint_simulated_204_surface1.pcd,Testing,2.1385374069213867,2.152120590209961,0.013583183288574219
2495,TH0032AV/viewpoint_simulated_205_surface1.pcd,Testing,2.3402771949768066,2.264019012451172,0.07625818252563477
2496,TH0032AV/viewpoint_simulated_206_surface1.pcd,Testing,2.3695645332336426,2.30586838722229,0.06369614601135254
2497,TH0032AV/viewpoint_simulated_207_surface1.pcd,Testing,2.2632431983947754,2.4797186851501465,0.2164754867553711
2498,TH0032AV/viewpoint_simulated_208_surface1.pcd,Testing,2.337693929672241,2.5329489707946777,0.19525504112243652
2499,TH0032AV/viewpoint_simulated_209_surface1.pcd,Testing,2.319648504257202,2.345602035522461,0.02595353126525879
2500,TH0032AV/viewpoint_simulated_21_surface1.pcd,Testing,2.18141508102417,2.4382729530334473,0.25685787200927734
2501,TH0032AV/viewpoint_simulated_210_surface1.pcd,Testing,2.1752443313598633,2.226393222808838,0.05114889144897461
2502,TH0032AV/viewpoint_simulated_211_surface1.pcd,Testing,2.210874080657959,2.1934654712677,0.01740860939025879
2503,TH0032AV/viewpoint_simulated_212_surface1.pcd,Testing,2.2791357040405273,2.195981502532959,0.08315420150756836
2504,TH0032AV/viewpoint_simulated_213_surface1.pcd,Testing,2.325362205505371,2.1346869468688965,0.1906752586364746
2505,TH0032AV/viewpoint_simulated_214_surface1.pcd,Testing,2.340075731277466,1.9769846200942993,0.3630911111831665
2506,TH0032AV/viewpoint_simulated_215_surface1.pcd,Testing,2.4014968872070312,1.9899530410766602,0.4115438461303711
2507,TH0032AV/viewpoint_simulated_22_surface1.pcd,Testing,2.258043050765991,2.275806427001953,0.017763376235961914
2508,TH0032AV/viewpoint_simulated_23_surface1.pcd,Testing,2.174004316329956,2.1069416999816895,0.0670626163482666
2509,TH0032AV/viewpoint_simulated_24_surface1.pcd,Testing,2.17504620552063,2.277998924255371,0.10295271873474121
2510,TH0032AV/viewpoint_simulated_25_surface1.pcd,Testing,2.20173978805542,2.274958848953247,0.07321906089782715
2511,TH0032AV/viewpoint_simulated_26_surface1.pcd,Testing,2.2745254039764404,2.348782539367676,0.07425713539123535
2512,TH0032AV/viewpoint_simulated_27_surface1.pcd,Testing,2.1372673511505127,2.520585536956787,0.3833181858062744
2513,TH0032AV/viewpoint_simulated_28_surface1.pcd,Testing,2.3000435829162598,2.4340548515319824,0.13401126861572266
2514,TH0032AV/viewpoint_simulated_29_surface1.pcd,Testing,2.439448356628418,2.578054428100586,0.13860607147216797
2515,TH0032AV/viewpoint_simulated_3_surface1.pcd,Testing,2.242786407470703,2.610659599304199,0.3678731918334961
2516,TH0032AV/viewpoint_simulated_30_surface1.pcd,Testing,2.2171695232391357,2.5133562088012695,0.2961866855621338
2517,TH0032AV/viewpoint_simulated_31_surface1.pcd,Testing,2.4274988174438477,2.6097524166107178,0.18225359916687012
2518,TH0032AV/viewpoint_simulated_32_surface1.pcd,Testing,2.3290293216705322,2.4962620735168457,0.16723275184631348
2519,TH0032AV/viewpoint_simulated_33_surface1.pcd,Testing,2.3833937644958496,2.273494005203247,0.10989975929260254
2520,TH0032AV/viewpoint_simulated_34_surface1.pcd,Testing,2.162271499633789,2.0732431411743164,0.08902835845947266
2521,TH0032AV/viewpoint_simulated_35_surface1.pcd,Testing,2.261441230773926,2.179874897003174,0.08156633377075195
2522,TH0032AV/viewpoint_simulated_36_surface1.pcd,Testing,2.283517599105835,2.2970643043518066,0.01354670524597168
2523,TH0032AV/viewpoint_simulated_37_surface1.pcd,Testing,2.3582136631011963,2.2675671577453613,0.09064650535583496
2524,TH0032AV/viewpoint_simulated_38_surface1.pcd,Testing,2.2684695720672607,2.3339366912841797,0.06546711921691895
2525,TH0032AV/viewpoint_simulated_39_surface1.pcd,Testing,2.2067956924438477,2.620297908782959,0.41350221633911133
2526,TH0032AV/viewpoint_simulated_4_surface1.pcd,Testing,2.2996182441711426,2.613527774810791,0.31390953063964844
2527,TH0032AV/viewpoint_simulated_40_surface1.pcd,Testing,2.354997158050537,2.3345956802368164,0.020401477813720703
2528,TH0032AV/viewpoint_simulated_41_surface1.pcd,Testing,2.2810981273651123,2.4710536003112793,0.189955472946167
2529,TH0032AV/viewpoint_simulated_42_surface1.pcd,Testing,2.342180013656616,2.4466185569763184,0.10443854331970215
2530,TH0032AV/viewpoint_simulated_43_surface1.pcd,Testing,2.281550407409668,2.432929277420044,0.15137887001037598
2531,TH0032AV/viewpoint_simulated_44_surface1.pcd,Testing,2.381439447402954,2.422612428665161,0.04117298126220703
2532,TH0032AV/viewpoint_simulated_45_surface1.pcd,Testing,2.235703468322754,2.268450975418091,0.032747507095336914
2533,TH0032AV/viewpoint_simulated_46_surface1.pcd,Testing,2.338433027267456,2.0170233249664307,0.3214097023010254
2534,TH0032AV/viewpoint_simulated_47_surface1.pcd,Testing,2.409376382827759,2.1451210975646973,0.2642552852630615
2535,TH0032AV/viewpoint_simulated_48_surface1.pcd,Testing,2.229743003845215,2.2276644706726074,0.002078533172607422
2536,TH0032AV/viewpoint_simulated_49_surface1.pcd,Testing,2.2895798683166504,2.2645187377929688,0.02506113052368164
2537,TH0032AV/viewpoint_simulated_5_surface1.pcd,Testing,2.290611743927002,2.657224655151367,0.36661291122436523
2538,TH0032AV/viewpoint_simulated_50_surface1.pcd,Testing,2.286202907562256,2.3360142707824707,0.049811363220214844
2539,TH0032AV/viewpoint_simulated_51_surface1.pcd,Testing,2.3173420429229736,2.605407238006592,0.28806519508361816
2540,TH0032AV/viewpoint_simulated_52_surface1.pcd,Testing,2.311246633529663,2.296356678009033,0.014889955520629883
2541,TH0032AV/viewpoint_simulated_53_surface1.pcd,Testing,2.258344888687134,2.3515443801879883,0.09319949150085449
2542,TH0032AV/viewpoint_simulated_54_surface1.pcd,Testing,2.345029592514038,2.3646655082702637,0.019635915756225586
2543,TH0032AV/viewpoint_simulated_55_surface1.pcd,Testing,2.229320526123047,2.280275344848633,0.05095481872558594
2544,TH0032AV/viewpoint_simulated_56_surface1.pcd,Testing,2.220632553100586,2.355429172515869,0.1347966194152832
2545,TH0032AV/viewpoint_simulated_57_surface1.pcd,Testing,2.1249616146087646,2.185272216796875,0.06031060218811035
2546,TH0032AV/viewpoint_simulated_58_surface1.pcd,Testing,2.2847440242767334,2.019103527069092,0.2656404972076416
2547,TH0032AV/viewpoint_simulated_59_surface1.pcd,Testing,2.3657524585723877,2.0474987030029297,0.318253755569458
2548,TH0032AV/viewpoint_simulated_6_surface1.pcd,Testing,2.148909091949463,2.6246461868286133,0.4757370948791504
2549,TH0032AV/viewpoint_simulated_60_surface1.pcd,Testing,2.3217177391052246,2.2403736114501953,0.0813441276550293
2550,TH0032AV/viewpoint_simulated_61_surface1.pcd,Testing,2.239565134048462,2.248478889465332,0.008913755416870117
2551,TH0032AV/viewpoint_simulated_62_surface1.pcd,Testing,2.3130383491516113,2.307093620300293,0.005944728851318359
2552,TH0032AV/viewpoint_simulated_63_surface1.pcd,Testing,2.3044116497039795,2.6452558040618896,0.34084415435791016
2553,TH0032AV/viewpoint_simulated_64_surface1.pcd,Testing,2.3106110095977783,2.3594157695770264,0.04880475997924805
2554,TH0032AV/viewpoint_simulated_65_surface1.pcd,Testing,2.1599745750427246,2.2266368865966797,0.06666231155395508
2555,TH0032AV/viewpoint_simulated_66_surface1.pcd,Testing,2.2240679264068604,2.366361618041992,0.14229369163513184
2556,TH0032AV/viewpoint_simulated_67_surface1.pcd,Testing,2.336880922317505,2.155856132507324,0.18102478981018066
2557,TH0032AV/viewpoint_simulated_68_surface1.pcd,Testing,2.2738473415374756,2.2308640480041504,0.042983293533325195
2558,TH0032AV/viewpoint_simulated_69_surface1.pcd,Testing,2.271092176437378,2.1508536338806152,0.1202385425567627
2559,TH0032AV/viewpoint_simulated_7_surface1.pcd,Testing,2.3032524585723877,2.2610297203063965,0.04222273826599121
2560,TH0032AV/viewpoint_simulated_70_surface1.pcd,Testing,2.140514612197876,1.98939049243927,0.15112411975860596
2561,TH0032AV/viewpoint_simulated_71_surface1.pcd,Testing,2.291795253753662,1.9867677688598633,0.30502748489379883
2562,TH0032AV/viewpoint_simulated_72_surface1.pcd,Testing,2.108165740966797,2.57303524017334,0.46486949920654297
2563,TH0032AV/viewpoint_simulated_73_surface1.pcd,Testing,2.24198317527771,2.574913501739502,0.332930326461792
2564,TH0032AV/viewpoint_simulated_74_surface1.pcd,Testing,2.1601808071136475,2.5659563541412354,0.4057755470275879
2565,TH0032AV/viewpoint_simulated_75_surface1.pcd,Testing,2.2544944286346436,2.6172730922698975,0.3627786636352539
2566,TH0032AV/viewpoint_simulated_76_surface1.pcd,Testing,2.2266485691070557,2.5278897285461426,0.3012411594390869
2567,TH0032AV/viewpoint_simulated_77_surface1.pcd,Testing,2.3445606231689453,2.5610556602478027,0.21649503707885742
2568,TH0032AV/viewpoint_simulated_78_surface1.pcd,Testing,2.2058298587799072,2.486894130706787,0.2810642719268799
2569,TH0032AV/viewpoint_simulated_79_surface1.pcd,Testing,2.1336495876312256,2.273955821990967,0.1403062343597412
2570,TH0032AV/viewpoint_simulated_8_surface1.pcd,Testing,2.3239951133728027,2.2165818214416504,0.10741329193115234
2571,TH0032AV/viewpoint_simulated_80_surface1.pcd,Testing,2.3535051345825195,2.189816474914551,0.16368865966796875
2572,TH0032AV/viewpoint_simulated_81_surface1.pcd,Testing,2.3821258544921875,2.145268440246582,0.23685741424560547
2573,TH0032AV/viewpoint_simulated_82_surface1.pcd,Testing,2.169776439666748,2.0812697410583496,0.08850669860839844
2574,TH0032AV/viewpoint_simulated_83_surface1.pcd,Testing,2.198693037033081,2.0747923851013184,0.1239006519317627
2575,TH0032AV/viewpoint_simulated_84_surface1.pcd,Testing,2.3731484413146973,2.3391191959381104,0.034029245376586914
2576,TH0032AV/viewpoint_simulated_85_surface1.pcd,Testing,2.2096166610717773,2.304844379425049,0.09522771835327148
2577,TH0032AV/viewpoint_simulated_86_surface1.pcd,Testing,2.173982620239258,2.411607027053833,0.2376244068145752
2578,TH0032AV/viewpoint_simulated_87_surface1.pcd,Testing,2.186737537384033,2.578725576400757,0.39198803901672363
2579,TH0032AV/viewpoint_simulated_88_surface1.pcd,Testing,2.1372952461242676,2.568302869796753,0.43100762367248535
2580,TH0032AV/viewpoint_simulated_89_surface1.pcd,Testing,2.1050145626068115,2.5595285892486572,0.4545140266418457
2581,TH0032AV/viewpoint_simulated_9_surface1.pcd,Testing,2.184563398361206,2.243500232696533,0.05893683433532715
2582,TH0032AV/viewpoint_simulated_90_surface1.pcd,Testing,2.244386911392212,2.572096347808838,0.327709436416626
2583,TH0032AV/viewpoint_simulated_91_surface1.pcd,Testing,2.192462682723999,2.410571575164795,0.2181088924407959
2584,TH0032AV/viewpoint_simulated_92_surface1.pcd,Testing,2.28311824798584,2.5331478118896484,0.2500295639038086
2585,TH0032AV/viewpoint_simulated_93_surface1.pcd,Testing,2.245762825012207,2.279088020324707,0.0333251953125
2586,TH0032AV/viewpoint_simulated_94_surface1.pcd,Testing,2.2402119636535645,2.258284091949463,0.018072128295898438
2587,TH0032AV/viewpoint_simulated_95_surface1.pcd,Testing,2.28133487701416,2.056896209716797,0.22443866729736328
2588,TH0032AV/viewpoint_simulated_96_surface1.pcd,Testing,2.3905460834503174,2.2761645317077637,0.11438155174255371
2589,TH0032AV/viewpoint_simulated_97_surface1.pcd,Testing,2.1631691455841064,2.2849020957946777,0.12173295021057129
2590,TH0032AV/viewpoint_simulated_98_surface1.pcd,Testing,2.3225135803222656,2.3721818923950195,0.049668312072753906
2591,TH0032AV/viewpoint_simulated_99_surface1.pcd,Testing,2.3348686695098877,2.501422643661499,0.16655397415161133
