Original_Index,Filename,Split,GroundTruth_CD,Predicted_CD,Error
0,TH0011AV/viewpoint_simulated_0_surface0.pcd,Testing,1.9355298280715942,1.9661556482315063,0.03062582015991211
1,TH0011AV/viewpoint_simulated_1_surface0.pcd,Testing,1.9770139455795288,1.9706059694290161,0.006407976150512695
2,TH0011AV/viewpoint_simulated_10_surface0.pcd,Testing,1.9674052000045776,1.9090436697006226,0.05836153030395508
3,TH0011AV/viewpoint_simulated_100_surface0.pcd,Testing,1.8672890663146973,1.877376675605774,0.01008760929107666
4,TH0011AV/viewpoint_simulated_101_surface0.pcd,Testing,2.117499351501465,1.9466173648834229,0.170881986618042
5,TH0011AV/viewpoint_simulated_102_surface0.pcd,Testing,1.8861879110336304,1.9210678339004517,0.03487992286682129
6,TH0011AV/viewpoint_simulated_103_surface0.pcd,Testing,2.034348726272583,1.8844255208969116,0.1499232053756714
7,TH0011AV/viewpoint_simulated_104_surface0.pcd,Testing,1.9759246110916138,1.9049456119537354,0.07097899913787842
8,TH0011AV/viewpoint_simulated_105_surface0.pcd,Testing,2.0318539142608643,1.9783848524093628,0.053469061851501465
9,TH0011AV/viewpoint_simulated_106_surface0.pcd,Testing,1.931296706199646,2.0145926475524902,0.08329594135284424
10,TH0011AV/viewpoint_simulated_107_surface0.pcd,Testing,2.0434515476226807,1.9652291536331177,0.07822239398956299
11,TH0011AV/viewpoint_simulated_108_surface0.pcd,Testing,1.9618196487426758,2.1682653427124023,0.20644569396972656
12,TH0011AV/viewpoint_simulated_109_surface0.pcd,Testing,2.0251455307006836,2.062119245529175,0.03697371482849121
13,TH0011AV/viewpoint_simulated_11_surface0.pcd,Testing,1.875463604927063,1.9284251928329468,0.05296158790588379
14,TH0011AV/viewpoint_simulated_110_surface0.pcd,Testing,2.001664400100708,2.060429811477661,0.058765411376953125
15,TH0011AV/viewpoint_simulated_111_surface0.pcd,Testing,1.8420504331588745,1.951708197593689,0.10965776443481445
16,TH0011AV/viewpoint_simulated_112_surface0.pcd,Testing,2.0406370162963867,1.9455933570861816,0.09504365921020508
17,TH0011AV/viewpoint_simulated_113_surface0.pcd,Testing,1.9109210968017578,1.9559043645858765,0.04498326778411865
18,TH0011AV/viewpoint_simulated_114_surface0.pcd,Testing,2.0433013439178467,1.93211829662323,0.1111830472946167
19,TH0011AV/viewpoint_simulated_115_surface0.pcd,Testing,1.8807566165924072,1.9231749773025513,0.04241836071014404
20,TH0011AV/viewpoint_simulated_116_surface0.pcd,Testing,1.8776887655258179,1.946921944618225,0.06923317909240723
21,TH0011AV/viewpoint_simulated_117_surface0.pcd,Testing,2.0316989421844482,2.0136373043060303,0.01806163787841797
22,TH0011AV/viewpoint_simulated_118_surface0.pcd,Testing,2.084805965423584,2.0376508235931396,0.047155141830444336
23,TH0011AV/viewpoint_simulated_119_surface0.pcd,Testing,1.947702407836914,1.977983832359314,0.030281424522399902
24,TH0011AV/viewpoint_simulated_12_surface0.pcd,Testing,2.0848960876464844,2.0497944355010986,0.03510165214538574
25,TH0011AV/viewpoint_simulated_120_surface0.pcd,Testing,2.050997734069824,2.0928752422332764,0.04187750816345215
26,TH0011AV/viewpoint_simulated_121_surface0.pcd,Testing,2.108799457550049,2.086458683013916,0.022340774536132812
27,TH0011AV/viewpoint_simulated_122_surface0.pcd,Testing,2.0006039142608643,2.0482676029205322,0.04766368865966797
28,TH0011AV/viewpoint_simulated_123_surface0.pcd,Testing,1.9685859680175781,2.043510913848877,0.07492494583129883
29,TH0011AV/viewpoint_simulated_124_surface0.pcd,Testing,2.0277163982391357,1.996911644935608,0.030804753303527832
30,TH0011AV/viewpoint_simulated_125_surface0.pcd,Testing,2.0990817546844482,1.9693104028701782,0.12977135181427002
31,TH0011AV/viewpoint_simulated_126_surface0.pcd,Testing,1.9572714567184448,1.9960219860076904,0.038750529289245605
32,TH0011AV/viewpoint_simulated_127_surface0.pcd,Testing,2.074323892593384,2.053497076034546,0.02082681655883789
33,TH0011AV/viewpoint_simulated_128_surface0.pcd,Testing,1.935192584991455,1.9515537023544312,0.016361117362976074
34,TH0011AV/viewpoint_simulated_129_surface0.pcd,Testing,2.1946349143981934,2.0361080169677734,0.15852689743041992
35,TH0011AV/viewpoint_simulated_13_surface0.pcd,Testing,1.9700278043746948,2.081369161605835,0.11134135723114014
36,TH0011AV/viewpoint_simulated_130_surface0.pcd,Testing,2.0540623664855957,2.054962158203125,0.0008997917175292969
37,TH0011AV/viewpoint_simulated_131_surface0.pcd,Testing,2.049192190170288,2.039985179901123,0.009207010269165039
38,TH0011AV/viewpoint_simulated_132_surface0.pcd,Testing,2.1159286499023438,2.0867080688476562,0.0292205810546875
39,TH0011AV/viewpoint_simulated_133_surface0.pcd,Testing,2.058534622192383,2.095731258392334,0.03719663619995117
40,TH0011AV/viewpoint_simulated_134_surface0.pcd,Testing,2.1514079570770264,2.090593099594116,0.060814857482910156
41,TH0011AV/viewpoint_simulated_135_surface0.pcd,Testing,2.0168585777282715,2.0724732875823975,0.05561470985412598
42,TH0011AV/viewpoint_simulated_136_surface0.pcd,Testing,1.9913688898086548,2.086042881011963,0.0946739912033081
43,TH0011AV/viewpoint_simulated_137_surface0.pcd,Testing,2.0655453205108643,2.005216360092163,0.06032896041870117
44,TH0011AV/viewpoint_simulated_138_surface0.pcd,Testing,2.0022099018096924,1.999975323677063,0.0022345781326293945
45,TH0011AV/viewpoint_simulated_139_surface0.pcd,Testing,2.2533915042877197,2.152925729751587,0.10046577453613281
46,TH0011AV/viewpoint_simulated_14_surface0.pcd,Testing,1.892008900642395,1.9403849840164185,0.04837608337402344
47,TH0011AV/viewpoint_simulated_140_surface0.pcd,Testing,1.9695346355438232,1.9805296659469604,0.010995030403137207
48,TH0011AV/viewpoint_simulated_141_surface0.pcd,Testing,2.042698860168457,2.050621747970581,0.007922887802124023
49,TH0011AV/viewpoint_simulated_142_surface0.pcd,Testing,2.0102336406707764,2.047590970993042,0.037357330322265625
50,TH0011AV/viewpoint_simulated_143_surface0.pcd,Testing,2.1004676818847656,2.0543999671936035,0.04606771469116211
51,TH0011AV/viewpoint_simulated_144_surface0.pcd,Testing,2.006131649017334,1.952548861503601,0.05358278751373291
52,TH0011AV/viewpoint_simulated_145_surface0.pcd,Testing,1.9514628648757935,1.9809287786483765,0.029465913772583008
53,TH0011AV/viewpoint_simulated_146_surface0.pcd,Testing,2.113335609436035,1.9599791765213013,0.1533564329147339
54,TH0011AV/viewpoint_simulated_147_surface0.pcd,Testing,1.9165773391723633,1.98380708694458,0.0672297477722168
55,TH0011AV/viewpoint_simulated_148_surface0.pcd,Testing,2.0958950519561768,1.9639698266983032,0.13192522525787354
56,TH0011AV/viewpoint_simulated_149_surface0.pcd,Testing,1.9667502641677856,1.9591971635818481,0.0075531005859375
57,TH0011AV/viewpoint_simulated_15_surface0.pcd,Testing,1.9356595277786255,1.923345923423767,0.012313604354858398
58,TH0011AV/viewpoint_simulated_150_surface0.pcd,Testing,1.9940435886383057,1.9378504753112793,0.05619311332702637
59,TH0011AV/viewpoint_simulated_151_surface0.pcd,Testing,1.9984447956085205,1.869724154472351,0.12872064113616943
60,TH0011AV/viewpoint_simulated_152_surface0.pcd,Testing,1.799974799156189,1.8493307828903198,0.04935598373413086
61,TH0011AV/viewpoint_simulated_153_surface0.pcd,Testing,1.9991445541381836,1.853015661239624,0.14612889289855957
62,TH0011AV/viewpoint_simulated_154_surface0.pcd,Testing,2.15869402885437,1.8814399242401123,0.2772541046142578
63,TH0011AV/viewpoint_simulated_155_surface0.pcd,Testing,1.8978264331817627,1.9228435754776,0.025017142295837402
64,TH0011AV/viewpoint_simulated_156_surface0.pcd,Testing,2.036184549331665,2.027681589126587,0.008502960205078125
65,TH0011AV/viewpoint_simulated_157_surface0.pcd,Testing,1.9893946647644043,2.0901501178741455,0.10075545310974121
66,TH0011AV/viewpoint_simulated_158_surface0.pcd,Testing,1.9742357730865479,1.946130394935608,0.02810537815093994
67,TH0011AV/viewpoint_simulated_159_surface0.pcd,Testing,1.8869266510009766,1.975493311882019,0.08856666088104248
68,TH0011AV/viewpoint_simulated_16_surface0.pcd,Testing,2.065858840942383,1.906193733215332,0.15966510772705078
69,TH0011AV/viewpoint_simulated_160_surface0.pcd,Testing,2.072878837585449,1.9098248481750488,0.1630539894104004
70,TH0011AV/viewpoint_simulated_161_surface0.pcd,Testing,1.9847068786621094,1.9567359685897827,0.02797091007232666
71,TH0011AV/viewpoint_simulated_162_surface0.pcd,Testing,1.9177618026733398,1.9402382373809814,0.0224764347076416
72,TH0011AV/viewpoint_simulated_163_surface0.pcd,Testing,2.035057544708252,1.92989981174469,0.10515773296356201
73,TH0011AV/viewpoint_simulated_164_surface0.pcd,Testing,1.936188817024231,1.9084019660949707,0.027786850929260254
74,TH0011AV/viewpoint_simulated_165_surface0.pcd,Testing,2.0421383380889893,1.9557329416275024,0.08640539646148682
75,TH0011AV/viewpoint_simulated_166_surface0.pcd,Testing,2.0322389602661133,1.9676622152328491,0.06457674503326416
76,TH0011AV/viewpoint_simulated_167_surface0.pcd,Testing,1.9527426958084106,1.8919397592544556,0.06080293655395508
77,TH0011AV/viewpoint_simulated_168_surface0.pcd,Testing,1.938265323638916,2.117715835571289,0.17945051193237305
78,TH0011AV/viewpoint_simulated_169_surface0.pcd,Testing,1.9961490631103516,2.087221622467041,0.09107255935668945
79,TH0011AV/viewpoint_simulated_17_surface0.pcd,Testing,2.027589797973633,1.9319082498550415,0.09568154811859131
80,TH0011AV/viewpoint_simulated_170_surface0.pcd,Testing,2.028001546859741,2.048759698867798,0.02075815200805664
81,TH0011AV/viewpoint_simulated_171_surface0.pcd,Testing,2.06778883934021,1.967405080795288,0.10038375854492188
82,TH0011AV/viewpoint_simulated_172_surface0.pcd,Testing,1.9702318906784058,1.877251148223877,0.09298074245452881
83,TH0011AV/viewpoint_simulated_173_surface0.pcd,Testing,2.046069860458374,1.934353232383728,0.111716628074646
84,TH0011AV/viewpoint_simulated_174_surface0.pcd,Testing,2.1173288822174072,1.9248740673065186,0.19245481491088867
85,TH0011AV/viewpoint_simulated_175_surface0.pcd,Testing,1.9745155572891235,1.905760407447815,0.0687551498413086
86,TH0011AV/viewpoint_simulated_176_surface0.pcd,Testing,2.033698320388794,1.9004144668579102,0.1332838535308838
87,TH0011AV/viewpoint_simulated_177_surface0.pcd,Testing,2.0332834720611572,1.9386881589889526,0.09459531307220459
88,TH0011AV/viewpoint_simulated_178_surface0.pcd,Testing,1.9826925992965698,2.010051727294922,0.02735912799835205
89,TH0011AV/viewpoint_simulated_179_surface0.pcd,Testing,1.991429328918457,1.9392236471176147,0.052205681800842285
90,TH0011AV/viewpoint_simulated_18_surface0.pcd,Testing,2.0397801399230957,1.9187151193618774,0.12106502056121826
91,TH0011AV/viewpoint_simulated_180_surface0.pcd,Testing,1.9265965223312378,2.146897554397583,0.22030103206634521
92,TH0011AV/viewpoint_simulated_181_surface0.pcd,Testing,2.016444683074951,2.0719454288482666,0.05550074577331543
93,TH0011AV/viewpoint_simulated_182_surface0.pcd,Testing,1.9737446308135986,2.0393168926239014,0.06557226181030273
94,TH0011AV/viewpoint_simulated_183_surface0.pcd,Testing,1.8805410861968994,1.9745553731918335,0.09401428699493408
95,TH0011AV/viewpoint_simulated_184_surface0.pcd,Testing,2.029280662536621,1.9612213373184204,0.06805932521820068
96,TH0011AV/viewpoint_simulated_185_surface0.pcd,Testing,2.076019287109375,1.9689149856567383,0.10710430145263672
97,TH0011AV/viewpoint_simulated_186_surface0.pcd,Testing,1.976700782775879,1.9104809761047363,0.06621980667114258
98,TH0011AV/viewpoint_simulated_187_surface0.pcd,Testing,1.9098095893859863,1.9172121286392212,0.007402539253234863
99,TH0011AV/viewpoint_simulated_188_surface0.pcd,Testing,1.9717700481414795,1.9542107582092285,0.017559289932250977
100,TH0011AV/viewpoint_simulated_189_surface0.pcd,Testing,1.860074758529663,1.9734967947006226,0.11342203617095947
101,TH0011AV/viewpoint_simulated_19_surface0.pcd,Testing,1.8666603565216064,1.9154261350631714,0.04876577854156494
102,TH0011AV/viewpoint_simulated_190_surface0.pcd,Testing,1.9866222143173218,2.032459259033203,0.04583704471588135
103,TH0011AV/viewpoint_simulated_191_surface0.pcd,Testing,1.9579150676727295,1.9733092784881592,0.015394210815429688
104,TH0011AV/viewpoint_simulated_192_surface0.pcd,Testing,2.09057354927063,2.11155366897583,0.020980119705200195
105,TH0011AV/viewpoint_simulated_193_surface0.pcd,Testing,2.1304380893707275,2.0514535903930664,0.07898449897766113
106,TH0011AV/viewpoint_simulated_194_surface0.pcd,Testing,2.1427323818206787,2.070122480392456,0.07260990142822266
107,TH0011AV/viewpoint_simulated_195_surface0.pcd,Testing,2.002973794937134,2.034799098968506,0.03182530403137207
108,TH0011AV/viewpoint_simulated_196_surface0.pcd,Testing,2.05670428276062,1.9959646463394165,0.06073963642120361
109,TH0011AV/viewpoint_simulated_197_surface0.pcd,Testing,2.0355918407440186,1.9756373167037964,0.05995452404022217
110,TH0011AV/viewpoint_simulated_198_surface0.pcd,Testing,1.9544174671173096,2.008432388305664,0.05401492118835449
111,TH0011AV/viewpoint_simulated_199_surface0.pcd,Testing,2.053032636642456,2.089195489883423,0.0361628532409668
112,TH0011AV/viewpoint_simulated_2_surface0.pcd,Testing,1.9316109418869019,2.000781774520874,0.06917083263397217
113,TH0011AV/viewpoint_simulated_20_surface0.pcd,Testing,1.9720864295959473,1.91380774974823,0.058278679847717285
114,TH0011AV/viewpoint_simulated_200_surface0.pcd,Testing,2.025935411453247,1.957360863685608,0.06857454776763916
115,TH0011AV/viewpoint_simulated_201_surface0.pcd,Testing,2.075834274291992,2.0344836711883545,0.041350603103637695
116,TH0011AV/viewpoint_simulated_202_surface0.pcd,Testing,2.0480713844299316,2.0556225776672363,0.0075511932373046875
117,TH0011AV/viewpoint_simulated_203_surface0.pcd,Testing,2.009272336959839,2.036126136779785,0.02685379981994629
118,TH0011AV/viewpoint_simulated_204_surface0.pcd,Testing,2.0782055854797363,2.0758161544799805,0.0023894309997558594
119,TH0011AV/viewpoint_simulated_205_surface0.pcd,Testing,2.135572671890259,2.1076624393463135,0.027910232543945312
120,TH0011AV/viewpoint_simulated_206_surface0.pcd,Testing,2.088799238204956,2.0806257724761963,0.008173465728759766
121,TH0011AV/viewpoint_simulated_207_surface0.pcd,Testing,2.0899319648742676,2.0758860111236572,0.014045953750610352
122,TH0011AV/viewpoint_simulated_208_surface0.pcd,Testing,2.0499417781829834,2.0659000873565674,0.015958309173583984
123,TH0011AV/viewpoint_simulated_209_surface0.pcd,Testing,2.0432958602905273,1.987808346748352,0.05548751354217529
124,TH0011AV/viewpoint_simulated_21_surface0.pcd,Testing,1.9265815019607544,1.966143012046814,0.03956151008605957
125,TH0011AV/viewpoint_simulated_210_surface0.pcd,Testing,2.0226776599884033,1.9981918334960938,0.02448582649230957
126,TH0011AV/viewpoint_simulated_211_surface0.pcd,Testing,1.9939100742340088,2.120225667953491,0.12631559371948242
127,TH0011AV/viewpoint_simulated_212_surface0.pcd,Testing,1.9598342180252075,1.997602105140686,0.037767887115478516
128,TH0011AV/viewpoint_simulated_213_surface0.pcd,Testing,1.9810093641281128,2.0763258934020996,0.09531652927398682
129,TH0011AV/viewpoint_simulated_214_surface0.pcd,Testing,2.0404341220855713,2.0448691844940186,0.004435062408447266
130,TH0011AV/viewpoint_simulated_215_surface0.pcd,Testing,1.9452091455459595,2.0512120723724365,0.10600292682647705
131,TH0011AV/viewpoint_simulated_22_surface0.pcd,Testing,2.0086653232574463,1.9570454359054565,0.051619887351989746
132,TH0011AV/viewpoint_simulated_23_surface0.pcd,Testing,1.9978793859481812,1.9358716011047363,0.062007784843444824
133,TH0011AV/viewpoint_simulated_24_surface0.pcd,Testing,1.9318149089813232,2.1089632511138916,0.17714834213256836
134,TH0011AV/viewpoint_simulated_25_surface0.pcd,Testing,2.0681405067443848,2.08591628074646,0.017775774002075195
135,TH0011AV/viewpoint_simulated_26_surface0.pcd,Testing,1.93267822265625,2.0111172199249268,0.07843899726867676
136,TH0011AV/viewpoint_simulated_27_surface0.pcd,Testing,1.9185250997543335,1.9664514064788818,0.04792630672454834
137,TH0011AV/viewpoint_simulated_28_surface0.pcd,Testing,1.9956303834915161,1.8681269884109497,0.1275033950805664
138,TH0011AV/viewpoint_simulated_29_surface0.pcd,Testing,2.137822389602661,1.9353158473968506,0.20250654220581055
139,TH0011AV/viewpoint_simulated_3_surface0.pcd,Testing,2.089190721511841,1.9892445802688599,0.09994614124298096
140,TH0011AV/viewpoint_simulated_30_surface0.pcd,Testing,1.9705578088760376,1.913857102394104,0.056700706481933594
141,TH0011AV/viewpoint_simulated_31_surface0.pcd,Testing,1.9694494009017944,1.8849283456802368,0.08452105522155762
142,TH0011AV/viewpoint_simulated_32_surface0.pcd,Testing,2.0439445972442627,1.91177237033844,0.13217222690582275
143,TH0011AV/viewpoint_simulated_33_surface0.pcd,Testing,2.084184169769287,1.948736548423767,0.13544762134552002
144,TH0011AV/viewpoint_simulated_34_surface0.pcd,Testing,2.0326550006866455,2.017822504043579,0.014832496643066406
145,TH0011AV/viewpoint_simulated_35_surface0.pcd,Testing,2.0723042488098145,1.953359842300415,0.11894440650939941
146,TH0011AV/viewpoint_simulated_36_surface0.pcd,Testing,2.2304654121398926,2.1670992374420166,0.06336617469787598
147,TH0011AV/viewpoint_simulated_37_surface0.pcd,Testing,1.9722025394439697,2.079462766647339,0.10726022720336914
148,TH0011AV/viewpoint_simulated_38_surface0.pcd,Testing,1.9836384057998657,2.0346455574035645,0.05100715160369873
149,TH0011AV/viewpoint_simulated_39_surface0.pcd,Testing,1.940015196800232,1.9392344951629639,0.0007807016372680664
150,TH0011AV/viewpoint_simulated_4_surface0.pcd,Testing,1.9515924453735352,1.970518708229065,0.018926262855529785
151,TH0011AV/viewpoint_simulated_40_surface0.pcd,Testing,1.9279308319091797,1.9671250581741333,0.03919422626495361
152,TH0011AV/viewpoint_simulated_41_surface0.pcd,Testing,1.9171202182769775,1.9293111562728882,0.012190937995910645
153,TH0011AV/viewpoint_simulated_42_surface0.pcd,Testing,1.9798917770385742,1.9215337038040161,0.058358073234558105
154,TH0011AV/viewpoint_simulated_43_surface0.pcd,Testing,1.9644438028335571,1.8998976945877075,0.06454610824584961
155,TH0011AV/viewpoint_simulated_44_surface0.pcd,Testing,2.085979700088501,1.9417535066604614,0.14422619342803955
156,TH0011AV/viewpoint_simulated_45_surface0.pcd,Testing,1.9218014478683472,1.9499469995498657,0.028145551681518555
157,TH0011AV/viewpoint_simulated_46_surface0.pcd,Testing,2.030545234680176,2.0407683849334717,0.010223150253295898
158,TH0011AV/viewpoint_simulated_47_surface0.pcd,Testing,1.953160285949707,1.9987527132034302,0.045592427253723145
159,TH0011AV/viewpoint_simulated_48_surface0.pcd,Testing,2.008021116256714,2.1194941997528076,0.11147308349609375
160,TH0011AV/viewpoint_simulated_49_surface0.pcd,Testing,2.0251145362854004,2.080674648284912,0.05556011199951172
161,TH0011AV/viewpoint_simulated_5_surface0.pcd,Testing,1.8803107738494873,1.9508143663406372,0.0705035924911499
162,TH0011AV/viewpoint_simulated_50_surface0.pcd,Testing,1.9349572658538818,2.0390331745147705,0.10407590866088867
163,TH0011AV/viewpoint_simulated_51_surface0.pcd,Testing,2.0698368549346924,2.0375654697418213,0.032271385192871094
164,TH0011AV/viewpoint_simulated_52_surface0.pcd,Testing,2.0417096614837646,2.0052056312561035,0.03650403022766113
165,TH0011AV/viewpoint_simulated_53_surface0.pcd,Testing,2.0558605194091797,1.9770783185958862,0.07878220081329346
166,TH0011AV/viewpoint_simulated_54_surface0.pcd,Testing,1.904602289199829,1.9854680299758911,0.08086574077606201
167,TH0011AV/viewpoint_simulated_55_surface0.pcd,Testing,2.0924322605133057,2.0375421047210693,0.05489015579223633
168,TH0011AV/viewpoint_simulated_56_surface0.pcd,Testing,1.9165009260177612,1.9583861827850342,0.04188525676727295
169,TH0011AV/viewpoint_simulated_57_surface0.pcd,Testing,1.9335535764694214,2.0427916049957275,0.10923802852630615
170,TH0011AV/viewpoint_simulated_58_surface0.pcd,Testing,2.0044381618499756,2.0526297092437744,0.04819154739379883
171,TH0011AV/viewpoint_simulated_59_surface0.pcd,Testing,2.023759126663208,2.0306613445281982,0.006902217864990234
172,TH0011AV/viewpoint_simulated_6_surface0.pcd,Testing,1.9616607427597046,1.9182218313217163,0.04343891143798828
173,TH0011AV/viewpoint_simulated_60_surface0.pcd,Testing,2.0883092880249023,2.0946743488311768,0.006365060806274414
174,TH0011AV/viewpoint_simulated_61_surface0.pcd,Testing,2.044757127761841,2.098914384841919,0.054157257080078125
175,TH0011AV/viewpoint_simulated_62_surface0.pcd,Testing,2.0747814178466797,2.088571786880493,0.013790369033813477
176,TH0011AV/viewpoint_simulated_63_surface0.pcd,Testing,2.1458616256713867,2.079507350921631,0.06635427474975586
177,TH0011AV/viewpoint_simulated_64_surface0.pcd,Testing,2.124051809310913,2.064985752105713,0.059066057205200195
178,TH0011AV/viewpoint_simulated_65_surface0.pcd,Testing,1.8762989044189453,1.9990414381027222,0.12274253368377686
179,TH0011AV/viewpoint_simulated_66_surface0.pcd,Testing,2.054567575454712,1.9713279008865356,0.08323967456817627
180,TH0011AV/viewpoint_simulated_67_surface0.pcd,Testing,2.0024971961975098,2.108135461807251,0.10563826560974121
181,TH0011AV/viewpoint_simulated_68_surface0.pcd,Testing,2.0676498413085938,2.001406669616699,0.06624317169189453
182,TH0011AV/viewpoint_simulated_69_surface0.pcd,Testing,2.0326666831970215,2.0726499557495117,0.039983272552490234
183,TH0011AV/viewpoint_simulated_7_surface0.pcd,Testing,1.8497097492218018,1.8878690004348755,0.03815925121307373
184,TH0011AV/viewpoint_simulated_70_surface0.pcd,Testing,1.9914592504501343,2.0348148345947266,0.043355584144592285
185,TH0011AV/viewpoint_simulated_71_surface0.pcd,Testing,1.9814586639404297,2.0507845878601074,0.06932592391967773
186,TH0011AV/viewpoint_simulated_72_surface0.pcd,Testing,1.8540823459625244,1.9516377449035645,0.09755539894104004
187,TH0011AV/viewpoint_simulated_73_surface0.pcd,Testing,1.981850504875183,1.9554976224899292,0.026352882385253906
188,TH0011AV/viewpoint_simulated_74_surface0.pcd,Testing,1.9850715398788452,1.974103331565857,0.010968208312988281
189,TH0011AV/viewpoint_simulated_75_surface0.pcd,Testing,1.8670138120651245,1.9763151407241821,0.10930132865905762
190,TH0011AV/viewpoint_simulated_76_surface0.pcd,Testing,1.9379768371582031,1.9623662233352661,0.02438938617706299
191,TH0011AV/viewpoint_simulated_77_surface0.pcd,Testing,2.081779718399048,1.960843801498413,0.12093591690063477
192,TH0011AV/viewpoint_simulated_78_surface0.pcd,Testing,2.0226213932037354,1.9260140657424927,0.09660732746124268
193,TH0011AV/viewpoint_simulated_79_surface0.pcd,Testing,1.9952510595321655,1.8936372995376587,0.10161375999450684
194,TH0011AV/viewpoint_simulated_8_surface0.pcd,Testing,1.9647074937820435,1.8500664234161377,0.11464107036590576
195,TH0011AV/viewpoint_simulated_80_surface0.pcd,Testing,1.9990620613098145,1.865843415260315,0.1332186460494995
196,TH0011AV/viewpoint_simulated_81_surface0.pcd,Testing,2.041126012802124,1.9025899171829224,0.13853609561920166
197,TH0011AV/viewpoint_simulated_82_surface0.pcd,Testing,2.0651214122772217,1.916589617729187,0.14853179454803467
198,TH0011AV/viewpoint_simulated_83_surface0.pcd,Testing,1.9687294960021973,1.9359874725341797,0.03274202346801758
199,TH0011AV/viewpoint_simulated_84_surface0.pcd,Testing,2.118514060974121,2.056729793548584,0.06178426742553711
200,TH0011AV/viewpoint_simulated_85_surface0.pcd,Testing,1.9665179252624512,2.0776174068450928,0.1110994815826416
201,TH0011AV/viewpoint_simulated_86_surface0.pcd,Testing,1.9720628261566162,1.9632759094238281,0.008786916732788086
202,TH0011AV/viewpoint_simulated_87_surface0.pcd,Testing,1.964191198348999,1.9420982599258423,0.02209293842315674
203,TH0011AV/viewpoint_simulated_88_surface0.pcd,Testing,1.9798356294631958,1.89716637134552,0.08266925811767578
204,TH0011AV/viewpoint_simulated_89_surface0.pcd,Testing,1.9563591480255127,1.9541537761688232,0.002205371856689453
205,TH0011AV/viewpoint_simulated_9_surface0.pcd,Testing,1.984969973564148,1.894696593284607,0.09027338027954102
206,TH0011AV/viewpoint_simulated_90_surface0.pcd,Testing,1.9928370714187622,1.9177676439285278,0.07506942749023438
207,TH0011AV/viewpoint_simulated_91_surface0.pcd,Testing,2.0018599033355713,1.930426001548767,0.0714339017868042
208,TH0011AV/viewpoint_simulated_92_surface0.pcd,Testing,2.002796173095703,1.9228098392486572,0.0799863338470459
209,TH0011AV/viewpoint_simulated_93_surface0.pcd,Testing,2.0275847911834717,1.951560616493225,0.07602417469024658
210,TH0011AV/viewpoint_simulated_94_surface0.pcd,Testing,1.9472159147262573,1.9561316967010498,0.00891578197479248
211,TH0011AV/viewpoint_simulated_95_surface0.pcd,Testing,1.859683871269226,1.9378308057785034,0.07814693450927734
212,TH0011AV/viewpoint_simulated_96_surface0.pcd,Testing,2.0808842182159424,2.09527325630188,0.0143890380859375
213,TH0011AV/viewpoint_simulated_97_surface0.pcd,Testing,2.0958311557769775,2.0833683013916016,0.012462854385375977
214,TH0011AV/viewpoint_simulated_98_surface0.pcd,Testing,2.186371088027954,2.025651693344116,0.1607193946838379
215,TH0011AV/viewpoint_simulated_99_surface0.pcd,Testing,2.022965908050537,1.9754966497421265,0.047469258308410645
216,TH0011AV/viewpoint_simulated_0_surface1.pcd,Testing,2.128265380859375,2.2804954051971436,0.15223002433776855
217,TH0011AV/viewpoint_simulated_1_surface1.pcd,Testing,2.131209135055542,2.268890619277954,0.1376814842224121
218,TH0011AV/viewpoint_simulated_10_surface1.pcd,Testing,2.212401866912842,2.1701951026916504,0.042206764221191406
219,TH0011AV/viewpoint_simulated_100_surface1.pcd,Testing,2.146007776260376,2.0422301292419434,0.10377764701843262
220,TH0011AV/viewpoint_simulated_101_surface1.pcd,Testing,2.1212058067321777,2.049119234085083,0.07208657264709473
221,TH0011AV/viewpoint_simulated_102_surface1.pcd,Testing,2.165198564529419,2.087623357772827,0.0775752067565918
222,TH0011AV/viewpoint_simulated_103_surface1.pcd,Testing,2.1959822177886963,2.125643730163574,0.07033848762512207
223,TH0011AV/viewpoint_simulated_104_surface1.pcd,Testing,2.113966703414917,2.0615084171295166,0.05245828628540039
224,TH0011AV/viewpoint_simulated_105_surface1.pcd,Testing,2.1620240211486816,2.0790624618530273,0.0829615592956543
225,TH0011AV/viewpoint_simulated_106_surface1.pcd,Testing,2.0805349349975586,2.037627935409546,0.042906999588012695
226,TH0011AV/viewpoint_simulated_107_surface1.pcd,Testing,2.123145341873169,2.0684547424316406,0.05469059944152832
227,TH0011AV/viewpoint_simulated_108_surface1.pcd,Testing,2.198530673980713,2.077728033065796,0.12080264091491699
228,TH0011AV/viewpoint_simulated_109_surface1.pcd,Testing,2.138434886932373,2.039201498031616,0.09923338890075684
229,TH0011AV/viewpoint_simulated_11_surface1.pcd,Testing,2.085387945175171,2.1946170330047607,0.10922908782958984
230,TH0011AV/viewpoint_simulated_110_surface1.pcd,Testing,2.1659786701202393,2.0974032878875732,0.06857538223266602
231,TH0011AV/viewpoint_simulated_111_surface1.pcd,Testing,2.273636817932129,2.0400660037994385,0.23357081413269043
232,TH0011AV/viewpoint_simulated_112_surface1.pcd,Testing,2.1734619140625,2.0595812797546387,0.11388063430786133
233,TH0011AV/viewpoint_simulated_113_surface1.pcd,Testing,2.1029818058013916,2.0559918880462646,0.04698991775512695
234,TH0011AV/viewpoint_simulated_114_surface1.pcd,Testing,2.1463022232055664,2.114938735961914,0.031363487243652344
235,TH0011AV/viewpoint_simulated_115_surface1.pcd,Testing,2.119218587875366,2.127751350402832,0.00853276252746582
236,TH0011AV/viewpoint_simulated_116_surface1.pcd,Testing,2.2038590908050537,2.0572431087493896,0.14661598205566406
237,TH0011AV/viewpoint_simulated_117_surface1.pcd,Testing,2.036015748977661,2.0486202239990234,0.012604475021362305
238,TH0011AV/viewpoint_simulated_118_surface1.pcd,Testing,2.0614631175994873,2.0243897438049316,0.037073373794555664
239,TH0011AV/viewpoint_simulated_119_surface1.pcd,Testing,2.3395798206329346,2.0737483501434326,0.26583147048950195
240,TH0011AV/viewpoint_simulated_12_surface1.pcd,Testing,2.230900287628174,2.1320884227752686,0.09881186485290527
241,TH0011AV/viewpoint_simulated_120_surface1.pcd,Testing,2.2577996253967285,2.0808236598968506,0.17697596549987793
242,TH0011AV/viewpoint_simulated_121_surface1.pcd,Testing,2.1517879962921143,2.0516960620880127,0.10009193420410156
243,TH0011AV/viewpoint_simulated_122_surface1.pcd,Testing,2.3015949726104736,2.0479443073272705,0.2536506652832031
244,TH0011AV/viewpoint_simulated_123_surface1.pcd,Testing,2.13057541847229,2.0319418907165527,0.0986335277557373
245,TH0011AV/viewpoint_simulated_124_surface1.pcd,Testing,2.1393818855285645,2.0470731258392334,0.09230875968933105
246,TH0011AV/viewpoint_simulated_125_surface1.pcd,Testing,2.1304643154144287,2.0706021785736084,0.05986213684082031
247,TH0011AV/viewpoint_simulated_126_surface1.pcd,Testing,2.1313490867614746,2.111126184463501,0.020222902297973633
248,TH0011AV/viewpoint_simulated_127_surface1.pcd,Testing,2.160454034805298,2.142714738845825,0.017739295959472656
249,TH0011AV/viewpoint_simulated_128_surface1.pcd,Testing,2.2233526706695557,2.069256067276001,0.1540966033935547
250,TH0011AV/viewpoint_simulated_129_surface1.pcd,Testing,2.2151105403900146,2.0562613010406494,0.15884923934936523
251,TH0011AV/viewpoint_simulated_13_surface1.pcd,Testing,2.089681386947632,2.0141053199768066,0.0755760669708252
252,TH0011AV/viewpoint_simulated_130_surface1.pcd,Testing,2.003007411956787,2.047858238220215,0.044850826263427734
253,TH0011AV/viewpoint_simulated_131_surface1.pcd,Testing,2.1502256393432617,2.062041997909546,0.08818364143371582
254,TH0011AV/viewpoint_simulated_132_surface1.pcd,Testing,2.211101770401001,2.090433359146118,0.12066841125488281
255,TH0011AV/viewpoint_simulated_133_surface1.pcd,Testing,2.450852870941162,2.0494768619537354,0.40137600898742676
256,TH0011AV/viewpoint_simulated_134_surface1.pcd,Testing,2.108729839324951,2.0568344593048096,0.0518953800201416
257,TH0011AV/viewpoint_simulated_135_surface1.pcd,Testing,2.184128761291504,2.0259764194488525,0.15815234184265137
258,TH0011AV/viewpoint_simulated_136_surface1.pcd,Testing,2.0904324054718018,2.0755488872528076,0.01488351821899414
259,TH0011AV/viewpoint_simulated_137_surface1.pcd,Testing,2.223862886428833,2.080648183822632,0.14321470260620117
260,TH0011AV/viewpoint_simulated_138_surface1.pcd,Testing,2.2598979473114014,2.0915915966033936,0.1683063507080078
261,TH0011AV/viewpoint_simulated_139_surface1.pcd,Testing,2.105032205581665,2.140052556991577,0.03502035140991211
262,TH0011AV/viewpoint_simulated_14_surface1.pcd,Testing,2.1290481090545654,2.0888142585754395,0.04023385047912598
263,TH0011AV/viewpoint_simulated_140_surface1.pcd,Testing,2.273948907852173,2.056267499923706,0.2176814079284668
264,TH0011AV/viewpoint_simulated_141_surface1.pcd,Testing,2.160475730895996,2.1174445152282715,0.04303121566772461
265,TH0011AV/viewpoint_simulated_142_surface1.pcd,Testing,2.142395496368408,2.070692777633667,0.07170271873474121
266,TH0011AV/viewpoint_simulated_143_surface1.pcd,Testing,2.2157599925994873,2.0601682662963867,0.15559172630310059
267,TH0011AV/viewpoint_simulated_144_surface1.pcd,Testing,2.216135263442993,2.234703302383423,0.018568038940429688
268,TH0011AV/viewpoint_simulated_145_surface1.pcd,Testing,2.0107622146606445,2.2236268520355225,0.21286463737487793
269,TH0011AV/viewpoint_simulated_146_surface1.pcd,Testing,2.1533334255218506,2.2383456230163574,0.08501219749450684
270,TH0011AV/viewpoint_simulated_147_surface1.pcd,Testing,2.0754590034484863,2.2063238620758057,0.13086485862731934
271,TH0011AV/viewpoint_simulated_148_surface1.pcd,Testing,2.148822069168091,2.124614715576172,0.024207353591918945
272,TH0011AV/viewpoint_simulated_149_surface1.pcd,Testing,2.1202569007873535,2.063445806503296,0.05681109428405762
273,TH0011AV/viewpoint_simulated_15_surface1.pcd,Testing,2.0516133308410645,2.0796029567718506,0.027989625930786133
274,TH0011AV/viewpoint_simulated_150_surface1.pcd,Testing,2.052278757095337,2.0447018146514893,0.007576942443847656
275,TH0011AV/viewpoint_simulated_151_surface1.pcd,Testing,2.230623483657837,2.090951681137085,0.13967180252075195
276,TH0011AV/viewpoint_simulated_152_surface1.pcd,Testing,2.232792615890503,2.1900012493133545,0.04279136657714844
277,TH0011AV/viewpoint_simulated_153_surface1.pcd,Testing,2.210880994796753,2.1786420345306396,0.03223896026611328
278,TH0011AV/viewpoint_simulated_154_surface1.pcd,Testing,2.1417620182037354,2.1277198791503906,0.014042139053344727
279,TH0011AV/viewpoint_simulated_155_surface1.pcd,Testing,2.011185884475708,2.165924549102783,0.1547386646270752
280,TH0011AV/viewpoint_simulated_156_surface1.pcd,Testing,2.2667219638824463,2.1053054332733154,0.16141653060913086
281,TH0011AV/viewpoint_simulated_157_surface1.pcd,Testing,2.0979506969451904,2.053988456726074,0.04396224021911621
282,TH0011AV/viewpoint_simulated_158_surface1.pcd,Testing,2.256802797317505,2.113030195236206,0.14377260208129883
283,TH0011AV/viewpoint_simulated_159_surface1.pcd,Testing,2.1284019947052,2.1308958530426025,0.0024938583374023438
284,TH0011AV/viewpoint_simulated_16_surface1.pcd,Testing,2.0381767749786377,1.9856435060501099,0.05253326892852783
285,TH0011AV/viewpoint_simulated_160_surface1.pcd,Testing,2.0907344818115234,1.9690738916397095,0.12166059017181396
286,TH0011AV/viewpoint_simulated_161_surface1.pcd,Testing,2.1375555992126465,2.0105783939361572,0.12697720527648926
287,TH0011AV/viewpoint_simulated_162_surface1.pcd,Testing,2.060419797897339,2.0857932567596436,0.025373458862304688
288,TH0011AV/viewpoint_simulated_163_surface1.pcd,Testing,2.010655641555786,2.1068103313446045,0.09615468978881836
289,TH0011AV/viewpoint_simulated_164_surface1.pcd,Testing,2.1044657230377197,2.08831787109375,0.016147851943969727
290,TH0011AV/viewpoint_simulated_165_surface1.pcd,Testing,2.054051399230957,2.1042377948760986,0.0501863956451416
291,TH0011AV/viewpoint_simulated_166_surface1.pcd,Testing,2.041137933731079,2.0825717449188232,0.04143381118774414
292,TH0011AV/viewpoint_simulated_167_surface1.pcd,Testing,2.196462631225586,2.1033387184143066,0.0931239128112793
293,TH0011AV/viewpoint_simulated_168_surface1.pcd,Testing,2.1786298751831055,2.09171199798584,0.08691787719726562
294,TH0011AV/viewpoint_simulated_169_surface1.pcd,Testing,2.0029006004333496,2.0424551963806152,0.039554595947265625
295,TH0011AV/viewpoint_simulated_17_surface1.pcd,Testing,2.1857244968414307,2.0100083351135254,0.17571616172790527
296,TH0011AV/viewpoint_simulated_170_surface1.pcd,Testing,2.184394359588623,2.093304395675659,0.09108996391296387
297,TH0011AV/viewpoint_simulated_171_surface1.pcd,Testing,2.206857681274414,2.0844833850860596,0.12237429618835449
298,TH0011AV/viewpoint_simulated_172_surface1.pcd,Testing,2.1736106872558594,2.0045759677886963,0.16903471946716309
299,TH0011AV/viewpoint_simulated_173_surface1.pcd,Testing,2.0431277751922607,2.0420448780059814,0.0010828971862792969
300,TH0011AV/viewpoint_simulated_174_surface1.pcd,Testing,2.150425434112549,2.0852670669555664,0.06515836715698242
301,TH0011AV/viewpoint_simulated_175_surface1.pcd,Testing,2.0422286987304688,2.109149217605591,0.06692051887512207
302,TH0011AV/viewpoint_simulated_176_surface1.pcd,Testing,2.192394256591797,2.0876708030700684,0.10472345352172852
303,TH0011AV/viewpoint_simulated_177_surface1.pcd,Testing,2.2468903064727783,2.071713924407959,0.17517638206481934
304,TH0011AV/viewpoint_simulated_178_surface1.pcd,Testing,2.1442818641662598,2.044670343399048,0.09961152076721191
305,TH0011AV/viewpoint_simulated_179_surface1.pcd,Testing,2.219944477081299,2.097877025604248,0.12206745147705078
306,TH0011AV/viewpoint_simulated_18_surface1.pcd,Testing,2.266300678253174,2.095841646194458,0.17045903205871582
307,TH0011AV/viewpoint_simulated_180_surface1.pcd,Testing,2.0617258548736572,2.082500457763672,0.02077460289001465
308,TH0011AV/viewpoint_simulated_181_surface1.pcd,Testing,2.3197200298309326,2.0331180095672607,0.2866020202636719
309,TH0011AV/viewpoint_simulated_182_surface1.pcd,Testing,2.0948824882507324,2.109400510787964,0.014518022537231445
310,TH0011AV/viewpoint_simulated_183_surface1.pcd,Testing,2.192725658416748,2.0399582386016846,0.15276741981506348
311,TH0011AV/viewpoint_simulated_184_surface1.pcd,Testing,2.0991501808166504,2.047520160675049,0.05163002014160156
312,TH0011AV/viewpoint_simulated_185_surface1.pcd,Testing,2.130869150161743,2.0524539947509766,0.0784151554107666
313,TH0011AV/viewpoint_simulated_186_surface1.pcd,Testing,2.003338098526001,2.103508949279785,0.10017085075378418
314,TH0011AV/viewpoint_simulated_187_surface1.pcd,Testing,2.215916633605957,2.117501974105835,0.09841465950012207
315,TH0011AV/viewpoint_simulated_188_surface1.pcd,Testing,2.1481282711029053,2.077618360519409,0.0705099105834961
316,TH0011AV/viewpoint_simulated_189_surface1.pcd,Testing,2.230193853378296,2.0614359378814697,0.16875791549682617
317,TH0011AV/viewpoint_simulated_19_surface1.pcd,Testing,2.2492520809173584,2.0917346477508545,0.1575174331665039
318,TH0011AV/viewpoint_simulated_190_surface1.pcd,Testing,2.049405574798584,2.042818307876587,0.00658726692199707
319,TH0011AV/viewpoint_simulated_191_surface1.pcd,Testing,2.2623300552368164,2.0790810585021973,0.18324899673461914
320,TH0011AV/viewpoint_simulated_192_surface1.pcd,Testing,2.2470862865448,2.088432788848877,0.15865349769592285
321,TH0011AV/viewpoint_simulated_193_surface1.pcd,Testing,2.156919240951538,2.0455751419067383,0.1113440990447998
322,TH0011AV/viewpoint_simulated_194_surface1.pcd,Testing,2.0699570178985596,2.060028314590454,0.009928703308105469
323,TH0011AV/viewpoint_simulated_195_surface1.pcd,Testing,2.2652740478515625,2.0513670444488525,0.21390700340270996
324,TH0011AV/viewpoint_simulated_196_surface1.pcd,Testing,2.106006622314453,2.0403435230255127,0.06566309928894043
325,TH0011AV/viewpoint_simulated_197_surface1.pcd,Testing,2.07612943649292,2.0655887126922607,0.01054072380065918
326,TH0011AV/viewpoint_simulated_198_surface1.pcd,Testing,2.1348085403442383,2.1112124919891357,0.02359604835510254
327,TH0011AV/viewpoint_simulated_199_surface1.pcd,Testing,2.2041592597961426,2.146385431289673,0.05777382850646973
328,TH0011AV/viewpoint_simulated_2_surface1.pcd,Testing,2.082557439804077,2.2208869457244873,0.13832950592041016
329,TH0011AV/viewpoint_simulated_20_surface1.pcd,Testing,2.227741241455078,2.117520332336426,0.11022090911865234
330,TH0011AV/viewpoint_simulated_200_surface1.pcd,Testing,2.280627727508545,2.064868688583374,0.2157590389251709
331,TH0011AV/viewpoint_simulated_201_surface1.pcd,Testing,2.292663097381592,2.075632095336914,0.21703100204467773
332,TH0011AV/viewpoint_simulated_202_surface1.pcd,Testing,2.1561691761016846,2.04492449760437,0.11124467849731445
333,TH0011AV/viewpoint_simulated_203_surface1.pcd,Testing,2.2238399982452393,2.074436902999878,0.14940309524536133
334,TH0011AV/viewpoint_simulated_204_surface1.pcd,Testing,2.1009411811828613,2.0998592376708984,0.0010819435119628906
335,TH0011AV/viewpoint_simulated_205_surface1.pcd,Testing,2.184000015258789,2.06742525100708,0.11657476425170898
336,TH0011AV/viewpoint_simulated_206_surface1.pcd,Testing,2.1512303352355957,2.0649569034576416,0.0862734317779541
337,TH0011AV/viewpoint_simulated_207_surface1.pcd,Testing,2.094428300857544,2.035313367843628,0.059114933013916016
338,TH0011AV/viewpoint_simulated_208_surface1.pcd,Testing,1.9791995286941528,2.0468461513519287,0.06764662265777588
339,TH0011AV/viewpoint_simulated_209_surface1.pcd,Testing,2.2969326972961426,2.065391778945923,0.23154091835021973
340,TH0011AV/viewpoint_simulated_21_surface1.pcd,Testing,2.13454532623291,2.069300889968872,0.06524443626403809
341,TH0011AV/viewpoint_simulated_210_surface1.pcd,Testing,2.1034302711486816,2.097203254699707,0.006227016448974609
342,TH0011AV/viewpoint_simulated_211_surface1.pcd,Testing,2.2399332523345947,2.142120838165283,0.09781241416931152
343,TH0011AV/viewpoint_simulated_212_surface1.pcd,Testing,2.2425830364227295,2.0726888179779053,0.16989421844482422
344,TH0011AV/viewpoint_simulated_213_surface1.pcd,Testing,2.067472219467163,2.090569496154785,0.02309727668762207
345,TH0011AV/viewpoint_simulated_214_surface1.pcd,Testing,2.21688175201416,2.0715014934539795,0.14538025856018066
346,TH0011AV/viewpoint_simulated_215_surface1.pcd,Testing,2.0717194080352783,2.0784835815429688,0.00676417350769043
347,TH0011AV/viewpoint_simulated_22_surface1.pcd,Testing,2.2060887813568115,2.088186264038086,0.11790251731872559
348,TH0011AV/viewpoint_simulated_23_surface1.pcd,Testing,2.0777475833892822,2.0935590267181396,0.015811443328857422
349,TH0011AV/viewpoint_simulated_24_surface1.pcd,Testing,2.225424289703369,2.058366298675537,0.16705799102783203
350,TH0011AV/viewpoint_simulated_25_surface1.pcd,Testing,2.1070797443389893,2.0704472064971924,0.036632537841796875
351,TH0011AV/viewpoint_simulated_26_surface1.pcd,Testing,2.1658413410186768,2.109247922897339,0.05659341812133789
352,TH0011AV/viewpoint_simulated_27_surface1.pcd,Testing,2.1091482639312744,2.0634446144104004,0.04570364952087402
353,TH0011AV/viewpoint_simulated_28_surface1.pcd,Testing,2.2555477619171143,2.0510189533233643,0.20452880859375
354,TH0011AV/viewpoint_simulated_29_surface1.pcd,Testing,2.157567024230957,2.040303945541382,0.1172630786895752
355,TH0011AV/viewpoint_simulated_3_surface1.pcd,Testing,2.0379040241241455,2.141876697540283,0.1039726734161377
356,TH0011AV/viewpoint_simulated_30_surface1.pcd,Testing,2.13580584526062,2.123983144760132,0.011822700500488281
357,TH0011AV/viewpoint_simulated_31_surface1.pcd,Testing,2.159146547317505,2.127298355102539,0.03184819221496582
358,TH0011AV/viewpoint_simulated_32_surface1.pcd,Testing,2.271247148513794,2.0481112003326416,0.22313594818115234
359,TH0011AV/viewpoint_simulated_33_surface1.pcd,Testing,2.2050557136535645,2.036419630050659,0.16863608360290527
360,TH0011AV/viewpoint_simulated_34_surface1.pcd,Testing,2.2109735012054443,2.062913656234741,0.14805984497070312
361,TH0011AV/viewpoint_simulated_35_surface1.pcd,Testing,2.1493701934814453,2.061938762664795,0.08743143081665039
362,TH0011AV/viewpoint_simulated_36_surface1.pcd,Testing,2.2233614921569824,2.1033973693847656,0.1199641227722168
363,TH0011AV/viewpoint_simulated_37_surface1.pcd,Testing,2.1426146030426025,2.0402448177337646,0.10236978530883789
364,TH0011AV/viewpoint_simulated_38_surface1.pcd,Testing,2.0787954330444336,2.0870437622070312,0.008248329162597656
365,TH0011AV/viewpoint_simulated_39_surface1.pcd,Testing,2.181842803955078,2.048034429550171,0.13380837440490723
366,TH0011AV/viewpoint_simulated_4_surface1.pcd,Testing,2.2050914764404297,2.093519687652588,0.1115717887878418
367,TH0011AV/viewpoint_simulated_40_surface1.pcd,Testing,2.1764018535614014,2.05509877204895,0.12130308151245117
368,TH0011AV/viewpoint_simulated_41_surface1.pcd,Testing,2.1651458740234375,2.074373245239258,0.09077262878417969
369,TH0011AV/viewpoint_simulated_42_surface1.pcd,Testing,2.0969135761260986,2.11426043510437,0.017346858978271484
370,TH0011AV/viewpoint_simulated_43_surface1.pcd,Testing,2.2261524200439453,2.119908094406128,0.10624432563781738
371,TH0011AV/viewpoint_simulated_44_surface1.pcd,Testing,2.0632855892181396,2.0614845752716064,0.0018010139465332031
372,TH0011AV/viewpoint_simulated_45_surface1.pcd,Testing,2.2462589740753174,2.042191743850708,0.20406723022460938
373,TH0011AV/viewpoint_simulated_46_surface1.pcd,Testing,2.1202609539031982,2.0332422256469727,0.08701872825622559
374,TH0011AV/viewpoint_simulated_47_surface1.pcd,Testing,2.1152267456054688,2.074589967727661,0.04063677787780762
375,TH0011AV/viewpoint_simulated_48_surface1.pcd,Testing,2.1665852069854736,2.084320068359375,0.08226513862609863
376,TH0011AV/viewpoint_simulated_49_surface1.pcd,Testing,2.0247642993927,2.0407564640045166,0.015992164611816406
377,TH0011AV/viewpoint_simulated_5_surface1.pcd,Testing,2.0331668853759766,2.0846288204193115,0.05146193504333496
378,TH0011AV/viewpoint_simulated_50_surface1.pcd,Testing,2.0891213417053223,2.0507590770721436,0.03836226463317871
379,TH0011AV/viewpoint_simulated_51_surface1.pcd,Testing,2.2345376014709473,2.0344860553741455,0.20005154609680176
380,TH0011AV/viewpoint_simulated_52_surface1.pcd,Testing,2.2363240718841553,2.0578625202178955,0.17846155166625977
381,TH0011AV/viewpoint_simulated_53_surface1.pcd,Testing,2.2064380645751953,2.0666754245758057,0.13976263999938965
382,TH0011AV/viewpoint_simulated_54_surface1.pcd,Testing,2.193399429321289,2.1273961067199707,0.06600332260131836
383,TH0011AV/viewpoint_simulated_55_surface1.pcd,Testing,2.259211540222168,2.1427297592163086,0.11648178100585938
384,TH0011AV/viewpoint_simulated_56_surface1.pcd,Testing,2.1149990558624268,2.0743587017059326,0.04064035415649414
385,TH0011AV/viewpoint_simulated_57_surface1.pcd,Testing,2.1827566623687744,2.0447185039520264,0.13803815841674805
386,TH0011AV/viewpoint_simulated_58_surface1.pcd,Testing,2.2517223358154297,2.0598154067993164,0.19190692901611328
387,TH0011AV/viewpoint_simulated_59_surface1.pcd,Testing,2.2660834789276123,2.0963051319122314,0.16977834701538086
388,TH0011AV/viewpoint_simulated_6_surface1.pcd,Testing,2.171018362045288,2.0645787715911865,0.10643959045410156
389,TH0011AV/viewpoint_simulated_60_surface1.pcd,Testing,2.237335205078125,2.092641592025757,0.14469361305236816
390,TH0011AV/viewpoint_simulated_61_surface1.pcd,Testing,2.1641018390655518,2.039940118789673,0.1241617202758789
391,TH0011AV/viewpoint_simulated_62_surface1.pcd,Testing,2.401526689529419,2.0520527362823486,0.3494739532470703
392,TH0011AV/viewpoint_simulated_63_surface1.pcd,Testing,2.0864639282226562,2.0243592262268066,0.06210470199584961
393,TH0011AV/viewpoint_simulated_64_surface1.pcd,Testing,2.2404868602752686,2.0675199031829834,0.17296695709228516
394,TH0011AV/viewpoint_simulated_65_surface1.pcd,Testing,2.144279956817627,2.0784852504730225,0.06579470634460449
395,TH0011AV/viewpoint_simulated_66_surface1.pcd,Testing,2.1603708267211914,2.1174252033233643,0.04294562339782715
396,TH0011AV/viewpoint_simulated_67_surface1.pcd,Testing,2.14784836769104,2.1222705841064453,0.025577783584594727
397,TH0011AV/viewpoint_simulated_68_surface1.pcd,Testing,2.1207542419433594,2.067500352859497,0.053253889083862305
398,TH0011AV/viewpoint_simulated_69_surface1.pcd,Testing,2.093841314315796,2.0831592082977295,0.010682106018066406
399,TH0011AV/viewpoint_simulated_7_surface1.pcd,Testing,2.034449815750122,2.085578680038452,0.05112886428833008
400,TH0011AV/viewpoint_simulated_70_surface1.pcd,Testing,2.2231502532958984,2.1139347553253174,0.10921549797058105
401,TH0011AV/viewpoint_simulated_71_surface1.pcd,Testing,2.164416551589966,2.0611376762390137,0.10327887535095215
402,TH0011AV/viewpoint_simulated_72_surface1.pcd,Testing,2.1103649139404297,2.2818000316619873,0.17143511772155762
403,TH0011AV/viewpoint_simulated_73_surface1.pcd,Testing,2.0554583072662354,2.22750186920166,0.1720435619354248
404,TH0011AV/viewpoint_simulated_74_surface1.pcd,Testing,2.130803346633911,2.2407724857330322,0.1099691390991211
405,TH0011AV/viewpoint_simulated_75_surface1.pcd,Testing,2.0454888343811035,2.26899790763855,0.2235090732574463
406,TH0011AV/viewpoint_simulated_76_surface1.pcd,Testing,2.163252592086792,2.092848539352417,0.070404052734375
407,TH0011AV/viewpoint_simulated_77_surface1.pcd,Testing,2.0621485710144043,2.075145721435547,0.012997150421142578
408,TH0011AV/viewpoint_simulated_78_surface1.pcd,Testing,2.1052098274230957,2.062406301498413,0.04280352592468262
409,TH0011AV/viewpoint_simulated_79_surface1.pcd,Testing,2.064241886138916,2.1301026344299316,0.06586074829101562
410,TH0011AV/viewpoint_simulated_8_surface1.pcd,Testing,2.196697950363159,2.1286168098449707,0.06808114051818848
411,TH0011AV/viewpoint_simulated_80_surface1.pcd,Testing,2.1896204948425293,2.1132614612579346,0.07635903358459473
412,TH0011AV/viewpoint_simulated_81_surface1.pcd,Testing,2.1031367778778076,2.1757071018218994,0.0725703239440918
413,TH0011AV/viewpoint_simulated_82_surface1.pcd,Testing,2.1336865425109863,2.1532819271087646,0.01959538459777832
414,TH0011AV/viewpoint_simulated_83_surface1.pcd,Testing,2.103111982345581,2.219292163848877,0.1161801815032959
415,TH0011AV/viewpoint_simulated_84_surface1.pcd,Testing,2.1394131183624268,2.085557222366333,0.05385589599609375
416,TH0011AV/viewpoint_simulated_85_surface1.pcd,Testing,2.1859934329986572,2.016261100769043,0.16973233222961426
417,TH0011AV/viewpoint_simulated_86_surface1.pcd,Testing,2.0472941398620605,2.125417470932007,0.07812333106994629
418,TH0011AV/viewpoint_simulated_87_surface1.pcd,Testing,2.189892530441284,2.1056065559387207,0.08428597450256348
419,TH0011AV/viewpoint_simulated_88_surface1.pcd,Testing,2.191833734512329,1.9618788957595825,0.22995483875274658
420,TH0011AV/viewpoint_simulated_89_surface1.pcd,Testing,2.0516858100891113,2.006662368774414,0.045023441314697266
421,TH0011AV/viewpoint_simulated_9_surface1.pcd,Testing,2.208043098449707,2.1761810779571533,0.03186202049255371
422,TH0011AV/viewpoint_simulated_90_surface1.pcd,Testing,2.0756051540374756,2.0941646099090576,0.01855945587158203
423,TH0011AV/viewpoint_simulated_91_surface1.pcd,Testing,2.0422003269195557,2.079545259475708,0.037344932556152344
424,TH0011AV/viewpoint_simulated_92_surface1.pcd,Testing,2.0491933822631836,2.0695841312408447,0.020390748977661133
425,TH0011AV/viewpoint_simulated_93_surface1.pcd,Testing,2.1216955184936523,2.106926202774048,0.014769315719604492
426,TH0011AV/viewpoint_simulated_94_surface1.pcd,Testing,2.250593423843384,2.1142570972442627,0.1363363265991211
427,TH0011AV/viewpoint_simulated_95_surface1.pcd,Testing,2.1970109939575195,2.1168134212493896,0.08019757270812988
428,TH0011AV/viewpoint_simulated_96_surface1.pcd,Testing,2.152330160140991,2.0694022178649902,0.08292794227600098
429,TH0011AV/viewpoint_simulated_97_surface1.pcd,Testing,2.178673028945923,2.0457911491394043,0.13288187980651855
430,TH0011AV/viewpoint_simulated_98_surface1.pcd,Testing,2.254410743713379,2.1108386516571045,0.14357209205627441
431,TH0011AV/viewpoint_simulated_99_surface1.pcd,Testing,2.2213408946990967,2.0739152431488037,0.14742565155029297
432,TH0012AV/viewpoint_simulated_0_surface0.pcd,Testing,1.9259791374206543,1.9039841890335083,0.021994948387145996
433,TH0012AV/viewpoint_simulated_1_surface0.pcd,Testing,1.9877233505249023,2.0178210735321045,0.03009772300720215
434,TH0012AV/viewpoint_simulated_10_surface0.pcd,Testing,2.0824904441833496,1.9202439785003662,0.1622464656829834
435,TH0012AV/viewpoint_simulated_100_surface0.pcd,Testing,1.9662419557571411,1.8704577684402466,0.09578418731689453
436,TH0012AV/viewpoint_simulated_101_surface0.pcd,Testing,1.9829802513122559,1.9459511041641235,0.037029147148132324
437,TH0012AV/viewpoint_simulated_102_surface0.pcd,Testing,1.9782536029815674,1.9212268590927124,0.05702674388885498
438,TH0012AV/viewpoint_simulated_103_surface0.pcd,Testing,2.021815299987793,1.8869965076446533,0.13481879234313965
439,TH0012AV/viewpoint_simulated_104_surface0.pcd,Testing,2.062898635864258,1.8830000162124634,0.17989861965179443
440,TH0012AV/viewpoint_simulated_105_surface0.pcd,Testing,2.051703929901123,1.975050687789917,0.07665324211120605
441,TH0012AV/viewpoint_simulated_106_surface0.pcd,Testing,1.9106673002243042,1.99955153465271,0.08888423442840576
442,TH0012AV/viewpoint_simulated_107_surface0.pcd,Testing,2.0153491497039795,1.9167124032974243,0.09863674640655518
443,TH0012AV/viewpoint_simulated_108_surface0.pcd,Testing,2.080624580383301,2.024292469024658,0.05633211135864258
444,TH0012AV/viewpoint_simulated_109_surface0.pcd,Testing,2.106436014175415,2.06677508354187,0.03966093063354492
445,TH0012AV/viewpoint_simulated_11_surface0.pcd,Testing,1.927385926246643,1.9337188005447388,0.006332874298095703
446,TH0012AV/viewpoint_simulated_110_surface0.pcd,Testing,2.067739725112915,2.0552756786346436,0.012464046478271484
447,TH0012AV/viewpoint_simulated_111_surface0.pcd,Testing,1.9901766777038574,1.9770315885543823,0.013145089149475098
448,TH0012AV/viewpoint_simulated_112_surface0.pcd,Testing,2.010408878326416,1.9410330057144165,0.06937587261199951
449,TH0012AV/viewpoint_simulated_113_surface0.pcd,Testing,2.082979440689087,1.9530285596847534,0.1299508810043335
450,TH0012AV/viewpoint_simulated_114_surface0.pcd,Testing,1.9351598024368286,1.946112036705017,0.010952234268188477
451,TH0012AV/viewpoint_simulated_115_surface0.pcd,Testing,2.017470359802246,1.8917429447174072,0.12572741508483887
452,TH0012AV/viewpoint_simulated_116_surface0.pcd,Testing,2.048133611679077,1.895064115524292,0.15306949615478516
453,TH0012AV/viewpoint_simulated_117_surface0.pcd,Testing,2.148111581802368,1.97536039352417,0.17275118827819824
454,TH0012AV/viewpoint_simulated_118_surface0.pcd,Testing,1.9592126607894897,2.0291101932525635,0.06989753246307373
455,TH0012AV/viewpoint_simulated_119_surface0.pcd,Testing,1.982837438583374,1.9534122943878174,0.02942514419555664
456,TH0012AV/viewpoint_simulated_12_surface0.pcd,Testing,1.9700392484664917,1.970682978630066,0.0006437301635742188
457,TH0012AV/viewpoint_simulated_120_surface0.pcd,Testing,2.143881320953369,2.0544638633728027,0.0894174575805664
458,TH0012AV/viewpoint_simulated_121_surface0.pcd,Testing,2.1045584678649902,2.0698840618133545,0.03467440605163574
459,TH0012AV/viewpoint_simulated_122_surface0.pcd,Testing,2.0581271648406982,2.0506374835968018,0.007489681243896484
460,TH0012AV/viewpoint_simulated_123_surface0.pcd,Testing,1.9759480953216553,1.9730401039123535,0.002907991409301758
461,TH0012AV/viewpoint_simulated_124_surface0.pcd,Testing,2.090810775756836,1.9619468450546265,0.12886393070220947
462,TH0012AV/viewpoint_simulated_125_surface0.pcd,Testing,2.023026943206787,1.9599062204360962,0.06312072277069092
463,TH0012AV/viewpoint_simulated_126_surface0.pcd,Testing,2.0078818798065186,1.9899760484695435,0.017905831336975098
464,TH0012AV/viewpoint_simulated_127_surface0.pcd,Testing,2.0498645305633545,1.9513931274414062,0.09847140312194824
465,TH0012AV/viewpoint_simulated_128_surface0.pcd,Testing,2.002976894378662,1.938557505607605,0.06441938877105713
466,TH0012AV/viewpoint_simulated_129_surface0.pcd,Testing,2.042607069015503,2.027000665664673,0.015606403350830078
467,TH0012AV/viewpoint_simulated_13_surface0.pcd,Testing,2.0266377925872803,2.0721848011016846,0.0455470085144043
468,TH0012AV/viewpoint_simulated_130_surface0.pcd,Testing,2.0846188068389893,2.0267326831817627,0.05788612365722656
469,TH0012AV/viewpoint_simulated_131_surface0.pcd,Testing,2.0493860244750977,1.9709984064102173,0.07838761806488037
470,TH0012AV/viewpoint_simulated_132_surface0.pcd,Testing,2.0299277305603027,2.024977207183838,0.004950523376464844
471,TH0012AV/viewpoint_simulated_133_surface0.pcd,Testing,2.10508394241333,2.0757882595062256,0.029295682907104492
472,TH0012AV/viewpoint_simulated_134_surface0.pcd,Testing,2.070194721221924,2.071918249130249,0.0017235279083251953
473,TH0012AV/viewpoint_simulated_135_surface0.pcd,Testing,2.1009626388549805,2.0618855953216553,0.039077043533325195
474,TH0012AV/viewpoint_simulated_136_surface0.pcd,Testing,2.073953628540039,2.049290418624878,0.024663209915161133
475,TH0012AV/viewpoint_simulated_137_surface0.pcd,Testing,2.093383550643921,1.9843900203704834,0.1089935302734375
476,TH0012AV/viewpoint_simulated_138_surface0.pcd,Testing,2.004432439804077,1.9952524900436401,0.009179949760437012
477,TH0012AV/viewpoint_simulated_139_surface0.pcd,Testing,2.0455570220947266,2.0295517444610596,0.016005277633666992
478,TH0012AV/viewpoint_simulated_14_surface0.pcd,Testing,2.006021499633789,2.0422370433807373,0.03621554374694824
479,TH0012AV/viewpoint_simulated_140_surface0.pcd,Testing,2.1282804012298584,1.9963018894195557,0.13197851181030273
480,TH0012AV/viewpoint_simulated_141_surface0.pcd,Testing,2.1210756301879883,2.0988543033599854,0.02222132682800293
481,TH0012AV/viewpoint_simulated_142_surface0.pcd,Testing,2.0770270824432373,2.0231220722198486,0.05390501022338867
482,TH0012AV/viewpoint_simulated_143_surface0.pcd,Testing,1.9717937707901,1.9871422052383423,0.015348434448242188
483,TH0012AV/viewpoint_simulated_144_surface0.pcd,Testing,2.003861904144287,1.8624287843704224,0.14143311977386475
484,TH0012AV/viewpoint_simulated_145_surface0.pcd,Testing,2.1218552589416504,1.9814954996109009,0.1403597593307495
485,TH0012AV/viewpoint_simulated_146_surface0.pcd,Testing,1.9770196676254272,2.032120704650879,0.05510103702545166
486,TH0012AV/viewpoint_simulated_147_surface0.pcd,Testing,1.968275547027588,2.0210344791412354,0.05275893211364746
487,TH0012AV/viewpoint_simulated_148_surface0.pcd,Testing,1.918310284614563,1.9642009735107422,0.0458906888961792
488,TH0012AV/viewpoint_simulated_149_surface0.pcd,Testing,1.9713753461837769,1.9690808057785034,0.0022945404052734375
489,TH0012AV/viewpoint_simulated_15_surface0.pcd,Testing,1.958433747291565,1.9593743085861206,0.0009405612945556641
490,TH0012AV/viewpoint_simulated_150_surface0.pcd,Testing,1.9438174962997437,1.9167860746383667,0.027031421661376953
491,TH0012AV/viewpoint_simulated_151_surface0.pcd,Testing,1.926223635673523,1.9016820192337036,0.024541616439819336
492,TH0012AV/viewpoint_simulated_152_surface0.pcd,Testing,2.0238258838653564,1.897297739982605,0.12652814388275146
493,TH0012AV/viewpoint_simulated_153_surface0.pcd,Testing,1.8973562717437744,1.859190821647644,0.03816545009613037
494,TH0012AV/viewpoint_simulated_154_surface0.pcd,Testing,2.0259039402008057,1.8883007764816284,0.13760316371917725
495,TH0012AV/viewpoint_simulated_155_surface0.pcd,Testing,2.0509870052337646,1.8801504373550415,0.17083656787872314
496,TH0012AV/viewpoint_simulated_156_surface0.pcd,Testing,2.146754503250122,1.9542664289474487,0.19248807430267334
497,TH0012AV/viewpoint_simulated_157_surface0.pcd,Testing,2.0756418704986572,2.0390403270721436,0.03660154342651367
498,TH0012AV/viewpoint_simulated_158_surface0.pcd,Testing,2.0370049476623535,2.0324161052703857,0.0045888423919677734
499,TH0012AV/viewpoint_simulated_159_surface0.pcd,Testing,1.9903850555419922,1.9545060396194458,0.03587901592254639
500,TH0012AV/viewpoint_simulated_16_surface0.pcd,Testing,2.043973207473755,1.8854159116744995,0.15855729579925537
501,TH0012AV/viewpoint_simulated_160_surface0.pcd,Testing,2.056379556655884,1.8989856243133545,0.1573939323425293
502,TH0012AV/viewpoint_simulated_161_surface0.pcd,Testing,2.0958030223846436,1.9288718700408936,0.16693115234375
503,TH0012AV/viewpoint_simulated_162_surface0.pcd,Testing,2.0601727962493896,1.947252869606018,0.11291992664337158
504,TH0012AV/viewpoint_simulated_163_surface0.pcd,Testing,1.9747209548950195,1.9146177768707275,0.06010317802429199
505,TH0012AV/viewpoint_simulated_164_surface0.pcd,Testing,2.0001277923583984,1.9032708406448364,0.09685695171356201
506,TH0012AV/viewpoint_simulated_165_surface0.pcd,Testing,2.040837049484253,1.947866678237915,0.09297037124633789
507,TH0012AV/viewpoint_simulated_166_surface0.pcd,Testing,2.009965181350708,1.9486827850341797,0.06128239631652832
508,TH0012AV/viewpoint_simulated_167_surface0.pcd,Testing,2.0276973247528076,1.9310269355773926,0.09667038917541504
509,TH0012AV/viewpoint_simulated_168_surface0.pcd,Testing,1.9184221029281616,2.010225772857666,0.0918036699295044
510,TH0012AV/viewpoint_simulated_169_surface0.pcd,Testing,1.9850893020629883,2.0680296421051025,0.08294034004211426
511,TH0012AV/viewpoint_simulated_17_surface0.pcd,Testing,1.9403833150863647,1.9449983835220337,0.004615068435668945
512,TH0012AV/viewpoint_simulated_170_surface0.pcd,Testing,2.167485237121582,2.0787718296051025,0.08871340751647949
513,TH0012AV/viewpoint_simulated_171_surface0.pcd,Testing,2.0621237754821777,1.9599429368972778,0.1021808385848999
514,TH0012AV/viewpoint_simulated_172_surface0.pcd,Testing,2.0493650436401367,1.8723658323287964,0.17699921131134033
515,TH0012AV/viewpoint_simulated_173_surface0.pcd,Testing,2.103534698486328,1.952138900756836,0.1513957977294922
516,TH0012AV/viewpoint_simulated_174_surface0.pcd,Testing,2.0185158252716064,1.939827799797058,0.07868802547454834
517,TH0012AV/viewpoint_simulated_175_surface0.pcd,Testing,1.9365644454956055,1.9112049341201782,0.025359511375427246
518,TH0012AV/viewpoint_simulated_176_surface0.pcd,Testing,1.9586496353149414,1.896976113319397,0.061673521995544434
519,TH0012AV/viewpoint_simulated_177_surface0.pcd,Testing,1.9798176288604736,1.9673227071762085,0.012494921684265137
520,TH0012AV/viewpoint_simulated_178_surface0.pcd,Testing,1.98542320728302,1.9760619401931763,0.00936126708984375
521,TH0012AV/viewpoint_simulated_179_surface0.pcd,Testing,1.9698318243026733,1.9061676263809204,0.06366419792175293
522,TH0012AV/viewpoint_simulated_18_surface0.pcd,Testing,2.0333402156829834,1.9554749727249146,0.07786524295806885
523,TH0012AV/viewpoint_simulated_180_surface0.pcd,Testing,1.9652053117752075,2.0334372520446777,0.06823194026947021
524,TH0012AV/viewpoint_simulated_181_surface0.pcd,Testing,1.958429217338562,2.0645511150360107,0.10612189769744873
525,TH0012AV/viewpoint_simulated_182_surface0.pcd,Testing,2.017834186553955,2.0781986713409424,0.060364484786987305
526,TH0012AV/viewpoint_simulated_183_surface0.pcd,Testing,2.0587894916534424,1.9213571548461914,0.13743233680725098
527,TH0012AV/viewpoint_simulated_184_surface0.pcd,Testing,2.017294406890869,1.9333809614181519,0.08391344547271729
528,TH0012AV/viewpoint_simulated_185_surface0.pcd,Testing,2.110595226287842,1.963005542755127,0.14758968353271484
529,TH0012AV/viewpoint_simulated_186_surface0.pcd,Testing,2.0159051418304443,1.9284192323684692,0.0874859094619751
530,TH0012AV/viewpoint_simulated_187_surface0.pcd,Testing,1.8979531526565552,1.897574543952942,0.00037860870361328125
531,TH0012AV/viewpoint_simulated_188_surface0.pcd,Testing,2.009305953979492,1.887542486190796,0.12176346778869629
532,TH0012AV/viewpoint_simulated_189_surface0.pcd,Testing,2.094778299331665,1.974902868270874,0.11987543106079102
533,TH0012AV/viewpoint_simulated_19_surface0.pcd,Testing,2.092219591140747,1.8935519456863403,0.19866764545440674
534,TH0012AV/viewpoint_simulated_190_surface0.pcd,Testing,2.1375818252563477,2.0211341381073,0.11644768714904785
535,TH0012AV/viewpoint_simulated_191_surface0.pcd,Testing,1.8469797372817993,1.912471890449524,0.06549215316772461
536,TH0012AV/viewpoint_simulated_192_surface0.pcd,Testing,2.0095813274383545,2.0329694747924805,0.023388147354125977
537,TH0012AV/viewpoint_simulated_193_surface0.pcd,Testing,2.0489115715026855,2.065957546234131,0.017045974731445312
538,TH0012AV/viewpoint_simulated_194_surface0.pcd,Testing,2.0292046070098877,2.0579721927642822,0.02876758575439453
539,TH0012AV/viewpoint_simulated_195_surface0.pcd,Testing,2.082625389099121,1.9822627305984497,0.10036265850067139
540,TH0012AV/viewpoint_simulated_196_surface0.pcd,Testing,1.9588342905044556,1.991489052772522,0.032654762268066406
541,TH0012AV/viewpoint_simulated_197_surface0.pcd,Testing,2.015281915664673,1.9777212142944336,0.03756070137023926
542,TH0012AV/viewpoint_simulated_198_surface0.pcd,Testing,1.9543246030807495,1.9867562055587769,0.032431602478027344
543,TH0012AV/viewpoint_simulated_199_surface0.pcd,Testing,1.9353079795837402,1.9362900257110596,0.000982046127319336
544,TH0012AV/viewpoint_simulated_2_surface0.pcd,Testing,2.011104106903076,2.043480157852173,0.03237605094909668
545,TH0012AV/viewpoint_simulated_20_surface0.pcd,Testing,1.992570161819458,1.8943322896957397,0.09823787212371826
546,TH0012AV/viewpoint_simulated_200_surface0.pcd,Testing,2.088574171066284,1.9362564086914062,0.15231776237487793
547,TH0012AV/viewpoint_simulated_201_surface0.pcd,Testing,1.9909615516662598,2.020265817642212,0.02930426597595215
548,TH0012AV/viewpoint_simulated_202_surface0.pcd,Testing,2.0903894901275635,2.0390987396240234,0.05129075050354004
549,TH0012AV/viewpoint_simulated_203_surface0.pcd,Testing,2.047168016433716,1.965715765953064,0.08145225048065186
550,TH0012AV/viewpoint_simulated_204_surface0.pcd,Testing,2.1053264141082764,2.030369520187378,0.07495689392089844
551,TH0012AV/viewpoint_simulated_205_surface0.pcd,Testing,2.0259883403778076,2.082801580429077,0.05681324005126953
552,TH0012AV/viewpoint_simulated_206_surface0.pcd,Testing,2.1925930976867676,2.085697889328003,0.10689520835876465
553,TH0012AV/viewpoint_simulated_207_surface0.pcd,Testing,2.3027610778808594,2.06620454788208,0.2365565299987793
554,TH0012AV/viewpoint_simulated_208_surface0.pcd,Testing,2.097834587097168,2.068072557449341,0.02976202964782715
555,TH0012AV/viewpoint_simulated_209_surface0.pcd,Testing,2.027169704437256,1.9797731637954712,0.04739654064178467
556,TH0012AV/viewpoint_simulated_21_surface0.pcd,Testing,2.104191780090332,1.9037859439849854,0.20040583610534668
557,TH0012AV/viewpoint_simulated_210_surface0.pcd,Testing,2.0500717163085938,2.0004823207855225,0.04958939552307129
558,TH0012AV/viewpoint_simulated_211_surface0.pcd,Testing,2.10664701461792,2.037184238433838,0.06946277618408203
559,TH0012AV/viewpoint_simulated_212_surface0.pcd,Testing,2.081014394760132,2.004134178161621,0.07688021659851074
560,TH0012AV/viewpoint_simulated_213_surface0.pcd,Testing,2.096784830093384,2.0909502506256104,0.0058345794677734375
561,TH0012AV/viewpoint_simulated_214_surface0.pcd,Testing,2.035421848297119,2.0316147804260254,0.00380706787109375
562,TH0012AV/viewpoint_simulated_215_surface0.pcd,Testing,2.11578369140625,1.9881349802017212,0.1276487112045288
563,TH0012AV/viewpoint_simulated_22_surface0.pcd,Testing,1.9115713834762573,1.9388633966445923,0.02729201316833496
564,TH0012AV/viewpoint_simulated_23_surface0.pcd,Testing,1.9594992399215698,1.9305506944656372,0.028948545455932617
565,TH0012AV/viewpoint_simulated_24_surface0.pcd,Testing,2.03277587890625,2.01285982131958,0.019916057586669922
566,TH0012AV/viewpoint_simulated_25_surface0.pcd,Testing,1.9221668243408203,2.057288408279419,0.13512158393859863
567,TH0012AV/viewpoint_simulated_26_surface0.pcd,Testing,1.9325116872787476,2.076326370239258,0.14381468296051025
568,TH0012AV/viewpoint_simulated_27_surface0.pcd,Testing,1.952591061592102,1.9441429376602173,0.008448123931884766
569,TH0012AV/viewpoint_simulated_28_surface0.pcd,Testing,1.954513430595398,1.873733639717102,0.0807797908782959
570,TH0012AV/viewpoint_simulated_29_surface0.pcd,Testing,1.9955514669418335,1.9383485317230225,0.057202935218811035
571,TH0012AV/viewpoint_simulated_3_surface0.pcd,Testing,1.9516007900238037,2.010957956314087,0.0593571662902832
572,TH0012AV/viewpoint_simulated_30_surface0.pcd,Testing,1.933882236480713,1.91934072971344,0.01454150676727295
573,TH0012AV/viewpoint_simulated_31_surface0.pcd,Testing,1.9674025774002075,1.8986917734146118,0.0687108039855957
574,TH0012AV/viewpoint_simulated_32_surface0.pcd,Testing,1.896821141242981,1.860095739364624,0.036725401878356934
575,TH0012AV/viewpoint_simulated_33_surface0.pcd,Testing,2.10330867767334,1.97268545627594,0.1306232213973999
576,TH0012AV/viewpoint_simulated_34_surface0.pcd,Testing,2.0971839427948,2.0047802925109863,0.09240365028381348
577,TH0012AV/viewpoint_simulated_35_surface0.pcd,Testing,1.9137593507766724,1.921898365020752,0.00813901424407959
578,TH0012AV/viewpoint_simulated_36_surface0.pcd,Testing,1.9890310764312744,2.042252779006958,0.053221702575683594
579,TH0012AV/viewpoint_simulated_37_surface0.pcd,Testing,2.0751492977142334,2.0529212951660156,0.022228002548217773
580,TH0012AV/viewpoint_simulated_38_surface0.pcd,Testing,2.0123367309570312,2.052912950515747,0.04057621955871582
581,TH0012AV/viewpoint_simulated_39_surface0.pcd,Testing,2.1267035007476807,1.9937381744384766,0.1329653263092041
582,TH0012AV/viewpoint_simulated_4_surface0.pcd,Testing,1.9110684394836426,1.959070086479187,0.048001646995544434
583,TH0012AV/viewpoint_simulated_40_surface0.pcd,Testing,2.0932562351226807,1.9251527786254883,0.16810345649719238
584,TH0012AV/viewpoint_simulated_41_surface0.pcd,Testing,1.9690592288970947,1.951682448387146,0.01737678050994873
585,TH0012AV/viewpoint_simulated_42_surface0.pcd,Testing,2.1210286617279053,1.9450336694717407,0.17599499225616455
586,TH0012AV/viewpoint_simulated_43_surface0.pcd,Testing,2.021073818206787,1.8935091495513916,0.1275646686553955
587,TH0012AV/viewpoint_simulated_44_surface0.pcd,Testing,2.0442416667938232,1.897124171257019,0.1471174955368042
588,TH0012AV/viewpoint_simulated_45_surface0.pcd,Testing,2.0737059116363525,1.9887759685516357,0.0849299430847168
589,TH0012AV/viewpoint_simulated_46_surface0.pcd,Testing,1.9943082332611084,2.0266454219818115,0.032337188720703125
590,TH0012AV/viewpoint_simulated_47_surface0.pcd,Testing,1.9753968715667725,1.9456509351730347,0.029745936393737793
591,TH0012AV/viewpoint_simulated_48_surface0.pcd,Testing,2.0188260078430176,2.0178287029266357,0.000997304916381836
592,TH0012AV/viewpoint_simulated_49_surface0.pcd,Testing,2.1368865966796875,2.0675065517425537,0.06938004493713379
593,TH0012AV/viewpoint_simulated_5_surface0.pcd,Testing,1.9003714323043823,1.9581776857376099,0.05780625343322754
594,TH0012AV/viewpoint_simulated_50_surface0.pcd,Testing,2.0000033378601074,2.0566155910491943,0.056612253189086914
595,TH0012AV/viewpoint_simulated_51_surface0.pcd,Testing,1.9979394674301147,1.9788379669189453,0.019101500511169434
596,TH0012AV/viewpoint_simulated_52_surface0.pcd,Testing,2.0878729820251465,2.0034055709838867,0.08446741104125977
597,TH0012AV/viewpoint_simulated_53_surface0.pcd,Testing,2.001075029373169,1.940901756286621,0.06017327308654785
598,TH0012AV/viewpoint_simulated_54_surface0.pcd,Testing,2.111616611480713,1.9893826246261597,0.12223398685455322
599,TH0012AV/viewpoint_simulated_55_surface0.pcd,Testing,1.9934426546096802,1.9209537506103516,0.07248890399932861
600,TH0012AV/viewpoint_simulated_56_surface0.pcd,Testing,2.0962750911712646,1.915738821029663,0.18053627014160156
601,TH0012AV/viewpoint_simulated_57_surface0.pcd,Testing,1.9818495512008667,2.0513505935668945,0.06950104236602783
602,TH0012AV/viewpoint_simulated_58_surface0.pcd,Testing,2.0070624351501465,2.026031970977783,0.01896953582763672
603,TH0012AV/viewpoint_simulated_59_surface0.pcd,Testing,2.1009483337402344,1.98214590549469,0.11880242824554443
604,TH0012AV/viewpoint_simulated_6_surface0.pcd,Testing,2.0195062160491943,1.9275158643722534,0.09199035167694092
605,TH0012AV/viewpoint_simulated_60_surface0.pcd,Testing,2.0105926990509033,2.040120840072632,0.029528141021728516
606,TH0012AV/viewpoint_simulated_61_surface0.pcd,Testing,2.0004611015319824,2.082369327545166,0.0819082260131836
607,TH0012AV/viewpoint_simulated_62_surface0.pcd,Testing,1.9393303394317627,2.0808184146881104,0.14148807525634766
608,TH0012AV/viewpoint_simulated_63_surface0.pcd,Testing,2.0362279415130615,2.063217878341675,0.02698993682861328
609,TH0012AV/viewpoint_simulated_64_surface0.pcd,Testing,2.1672110557556152,2.062234401702881,0.10497665405273438
610,TH0012AV/viewpoint_simulated_65_surface0.pcd,Testing,2.1923937797546387,1.9823417663574219,0.2100520133972168
611,TH0012AV/viewpoint_simulated_66_surface0.pcd,Testing,2.0158989429473877,2.0009827613830566,0.014916181564331055
612,TH0012AV/viewpoint_simulated_67_surface0.pcd,Testing,2.046726942062378,2.0492238998413086,0.002496957778930664
613,TH0012AV/viewpoint_simulated_68_surface0.pcd,Testing,1.9402658939361572,1.9993022680282593,0.05903637409210205
614,TH0012AV/viewpoint_simulated_69_surface0.pcd,Testing,1.9862313270568848,2.0979719161987305,0.1117405891418457
615,TH0012AV/viewpoint_simulated_7_surface0.pcd,Testing,2.004305124282837,1.922264814376831,0.08204030990600586
616,TH0012AV/viewpoint_simulated_70_surface0.pcd,Testing,2.1181223392486572,2.010721206665039,0.10740113258361816
617,TH0012AV/viewpoint_simulated_71_surface0.pcd,Testing,2.1324946880340576,2.01424503326416,0.11824965476989746
618,TH0012AV/viewpoint_simulated_72_surface0.pcd,Testing,2.1681041717529297,1.8919464349746704,0.2761577367782593
619,TH0012AV/viewpoint_simulated_73_surface0.pcd,Testing,1.9632704257965088,1.9996191263198853,0.036348700523376465
620,TH0012AV/viewpoint_simulated_74_surface0.pcd,Testing,1.9738095998764038,2.042745351791382,0.06893575191497803
621,TH0012AV/viewpoint_simulated_75_surface0.pcd,Testing,2.055957794189453,2.016958236694336,0.03899955749511719
622,TH0012AV/viewpoint_simulated_76_surface0.pcd,Testing,1.99386465549469,1.973125696182251,0.020738959312438965
623,TH0012AV/viewpoint_simulated_77_surface0.pcd,Testing,1.906822919845581,1.943658709526062,0.03683578968048096
624,TH0012AV/viewpoint_simulated_78_surface0.pcd,Testing,2.0202271938323975,1.9149084091186523,0.10531878471374512
625,TH0012AV/viewpoint_simulated_79_surface0.pcd,Testing,2.1151998043060303,1.9132617712020874,0.20193803310394287
626,TH0012AV/viewpoint_simulated_8_surface0.pcd,Testing,2.0885207653045654,1.889647364616394,0.1988734006881714
627,TH0012AV/viewpoint_simulated_80_surface0.pcd,Testing,1.9398242235183716,1.8921548128128052,0.047669410705566406
628,TH0012AV/viewpoint_simulated_81_surface0.pcd,Testing,1.9209340810775757,1.8618203401565552,0.05911374092102051
629,TH0012AV/viewpoint_simulated_82_surface0.pcd,Testing,2.003499746322632,1.8693181276321411,0.13418161869049072
630,TH0012AV/viewpoint_simulated_83_surface0.pcd,Testing,2.072371244430542,1.9214231967926025,0.15094804763793945
631,TH0012AV/viewpoint_simulated_84_surface0.pcd,Testing,2.0307278633117676,1.948967695236206,0.08176016807556152
632,TH0012AV/viewpoint_simulated_85_surface0.pcd,Testing,2.0384600162506104,2.040113687515259,0.0016536712646484375
633,TH0012AV/viewpoint_simulated_86_surface0.pcd,Testing,2.0146169662475586,2.0367047786712646,0.022087812423706055
634,TH0012AV/viewpoint_simulated_87_surface0.pcd,Testing,2.0195095539093018,1.947595477104187,0.07191407680511475
635,TH0012AV/viewpoint_simulated_88_surface0.pcd,Testing,2.0411720275878906,1.9036026000976562,0.13756942749023438
636,TH0012AV/viewpoint_simulated_89_surface0.pcd,Testing,1.9696910381317139,1.9407589435577393,0.02893209457397461
637,TH0012AV/viewpoint_simulated_9_surface0.pcd,Testing,1.9018205404281616,1.8653500080108643,0.03647053241729736
638,TH0012AV/viewpoint_simulated_90_surface0.pcd,Testing,2.0021204948425293,1.9436410665512085,0.0584794282913208
639,TH0012AV/viewpoint_simulated_91_surface0.pcd,Testing,1.9682347774505615,1.9167356491088867,0.051499128341674805
640,TH0012AV/viewpoint_simulated_92_surface0.pcd,Testing,2.0317723751068115,1.9120889902114868,0.11968338489532471
641,TH0012AV/viewpoint_simulated_93_surface0.pcd,Testing,2.038559913635254,1.9335308074951172,0.10502910614013672
642,TH0012AV/viewpoint_simulated_94_surface0.pcd,Testing,2.0617387294769287,1.9502941370010376,0.11144459247589111
643,TH0012AV/viewpoint_simulated_95_surface0.pcd,Testing,1.9293230772018433,1.9362053871154785,0.006882309913635254
644,TH0012AV/viewpoint_simulated_96_surface0.pcd,Testing,2.015258550643921,2.0154290199279785,0.0001704692840576172
645,TH0012AV/viewpoint_simulated_97_surface0.pcd,Testing,2.0277395248413086,2.0482306480407715,0.02049112319946289
646,TH0012AV/viewpoint_simulated_98_surface0.pcd,Testing,1.9858442544937134,2.073791742324829,0.08794748783111572
647,TH0012AV/viewpoint_simulated_99_surface0.pcd,Testing,1.91963791847229,1.9636160135269165,0.043978095054626465
648,TH0012AV/viewpoint_simulated_0_surface1.pcd,Testing,2.2450833320617676,2.4069766998291016,0.16189336776733398
649,TH0012AV/viewpoint_simulated_1_surface1.pcd,Testing,2.2304186820983887,2.401545763015747,0.1711270809173584
650,TH0012AV/viewpoint_simulated_10_surface1.pcd,Testing,2.25040864944458,2.275569438934326,0.025160789489746094
651,TH0012AV/viewpoint_simulated_100_surface1.pcd,Testing,2.284881830215454,2.0907680988311768,0.19411373138427734
652,TH0012AV/viewpoint_simulated_101_surface1.pcd,Testing,2.3237924575805664,2.030778169631958,0.2930142879486084
653,TH0012AV/viewpoint_simulated_102_surface1.pcd,Testing,2.239672899246216,2.118128538131714,0.12154436111450195
654,TH0012AV/viewpoint_simulated_103_surface1.pcd,Testing,2.1765265464782715,2.1164016723632812,0.060124874114990234
655,TH0012AV/viewpoint_simulated_104_surface1.pcd,Testing,2.1616148948669434,2.073051929473877,0.0885629653930664
656,TH0012AV/viewpoint_simulated_105_surface1.pcd,Testing,2.18892765045166,2.1449100971221924,0.04401755332946777
657,TH0012AV/viewpoint_simulated_106_surface1.pcd,Testing,2.310201406478882,2.1265573501586914,0.18364405632019043
658,TH0012AV/viewpoint_simulated_107_surface1.pcd,Testing,2.242192268371582,2.1786489486694336,0.06354331970214844
659,TH0012AV/viewpoint_simulated_108_surface1.pcd,Testing,2.2930266857147217,2.1034889221191406,0.18953776359558105
660,TH0012AV/viewpoint_simulated_109_surface1.pcd,Testing,2.2844948768615723,2.0474917888641357,0.23700308799743652
661,TH0012AV/viewpoint_simulated_11_surface1.pcd,Testing,2.394214630126953,2.3003129959106445,0.0939016342163086
662,TH0012AV/viewpoint_simulated_110_surface1.pcd,Testing,2.245770215988159,2.0931379795074463,0.1526322364807129
663,TH0012AV/viewpoint_simulated_111_surface1.pcd,Testing,2.2320635318756104,2.09405517578125,0.13800835609436035
664,TH0012AV/viewpoint_simulated_112_surface1.pcd,Testing,2.420562267303467,2.0662219524383545,0.3543403148651123
665,TH0012AV/viewpoint_simulated_113_surface1.pcd,Testing,2.288104295730591,1.9976829290390015,0.29042136669158936
666,TH0012AV/viewpoint_simulated_114_surface1.pcd,Testing,2.1892807483673096,2.117337703704834,0.07194304466247559
667,TH0012AV/viewpoint_simulated_115_surface1.pcd,Testing,2.2586960792541504,2.114795446395874,0.14390063285827637
668,TH0012AV/viewpoint_simulated_116_surface1.pcd,Testing,2.3047966957092285,2.0458602905273438,0.25893640518188477
669,TH0012AV/viewpoint_simulated_117_surface1.pcd,Testing,2.27142596244812,2.0795772075653076,0.1918487548828125
670,TH0012AV/viewpoint_simulated_118_surface1.pcd,Testing,2.322876453399658,2.061851978302002,0.26102447509765625
671,TH0012AV/viewpoint_simulated_119_surface1.pcd,Testing,2.3803162574768066,2.1868574619293213,0.19345879554748535
672,TH0012AV/viewpoint_simulated_12_surface1.pcd,Testing,2.168691873550415,2.237440347671509,0.06874847412109375
673,TH0012AV/viewpoint_simulated_120_surface1.pcd,Testing,2.206394672393799,2.1356723308563232,0.07072234153747559
674,TH0012AV/viewpoint_simulated_121_surface1.pcd,Testing,2.2183451652526855,2.0500123500823975,0.16833281517028809
675,TH0012AV/viewpoint_simulated_122_surface1.pcd,Testing,2.280745506286621,2.0723230838775635,0.20842242240905762
676,TH0012AV/viewpoint_simulated_123_surface1.pcd,Testing,2.171269178390503,2.100348711013794,0.07092046737670898
677,TH0012AV/viewpoint_simulated_124_surface1.pcd,Testing,2.3418872356414795,2.0533664226531982,0.28852081298828125
678,TH0012AV/viewpoint_simulated_125_surface1.pcd,Testing,2.32562255859375,2.0386316776275635,0.2869908809661865
679,TH0012AV/viewpoint_simulated_126_surface1.pcd,Testing,2.2727949619293213,2.1165313720703125,0.1562635898590088
680,TH0012AV/viewpoint_simulated_127_surface1.pcd,Testing,2.3155689239501953,2.1171677112579346,0.19840121269226074
681,TH0012AV/viewpoint_simulated_128_surface1.pcd,Testing,2.231938362121582,2.05965256690979,0.172285795211792
682,TH0012AV/viewpoint_simulated_129_surface1.pcd,Testing,2.1918842792510986,2.057673931121826,0.13421034812927246
683,TH0012AV/viewpoint_simulated_13_surface1.pcd,Testing,2.127767562866211,2.092381238937378,0.03538632392883301
684,TH0012AV/viewpoint_simulated_130_surface1.pcd,Testing,2.2948641777038574,2.0342226028442383,0.26064157485961914
685,TH0012AV/viewpoint_simulated_131_surface1.pcd,Testing,2.3114748001098633,2.120720624923706,0.19075417518615723
686,TH0012AV/viewpoint_simulated_132_surface1.pcd,Testing,2.179734468460083,2.126847267150879,0.0528872013092041
687,TH0012AV/viewpoint_simulated_133_surface1.pcd,Testing,2.3007895946502686,2.054767370223999,0.24602222442626953
688,TH0012AV/viewpoint_simulated_134_surface1.pcd,Testing,2.276073694229126,2.046443462371826,0.2296302318572998
689,TH0012AV/viewpoint_simulated_135_surface1.pcd,Testing,2.285525321960449,2.0954174995422363,0.1901078224182129
690,TH0012AV/viewpoint_simulated_136_surface1.pcd,Testing,2.2850422859191895,2.0316946506500244,0.25334763526916504
691,TH0012AV/viewpoint_simulated_137_surface1.pcd,Testing,2.2163279056549072,2.080134868621826,0.13619303703308105
692,TH0012AV/viewpoint_simulated_138_surface1.pcd,Testing,2.2033960819244385,2.095259428024292,0.10813665390014648
693,TH0012AV/viewpoint_simulated_139_surface1.pcd,Testing,2.2806670665740967,2.099848985671997,0.1808180809020996
694,TH0012AV/viewpoint_simulated_14_surface1.pcd,Testing,2.1915061473846436,2.20660662651062,0.015100479125976562
695,TH0012AV/viewpoint_simulated_140_surface1.pcd,Testing,2.369278907775879,2.062822103500366,0.3064568042755127
696,TH0012AV/viewpoint_simulated_141_surface1.pcd,Testing,2.178312063217163,2.099419593811035,0.07889246940612793
697,TH0012AV/viewpoint_simulated_142_surface1.pcd,Testing,2.340982675552368,2.0853078365325928,0.2556748390197754
698,TH0012AV/viewpoint_simulated_143_surface1.pcd,Testing,2.2675085067749023,2.079578161239624,0.18793034553527832
699,TH0012AV/viewpoint_simulated_144_surface1.pcd,Testing,2.241760730743408,2.428837299346924,0.18707656860351562
700,TH0012AV/viewpoint_simulated_145_surface1.pcd,Testing,2.2848610877990723,2.281773805618286,0.003087282180786133
701,TH0012AV/viewpoint_simulated_146_surface1.pcd,Testing,2.186616897583008,2.339588165283203,0.1529712677001953
702,TH0012AV/viewpoint_simulated_147_surface1.pcd,Testing,2.235874652862549,2.353321075439453,0.1174464225769043
703,TH0012AV/viewpoint_simulated_148_surface1.pcd,Testing,2.1956076622009277,2.192295789718628,0.0033118724822998047
704,TH0012AV/viewpoint_simulated_149_surface1.pcd,Testing,2.1339328289031982,2.300245523452759,0.16631269454956055
705,TH0012AV/viewpoint_simulated_15_surface1.pcd,Testing,2.2758049964904785,2.180934429168701,0.09487056732177734
706,TH0012AV/viewpoint_simulated_150_surface1.pcd,Testing,2.213505744934082,2.2500720024108887,0.03656625747680664
707,TH0012AV/viewpoint_simulated_151_surface1.pcd,Testing,2.235642194747925,2.230598211288452,0.005043983459472656
708,TH0012AV/viewpoint_simulated_152_surface1.pcd,Testing,2.2529492378234863,2.2570455074310303,0.004096269607543945
709,TH0012AV/viewpoint_simulated_153_surface1.pcd,Testing,2.203904151916504,2.294828176498413,0.09092402458190918
710,TH0012AV/viewpoint_simulated_154_surface1.pcd,Testing,2.3078341484069824,2.257262706756592,0.050571441650390625
711,TH0012AV/viewpoint_simulated_155_surface1.pcd,Testing,2.2387287616729736,2.281712293624878,0.0429835319519043
712,TH0012AV/viewpoint_simulated_156_surface1.pcd,Testing,2.191744089126587,2.2146103382110596,0.022866249084472656
713,TH0012AV/viewpoint_simulated_157_surface1.pcd,Testing,2.171858310699463,2.048743963241577,0.12311434745788574
714,TH0012AV/viewpoint_simulated_158_surface1.pcd,Testing,2.1571097373962402,2.217768907546997,0.060659170150756836
715,TH0012AV/viewpoint_simulated_159_surface1.pcd,Testing,2.274526357650757,2.2393057346343994,0.03522062301635742
716,TH0012AV/viewpoint_simulated_16_surface1.pcd,Testing,2.3197274208068848,2.031423807144165,0.2883036136627197
717,TH0012AV/viewpoint_simulated_160_surface1.pcd,Testing,2.225832939147949,2.1047518253326416,0.12108111381530762
718,TH0012AV/viewpoint_simulated_161_surface1.pcd,Testing,2.269770383834839,2.0601894855499268,0.2095808982849121
719,TH0012AV/viewpoint_simulated_162_surface1.pcd,Testing,2.2934939861297607,2.1027543544769287,0.19073963165283203
720,TH0012AV/viewpoint_simulated_163_surface1.pcd,Testing,2.2165920734405518,2.141141176223755,0.07545089721679688
721,TH0012AV/viewpoint_simulated_164_surface1.pcd,Testing,2.1231818199157715,2.1357901096343994,0.01260828971862793
722,TH0012AV/viewpoint_simulated_165_surface1.pcd,Testing,2.158247470855713,2.1879143714904785,0.029666900634765625
723,TH0012AV/viewpoint_simulated_166_surface1.pcd,Testing,2.098287582397461,2.161654233932495,0.06336665153503418
724,TH0012AV/viewpoint_simulated_167_surface1.pcd,Testing,2.334714412689209,2.164459466934204,0.17025494575500488
725,TH0012AV/viewpoint_simulated_168_surface1.pcd,Testing,2.1106784343719482,2.132314443588257,0.021636009216308594
726,TH0012AV/viewpoint_simulated_169_surface1.pcd,Testing,2.1735782623291016,2.020944118499756,0.1526341438293457
727,TH0012AV/viewpoint_simulated_17_surface1.pcd,Testing,2.1985104084014893,2.1608400344848633,0.03767037391662598
728,TH0012AV/viewpoint_simulated_170_surface1.pcd,Testing,2.239025115966797,2.122678279876709,0.11634683609008789
729,TH0012AV/viewpoint_simulated_171_surface1.pcd,Testing,2.0936076641082764,2.115743637084961,0.02213597297668457
730,TH0012AV/viewpoint_simulated_172_surface1.pcd,Testing,2.227327823638916,2.0918538570404053,0.13547396659851074
731,TH0012AV/viewpoint_simulated_173_surface1.pcd,Testing,2.2221946716308594,2.022824287414551,0.1993703842163086
732,TH0012AV/viewpoint_simulated_174_surface1.pcd,Testing,2.1779098510742188,2.0825204849243164,0.09538936614990234
733,TH0012AV/viewpoint_simulated_175_surface1.pcd,Testing,2.2894651889801025,2.1098716259002686,0.17959356307983398
734,TH0012AV/viewpoint_simulated_176_surface1.pcd,Testing,2.1974411010742188,2.0839264392852783,0.11351466178894043
735,TH0012AV/viewpoint_simulated_177_surface1.pcd,Testing,2.307126998901367,2.129551410675049,0.17757558822631836
736,TH0012AV/viewpoint_simulated_178_surface1.pcd,Testing,2.2659285068511963,2.125382661819458,0.14054584503173828
737,TH0012AV/viewpoint_simulated_179_surface1.pcd,Testing,2.2056007385253906,2.1862356662750244,0.01936507225036621
738,TH0012AV/viewpoint_simulated_18_surface1.pcd,Testing,2.2105424404144287,2.152773380279541,0.057769060134887695
739,TH0012AV/viewpoint_simulated_180_surface1.pcd,Testing,2.2087769508361816,2.117213010787964,0.09156394004821777
740,TH0012AV/viewpoint_simulated_181_surface1.pcd,Testing,2.208933115005493,2.049222469329834,0.15971064567565918
741,TH0012AV/viewpoint_simulated_182_surface1.pcd,Testing,2.301420211791992,2.1066911220550537,0.19472908973693848
742,TH0012AV/viewpoint_simulated_183_surface1.pcd,Testing,2.2594337463378906,2.084930181503296,0.17450356483459473
743,TH0012AV/viewpoint_simulated_184_surface1.pcd,Testing,2.3768727779388428,2.0700576305389404,0.30681514739990234
744,TH0012AV/viewpoint_simulated_185_surface1.pcd,Testing,2.2107181549072266,2.0032691955566406,0.20744895935058594
745,TH0012AV/viewpoint_simulated_186_surface1.pcd,Testing,2.3848953247070312,2.0599029064178467,0.32499241828918457
746,TH0012AV/viewpoint_simulated_187_surface1.pcd,Testing,2.1384434700012207,2.1107289791107178,0.02771449089050293
747,TH0012AV/viewpoint_simulated_188_surface1.pcd,Testing,2.3494818210601807,2.062818765640259,0.2866630554199219
748,TH0012AV/viewpoint_simulated_189_surface1.pcd,Testing,2.1307177543640137,2.107699155807495,0.023018598556518555
749,TH0012AV/viewpoint_simulated_19_surface1.pcd,Testing,2.249458074569702,2.1334054470062256,0.11605262756347656
750,TH0012AV/viewpoint_simulated_190_surface1.pcd,Testing,2.3037288188934326,2.0630900859832764,0.24063873291015625
751,TH0012AV/viewpoint_simulated_191_surface1.pcd,Testing,2.4099698066711426,2.1371092796325684,0.2728605270385742
752,TH0012AV/viewpoint_simulated_192_surface1.pcd,Testing,2.131767988204956,2.093606472015381,0.038161516189575195
753,TH0012AV/viewpoint_simulated_193_surface1.pcd,Testing,2.4402315616607666,2.060129165649414,0.38010239601135254
754,TH0012AV/viewpoint_simulated_194_surface1.pcd,Testing,2.180649518966675,2.080186128616333,0.1004633903503418
755,TH0012AV/viewpoint_simulated_195_surface1.pcd,Testing,2.2980594635009766,2.0901801586151123,0.20787930488586426
756,TH0012AV/viewpoint_simulated_196_surface1.pcd,Testing,2.4094595909118652,2.0523383617401123,0.35712122917175293
757,TH0012AV/viewpoint_simulated_197_surface1.pcd,Testing,2.370966672897339,2.028796672821045,0.34217000007629395
758,TH0012AV/viewpoint_simulated_198_surface1.pcd,Testing,2.2141411304473877,2.098407030105591,0.11573410034179688
759,TH0012AV/viewpoint_simulated_199_surface1.pcd,Testing,2.2318878173828125,2.122377634048462,0.10951018333435059
760,TH0012AV/viewpoint_simulated_2_surface1.pcd,Testing,2.2371747493743896,2.4078662395477295,0.17069149017333984
761,TH0012AV/viewpoint_simulated_20_surface1.pcd,Testing,2.1828420162200928,2.1141037940979004,0.06873822212219238
762,TH0012AV/viewpoint_simulated_200_surface1.pcd,Testing,2.250868558883667,2.0510504245758057,0.19981813430786133
763,TH0012AV/viewpoint_simulated_201_surface1.pcd,Testing,2.3647360801696777,2.0736243724823,0.29111170768737793
764,TH0012AV/viewpoint_simulated_202_surface1.pcd,Testing,2.303948163986206,2.0525429248809814,0.2514052391052246
765,TH0012AV/viewpoint_simulated_203_surface1.pcd,Testing,2.163141965866089,2.1249747276306152,0.03816723823547363
766,TH0012AV/viewpoint_simulated_204_surface1.pcd,Testing,2.1884050369262695,2.0856173038482666,0.10278773307800293
767,TH0012AV/viewpoint_simulated_205_surface1.pcd,Testing,2.2675588130950928,2.055351495742798,0.21220731735229492
768,TH0012AV/viewpoint_simulated_206_surface1.pcd,Testing,2.157364845275879,2.0341928005218506,0.12317204475402832
769,TH0012AV/viewpoint_simulated_207_surface1.pcd,Testing,2.1703176498413086,2.1099791526794434,0.060338497161865234
770,TH0012AV/viewpoint_simulated_208_surface1.pcd,Testing,2.341485023498535,2.0235836505889893,0.3179013729095459
771,TH0012AV/viewpoint_simulated_209_surface1.pcd,Testing,2.201831102371216,2.0483407974243164,0.15349030494689941
772,TH0012AV/viewpoint_simulated_21_surface1.pcd,Testing,2.1588451862335205,2.1575775146484375,0.0012676715850830078
773,TH0012AV/viewpoint_simulated_210_surface1.pcd,Testing,2.209129810333252,2.0630083084106445,0.14612150192260742
774,TH0012AV/viewpoint_simulated_211_surface1.pcd,Testing,2.2865164279937744,2.119814395904541,0.1667020320892334
775,TH0012AV/viewpoint_simulated_212_surface1.pcd,Testing,2.3476645946502686,2.0575168132781982,0.2901477813720703
776,TH0012AV/viewpoint_simulated_213_surface1.pcd,Testing,2.225167989730835,2.097012519836426,0.12815546989440918
777,TH0012AV/viewpoint_simulated_214_surface1.pcd,Testing,2.3156590461730957,2.0825138092041016,0.23314523696899414
778,TH0012AV/viewpoint_simulated_215_surface1.pcd,Testing,2.3035855293273926,2.0736045837402344,0.2299809455871582
779,TH0012AV/viewpoint_simulated_22_surface1.pcd,Testing,2.3110251426696777,2.1309163570404053,0.18010878562927246
780,TH0012AV/viewpoint_simulated_23_surface1.pcd,Testing,2.1018221378326416,2.1723220348358154,0.07049989700317383
781,TH0012AV/viewpoint_simulated_24_surface1.pcd,Testing,2.321923017501831,2.1584537029266357,0.1634693145751953
782,TH0012AV/viewpoint_simulated_25_surface1.pcd,Testing,2.1506431102752686,2.0417068004608154,0.10893630981445312
783,TH0012AV/viewpoint_simulated_26_surface1.pcd,Testing,2.262977361679077,2.088026285171509,0.17495107650756836
784,TH0012AV/viewpoint_simulated_27_surface1.pcd,Testing,2.195552349090576,2.0994136333465576,0.09613871574401855
785,TH0012AV/viewpoint_simulated_28_surface1.pcd,Testing,2.179619550704956,2.1019585132598877,0.07766103744506836
786,TH0012AV/viewpoint_simulated_29_surface1.pcd,Testing,2.2943224906921387,2.021974563598633,0.27234792709350586
787,TH0012AV/viewpoint_simulated_3_surface1.pcd,Testing,2.265110492706299,2.391550302505493,0.12643980979919434
788,TH0012AV/viewpoint_simulated_30_surface1.pcd,Testing,2.1787431240081787,2.1253035068511963,0.05343961715698242
789,TH0012AV/viewpoint_simulated_31_surface1.pcd,Testing,2.1861469745635986,2.1035401821136475,0.08260679244995117
790,TH0012AV/viewpoint_simulated_32_surface1.pcd,Testing,2.429375410079956,2.070422410964966,0.35895299911499023
791,TH0012AV/viewpoint_simulated_33_surface1.pcd,Testing,2.2565457820892334,2.106473684310913,0.1500720977783203
792,TH0012AV/viewpoint_simulated_34_surface1.pcd,Testing,2.2483484745025635,2.1186087131500244,0.12973976135253906
793,TH0012AV/viewpoint_simulated_35_surface1.pcd,Testing,2.2443301677703857,2.1775894165039062,0.06674075126647949
794,TH0012AV/viewpoint_simulated_36_surface1.pcd,Testing,2.2813336849212646,2.130765199661255,0.15056848526000977
795,TH0012AV/viewpoint_simulated_37_surface1.pcd,Testing,2.281867265701294,2.0601706504821777,0.2216966152191162
796,TH0012AV/viewpoint_simulated_38_surface1.pcd,Testing,2.2947826385498047,2.06925630569458,0.2255263328552246
797,TH0012AV/viewpoint_simulated_39_surface1.pcd,Testing,2.2215452194213867,2.1077184677124023,0.11382675170898438
798,TH0012AV/viewpoint_simulated_4_surface1.pcd,Testing,2.290578603744507,2.2066843509674072,0.08389425277709961
799,TH0012AV/viewpoint_simulated_40_surface1.pcd,Testing,2.2398087978363037,2.070323944091797,0.16948485374450684
800,TH0012AV/viewpoint_simulated_41_surface1.pcd,Testing,2.3172338008880615,2.010531425476074,0.3067023754119873
801,TH0012AV/viewpoint_simulated_42_surface1.pcd,Testing,2.1039092540740967,2.1310579776763916,0.027148723602294922
802,TH0012AV/viewpoint_simulated_43_surface1.pcd,Testing,2.227313280105591,2.1182034015655518,0.10910987854003906
803,TH0012AV/viewpoint_simulated_44_surface1.pcd,Testing,2.2584774494171143,2.0563554763793945,0.20212197303771973
804,TH0012AV/viewpoint_simulated_45_surface1.pcd,Testing,2.3299505710601807,2.1058266162872314,0.22412395477294922
805,TH0012AV/viewpoint_simulated_46_surface1.pcd,Testing,2.2765676975250244,2.074559450149536,0.20200824737548828
806,TH0012AV/viewpoint_simulated_47_surface1.pcd,Testing,2.252272129058838,2.1626455783843994,0.08962655067443848
807,TH0012AV/viewpoint_simulated_48_surface1.pcd,Testing,2.2313477993011475,2.131049156188965,0.10029864311218262
808,TH0012AV/viewpoint_simulated_49_surface1.pcd,Testing,2.2745773792266846,2.0367796421051025,0.23779773712158203
809,TH0012AV/viewpoint_simulated_5_surface1.pcd,Testing,2.235198736190796,2.2110097408294678,0.024188995361328125
810,TH0012AV/viewpoint_simulated_50_surface1.pcd,Testing,2.235877275466919,2.0555031299591064,0.1803741455078125
811,TH0012AV/viewpoint_simulated_51_surface1.pcd,Testing,2.2670207023620605,2.0943188667297363,0.17270183563232422
812,TH0012AV/viewpoint_simulated_52_surface1.pcd,Testing,2.1377458572387695,2.0566389560699463,0.08110690116882324
813,TH0012AV/viewpoint_simulated_53_surface1.pcd,Testing,2.3372676372528076,2.074120044708252,0.26314759254455566
814,TH0012AV/viewpoint_simulated_54_surface1.pcd,Testing,2.382748603820801,2.1650655269622803,0.2176830768585205
815,TH0012AV/viewpoint_simulated_55_surface1.pcd,Testing,2.2510721683502197,2.1260550022125244,0.1250171661376953
816,TH0012AV/viewpoint_simulated_56_surface1.pcd,Testing,2.231172561645508,2.0405943393707275,0.19057822227478027
817,TH0012AV/viewpoint_simulated_57_surface1.pcd,Testing,2.1159842014312744,2.062058210372925,0.05392599105834961
818,TH0012AV/viewpoint_simulated_58_surface1.pcd,Testing,2.233839511871338,2.0329809188842773,0.20085859298706055
819,TH0012AV/viewpoint_simulated_59_surface1.pcd,Testing,2.2454872131347656,2.0948545932769775,0.15063261985778809
820,TH0012AV/viewpoint_simulated_6_surface1.pcd,Testing,2.237898111343384,2.277330160140991,0.03943204879760742
821,TH0012AV/viewpoint_simulated_60_surface1.pcd,Testing,2.181274890899658,2.1205861568450928,0.06068873405456543
822,TH0012AV/viewpoint_simulated_61_surface1.pcd,Testing,2.2678253650665283,2.0577914714813232,0.21003389358520508
823,TH0012AV/viewpoint_simulated_62_surface1.pcd,Testing,2.3111538887023926,2.0483858585357666,0.262768030166626
824,TH0012AV/viewpoint_simulated_63_surface1.pcd,Testing,2.363140106201172,2.0993547439575195,0.26378536224365234
825,TH0012AV/viewpoint_simulated_64_surface1.pcd,Testing,2.3420188426971436,2.019451379776001,0.3225674629211426
826,TH0012AV/viewpoint_simulated_65_surface1.pcd,Testing,2.228052854537964,2.084101676940918,0.1439511775970459
827,TH0012AV/viewpoint_simulated_66_surface1.pcd,Testing,2.4417314529418945,2.1570260524749756,0.28470540046691895
828,TH0012AV/viewpoint_simulated_67_surface1.pcd,Testing,2.371528148651123,2.090885877609253,0.2806422710418701
829,TH0012AV/viewpoint_simulated_68_surface1.pcd,Testing,2.1763083934783936,2.052983045578003,0.12332534790039062
830,TH0012AV/viewpoint_simulated_69_surface1.pcd,Testing,2.3062167167663574,2.1221351623535156,0.1840815544128418
831,TH0012AV/viewpoint_simulated_7_surface1.pcd,Testing,2.259816884994507,2.2647392749786377,0.004922389984130859
832,TH0012AV/viewpoint_simulated_70_surface1.pcd,Testing,2.2628579139709473,2.0595524311065674,0.20330548286437988
833,TH0012AV/viewpoint_simulated_71_surface1.pcd,Testing,2.249680757522583,2.063875436782837,0.1858053207397461
834,TH0012AV/viewpoint_simulated_72_surface1.pcd,Testing,2.2496068477630615,2.449187755584717,0.19958090782165527
835,TH0012AV/viewpoint_simulated_73_surface1.pcd,Testing,2.1285204887390137,2.4106552600860596,0.2821347713470459
836,TH0012AV/viewpoint_simulated_74_surface1.pcd,Testing,2.2713205814361572,2.372570753097534,0.10125017166137695
837,TH0012AV/viewpoint_simulated_75_surface1.pcd,Testing,2.1921510696411133,2.3373305797576904,0.14517951011657715
838,TH0012AV/viewpoint_simulated_76_surface1.pcd,Testing,2.1785728931427,2.2082693576812744,0.02969646453857422
839,TH0012AV/viewpoint_simulated_77_surface1.pcd,Testing,2.1638948917388916,2.2565343379974365,0.09263944625854492
840,TH0012AV/viewpoint_simulated_78_surface1.pcd,Testing,2.317079782485962,2.2505996227264404,0.06648015975952148
841,TH0012AV/viewpoint_simulated_79_surface1.pcd,Testing,2.3551523685455322,2.2352898120880127,0.11986255645751953
842,TH0012AV/viewpoint_simulated_8_surface1.pcd,Testing,2.20025634765625,2.2554984092712402,0.055242061614990234
843,TH0012AV/viewpoint_simulated_80_surface1.pcd,Testing,2.1821136474609375,2.295771837234497,0.11365818977355957
844,TH0012AV/viewpoint_simulated_81_surface1.pcd,Testing,2.29915452003479,2.315868616104126,0.016714096069335938
845,TH0012AV/viewpoint_simulated_82_surface1.pcd,Testing,2.250614643096924,2.248542070388794,0.002072572708129883
846,TH0012AV/viewpoint_simulated_83_surface1.pcd,Testing,2.1831603050231934,2.3100547790527344,0.12689447402954102
847,TH0012AV/viewpoint_simulated_84_surface1.pcd,Testing,2.195178508758545,2.291731119155884,0.09655261039733887
848,TH0012AV/viewpoint_simulated_85_surface1.pcd,Testing,2.1276016235351562,2.054555654525757,0.07304596900939941
849,TH0012AV/viewpoint_simulated_86_surface1.pcd,Testing,2.2504615783691406,2.217528820037842,0.03293275833129883
850,TH0012AV/viewpoint_simulated_87_surface1.pcd,Testing,2.17873215675354,2.1800155639648438,0.001283407211303711
851,TH0012AV/viewpoint_simulated_88_surface1.pcd,Testing,2.3228955268859863,2.0678820610046387,0.25501346588134766
852,TH0012AV/viewpoint_simulated_89_surface1.pcd,Testing,2.313697576522827,2.116563558578491,0.19713401794433594
853,TH0012AV/viewpoint_simulated_9_surface1.pcd,Testing,2.256150007247925,2.28039813041687,0.024248123168945312
854,TH0012AV/viewpoint_simulated_90_surface1.pcd,Testing,2.275803804397583,2.1582791805267334,0.11752462387084961
855,TH0012AV/viewpoint_simulated_91_surface1.pcd,Testing,2.1386892795562744,2.117694139480591,0.020995140075683594
856,TH0012AV/viewpoint_simulated_92_surface1.pcd,Testing,2.2540605068206787,2.1127889156341553,0.14127159118652344
857,TH0012AV/viewpoint_simulated_93_surface1.pcd,Testing,2.2229251861572266,2.1871073246002197,0.035817861557006836
858,TH0012AV/viewpoint_simulated_94_surface1.pcd,Testing,2.234022378921509,2.12088942527771,0.11313295364379883
859,TH0012AV/viewpoint_simulated_95_surface1.pcd,Testing,2.275562286376953,2.208357572555542,0.06720471382141113
860,TH0012AV/viewpoint_simulated_96_surface1.pcd,Testing,2.3509418964385986,2.153597593307495,0.19734430313110352
861,TH0012AV/viewpoint_simulated_97_surface1.pcd,Testing,2.1532559394836426,2.0342297554016113,0.11902618408203125
862,TH0012AV/viewpoint_simulated_98_surface1.pcd,Testing,2.209808111190796,2.1338396072387695,0.07596850395202637
863,TH0012AV/viewpoint_simulated_99_surface1.pcd,Testing,2.294574737548828,2.1116602420806885,0.18291449546813965
864,TH0021AV/viewpoint_simulated_0_surface0.pcd,Testing,1.9409763813018799,1.8923932313919067,0.048583149909973145
865,TH0021AV/viewpoint_simulated_1_surface0.pcd,Testing,1.917659044265747,1.9802619218826294,0.06260287761688232
866,TH0021AV/viewpoint_simulated_10_surface0.pcd,Testing,1.9192532300949097,1.8940776586532593,0.02517557144165039
867,TH0021AV/viewpoint_simulated_100_surface0.pcd,Testing,2.0346643924713135,1.897827386856079,0.13683700561523438
868,TH0021AV/viewpoint_simulated_101_surface0.pcd,Testing,1.97542142868042,1.978156566619873,0.002735137939453125
869,TH0021AV/viewpoint_simulated_102_surface0.pcd,Testing,1.97860848903656,1.9770452976226807,0.0015631914138793945
870,TH0021AV/viewpoint_simulated_103_surface0.pcd,Testing,1.9528114795684814,1.986737608909607,0.03392612934112549
871,TH0021AV/viewpoint_simulated_104_surface0.pcd,Testing,2.136975049972534,1.9609711170196533,0.17600393295288086
872,TH0021AV/viewpoint_simulated_105_surface0.pcd,Testing,1.9920814037322998,1.9348458051681519,0.05723559856414795
873,TH0021AV/viewpoint_simulated_106_surface0.pcd,Testing,1.992478370666504,1.951626181602478,0.04085218906402588
874,TH0021AV/viewpoint_simulated_107_surface0.pcd,Testing,1.9651168584823608,1.836732029914856,0.12838482856750488
875,TH0021AV/viewpoint_simulated_108_surface0.pcd,Testing,2.091740608215332,1.9688867330551147,0.12285387516021729
876,TH0021AV/viewpoint_simulated_109_surface0.pcd,Testing,1.9749939441680908,2.012848377227783,0.03785443305969238
877,TH0021AV/viewpoint_simulated_11_surface0.pcd,Testing,2.02254319190979,1.9125233888626099,0.11001980304718018
878,TH0021AV/viewpoint_simulated_110_surface0.pcd,Testing,2.015535593032837,2.105787515640259,0.09025192260742188
879,TH0021AV/viewpoint_simulated_111_surface0.pcd,Testing,2.0951337814331055,2.0374512672424316,0.05768251419067383
880,TH0021AV/viewpoint_simulated_112_surface0.pcd,Testing,2.037811756134033,1.9736946821212769,0.06411707401275635
881,TH0021AV/viewpoint_simulated_113_surface0.pcd,Testing,2.0484230518341064,1.993814468383789,0.05460858345031738
882,TH0021AV/viewpoint_simulated_114_surface0.pcd,Testing,2.0780463218688965,2.0050129890441895,0.07303333282470703
883,TH0021AV/viewpoint_simulated_115_surface0.pcd,Testing,1.9480652809143066,1.946926474571228,0.0011388063430786133
884,TH0021AV/viewpoint_simulated_116_surface0.pcd,Testing,2.113673210144043,2.0065340995788574,0.10713911056518555
885,TH0021AV/viewpoint_simulated_117_surface0.pcd,Testing,2.087601900100708,1.9389907121658325,0.1486111879348755
886,TH0021AV/viewpoint_simulated_118_surface0.pcd,Testing,2.022090435028076,1.9554405212402344,0.0666499137878418
887,TH0021AV/viewpoint_simulated_119_surface0.pcd,Testing,2.0430521965026855,1.9066106081008911,0.13644158840179443
888,TH0021AV/viewpoint_simulated_12_surface0.pcd,Testing,1.94987952709198,1.8967927694320679,0.05308675765991211
889,TH0021AV/viewpoint_simulated_120_surface0.pcd,Testing,1.9498916864395142,2.0177459716796875,0.06785428524017334
890,TH0021AV/viewpoint_simulated_121_surface0.pcd,Testing,1.9404929876327515,2.0220038890838623,0.08151090145111084
891,TH0021AV/viewpoint_simulated_122_surface0.pcd,Testing,2.017195463180542,2.105067491531372,0.08787202835083008
892,TH0021AV/viewpoint_simulated_123_surface0.pcd,Testing,1.9760217666625977,2.055948257446289,0.0799264907836914
893,TH0021AV/viewpoint_simulated_124_surface0.pcd,Testing,2.0624022483825684,1.9061211347579956,0.15628111362457275
894,TH0021AV/viewpoint_simulated_125_surface0.pcd,Testing,2.068577289581299,2.0297670364379883,0.03881025314331055
895,TH0021AV/viewpoint_simulated_126_surface0.pcd,Testing,2.044257879257202,2.082857847213745,0.03859996795654297
896,TH0021AV/viewpoint_simulated_127_surface0.pcd,Testing,1.9263986349105835,1.990719199180603,0.06432056427001953
897,TH0021AV/viewpoint_simulated_128_surface0.pcd,Testing,2.111811399459839,1.9873110055923462,0.12450039386749268
898,TH0021AV/viewpoint_simulated_129_surface0.pcd,Testing,2.017490863800049,1.9843798875808716,0.033110976219177246
899,TH0021AV/viewpoint_simulated_13_surface0.pcd,Testing,2.0545313358306885,1.9893509149551392,0.06518042087554932
900,TH0021AV/viewpoint_simulated_130_surface0.pcd,Testing,2.0442652702331543,2.0275137424468994,0.016751527786254883
901,TH0021AV/viewpoint_simulated_131_surface0.pcd,Testing,1.965766191482544,1.8835169076919556,0.08224928379058838
902,TH0021AV/viewpoint_simulated_132_surface0.pcd,Testing,2.004694938659668,2.0878794193267822,0.08318448066711426
903,TH0021AV/viewpoint_simulated_133_surface0.pcd,Testing,2.0856716632843018,2.0379562377929688,0.04771542549133301
904,TH0021AV/viewpoint_simulated_134_surface0.pcd,Testing,2.028291702270508,2.0750112533569336,0.04671955108642578
905,TH0021AV/viewpoint_simulated_135_surface0.pcd,Testing,2.0665979385375977,2.0505049228668213,0.016093015670776367
906,TH0021AV/viewpoint_simulated_136_surface0.pcd,Testing,2.057051181793213,1.9713256359100342,0.08572554588317871
907,TH0021AV/viewpoint_simulated_137_surface0.pcd,Testing,2.038393974304199,2.029277801513672,0.009116172790527344
908,TH0021AV/viewpoint_simulated_138_surface0.pcd,Testing,2.0250868797302246,2.0323832035064697,0.007296323776245117
909,TH0021AV/viewpoint_simulated_139_surface0.pcd,Testing,1.96077561378479,2.0251643657684326,0.06438875198364258
910,TH0021AV/viewpoint_simulated_14_surface0.pcd,Testing,1.9106677770614624,2.0064315795898438,0.09576380252838135
911,TH0021AV/viewpoint_simulated_140_surface0.pcd,Testing,2.0527563095092773,2.008758306503296,0.043998003005981445
912,TH0021AV/viewpoint_simulated_141_surface0.pcd,Testing,2.110926866531372,2.106651782989502,0.004275083541870117
913,TH0021AV/viewpoint_simulated_142_surface0.pcd,Testing,2.036007881164551,2.0661492347717285,0.030141353607177734
914,TH0021AV/viewpoint_simulated_143_surface0.pcd,Testing,1.8945882320404053,1.874238133430481,0.020350098609924316
915,TH0021AV/viewpoint_simulated_144_surface0.pcd,Testing,1.965940237045288,1.925999641418457,0.039940595626831055
916,TH0021AV/viewpoint_simulated_145_surface0.pcd,Testing,1.958670973777771,1.909129023551941,0.04954195022583008
917,TH0021AV/viewpoint_simulated_146_surface0.pcd,Testing,2.0774264335632324,2.0022854804992676,0.07514095306396484
918,TH0021AV/viewpoint_simulated_147_surface0.pcd,Testing,1.9369502067565918,1.9238044023513794,0.013145804405212402
919,TH0021AV/viewpoint_simulated_148_surface0.pcd,Testing,1.972402811050415,1.9344754219055176,0.03792738914489746
920,TH0021AV/viewpoint_simulated_149_surface0.pcd,Testing,2.1505374908447266,1.9062180519104004,0.24431943893432617
921,TH0021AV/viewpoint_simulated_15_surface0.pcd,Testing,1.8689862489700317,1.9535149335861206,0.08452868461608887
922,TH0021AV/viewpoint_simulated_150_surface0.pcd,Testing,1.958708643913269,1.9085643291473389,0.050144314765930176
923,TH0021AV/viewpoint_simulated_151_surface0.pcd,Testing,1.9613564014434814,1.918222427368164,0.04313397407531738
924,TH0021AV/viewpoint_simulated_152_surface0.pcd,Testing,1.9363775253295898,1.890514612197876,0.04586291313171387
925,TH0021AV/viewpoint_simulated_153_surface0.pcd,Testing,2.0968260765075684,1.9065696001052856,0.19025647640228271
926,TH0021AV/viewpoint_simulated_154_surface0.pcd,Testing,1.900105357170105,1.8681539297103882,0.0319514274597168
927,TH0021AV/viewpoint_simulated_155_surface0.pcd,Testing,1.918887734413147,1.8768562078475952,0.04203152656555176
928,TH0021AV/viewpoint_simulated_156_surface0.pcd,Testing,2.0306777954101562,1.9302104711532593,0.10046732425689697
929,TH0021AV/viewpoint_simulated_157_surface0.pcd,Testing,1.9426605701446533,2.005403757095337,0.0627431869506836
930,TH0021AV/viewpoint_simulated_158_surface0.pcd,Testing,2.0678062438964844,1.9974197149276733,0.07038652896881104
931,TH0021AV/viewpoint_simulated_159_surface0.pcd,Testing,1.9259189367294312,1.9431627988815308,0.01724386215209961
932,TH0021AV/viewpoint_simulated_16_surface0.pcd,Testing,1.9726245403289795,1.8413103818893433,0.13131415843963623
933,TH0021AV/viewpoint_simulated_160_surface0.pcd,Testing,1.9596034288406372,1.8449912071228027,0.11461222171783447
934,TH0021AV/viewpoint_simulated_161_surface0.pcd,Testing,1.8915432691574097,1.9006649255752563,0.00912165641784668
935,TH0021AV/viewpoint_simulated_162_surface0.pcd,Testing,1.9597232341766357,1.9399932622909546,0.019729971885681152
936,TH0021AV/viewpoint_simulated_163_surface0.pcd,Testing,1.9923158884048462,1.9660561084747314,0.026259779930114746
937,TH0021AV/viewpoint_simulated_164_surface0.pcd,Testing,2.0521187782287598,1.9724754095077515,0.0796433687210083
938,TH0021AV/viewpoint_simulated_165_surface0.pcd,Testing,1.954237699508667,1.9233051538467407,0.03093254566192627
939,TH0021AV/viewpoint_simulated_166_surface0.pcd,Testing,2.1122939586639404,1.9207950830459595,0.19149887561798096
940,TH0021AV/viewpoint_simulated_167_surface0.pcd,Testing,1.9584391117095947,1.8399581909179688,0.11848092079162598
941,TH0021AV/viewpoint_simulated_168_surface0.pcd,Testing,2.006756067276001,1.9720910787582397,0.03466498851776123
942,TH0021AV/viewpoint_simulated_169_surface0.pcd,Testing,1.9994534254074097,1.9814116954803467,0.01804172992706299
943,TH0021AV/viewpoint_simulated_17_surface0.pcd,Testing,1.9554613828659058,1.9202157258987427,0.035245656967163086
944,TH0021AV/viewpoint_simulated_170_surface0.pcd,Testing,1.9365090131759644,2.0440967082977295,0.10758769512176514
945,TH0021AV/viewpoint_simulated_171_surface0.pcd,Testing,2.031635046005249,2.015382766723633,0.01625227928161621
946,TH0021AV/viewpoint_simulated_172_surface0.pcd,Testing,1.980952501296997,1.9125057458877563,0.06844675540924072
947,TH0021AV/viewpoint_simulated_173_surface0.pcd,Testing,1.9443833827972412,1.9889509677886963,0.04456758499145508
948,TH0021AV/viewpoint_simulated_174_surface0.pcd,Testing,2.0023133754730225,1.9720423221588135,0.030271053314208984
949,TH0021AV/viewpoint_simulated_175_surface0.pcd,Testing,2.168391227722168,1.9887484312057495,0.17964279651641846
950,TH0021AV/viewpoint_simulated_176_surface0.pcd,Testing,2.0878658294677734,1.9856374263763428,0.10222840309143066
951,TH0021AV/viewpoint_simulated_177_surface0.pcd,Testing,1.977910041809082,1.9277369976043701,0.050173044204711914
952,TH0021AV/viewpoint_simulated_178_surface0.pcd,Testing,1.985445499420166,1.949788212776184,0.035657286643981934
953,TH0021AV/viewpoint_simulated_179_surface0.pcd,Testing,1.9111857414245605,1.8652868270874023,0.0458989143371582
954,TH0021AV/viewpoint_simulated_18_surface0.pcd,Testing,2.0084104537963867,1.953522801399231,0.05488765239715576
955,TH0021AV/viewpoint_simulated_180_surface0.pcd,Testing,1.976438045501709,1.9538227319717407,0.02261531352996826
956,TH0021AV/viewpoint_simulated_181_surface0.pcd,Testing,2.0208120346069336,2.011106491088867,0.009705543518066406
957,TH0021AV/viewpoint_simulated_182_surface0.pcd,Testing,1.9746686220169067,2.082197427749634,0.10752880573272705
958,TH0021AV/viewpoint_simulated_183_surface0.pcd,Testing,1.9708455801010132,2.0308926105499268,0.060047030448913574
959,TH0021AV/viewpoint_simulated_184_surface0.pcd,Testing,1.9504870176315308,1.9637285470962524,0.01324152946472168
960,TH0021AV/viewpoint_simulated_185_surface0.pcd,Testing,2.1081886291503906,1.9935551881790161,0.11463344097137451
961,TH0021AV/viewpoint_simulated_186_surface0.pcd,Testing,2.004274845123291,1.9985307455062866,0.0057440996170043945
962,TH0021AV/viewpoint_simulated_187_surface0.pcd,Testing,2.0400965213775635,1.956666350364685,0.08343017101287842
963,TH0021AV/viewpoint_simulated_188_surface0.pcd,Testing,1.9154119491577148,2.004132032394409,0.08872008323669434
964,TH0021AV/viewpoint_simulated_189_surface0.pcd,Testing,1.9324549436569214,1.9412494897842407,0.008794546127319336
965,TH0021AV/viewpoint_simulated_19_surface0.pcd,Testing,1.9130796194076538,1.968613624572754,0.0555340051651001
966,TH0021AV/viewpoint_simulated_190_surface0.pcd,Testing,2.0422608852386475,1.9684593677520752,0.07380151748657227
967,TH0021AV/viewpoint_simulated_191_surface0.pcd,Testing,2.0742111206054688,1.9119482040405273,0.1622629165649414
968,TH0021AV/viewpoint_simulated_192_surface0.pcd,Testing,2.092111349105835,2.0201287269592285,0.07198262214660645
969,TH0021AV/viewpoint_simulated_193_surface0.pcd,Testing,2.0336081981658936,2.024744749069214,0.008863449096679688
970,TH0021AV/viewpoint_simulated_194_surface0.pcd,Testing,2.0852317810058594,2.1092615127563477,0.02402973175048828
971,TH0021AV/viewpoint_simulated_195_surface0.pcd,Testing,2.04939341545105,2.022975444793701,0.026417970657348633
972,TH0021AV/viewpoint_simulated_196_surface0.pcd,Testing,1.9199950695037842,1.9027060270309448,0.017289042472839355
973,TH0021AV/viewpoint_simulated_197_surface0.pcd,Testing,1.987913966178894,1.9948409795761108,0.006927013397216797
974,TH0021AV/viewpoint_simulated_198_surface0.pcd,Testing,2.1240522861480713,2.074079751968384,0.0499725341796875
975,TH0021AV/viewpoint_simulated_199_surface0.pcd,Testing,2.07206392288208,1.9811174869537354,0.09094643592834473
976,TH0021AV/viewpoint_simulated_2_surface0.pcd,Testing,2.10330867767334,1.9698091745376587,0.13349950313568115
977,TH0021AV/viewpoint_simulated_20_surface0.pcd,Testing,1.9316866397857666,1.9162298440933228,0.015456795692443848
978,TH0021AV/viewpoint_simulated_200_surface0.pcd,Testing,2.0674455165863037,1.9986395835876465,0.06880593299865723
979,TH0021AV/viewpoint_simulated_201_surface0.pcd,Testing,2.0819034576416016,1.9855846166610718,0.09631884098052979
980,TH0021AV/viewpoint_simulated_202_surface0.pcd,Testing,1.9550120830535889,2.024994373321533,0.06998229026794434
981,TH0021AV/viewpoint_simulated_203_surface0.pcd,Testing,1.9642574787139893,1.8881845474243164,0.07607293128967285
982,TH0021AV/viewpoint_simulated_204_surface0.pcd,Testing,2.109226703643799,2.081932544708252,0.027294158935546875
983,TH0021AV/viewpoint_simulated_205_surface0.pcd,Testing,2.0778896808624268,2.0574283599853516,0.020461320877075195
984,TH0021AV/viewpoint_simulated_206_surface0.pcd,Testing,2.0571279525756836,2.0806362628936768,0.023508310317993164
985,TH0021AV/viewpoint_simulated_207_surface0.pcd,Testing,2.015573501586914,2.0555875301361084,0.040014028549194336
986,TH0021AV/viewpoint_simulated_208_surface0.pcd,Testing,2.0328192710876465,1.9770324230194092,0.055786848068237305
987,TH0021AV/viewpoint_simulated_209_surface0.pcd,Testing,2.0712087154388428,2.036520481109619,0.03468823432922363
988,TH0021AV/viewpoint_simulated_21_surface0.pcd,Testing,1.9554580450057983,1.9710408449172974,0.015582799911499023
989,TH0021AV/viewpoint_simulated_210_surface0.pcd,Testing,2.0636584758758545,2.022148847579956,0.04150962829589844
990,TH0021AV/viewpoint_simulated_211_surface0.pcd,Testing,1.9959157705307007,1.9971853494644165,0.0012695789337158203
991,TH0021AV/viewpoint_simulated_212_surface0.pcd,Testing,2.040315866470337,1.991249680519104,0.04906618595123291
992,TH0021AV/viewpoint_simulated_213_surface0.pcd,Testing,2.050727367401123,2.1055636405944824,0.054836273193359375
993,TH0021AV/viewpoint_simulated_214_surface0.pcd,Testing,2.0845532417297363,2.0637013912200928,0.020851850509643555
994,TH0021AV/viewpoint_simulated_215_surface0.pcd,Testing,2.0839433670043945,1.8673657178878784,0.2165776491165161
995,TH0021AV/viewpoint_simulated_22_surface0.pcd,Testing,2.012815237045288,1.9275654554367065,0.08524978160858154
996,TH0021AV/viewpoint_simulated_23_surface0.pcd,Testing,1.946535348892212,1.8702013492584229,0.07633399963378906
997,TH0021AV/viewpoint_simulated_24_surface0.pcd,Testing,2.081576347351074,1.9682258367538452,0.113350510597229
998,TH0021AV/viewpoint_simulated_25_surface0.pcd,Testing,2.0631840229034424,1.982204794883728,0.08097922801971436
999,TH0021AV/viewpoint_simulated_26_surface0.pcd,Testing,1.9745733737945557,2.029902696609497,0.055329322814941406
1000,TH0021AV/viewpoint_simulated_27_surface0.pcd,Testing,2.041293144226074,1.9881855249404907,0.053107619285583496
1001,TH0021AV/viewpoint_simulated_28_surface0.pcd,Testing,1.944818139076233,1.893048644065857,0.05176949501037598
1002,TH0021AV/viewpoint_simulated_29_surface0.pcd,Testing,1.994264006614685,1.9878535270690918,0.006410479545593262
1003,TH0021AV/viewpoint_simulated_3_surface0.pcd,Testing,1.986494779586792,1.922652006149292,0.0638427734375
1004,TH0021AV/viewpoint_simulated_30_surface0.pcd,Testing,2.0333051681518555,1.9841382503509521,0.04916691780090332
1005,TH0021AV/viewpoint_simulated_31_surface0.pcd,Testing,1.9692949056625366,1.943789005279541,0.025505900382995605
1006,TH0021AV/viewpoint_simulated_32_surface0.pcd,Testing,1.9461617469787598,1.9604530334472656,0.01429128646850586
1007,TH0021AV/viewpoint_simulated_33_surface0.pcd,Testing,1.9020105600357056,1.9441787004470825,0.04216814041137695
1008,TH0021AV/viewpoint_simulated_34_surface0.pcd,Testing,1.9591957330703735,1.971053957939148,0.011858224868774414
1009,TH0021AV/viewpoint_simulated_35_surface0.pcd,Testing,2.019491672515869,1.8465969562530518,0.17289471626281738
1010,TH0021AV/viewpoint_simulated_36_surface0.pcd,Testing,1.9159079790115356,1.957972764968872,0.042064785957336426
1011,TH0021AV/viewpoint_simulated_37_surface0.pcd,Testing,2.0924243927001953,2.0202436447143555,0.07218074798583984
1012,TH0021AV/viewpoint_simulated_38_surface0.pcd,Testing,1.9974502325057983,2.0817694664001465,0.08431923389434814
1013,TH0021AV/viewpoint_simulated_39_surface0.pcd,Testing,1.989264965057373,2.0514206886291504,0.062155723571777344
1014,TH0021AV/viewpoint_simulated_4_surface0.pcd,Testing,1.920914649963379,1.8926953077316284,0.02821934223175049
1015,TH0021AV/viewpoint_simulated_40_surface0.pcd,Testing,1.9915651082992554,1.9457310438156128,0.04583406448364258
1016,TH0021AV/viewpoint_simulated_41_surface0.pcd,Testing,2.0301268100738525,1.9874416589736938,0.04268515110015869
1017,TH0021AV/viewpoint_simulated_42_surface0.pcd,Testing,2.0904321670532227,2.037792921066284,0.05263924598693848
1018,TH0021AV/viewpoint_simulated_43_surface0.pcd,Testing,2.0510761737823486,1.9667515754699707,0.08432459831237793
1019,TH0021AV/viewpoint_simulated_44_surface0.pcd,Testing,1.9727473258972168,1.9848688840866089,0.01212155818939209
1020,TH0021AV/viewpoint_simulated_45_surface0.pcd,Testing,1.961453914642334,1.937575340270996,0.02387857437133789
1021,TH0021AV/viewpoint_simulated_46_surface0.pcd,Testing,2.0258948802948,1.9621407985687256,0.06375408172607422
1022,TH0021AV/viewpoint_simulated_47_surface0.pcd,Testing,2.0182576179504395,1.9478479623794556,0.07040965557098389
1023,TH0021AV/viewpoint_simulated_48_surface0.pcd,Testing,1.9414522647857666,2.0213842391967773,0.07993197441101074
1024,TH0021AV/viewpoint_simulated_49_surface0.pcd,Testing,2.0333878993988037,2.02443528175354,0.008952617645263672
1025,TH0021AV/viewpoint_simulated_5_surface0.pcd,Testing,1.941063404083252,1.8992513418197632,0.04181206226348877
1026,TH0021AV/viewpoint_simulated_50_surface0.pcd,Testing,2.1360886096954346,2.115534543991089,0.020554065704345703
1027,TH0021AV/viewpoint_simulated_51_surface0.pcd,Testing,2.00811767578125,2.048095941543579,0.0399782657623291
1028,TH0021AV/viewpoint_simulated_52_surface0.pcd,Testing,2.0715978145599365,1.8860982656478882,0.18549954891204834
1029,TH0021AV/viewpoint_simulated_53_surface0.pcd,Testing,2.106186866760254,1.9970688819885254,0.10911798477172852
1030,TH0021AV/viewpoint_simulated_54_surface0.pcd,Testing,2.044865846633911,2.0602290630340576,0.015363216400146484
1031,TH0021AV/viewpoint_simulated_55_surface0.pcd,Testing,2.0803651809692383,1.9818371534347534,0.09852802753448486
1032,TH0021AV/viewpoint_simulated_56_surface0.pcd,Testing,2.0653624534606934,1.9829387664794922,0.08242368698120117
1033,TH0021AV/viewpoint_simulated_57_surface0.pcd,Testing,2.0616471767425537,1.9723641872406006,0.08928298950195312
1034,TH0021AV/viewpoint_simulated_58_surface0.pcd,Testing,1.967652678489685,2.0309836864471436,0.0633310079574585
1035,TH0021AV/viewpoint_simulated_59_surface0.pcd,Testing,2.0153520107269287,1.8994475603103638,0.11590445041656494
1036,TH0021AV/viewpoint_simulated_6_surface0.pcd,Testing,2.0206449031829834,1.9112331867218018,0.10941171646118164
1037,TH0021AV/viewpoint_simulated_60_surface0.pcd,Testing,2.1639561653137207,2.0838630199432373,0.0800931453704834
1038,TH0021AV/viewpoint_simulated_61_surface0.pcd,Testing,1.9462450742721558,1.9955254793167114,0.049280405044555664
1039,TH0021AV/viewpoint_simulated_62_surface0.pcd,Testing,2.053434371948242,2.0866239070892334,0.03318953514099121
1040,TH0021AV/viewpoint_simulated_63_surface0.pcd,Testing,2.0802693367004395,2.0604968070983887,0.01977252960205078
1041,TH0021AV/viewpoint_simulated_64_surface0.pcd,Testing,1.9847488403320312,1.9755445718765259,0.009204268455505371
1042,TH0021AV/viewpoint_simulated_65_surface0.pcd,Testing,2.027438163757324,2.0418641567230225,0.014425992965698242
1043,TH0021AV/viewpoint_simulated_66_surface0.pcd,Testing,2.0552525520324707,2.028508424758911,0.02674412727355957
1044,TH0021AV/viewpoint_simulated_67_surface0.pcd,Testing,2.064014196395874,2.0169434547424316,0.04707074165344238
1045,TH0021AV/viewpoint_simulated_68_surface0.pcd,Testing,2.075669050216675,2.0265071392059326,0.04916191101074219
1046,TH0021AV/viewpoint_simulated_69_surface0.pcd,Testing,2.002105712890625,2.09635853767395,0.0942528247833252
1047,TH0021AV/viewpoint_simulated_7_surface0.pcd,Testing,1.917687177658081,1.8916627168655396,0.026024460792541504
1048,TH0021AV/viewpoint_simulated_70_surface0.pcd,Testing,2.136733293533325,2.0602617263793945,0.07647156715393066
1049,TH0021AV/viewpoint_simulated_71_surface0.pcd,Testing,1.9618407487869263,1.8771781921386719,0.0846625566482544
1050,TH0021AV/viewpoint_simulated_72_surface0.pcd,Testing,2.083573818206787,1.8996402025222778,0.18393361568450928
1051,TH0021AV/viewpoint_simulated_73_surface0.pcd,Testing,2.056783676147461,1.9252885580062866,0.13149511814117432
1052,TH0021AV/viewpoint_simulated_74_surface0.pcd,Testing,1.9514377117156982,2.0033798217773438,0.05194211006164551
1053,TH0021AV/viewpoint_simulated_75_surface0.pcd,Testing,2.0153989791870117,1.9180141687393188,0.09738481044769287
1054,TH0021AV/viewpoint_simulated_76_surface0.pcd,Testing,2.0352704524993896,1.8847044706344604,0.1505659818649292
1055,TH0021AV/viewpoint_simulated_77_surface0.pcd,Testing,1.9597961902618408,1.883891224861145,0.0759049654006958
1056,TH0021AV/viewpoint_simulated_78_surface0.pcd,Testing,2.05989670753479,1.8688668012619019,0.19102990627288818
1057,TH0021AV/viewpoint_simulated_79_surface0.pcd,Testing,2.0603537559509277,1.905861496925354,0.15449225902557373
1058,TH0021AV/viewpoint_simulated_8_surface0.pcd,Testing,1.9223697185516357,1.8671183586120605,0.055251359939575195
1059,TH0021AV/viewpoint_simulated_80_surface0.pcd,Testing,1.9530692100524902,1.8818122148513794,0.07125699520111084
1060,TH0021AV/viewpoint_simulated_81_surface0.pcd,Testing,1.9879224300384521,1.908382773399353,0.07953965663909912
1061,TH0021AV/viewpoint_simulated_82_surface0.pcd,Testing,1.96621835231781,1.9051967859268188,0.06102156639099121
1062,TH0021AV/viewpoint_simulated_83_surface0.pcd,Testing,2.020902395248413,1.9066925048828125,0.11420989036560059
1063,TH0021AV/viewpoint_simulated_84_surface0.pcd,Testing,2.0650949478149414,1.9304842948913574,0.13461065292358398
1064,TH0021AV/viewpoint_simulated_85_surface0.pcd,Testing,1.9794057607650757,1.9852607250213623,0.005854964256286621
1065,TH0021AV/viewpoint_simulated_86_surface0.pcd,Testing,1.985962986946106,1.9920896291732788,0.0061266422271728516
1066,TH0021AV/viewpoint_simulated_87_surface0.pcd,Testing,1.9372754096984863,1.9462815523147583,0.009006142616271973
1067,TH0021AV/viewpoint_simulated_88_surface0.pcd,Testing,1.8835349082946777,1.8335038423538208,0.050031065940856934
1068,TH0021AV/viewpoint_simulated_89_surface0.pcd,Testing,2.046699285507202,1.9100133180618286,0.13668596744537354
1069,TH0021AV/viewpoint_simulated_9_surface0.pcd,Testing,1.9850709438323975,1.8818928003311157,0.10317814350128174
1070,TH0021AV/viewpoint_simulated_90_surface0.pcd,Testing,1.896153450012207,1.9434717893600464,0.047318339347839355
1071,TH0021AV/viewpoint_simulated_91_surface0.pcd,Testing,1.947793960571289,1.9347463846206665,0.013047575950622559
1072,TH0021AV/viewpoint_simulated_92_surface0.pcd,Testing,2.08010196685791,1.900420904159546,0.17968106269836426
1073,TH0021AV/viewpoint_simulated_93_surface0.pcd,Testing,2.0122275352478027,1.9410277605056763,0.07119977474212646
1074,TH0021AV/viewpoint_simulated_94_surface0.pcd,Testing,1.9263590574264526,1.9235435724258423,0.0028154850006103516
1075,TH0021AV/viewpoint_simulated_95_surface0.pcd,Testing,1.9530457258224487,1.8635302782058716,0.08951544761657715
1076,TH0021AV/viewpoint_simulated_96_surface0.pcd,Testing,2.089155435562134,1.9573209285736084,0.1318345069885254
1077,TH0021AV/viewpoint_simulated_97_surface0.pcd,Testing,1.9560112953186035,1.9726002216339111,0.016588926315307617
1078,TH0021AV/viewpoint_simulated_98_surface0.pcd,Testing,2.0560011863708496,2.054121494293213,0.0018796920776367188
1079,TH0021AV/viewpoint_simulated_99_surface0.pcd,Testing,1.9411602020263672,2.003131628036499,0.061971426010131836
1080,TH0021AV/viewpoint_simulated_0_surface1.pcd,Testing,1.9590559005737305,2.260728120803833,0.30167222023010254
1081,TH0021AV/viewpoint_simulated_1_surface1.pcd,Testing,2.0821382999420166,2.2387654781341553,0.15662717819213867
1082,TH0021AV/viewpoint_simulated_10_surface1.pcd,Testing,2.138134002685547,2.200594186782837,0.06246018409729004
1083,TH0021AV/viewpoint_simulated_100_surface1.pcd,Testing,2.1003451347351074,2.075948476791382,0.024396657943725586
1084,TH0021AV/viewpoint_simulated_101_surface1.pcd,Testing,2.3569679260253906,2.0316035747528076,0.325364351272583
1085,TH0021AV/viewpoint_simulated_102_surface1.pcd,Testing,2.1435630321502686,2.0855557918548584,0.058007240295410156
1086,TH0021AV/viewpoint_simulated_103_surface1.pcd,Testing,2.304028034210205,2.163527488708496,0.14050054550170898
1087,TH0021AV/viewpoint_simulated_104_surface1.pcd,Testing,2.345306873321533,2.1570589542388916,0.1882479190826416
1088,TH0021AV/viewpoint_simulated_105_surface1.pcd,Testing,2.2591392993927,2.199726104736328,0.05941319465637207
1089,TH0021AV/viewpoint_simulated_106_surface1.pcd,Testing,2.116093635559082,2.146867036819458,0.030773401260375977
1090,TH0021AV/viewpoint_simulated_107_surface1.pcd,Testing,2.2870326042175293,2.1344821453094482,0.15255045890808105
1091,TH0021AV/viewpoint_simulated_108_surface1.pcd,Testing,1.925577163696289,2.0957915782928467,0.17021441459655762
1092,TH0021AV/viewpoint_simulated_109_surface1.pcd,Testing,2.2792673110961914,2.025700092315674,0.2535672187805176
1093,TH0021AV/viewpoint_simulated_11_surface1.pcd,Testing,2.3321855068206787,2.260068655014038,0.07211685180664062
1094,TH0021AV/viewpoint_simulated_110_surface1.pcd,Testing,2.138807773590088,2.0489916801452637,0.08981609344482422
1095,TH0021AV/viewpoint_simulated_111_surface1.pcd,Testing,2.203474283218384,2.055701494216919,0.14777278900146484
1096,TH0021AV/viewpoint_simulated_112_surface1.pcd,Testing,1.971767783164978,2.0946507453918457,0.12288296222686768
1097,TH0021AV/viewpoint_simulated_113_surface1.pcd,Testing,2.264219284057617,2.0382611751556396,0.22595810890197754
1098,TH0021AV/viewpoint_simulated_114_surface1.pcd,Testing,1.924725890159607,2.1235511302948,0.19882524013519287
1099,TH0021AV/viewpoint_simulated_115_surface1.pcd,Testing,2.1361982822418213,2.1517577171325684,0.01555943489074707
1100,TH0021AV/viewpoint_simulated_116_surface1.pcd,Testing,2.1687405109405518,2.184006452560425,0.015265941619873047
1101,TH0021AV/viewpoint_simulated_117_surface1.pcd,Testing,2.3303892612457275,2.189321279525757,0.1410679817199707
1102,TH0021AV/viewpoint_simulated_118_surface1.pcd,Testing,2.2739741802215576,2.154484272003174,0.11948990821838379
1103,TH0021AV/viewpoint_simulated_119_surface1.pcd,Testing,2.3732569217681885,2.146836757659912,0.22642016410827637
1104,TH0021AV/viewpoint_simulated_12_surface1.pcd,Testing,2.168273687362671,2.0944783687591553,0.07379531860351562
1105,TH0021AV/viewpoint_simulated_120_surface1.pcd,Testing,2.219228506088257,2.098121404647827,0.12110710144042969
1106,TH0021AV/viewpoint_simulated_121_surface1.pcd,Testing,2.1263647079467773,2.0417420864105225,0.08462262153625488
1107,TH0021AV/viewpoint_simulated_122_surface1.pcd,Testing,2.223005771636963,2.0121207237243652,0.21088504791259766
1108,TH0021AV/viewpoint_simulated_123_surface1.pcd,Testing,2.2511041164398193,2.0717356204986572,0.1793684959411621
1109,TH0021AV/viewpoint_simulated_124_surface1.pcd,Testing,2.2994115352630615,2.054271936416626,0.24513959884643555
1110,TH0021AV/viewpoint_simulated_125_surface1.pcd,Testing,2.02658748626709,2.0390753746032715,0.01248788833618164
1111,TH0021AV/viewpoint_simulated_126_surface1.pcd,Testing,2.264958143234253,2.1294524669647217,0.13550567626953125
1112,TH0021AV/viewpoint_simulated_127_surface1.pcd,Testing,2.2120301723480225,2.184495687484741,0.02753448486328125
1113,TH0021AV/viewpoint_simulated_128_surface1.pcd,Testing,2.2852585315704346,2.1586153507232666,0.12664318084716797
1114,TH0021AV/viewpoint_simulated_129_surface1.pcd,Testing,2.190150260925293,2.1843044757843018,0.005845785140991211
1115,TH0021AV/viewpoint_simulated_13_surface1.pcd,Testing,2.199934959411621,1.9949002265930176,0.20503473281860352
1116,TH0021AV/viewpoint_simulated_130_surface1.pcd,Testing,2.243908643722534,2.1602232456207275,0.08368539810180664
1117,TH0021AV/viewpoint_simulated_131_surface1.pcd,Testing,2.133700132369995,2.142638921737671,0.008938789367675781
1118,TH0021AV/viewpoint_simulated_132_surface1.pcd,Testing,2.1733336448669434,2.074439525604248,0.09889411926269531
1119,TH0021AV/viewpoint_simulated_133_surface1.pcd,Testing,2.3514487743377686,2.0248208045959473,0.3266279697418213
1120,TH0021AV/viewpoint_simulated_134_surface1.pcd,Testing,2.2927117347717285,2.0045981407165527,0.2881135940551758
1121,TH0021AV/viewpoint_simulated_135_surface1.pcd,Testing,2.076227903366089,2.0474305152893066,0.028797388076782227
1122,TH0021AV/viewpoint_simulated_136_surface1.pcd,Testing,2.11869478225708,2.0754072666168213,0.04328751564025879
1123,TH0021AV/viewpoint_simulated_137_surface1.pcd,Testing,2.2239365577697754,2.0496280193328857,0.17430853843688965
1124,TH0021AV/viewpoint_simulated_138_surface1.pcd,Testing,2.330458164215088,2.111254930496216,0.21920323371887207
1125,TH0021AV/viewpoint_simulated_139_surface1.pcd,Testing,2.096717119216919,2.1598641872406006,0.06314706802368164
1126,TH0021AV/viewpoint_simulated_14_surface1.pcd,Testing,2.139702081680298,2.1399333477020264,0.00023126602172851562
1127,TH0021AV/viewpoint_simulated_140_surface1.pcd,Testing,2.090024471282959,2.14520525932312,0.05518078804016113
1128,TH0021AV/viewpoint_simulated_141_surface1.pcd,Testing,2.220317840576172,2.18951153755188,0.030806303024291992
1129,TH0021AV/viewpoint_simulated_142_surface1.pcd,Testing,2.1915783882141113,2.162384271621704,0.029194116592407227
1130,TH0021AV/viewpoint_simulated_143_surface1.pcd,Testing,2.416302442550659,2.1596152782440186,0.2566871643066406
1131,TH0021AV/viewpoint_simulated_144_surface1.pcd,Testing,2.1547904014587402,2.2970528602600098,0.14226245880126953
1132,TH0021AV/viewpoint_simulated_145_surface1.pcd,Testing,2.244389295578003,2.172344207763672,0.07204508781433105
1133,TH0021AV/viewpoint_simulated_146_surface1.pcd,Testing,2.1202809810638428,2.185163974761963,0.06488299369812012
1134,TH0021AV/viewpoint_simulated_147_surface1.pcd,Testing,2.078611135482788,2.123508930206299,0.04489779472351074
1135,TH0021AV/viewpoint_simulated_148_surface1.pcd,Testing,2.220160484313965,2.088231086730957,0.1319293975830078
1136,TH0021AV/viewpoint_simulated_149_surface1.pcd,Testing,2.2257702350616455,2.1058590412139893,0.11991119384765625
1137,TH0021AV/viewpoint_simulated_15_surface1.pcd,Testing,2.2073779106140137,2.1180784702301025,0.08929944038391113
1138,TH0021AV/viewpoint_simulated_150_surface1.pcd,Testing,2.0164897441864014,2.1931369304656982,0.17664718627929688
1139,TH0021AV/viewpoint_simulated_151_surface1.pcd,Testing,2.150989532470703,2.1660449504852295,0.015055418014526367
1140,TH0021AV/viewpoint_simulated_152_surface1.pcd,Testing,2.324441909790039,2.253878593444824,0.07056331634521484
1141,TH0021AV/viewpoint_simulated_153_surface1.pcd,Testing,2.140921115875244,2.288896322250366,0.14797520637512207
1142,TH0021AV/viewpoint_simulated_154_surface1.pcd,Testing,1.9546641111373901,2.2131669521331787,0.2585028409957886
1143,TH0021AV/viewpoint_simulated_155_surface1.pcd,Testing,2.078644275665283,2.2279269695281982,0.14928269386291504
1144,TH0021AV/viewpoint_simulated_156_surface1.pcd,Testing,2.2365331649780273,2.074984073638916,0.16154909133911133
1145,TH0021AV/viewpoint_simulated_157_surface1.pcd,Testing,2.1985890865325928,2.052281618118286,0.14630746841430664
1146,TH0021AV/viewpoint_simulated_158_surface1.pcd,Testing,2.223153591156006,2.0658762454986572,0.15727734565734863
1147,TH0021AV/viewpoint_simulated_159_surface1.pcd,Testing,2.096952199935913,2.0841658115386963,0.012786388397216797
1148,TH0021AV/viewpoint_simulated_16_surface1.pcd,Testing,2.144881010055542,2.1253502368927,0.019530773162841797
1149,TH0021AV/viewpoint_simulated_160_surface1.pcd,Testing,2.2010624408721924,2.062570333480835,0.13849210739135742
1150,TH0021AV/viewpoint_simulated_161_surface1.pcd,Testing,2.2350521087646484,2.007955551147461,0.2270965576171875
1151,TH0021AV/viewpoint_simulated_162_surface1.pcd,Testing,2.1002085208892822,2.0971362590789795,0.0030722618103027344
1152,TH0021AV/viewpoint_simulated_163_surface1.pcd,Testing,2.126506805419922,2.139025926589966,0.012519121170043945
1153,TH0021AV/viewpoint_simulated_164_surface1.pcd,Testing,2.1784591674804688,2.1741089820861816,0.004350185394287109
1154,TH0021AV/viewpoint_simulated_165_surface1.pcd,Testing,2.1459171772003174,2.238252878189087,0.09233570098876953
1155,TH0021AV/viewpoint_simulated_166_surface1.pcd,Testing,2.1190505027770996,2.154740810394287,0.0356903076171875
1156,TH0021AV/viewpoint_simulated_167_surface1.pcd,Testing,2.2118263244628906,2.1701629161834717,0.041663408279418945
1157,TH0021AV/viewpoint_simulated_168_surface1.pcd,Testing,2.1796507835388184,2.090623617172241,0.08902716636657715
1158,TH0021AV/viewpoint_simulated_169_surface1.pcd,Testing,2.0148565769195557,2.0045816898345947,0.010274887084960938
1159,TH0021AV/viewpoint_simulated_17_surface1.pcd,Testing,2.1057019233703613,2.0788495540618896,0.02685236930847168
1160,TH0021AV/viewpoint_simulated_170_surface1.pcd,Testing,2.274507999420166,2.0364060401916504,0.23810195922851562
1161,TH0021AV/viewpoint_simulated_171_surface1.pcd,Testing,2.1212902069091797,2.0786221027374268,0.04266810417175293
1162,TH0021AV/viewpoint_simulated_172_surface1.pcd,Testing,2.14643931388855,2.0559072494506836,0.09053206443786621
1163,TH0021AV/viewpoint_simulated_173_surface1.pcd,Testing,2.0992980003356934,2.0530707836151123,0.046227216720581055
1164,TH0021AV/viewpoint_simulated_174_surface1.pcd,Testing,2.246492862701416,2.0824084281921387,0.16408443450927734
1165,TH0021AV/viewpoint_simulated_175_surface1.pcd,Testing,2.1579980850219727,2.1461455821990967,0.011852502822875977
1166,TH0021AV/viewpoint_simulated_176_surface1.pcd,Testing,2.1831417083740234,2.1501500606536865,0.032991647720336914
1167,TH0021AV/viewpoint_simulated_177_surface1.pcd,Testing,2.062131404876709,2.2263295650482178,0.1641981601715088
1168,TH0021AV/viewpoint_simulated_178_surface1.pcd,Testing,2.243885040283203,2.211095094680786,0.03278994560241699
1169,TH0021AV/viewpoint_simulated_179_surface1.pcd,Testing,2.1876370906829834,2.167278528213501,0.020358562469482422
1170,TH0021AV/viewpoint_simulated_18_surface1.pcd,Testing,2.0892655849456787,2.1349141597747803,0.04564857482910156
1171,TH0021AV/viewpoint_simulated_180_surface1.pcd,Testing,2.0110063552856445,2.112596273422241,0.10158991813659668
1172,TH0021AV/viewpoint_simulated_181_surface1.pcd,Testing,1.9730243682861328,2.025799036026001,0.052774667739868164
1173,TH0021AV/viewpoint_simulated_182_surface1.pcd,Testing,2.234849452972412,2.0486812591552734,0.18616819381713867
1174,TH0021AV/viewpoint_simulated_183_surface1.pcd,Testing,2.3195955753326416,2.0753047466278076,0.24429082870483398
1175,TH0021AV/viewpoint_simulated_184_surface1.pcd,Testing,2.1904590129852295,2.084181308746338,0.1062777042388916
1176,TH0021AV/viewpoint_simulated_185_surface1.pcd,Testing,2.3243682384490967,2.0015273094177246,0.32284092903137207
1177,TH0021AV/viewpoint_simulated_186_surface1.pcd,Testing,2.0584731101989746,2.1024341583251953,0.0439610481262207
1178,TH0021AV/viewpoint_simulated_187_surface1.pcd,Testing,1.9937996864318848,2.154087781906128,0.16028809547424316
1179,TH0021AV/viewpoint_simulated_188_surface1.pcd,Testing,2.0068960189819336,2.142503023147583,0.13560700416564941
1180,TH0021AV/viewpoint_simulated_189_surface1.pcd,Testing,2.1050965785980225,2.1980788707733154,0.09298229217529297
1181,TH0021AV/viewpoint_simulated_19_surface1.pcd,Testing,2.2430050373077393,2.153435468673706,0.0895695686340332
1182,TH0021AV/viewpoint_simulated_190_surface1.pcd,Testing,2.079688549041748,2.163167715072632,0.08347916603088379
1183,TH0021AV/viewpoint_simulated_191_surface1.pcd,Testing,2.194974899291992,2.1128597259521484,0.08211517333984375
1184,TH0021AV/viewpoint_simulated_192_surface1.pcd,Testing,2.212942361831665,2.104736089706421,0.10820627212524414
1185,TH0021AV/viewpoint_simulated_193_surface1.pcd,Testing,2.3943450450897217,2.041701078414917,0.3526439666748047
1186,TH0021AV/viewpoint_simulated_194_surface1.pcd,Testing,2.2774624824523926,2.0190587043762207,0.2584037780761719
1187,TH0021AV/viewpoint_simulated_195_surface1.pcd,Testing,2.227916717529297,2.0663187503814697,0.16159796714782715
1188,TH0021AV/viewpoint_simulated_196_surface1.pcd,Testing,2.036247968673706,2.085299253463745,0.04905128479003906
1189,TH0021AV/viewpoint_simulated_197_surface1.pcd,Testing,2.0056214332580566,2.043090581893921,0.03746914863586426
1190,TH0021AV/viewpoint_simulated_198_surface1.pcd,Testing,2.278358221054077,2.156405210494995,0.12195301055908203
1191,TH0021AV/viewpoint_simulated_199_surface1.pcd,Testing,2.118992328643799,2.165445566177368,0.046453237533569336
1192,TH0021AV/viewpoint_simulated_2_surface1.pcd,Testing,2.305751323699951,2.231816053390503,0.07393527030944824
1193,TH0021AV/viewpoint_simulated_20_surface1.pcd,Testing,2.1683802604675293,2.188504219055176,0.020123958587646484
1194,TH0021AV/viewpoint_simulated_200_surface1.pcd,Testing,2.291790246963501,2.1822402477264404,0.10954999923706055
1195,TH0021AV/viewpoint_simulated_201_surface1.pcd,Testing,2.273930311203003,2.1921215057373047,0.08180880546569824
1196,TH0021AV/viewpoint_simulated_202_surface1.pcd,Testing,2.218397855758667,2.1623477935791016,0.05605006217956543
1197,TH0021AV/viewpoint_simulated_203_surface1.pcd,Testing,2.1853039264678955,2.1590054035186768,0.02629852294921875
1198,TH0021AV/viewpoint_simulated_204_surface1.pcd,Testing,2.2387282848358154,2.0949509143829346,0.14377737045288086
1199,TH0021AV/viewpoint_simulated_205_surface1.pcd,Testing,2.0418648719787598,2.0223586559295654,0.019506216049194336
1200,TH0021AV/viewpoint_simulated_206_surface1.pcd,Testing,2.308398962020874,2.017420768737793,0.29097819328308105
1201,TH0021AV/viewpoint_simulated_207_surface1.pcd,Testing,2.311185598373413,2.0547306537628174,0.2564549446105957
1202,TH0021AV/viewpoint_simulated_208_surface1.pcd,Testing,2.1433303356170654,2.0677778720855713,0.07555246353149414
1203,TH0021AV/viewpoint_simulated_209_surface1.pcd,Testing,2.1136603355407715,2.0204756259918213,0.0931847095489502
1204,TH0021AV/viewpoint_simulated_21_surface1.pcd,Testing,2.2307636737823486,2.2544443607330322,0.023680686950683594
1205,TH0021AV/viewpoint_simulated_210_surface1.pcd,Testing,2.2513844966888428,2.1473844051361084,0.10400009155273438
1206,TH0021AV/viewpoint_simulated_211_surface1.pcd,Testing,2.2075209617614746,2.156533718109131,0.05098724365234375
1207,TH0021AV/viewpoint_simulated_212_surface1.pcd,Testing,2.1614909172058105,2.177128553390503,0.015637636184692383
1208,TH0021AV/viewpoint_simulated_213_surface1.pcd,Testing,2.1998238563537598,2.1793015003204346,0.020522356033325195
1209,TH0021AV/viewpoint_simulated_214_surface1.pcd,Testing,2.1397705078125,2.1929166316986084,0.0531461238861084
1210,TH0021AV/viewpoint_simulated_215_surface1.pcd,Testing,2.24875807762146,2.1617071628570557,0.0870509147644043
1211,TH0021AV/viewpoint_simulated_22_surface1.pcd,Testing,2.3304202556610107,2.155442237854004,0.17497801780700684
1212,TH0021AV/viewpoint_simulated_23_surface1.pcd,Testing,2.2058379650115967,2.222503900527954,0.016665935516357422
1213,TH0021AV/viewpoint_simulated_24_surface1.pcd,Testing,2.3387718200683594,2.100316286087036,0.23845553398132324
1214,TH0021AV/viewpoint_simulated_25_surface1.pcd,Testing,2.0750391483306885,1.9888352155685425,0.086203932762146
1215,TH0021AV/viewpoint_simulated_26_surface1.pcd,Testing,2.2065963745117188,2.0803706645965576,0.12622570991516113
1216,TH0021AV/viewpoint_simulated_27_surface1.pcd,Testing,2.0630977153778076,2.079880952835083,0.01678323745727539
1217,TH0021AV/viewpoint_simulated_28_surface1.pcd,Testing,2.3047983646392822,2.1143343448638916,0.19046401977539062
1218,TH0021AV/viewpoint_simulated_29_surface1.pcd,Testing,2.1813242435455322,2.0645575523376465,0.11676669120788574
1219,TH0021AV/viewpoint_simulated_3_surface1.pcd,Testing,2.171328067779541,2.169956922531128,0.001371145248413086
1220,TH0021AV/viewpoint_simulated_30_surface1.pcd,Testing,2.0327377319335938,2.0928335189819336,0.060095787048339844
1221,TH0021AV/viewpoint_simulated_31_surface1.pcd,Testing,2.3501787185668945,2.1851954460144043,0.16498327255249023
1222,TH0021AV/viewpoint_simulated_32_surface1.pcd,Testing,2.280869960784912,2.1881015300750732,0.09276843070983887
1223,TH0021AV/viewpoint_simulated_33_surface1.pcd,Testing,2.2185261249542236,2.2302157878875732,0.01168966293334961
1224,TH0021AV/viewpoint_simulated_34_surface1.pcd,Testing,2.0944137573242188,2.163593053817749,0.06917929649353027
1225,TH0021AV/viewpoint_simulated_35_surface1.pcd,Testing,2.1441574096679688,2.1312782764434814,0.012879133224487305
1226,TH0021AV/viewpoint_simulated_36_surface1.pcd,Testing,2.2361385822296143,2.100721836090088,0.13541674613952637
1227,TH0021AV/viewpoint_simulated_37_surface1.pcd,Testing,2.1438703536987305,2.036778688430786,0.10709166526794434
1228,TH0021AV/viewpoint_simulated_38_surface1.pcd,Testing,2.2749693393707275,2.0327625274658203,0.24220681190490723
1229,TH0021AV/viewpoint_simulated_39_surface1.pcd,Testing,2.0992772579193115,2.0698838233947754,0.029393434524536133
1230,TH0021AV/viewpoint_simulated_4_surface1.pcd,Testing,2.1188583374023438,2.2249605655670166,0.10610222816467285
1231,TH0021AV/viewpoint_simulated_40_surface1.pcd,Testing,2.078646659851074,2.1058380603790283,0.0271914005279541
1232,TH0021AV/viewpoint_simulated_41_surface1.pcd,Testing,2.4084415435791016,2.0286178588867188,0.3798236846923828
1233,TH0021AV/viewpoint_simulated_42_surface1.pcd,Testing,2.101044178009033,2.1276333332061768,0.026589155197143555
1234,TH0021AV/viewpoint_simulated_43_surface1.pcd,Testing,2.2894976139068604,2.182262659072876,0.10723495483398438
1235,TH0021AV/viewpoint_simulated_44_surface1.pcd,Testing,2.420332193374634,2.18798565864563,0.2323465347290039
1236,TH0021AV/viewpoint_simulated_45_surface1.pcd,Testing,2.1531243324279785,2.164658784866333,0.011534452438354492
1237,TH0021AV/viewpoint_simulated_46_surface1.pcd,Testing,2.2354519367218018,2.1724741458892822,0.06297779083251953
1238,TH0021AV/viewpoint_simulated_47_surface1.pcd,Testing,2.2410643100738525,2.115293025970459,0.12577128410339355
1239,TH0021AV/viewpoint_simulated_48_surface1.pcd,Testing,2.403686285018921,2.0996787548065186,0.30400753021240234
1240,TH0021AV/viewpoint_simulated_49_surface1.pcd,Testing,2.1475491523742676,2.0428664684295654,0.10468268394470215
1241,TH0021AV/viewpoint_simulated_5_surface1.pcd,Testing,2.17913556098938,2.135985851287842,0.043149709701538086
1242,TH0021AV/viewpoint_simulated_50_surface1.pcd,Testing,2.2671914100646973,2.0229499340057373,0.24424147605895996
1243,TH0021AV/viewpoint_simulated_51_surface1.pcd,Testing,1.9027807712554932,2.0746750831604004,0.17189431190490723
1244,TH0021AV/viewpoint_simulated_52_surface1.pcd,Testing,2.15781307220459,2.080533266067505,0.07727980613708496
1245,TH0021AV/viewpoint_simulated_53_surface1.pcd,Testing,2.315052032470703,2.0678763389587402,0.2471756935119629
1246,TH0021AV/viewpoint_simulated_54_surface1.pcd,Testing,2.2127153873443604,2.151031970977783,0.06168341636657715
1247,TH0021AV/viewpoint_simulated_55_surface1.pcd,Testing,2.2490100860595703,2.2061991691589355,0.042810916900634766
1248,TH0021AV/viewpoint_simulated_56_surface1.pcd,Testing,2.1487250328063965,2.178962230682373,0.030237197875976562
1249,TH0021AV/viewpoint_simulated_57_surface1.pcd,Testing,2.140591859817505,2.1923892498016357,0.05179738998413086
1250,TH0021AV/viewpoint_simulated_58_surface1.pcd,Testing,2.107614278793335,2.1586077213287354,0.05099344253540039
1251,TH0021AV/viewpoint_simulated_59_surface1.pcd,Testing,2.3960235118865967,2.1139090061187744,0.28211450576782227
1252,TH0021AV/viewpoint_simulated_6_surface1.pcd,Testing,2.1660053730010986,2.150036334991455,0.015969038009643555
1253,TH0021AV/viewpoint_simulated_60_surface1.pcd,Testing,2.592360734939575,2.0887372493743896,0.5036234855651855
1254,TH0021AV/viewpoint_simulated_61_surface1.pcd,Testing,2.4106662273406982,2.029984474182129,0.38068175315856934
1255,TH0021AV/viewpoint_simulated_62_surface1.pcd,Testing,2.088031768798828,2.002861738204956,0.08517003059387207
1256,TH0021AV/viewpoint_simulated_63_surface1.pcd,Testing,2.183537244796753,2.084571599960327,0.09896564483642578
1257,TH0021AV/viewpoint_simulated_64_surface1.pcd,Testing,2.3790206909179688,2.0869429111480713,0.29207777976989746
1258,TH0021AV/viewpoint_simulated_65_surface1.pcd,Testing,2.1286299228668213,2.070145606994629,0.05848431587219238
1259,TH0021AV/viewpoint_simulated_66_surface1.pcd,Testing,2.2610435485839844,2.197188138961792,0.06385540962219238
1260,TH0021AV/viewpoint_simulated_67_surface1.pcd,Testing,2.2251696586608887,2.128967523574829,0.09620213508605957
1261,TH0021AV/viewpoint_simulated_68_surface1.pcd,Testing,2.2374391555786133,2.1608805656433105,0.07655858993530273
1262,TH0021AV/viewpoint_simulated_69_surface1.pcd,Testing,2.230130672454834,2.177997589111328,0.05213308334350586
1263,TH0021AV/viewpoint_simulated_7_surface1.pcd,Testing,2.1829395294189453,2.1816000938415527,0.0013394355773925781
1264,TH0021AV/viewpoint_simulated_70_surface1.pcd,Testing,2.2456278800964355,2.152007579803467,0.09362030029296875
1265,TH0021AV/viewpoint_simulated_71_surface1.pcd,Testing,2.3053717613220215,2.2012622356414795,0.10410952568054199
1266,TH0021AV/viewpoint_simulated_72_surface1.pcd,Testing,2.3125531673431396,2.25986647605896,0.05268669128417969
1267,TH0021AV/viewpoint_simulated_73_surface1.pcd,Testing,1.9955848455429077,2.1956064701080322,0.2000216245651245
1268,TH0021AV/viewpoint_simulated_74_surface1.pcd,Testing,2.0345003604888916,2.236705780029297,0.20220541954040527
1269,TH0021AV/viewpoint_simulated_75_surface1.pcd,Testing,2.3296258449554443,2.138251781463623,0.1913740634918213
1270,TH0021AV/viewpoint_simulated_76_surface1.pcd,Testing,2.1687135696411133,2.1664211750030518,0.0022923946380615234
1271,TH0021AV/viewpoint_simulated_77_surface1.pcd,Testing,2.067492723464966,2.195911169052124,0.1284184455871582
1272,TH0021AV/viewpoint_simulated_78_surface1.pcd,Testing,2.2986106872558594,2.175467014312744,0.12314367294311523
1273,TH0021AV/viewpoint_simulated_79_surface1.pcd,Testing,2.264500379562378,2.2069742679595947,0.0575261116027832
1274,TH0021AV/viewpoint_simulated_8_surface1.pcd,Testing,2.158940315246582,2.287033796310425,0.12809348106384277
1275,TH0021AV/viewpoint_simulated_80_surface1.pcd,Testing,2.233248233795166,2.2611770629882812,0.027928829193115234
1276,TH0021AV/viewpoint_simulated_81_surface1.pcd,Testing,2.1494433879852295,2.1992173194885254,0.0497739315032959
1277,TH0021AV/viewpoint_simulated_82_surface1.pcd,Testing,2.233865737915039,2.201838254928589,0.032027482986450195
1278,TH0021AV/viewpoint_simulated_83_surface1.pcd,Testing,2.167790412902832,2.2645206451416016,0.09673023223876953
1279,TH0021AV/viewpoint_simulated_84_surface1.pcd,Testing,2.039616823196411,2.1050398349761963,0.06542301177978516
1280,TH0021AV/viewpoint_simulated_85_surface1.pcd,Testing,2.2844643592834473,2.0301592350006104,0.2543051242828369
1281,TH0021AV/viewpoint_simulated_86_surface1.pcd,Testing,2.1417627334594727,2.1187055110931396,0.023057222366333008
1282,TH0021AV/viewpoint_simulated_87_surface1.pcd,Testing,2.134460926055908,2.0921504497528076,0.042310476303100586
1283,TH0021AV/viewpoint_simulated_88_surface1.pcd,Testing,2.1034109592437744,2.077531099319458,0.025879859924316406
1284,TH0021AV/viewpoint_simulated_89_surface1.pcd,Testing,2.1043975353240967,2.0643298625946045,0.04006767272949219
1285,TH0021AV/viewpoint_simulated_9_surface1.pcd,Testing,2.3048925399780273,2.2763803005218506,0.028512239456176758
1286,TH0021AV/viewpoint_simulated_90_surface1.pcd,Testing,2.2158713340759277,2.0920798778533936,0.12379145622253418
1287,TH0021AV/viewpoint_simulated_91_surface1.pcd,Testing,2.3492233753204346,2.138538122177124,0.21068525314331055
1288,TH0021AV/viewpoint_simulated_92_surface1.pcd,Testing,2.2555582523345947,2.181690216064453,0.0738680362701416
1289,TH0021AV/viewpoint_simulated_93_surface1.pcd,Testing,2.1822798252105713,2.2482526302337646,0.06597280502319336
1290,TH0021AV/viewpoint_simulated_94_surface1.pcd,Testing,2.06425404548645,2.1665453910827637,0.10229134559631348
1291,TH0021AV/viewpoint_simulated_95_surface1.pcd,Testing,2.2286019325256348,2.206554651260376,0.02204728126525879
1292,TH0021AV/viewpoint_simulated_96_surface1.pcd,Testing,2.10489559173584,2.0830469131469727,0.021848678588867188
1293,TH0021AV/viewpoint_simulated_97_surface1.pcd,Testing,2.058959722518921,2.0164551734924316,0.04250454902648926
1294,TH0021AV/viewpoint_simulated_98_surface1.pcd,Testing,2.0674819946289062,2.0584380626678467,0.00904393196105957
1295,TH0021AV/viewpoint_simulated_99_surface1.pcd,Testing,2.2401950359344482,2.0881690979003906,0.15202593803405762
1296,TH0022AV/viewpoint_simulated_0_surface0.pcd,Testing,1.9898277521133423,1.9252773523330688,0.06455039978027344
1297,TH0022AV/viewpoint_simulated_1_surface0.pcd,Testing,1.9788943529129028,1.9767980575561523,0.0020962953567504883
1298,TH0022AV/viewpoint_simulated_10_surface0.pcd,Testing,2.0345277786254883,1.9024429321289062,0.13208484649658203
1299,TH0022AV/viewpoint_simulated_100_surface0.pcd,Testing,2.0674474239349365,1.9490150213241577,0.11843240261077881
1300,TH0022AV/viewpoint_simulated_101_surface0.pcd,Testing,2.0645151138305664,2.0107882022857666,0.053726911544799805
1301,TH0022AV/viewpoint_simulated_102_surface0.pcd,Testing,1.9535552263259888,2.0150914192199707,0.061536192893981934
1302,TH0022AV/viewpoint_simulated_103_surface0.pcd,Testing,1.928181529045105,2.0291545391082764,0.10097301006317139
1303,TH0022AV/viewpoint_simulated_104_surface0.pcd,Testing,1.9346866607666016,1.9414479732513428,0.006761312484741211
1304,TH0022AV/viewpoint_simulated_105_surface0.pcd,Testing,2.0294439792633057,1.9734686613082886,0.05597531795501709
1305,TH0022AV/viewpoint_simulated_106_surface0.pcd,Testing,1.9372097253799438,1.9497610330581665,0.012551307678222656
1306,TH0022AV/viewpoint_simulated_107_surface0.pcd,Testing,2.004964590072632,1.912279486656189,0.09268510341644287
1307,TH0022AV/viewpoint_simulated_108_surface0.pcd,Testing,2.040449857711792,2.0262162685394287,0.014233589172363281
1308,TH0022AV/viewpoint_simulated_109_surface0.pcd,Testing,1.9326822757720947,2.0336766242980957,0.10099434852600098
1309,TH0022AV/viewpoint_simulated_11_surface0.pcd,Testing,2.012817621231079,1.8887008428573608,0.12411677837371826
1310,TH0022AV/viewpoint_simulated_110_surface0.pcd,Testing,2.0712192058563232,2.076594829559326,0.00537562370300293
1311,TH0022AV/viewpoint_simulated_111_surface0.pcd,Testing,1.9766731262207031,2.028986692428589,0.05231356620788574
1312,TH0022AV/viewpoint_simulated_112_surface0.pcd,Testing,2.1035726070404053,1.9417873620986938,0.16178524494171143
1313,TH0022AV/viewpoint_simulated_113_surface0.pcd,Testing,2.012315511703491,2.0093700885772705,0.002945423126220703
1314,TH0022AV/viewpoint_simulated_114_surface0.pcd,Testing,2.1513426303863525,2.0270612239837646,0.12428140640258789
1315,TH0022AV/viewpoint_simulated_115_surface0.pcd,Testing,2.007767915725708,1.9935678243637085,0.014200091361999512
1316,TH0022AV/viewpoint_simulated_116_surface0.pcd,Testing,1.961233377456665,1.952314019203186,0.008919358253479004
1317,TH0022AV/viewpoint_simulated_117_surface0.pcd,Testing,1.9898751974105835,1.9686797857284546,0.021195411682128906
1318,TH0022AV/viewpoint_simulated_118_surface0.pcd,Testing,2.0572681427001953,1.9963489770889282,0.06091916561126709
1319,TH0022AV/viewpoint_simulated_119_surface0.pcd,Testing,2.0408008098602295,1.9502016305923462,0.0905991792678833
1320,TH0022AV/viewpoint_simulated_12_surface0.pcd,Testing,1.9778802394866943,1.9611103534698486,0.016769886016845703
1321,TH0022AV/viewpoint_simulated_120_surface0.pcd,Testing,2.0156571865081787,2.0541388988494873,0.038481712341308594
1322,TH0022AV/viewpoint_simulated_121_surface0.pcd,Testing,2.099721670150757,2.0505013465881348,0.04922032356262207
1323,TH0022AV/viewpoint_simulated_122_surface0.pcd,Testing,2.01886248588562,2.095479965209961,0.07661747932434082
1324,TH0022AV/viewpoint_simulated_123_surface0.pcd,Testing,1.9111775159835815,2.048442840576172,0.13726532459259033
1325,TH0022AV/viewpoint_simulated_124_surface0.pcd,Testing,2.0965099334716797,1.9582780599594116,0.13823187351226807
1326,TH0022AV/viewpoint_simulated_125_surface0.pcd,Testing,2.0178377628326416,1.9999603033065796,0.01787745952606201
1327,TH0022AV/viewpoint_simulated_126_surface0.pcd,Testing,1.984980821609497,2.080608606338501,0.0956277847290039
1328,TH0022AV/viewpoint_simulated_127_surface0.pcd,Testing,2.063676595687866,2.017510414123535,0.046166181564331055
1329,TH0022AV/viewpoint_simulated_128_surface0.pcd,Testing,2.0037848949432373,1.9706827402114868,0.03310215473175049
1330,TH0022AV/viewpoint_simulated_129_surface0.pcd,Testing,2.048506736755371,2.0042567253112793,0.0442500114440918
1331,TH0022AV/viewpoint_simulated_13_surface0.pcd,Testing,2.0177550315856934,2.0031139850616455,0.014641046524047852
1332,TH0022AV/viewpoint_simulated_130_surface0.pcd,Testing,1.9774982929229736,2.0459840297698975,0.06848573684692383
1333,TH0022AV/viewpoint_simulated_131_surface0.pcd,Testing,1.9990739822387695,1.953675627708435,0.04539835453033447
1334,TH0022AV/viewpoint_simulated_132_surface0.pcd,Testing,2.0737173557281494,2.092067003250122,0.018349647521972656
1335,TH0022AV/viewpoint_simulated_133_surface0.pcd,Testing,2.076854944229126,2.0871951580047607,0.010340213775634766
1336,TH0022AV/viewpoint_simulated_134_surface0.pcd,Testing,2.108703136444092,2.076033353805542,0.032669782638549805
1337,TH0022AV/viewpoint_simulated_135_surface0.pcd,Testing,1.9851577281951904,2.084707498550415,0.09954977035522461
1338,TH0022AV/viewpoint_simulated_136_surface0.pcd,Testing,2.017220973968506,2.0266711711883545,0.009450197219848633
1339,TH0022AV/viewpoint_simulated_137_surface0.pcd,Testing,2.0802829265594482,2.0232176780700684,0.05706524848937988
1340,TH0022AV/viewpoint_simulated_138_surface0.pcd,Testing,2.080096483230591,2.0633480548858643,0.016748428344726562
1341,TH0022AV/viewpoint_simulated_139_surface0.pcd,Testing,2.0675342082977295,2.0724823474884033,0.004948139190673828
1342,TH0022AV/viewpoint_simulated_14_surface0.pcd,Testing,2.0615410804748535,1.9702306985855103,0.09131038188934326
1343,TH0022AV/viewpoint_simulated_140_surface0.pcd,Testing,2.085803508758545,2.004312515258789,0.08149099349975586
1344,TH0022AV/viewpoint_simulated_141_surface0.pcd,Testing,2.0941076278686523,2.097637891769409,0.003530263900756836
1345,TH0022AV/viewpoint_simulated_142_surface0.pcd,Testing,2.079392433166504,2.0881717205047607,0.008779287338256836
1346,TH0022AV/viewpoint_simulated_143_surface0.pcd,Testing,1.9878032207489014,1.928301453590393,0.0595017671585083
1347,TH0022AV/viewpoint_simulated_144_surface0.pcd,Testing,1.954689621925354,1.9414907693862915,0.0131988525390625
1348,TH0022AV/viewpoint_simulated_145_surface0.pcd,Testing,1.9778727293014526,1.957329511642456,0.020543217658996582
1349,TH0022AV/viewpoint_simulated_146_surface0.pcd,Testing,1.9350149631500244,1.9843887090682983,0.049373745918273926
1350,TH0022AV/viewpoint_simulated_147_surface0.pcd,Testing,2.0839223861694336,1.912951111793518,0.17097127437591553
1351,TH0022AV/viewpoint_simulated_148_surface0.pcd,Testing,1.9033384323120117,1.96599543094635,0.06265699863433838
1352,TH0022AV/viewpoint_simulated_149_surface0.pcd,Testing,2.014814853668213,2.013634443283081,0.001180410385131836
1353,TH0022AV/viewpoint_simulated_15_surface0.pcd,Testing,2.095325231552124,1.9177144765853882,0.17761075496673584
1354,TH0022AV/viewpoint_simulated_150_surface0.pcd,Testing,2.035465955734253,1.925855040550232,0.109610915184021
1355,TH0022AV/viewpoint_simulated_151_surface0.pcd,Testing,1.999305009841919,1.949731707572937,0.049573302268981934
1356,TH0022AV/viewpoint_simulated_152_surface0.pcd,Testing,2.1160295009613037,1.923950433731079,0.1920790672302246
1357,TH0022AV/viewpoint_simulated_153_surface0.pcd,Testing,2.0199456214904785,1.9211832284927368,0.0987623929977417
1358,TH0022AV/viewpoint_simulated_154_surface0.pcd,Testing,1.9612311124801636,1.887243628501892,0.07398748397827148
1359,TH0022AV/viewpoint_simulated_155_surface0.pcd,Testing,2.028299331665039,1.9392855167388916,0.08901381492614746
1360,TH0022AV/viewpoint_simulated_156_surface0.pcd,Testing,2.001065492630005,1.9440733194351196,0.056992173194885254
1361,TH0022AV/viewpoint_simulated_157_surface0.pcd,Testing,1.9529942274093628,2.0233659744262695,0.07037174701690674
1362,TH0022AV/viewpoint_simulated_158_surface0.pcd,Testing,1.9364029169082642,1.9656933546066284,0.029290437698364258
1363,TH0022AV/viewpoint_simulated_159_surface0.pcd,Testing,2.0447885990142822,1.9237664937973022,0.12102210521697998
1364,TH0022AV/viewpoint_simulated_16_surface0.pcd,Testing,1.9458776712417603,1.8578097820281982,0.08806788921356201
1365,TH0022AV/viewpoint_simulated_160_surface0.pcd,Testing,1.9028280973434448,1.865885615348816,0.036942481994628906
1366,TH0022AV/viewpoint_simulated_161_surface0.pcd,Testing,2.0354533195495605,2.0201244354248047,0.01532888412475586
1367,TH0022AV/viewpoint_simulated_162_surface0.pcd,Testing,1.946329116821289,1.9802418947219849,0.0339127779006958
1368,TH0022AV/viewpoint_simulated_163_surface0.pcd,Testing,2.0743250846862793,1.9860204458236694,0.08830463886260986
1369,TH0022AV/viewpoint_simulated_164_surface0.pcd,Testing,1.9442012310028076,1.926568865776062,0.017632365226745605
1370,TH0022AV/viewpoint_simulated_165_surface0.pcd,Testing,1.9701523780822754,1.9512304067611694,0.018921971321105957
1371,TH0022AV/viewpoint_simulated_166_surface0.pcd,Testing,1.923094391822815,1.9060382843017578,0.01705610752105713
1372,TH0022AV/viewpoint_simulated_167_surface0.pcd,Testing,2.000929594039917,1.8968565464019775,0.10407304763793945
1373,TH0022AV/viewpoint_simulated_168_surface0.pcd,Testing,2.003053665161133,1.9867326021194458,0.01632106304168701
1374,TH0022AV/viewpoint_simulated_169_surface0.pcd,Testing,2.032691717147827,2.0079097747802734,0.02478194236755371
1375,TH0022AV/viewpoint_simulated_17_surface0.pcd,Testing,1.9493929147720337,1.9426097869873047,0.006783127784729004
1376,TH0022AV/viewpoint_simulated_170_surface0.pcd,Testing,2.048555850982666,2.0695645809173584,0.021008729934692383
1377,TH0022AV/viewpoint_simulated_171_surface0.pcd,Testing,2.0738680362701416,1.9769501686096191,0.09691786766052246
1378,TH0022AV/viewpoint_simulated_172_surface0.pcd,Testing,1.977797269821167,1.9266914129257202,0.05110585689544678
1379,TH0022AV/viewpoint_simulated_173_surface0.pcd,Testing,1.9321247339248657,2.016812324523926,0.08468759059906006
1380,TH0022AV/viewpoint_simulated_174_surface0.pcd,Testing,1.9093097448349,2.0117428302764893,0.10243308544158936
1381,TH0022AV/viewpoint_simulated_175_surface0.pcd,Testing,2.0894899368286133,2.0202231407165527,0.06926679611206055
1382,TH0022AV/viewpoint_simulated_176_surface0.pcd,Testing,2.0014214515686035,1.9267607927322388,0.07466065883636475
1383,TH0022AV/viewpoint_simulated_177_surface0.pcd,Testing,2.0064280033111572,1.9504072666168213,0.05602073669433594
1384,TH0022AV/viewpoint_simulated_178_surface0.pcd,Testing,2.021101236343384,1.952663779258728,0.06843745708465576
1385,TH0022AV/viewpoint_simulated_179_surface0.pcd,Testing,2.0739798545837402,1.8846417665481567,0.1893380880355835
1386,TH0022AV/viewpoint_simulated_18_surface0.pcd,Testing,1.9762698411941528,1.993630290031433,0.017360448837280273
1387,TH0022AV/viewpoint_simulated_180_surface0.pcd,Testing,2.0552899837493896,1.9970283508300781,0.05826163291931152
1388,TH0022AV/viewpoint_simulated_181_surface0.pcd,Testing,1.9971745014190674,2.045362710952759,0.048188209533691406
1389,TH0022AV/viewpoint_simulated_182_surface0.pcd,Testing,2.067795753479004,2.098653793334961,0.03085803985595703
1390,TH0022AV/viewpoint_simulated_183_surface0.pcd,Testing,1.9599274396896362,2.017282009124756,0.05735456943511963
1391,TH0022AV/viewpoint_simulated_184_surface0.pcd,Testing,2.132296085357666,1.9640077352523804,0.16828835010528564
1392,TH0022AV/viewpoint_simulated_185_surface0.pcd,Testing,1.9152065515518188,2.0225446224212646,0.1073380708694458
1393,TH0022AV/viewpoint_simulated_186_surface0.pcd,Testing,1.9805805683135986,2.022387981414795,0.04180741310119629
1394,TH0022AV/viewpoint_simulated_187_surface0.pcd,Testing,2.0721631050109863,1.9952021837234497,0.07696092128753662
1395,TH0022AV/viewpoint_simulated_188_surface0.pcd,Testing,1.9952960014343262,1.9475094079971313,0.047786593437194824
1396,TH0022AV/viewpoint_simulated_189_surface0.pcd,Testing,1.982645869255066,1.950907588005066,0.03173828125
1397,TH0022AV/viewpoint_simulated_19_surface0.pcd,Testing,2.146406888961792,1.9883137941360474,0.15809309482574463
1398,TH0022AV/viewpoint_simulated_190_surface0.pcd,Testing,1.9508428573608398,1.9897743463516235,0.03893148899078369
1399,TH0022AV/viewpoint_simulated_191_surface0.pcd,Testing,1.9682142734527588,1.9785960912704468,0.010381817817687988
1400,TH0022AV/viewpoint_simulated_192_surface0.pcd,Testing,2.0743532180786133,2.0562903881073,0.018062829971313477
1401,TH0022AV/viewpoint_simulated_193_surface0.pcd,Testing,2.138111114501953,2.0568978786468506,0.08121323585510254
1402,TH0022AV/viewpoint_simulated_194_surface0.pcd,Testing,2.1602284908294678,2.114232301712036,0.04599618911743164
1403,TH0022AV/viewpoint_simulated_195_surface0.pcd,Testing,2.0833311080932617,2.0472424030303955,0.03608870506286621
1404,TH0022AV/viewpoint_simulated_196_surface0.pcd,Testing,1.9828460216522217,1.9802712202072144,0.0025748014450073242
1405,TH0022AV/viewpoint_simulated_197_surface0.pcd,Testing,1.9921671152114868,2.018709897994995,0.0265427827835083
1406,TH0022AV/viewpoint_simulated_198_surface0.pcd,Testing,2.0268592834472656,2.0706799030303955,0.04382061958312988
1407,TH0022AV/viewpoint_simulated_199_surface0.pcd,Testing,1.9830236434936523,1.9992823600769043,0.016258716583251953
1408,TH0022AV/viewpoint_simulated_2_surface0.pcd,Testing,1.9215137958526611,1.980258822441101,0.05874502658843994
1409,TH0022AV/viewpoint_simulated_20_surface0.pcd,Testing,1.9578391313552856,1.9234428405761719,0.03439629077911377
1410,TH0022AV/viewpoint_simulated_200_surface0.pcd,Testing,2.0331497192382812,1.9572803974151611,0.07586932182312012
1411,TH0022AV/viewpoint_simulated_201_surface0.pcd,Testing,1.9912666082382202,2.019324541091919,0.02805793285369873
1412,TH0022AV/viewpoint_simulated_202_surface0.pcd,Testing,2.0129454135894775,2.0362324714660645,0.023287057876586914
1413,TH0022AV/viewpoint_simulated_203_surface0.pcd,Testing,1.942129135131836,1.9526903629302979,0.010561227798461914
1414,TH0022AV/viewpoint_simulated_204_surface0.pcd,Testing,2.076336145401001,2.0963938236236572,0.02005767822265625
1415,TH0022AV/viewpoint_simulated_205_surface0.pcd,Testing,2.0858535766601562,2.0814836025238037,0.004369974136352539
1416,TH0022AV/viewpoint_simulated_206_surface0.pcd,Testing,1.981562614440918,2.083784818649292,0.10222220420837402
1417,TH0022AV/viewpoint_simulated_207_surface0.pcd,Testing,2.121239423751831,2.0860307216644287,0.035208702087402344
1418,TH0022AV/viewpoint_simulated_208_surface0.pcd,Testing,2.1347320079803467,2.0119071006774902,0.12282490730285645
1419,TH0022AV/viewpoint_simulated_209_surface0.pcd,Testing,2.076143741607666,2.0195140838623047,0.05662965774536133
1420,TH0022AV/viewpoint_simulated_21_surface0.pcd,Testing,2.0272655487060547,1.9681200981140137,0.059145450592041016
1421,TH0022AV/viewpoint_simulated_210_surface0.pcd,Testing,2.0365066528320312,2.064166784286499,0.027660131454467773
1422,TH0022AV/viewpoint_simulated_211_surface0.pcd,Testing,2.034623146057129,2.079211950302124,0.04458880424499512
1423,TH0022AV/viewpoint_simulated_212_surface0.pcd,Testing,2.102414608001709,1.9930062294006348,0.10940837860107422
1424,TH0022AV/viewpoint_simulated_213_surface0.pcd,Testing,2.0827667713165283,2.1054611206054688,0.02269434928894043
1425,TH0022AV/viewpoint_simulated_214_surface0.pcd,Testing,2.0323703289031982,2.0825703144073486,0.05019998550415039
1426,TH0022AV/viewpoint_simulated_215_surface0.pcd,Testing,2.071652412414551,1.9205999374389648,0.15105247497558594
1427,TH0022AV/viewpoint_simulated_22_surface0.pcd,Testing,2.0239577293395996,1.8930574655532837,0.13090026378631592
1428,TH0022AV/viewpoint_simulated_23_surface0.pcd,Testing,1.9696829319000244,1.9074877500534058,0.06219518184661865
1429,TH0022AV/viewpoint_simulated_24_surface0.pcd,Testing,2.0124075412750244,1.9964770078659058,0.015930533409118652
1430,TH0022AV/viewpoint_simulated_25_surface0.pcd,Testing,2.0310208797454834,1.9991176128387451,0.03190326690673828
1431,TH0022AV/viewpoint_simulated_26_surface0.pcd,Testing,1.9090847969055176,2.052299976348877,0.14321517944335938
1432,TH0022AV/viewpoint_simulated_27_surface0.pcd,Testing,1.9440922737121582,1.9734046459197998,0.0293123722076416
1433,TH0022AV/viewpoint_simulated_28_surface0.pcd,Testing,1.898882269859314,1.9126784801483154,0.013796210289001465
1434,TH0022AV/viewpoint_simulated_29_surface0.pcd,Testing,2.1074411869049072,1.9856997728347778,0.1217414140701294
1435,TH0022AV/viewpoint_simulated_3_surface0.pcd,Testing,1.9910565614700317,1.9133023023605347,0.07775425910949707
1436,TH0022AV/viewpoint_simulated_30_surface0.pcd,Testing,1.9543408155441284,2.017102003097534,0.06276118755340576
1437,TH0022AV/viewpoint_simulated_31_surface0.pcd,Testing,2.0717880725860596,2.031559705734253,0.04022836685180664
1438,TH0022AV/viewpoint_simulated_32_surface0.pcd,Testing,2.018324851989746,1.9147499799728394,0.10357487201690674
1439,TH0022AV/viewpoint_simulated_33_surface0.pcd,Testing,1.9597890377044678,1.9491556882858276,0.010633349418640137
1440,TH0022AV/viewpoint_simulated_34_surface0.pcd,Testing,2.015949010848999,1.9813905954360962,0.03455841541290283
1441,TH0022AV/viewpoint_simulated_35_surface0.pcd,Testing,1.8796706199645996,1.9606211185455322,0.08095049858093262
1442,TH0022AV/viewpoint_simulated_36_surface0.pcd,Testing,1.9356061220169067,2.024047374725342,0.08844125270843506
1443,TH0022AV/viewpoint_simulated_37_surface0.pcd,Testing,2.0199711322784424,2.0344927310943604,0.014521598815917969
1444,TH0022AV/viewpoint_simulated_38_surface0.pcd,Testing,2.084059715270996,2.075733184814453,0.008326530456542969
1445,TH0022AV/viewpoint_simulated_39_surface0.pcd,Testing,2.023379325866699,2.0216145515441895,0.0017647743225097656
1446,TH0022AV/viewpoint_simulated_4_surface0.pcd,Testing,2.0282857418060303,1.965187430381775,0.06309831142425537
1447,TH0022AV/viewpoint_simulated_40_surface0.pcd,Testing,1.8989399671554565,1.9390493631362915,0.04010939598083496
1448,TH0022AV/viewpoint_simulated_41_surface0.pcd,Testing,1.8878731727600098,2.009204387664795,0.12133121490478516
1449,TH0022AV/viewpoint_simulated_42_surface0.pcd,Testing,2.03163743019104,2.030224561691284,0.0014128684997558594
1450,TH0022AV/viewpoint_simulated_43_surface0.pcd,Testing,2.0133252143859863,1.9914581775665283,0.021867036819458008
1451,TH0022AV/viewpoint_simulated_44_surface0.pcd,Testing,1.9445639848709106,1.9442440271377563,0.0003199577331542969
1452,TH0022AV/viewpoint_simulated_45_surface0.pcd,Testing,2.096473217010498,1.970841407775879,0.12563180923461914
1453,TH0022AV/viewpoint_simulated_46_surface0.pcd,Testing,1.9476933479309082,2.0053014755249023,0.05760812759399414
1454,TH0022AV/viewpoint_simulated_47_surface0.pcd,Testing,2.023439884185791,1.973199725151062,0.050240159034729004
1455,TH0022AV/viewpoint_simulated_48_surface0.pcd,Testing,2.0938332080841064,2.0649306774139404,0.028902530670166016
1456,TH0022AV/viewpoint_simulated_49_surface0.pcd,Testing,2.07289719581604,2.0501482486724854,0.022748947143554688
1457,TH0022AV/viewpoint_simulated_5_surface0.pcd,Testing,2.106163740158081,1.9408841133117676,0.16527962684631348
1458,TH0022AV/viewpoint_simulated_50_surface0.pcd,Testing,1.980360984802246,2.099287748336792,0.1189267635345459
1459,TH0022AV/viewpoint_simulated_51_surface0.pcd,Testing,2.1060829162597656,2.0475642681121826,0.05851864814758301
1460,TH0022AV/viewpoint_simulated_52_surface0.pcd,Testing,2.106882095336914,1.9808894395828247,0.12599265575408936
1461,TH0022AV/viewpoint_simulated_53_surface0.pcd,Testing,1.9930188655853271,2.01412034034729,0.02110147476196289
1462,TH0022AV/viewpoint_simulated_54_surface0.pcd,Testing,2.0392065048217773,2.072519540786743,0.03331303596496582
1463,TH0022AV/viewpoint_simulated_55_surface0.pcd,Testing,2.050157308578491,2.0231990814208984,0.026958227157592773
1464,TH0022AV/viewpoint_simulated_56_surface0.pcd,Testing,1.9457069635391235,1.9811400175094604,0.035433053970336914
1465,TH0022AV/viewpoint_simulated_57_surface0.pcd,Testing,2.0067741870880127,1.98952054977417,0.017253637313842773
1466,TH0022AV/viewpoint_simulated_58_surface0.pcd,Testing,1.9272531270980835,2.0472021102905273,0.11994898319244385
1467,TH0022AV/viewpoint_simulated_59_surface0.pcd,Testing,2.0913569927215576,1.9558054208755493,0.1355515718460083
1468,TH0022AV/viewpoint_simulated_6_surface0.pcd,Testing,1.9934619665145874,1.945546269416809,0.04791569709777832
1469,TH0022AV/viewpoint_simulated_60_surface0.pcd,Testing,2.0878467559814453,2.1024117469787598,0.014564990997314453
1470,TH0022AV/viewpoint_simulated_61_surface0.pcd,Testing,1.9530727863311768,2.0862972736358643,0.1332244873046875
1471,TH0022AV/viewpoint_simulated_62_surface0.pcd,Testing,2.2325119972229004,2.0877673625946045,0.1447446346282959
1472,TH0022AV/viewpoint_simulated_63_surface0.pcd,Testing,2.053213119506836,2.0911166667938232,0.037903547286987305
1473,TH0022AV/viewpoint_simulated_64_surface0.pcd,Testing,1.953221321105957,2.0198235511779785,0.06660223007202148
1474,TH0022AV/viewpoint_simulated_65_surface0.pcd,Testing,2.0842766761779785,2.0386803150177,0.04559636116027832
1475,TH0022AV/viewpoint_simulated_66_surface0.pcd,Testing,2.238436698913574,2.058931589126587,0.1795051097869873
1476,TH0022AV/viewpoint_simulated_67_surface0.pcd,Testing,2.0741822719573975,2.0459554195404053,0.028226852416992188
1477,TH0022AV/viewpoint_simulated_68_surface0.pcd,Testing,2.1150519847869873,1.9976540803909302,0.11739790439605713
1478,TH0022AV/viewpoint_simulated_69_surface0.pcd,Testing,2.0300309658050537,2.096895217895508,0.0668642520904541
1479,TH0022AV/viewpoint_simulated_7_surface0.pcd,Testing,1.922384262084961,1.9505914449691772,0.02820718288421631
1480,TH0022AV/viewpoint_simulated_70_surface0.pcd,Testing,2.0027878284454346,2.078526258468628,0.07573843002319336
1481,TH0022AV/viewpoint_simulated_71_surface0.pcd,Testing,2.019097089767456,1.937456488609314,0.08164060115814209
1482,TH0022AV/viewpoint_simulated_72_surface0.pcd,Testing,2.036397695541382,1.904703974723816,0.13169372081756592
1483,TH0022AV/viewpoint_simulated_73_surface0.pcd,Testing,2.0638234615325928,1.9471772909164429,0.1166461706161499
1484,TH0022AV/viewpoint_simulated_74_surface0.pcd,Testing,2.0616042613983154,1.9789341688156128,0.08267009258270264
1485,TH0022AV/viewpoint_simulated_75_surface0.pcd,Testing,2.0387380123138428,1.9228529930114746,0.11588501930236816
1486,TH0022AV/viewpoint_simulated_76_surface0.pcd,Testing,2.0903594493865967,1.961768627166748,0.12859082221984863
1487,TH0022AV/viewpoint_simulated_77_surface0.pcd,Testing,2.0450985431671143,1.9367965459823608,0.10830199718475342
1488,TH0022AV/viewpoint_simulated_78_surface0.pcd,Testing,1.9723719358444214,1.9389201402664185,0.03345179557800293
1489,TH0022AV/viewpoint_simulated_79_surface0.pcd,Testing,2.045621633529663,1.946851372718811,0.09877026081085205
1490,TH0022AV/viewpoint_simulated_8_surface0.pcd,Testing,1.9793537855148315,1.918556809425354,0.06079697608947754
1491,TH0022AV/viewpoint_simulated_80_surface0.pcd,Testing,1.96950101852417,1.9178467988967896,0.05165421962738037
1492,TH0022AV/viewpoint_simulated_81_surface0.pcd,Testing,2.0850932598114014,1.8945552110671997,0.19053804874420166
1493,TH0022AV/viewpoint_simulated_82_surface0.pcd,Testing,2.0394389629364014,1.872869849205017,0.16656911373138428
1494,TH0022AV/viewpoint_simulated_83_surface0.pcd,Testing,1.9615529775619507,1.9109622240066528,0.05059075355529785
1495,TH0022AV/viewpoint_simulated_84_surface0.pcd,Testing,1.979465365409851,1.9613755941390991,0.018089771270751953
1496,TH0022AV/viewpoint_simulated_85_surface0.pcd,Testing,1.9444875717163086,2.0138134956359863,0.06932592391967773
1497,TH0022AV/viewpoint_simulated_86_surface0.pcd,Testing,2.0059974193573,1.9585436582565308,0.04745376110076904
1498,TH0022AV/viewpoint_simulated_87_surface0.pcd,Testing,2.030001640319824,1.9145363569259644,0.11546528339385986
1499,TH0022AV/viewpoint_simulated_88_surface0.pcd,Testing,2.13234806060791,1.8675508499145508,0.2647972106933594
1500,TH0022AV/viewpoint_simulated_89_surface0.pcd,Testing,1.9849425554275513,1.9454286098480225,0.03951394557952881
1501,TH0022AV/viewpoint_simulated_9_surface0.pcd,Testing,1.9472604990005493,1.900921106338501,0.04633939266204834
1502,TH0022AV/viewpoint_simulated_90_surface0.pcd,Testing,2.013929605484009,1.989303469657898,0.02462613582611084
1503,TH0022AV/viewpoint_simulated_91_surface0.pcd,Testing,1.9603874683380127,1.9697574377059937,0.009369969367980957
1504,TH0022AV/viewpoint_simulated_92_surface0.pcd,Testing,1.8916997909545898,1.9343608617782593,0.042661070823669434
1505,TH0022AV/viewpoint_simulated_93_surface0.pcd,Testing,1.9146243333816528,1.9582271575927734,0.043602824211120605
1506,TH0022AV/viewpoint_simulated_94_surface0.pcd,Testing,2.023789405822754,1.932944893836975,0.09084451198577881
1507,TH0022AV/viewpoint_simulated_95_surface0.pcd,Testing,2.0691592693328857,1.915607213973999,0.15355205535888672
1508,TH0022AV/viewpoint_simulated_96_surface0.pcd,Testing,2.027595043182373,1.993773102760315,0.033821940422058105
1509,TH0022AV/viewpoint_simulated_97_surface0.pcd,Testing,1.969221830368042,1.9995769262313843,0.030355095863342285
1510,TH0022AV/viewpoint_simulated_98_surface0.pcd,Testing,2.1063032150268555,2.0685393810272217,0.03776383399963379
1511,TH0022AV/viewpoint_simulated_99_surface0.pcd,Testing,1.9714515209197998,2.0025317668914795,0.031080245971679688
1512,TH0022AV/viewpoint_simulated_0_surface1.pcd,Testing,2.1030237674713135,2.3571019172668457,0.2540781497955322
1513,TH0022AV/viewpoint_simulated_1_surface1.pcd,Testing,2.2377841472625732,2.2640902996063232,0.02630615234375
1514,TH0022AV/viewpoint_simulated_10_surface1.pcd,Testing,2.078234910964966,2.3748061656951904,0.2965712547302246
1515,TH0022AV/viewpoint_simulated_100_surface1.pcd,Testing,2.2486917972564697,2.1217267513275146,0.12696504592895508
1516,TH0022AV/viewpoint_simulated_101_surface1.pcd,Testing,2.4634456634521484,2.145888090133667,0.31755757331848145
1517,TH0022AV/viewpoint_simulated_102_surface1.pcd,Testing,2.3214964866638184,2.175110101699829,0.14638638496398926
1518,TH0022AV/viewpoint_simulated_103_surface1.pcd,Testing,2.189659357070923,2.2162206172943115,0.026561260223388672
1519,TH0022AV/viewpoint_simulated_104_surface1.pcd,Testing,2.3016135692596436,2.257141351699829,0.04447221755981445
1520,TH0022AV/viewpoint_simulated_105_surface1.pcd,Testing,2.143002510070801,2.35491681098938,0.2119143009185791
1521,TH0022AV/viewpoint_simulated_106_surface1.pcd,Testing,2.2834601402282715,2.188528299331665,0.09493184089660645
1522,TH0022AV/viewpoint_simulated_107_surface1.pcd,Testing,2.274301767349243,2.2194325923919678,0.05486917495727539
1523,TH0022AV/viewpoint_simulated_108_surface1.pcd,Testing,2.4572761058807373,2.116124391555786,0.34115171432495117
1524,TH0022AV/viewpoint_simulated_109_surface1.pcd,Testing,2.409355640411377,2.0119776725769043,0.39737796783447266
1525,TH0022AV/viewpoint_simulated_11_surface1.pcd,Testing,2.0935170650482178,2.3671655654907227,0.2736485004425049
1526,TH0022AV/viewpoint_simulated_110_surface1.pcd,Testing,2.3030359745025635,2.040693521499634,0.2623424530029297
1527,TH0022AV/viewpoint_simulated_111_surface1.pcd,Testing,2.4218175411224365,2.125997304916382,0.2958202362060547
1528,TH0022AV/viewpoint_simulated_112_surface1.pcd,Testing,2.3968276977539062,2.082151174545288,0.31467652320861816
1529,TH0022AV/viewpoint_simulated_113_surface1.pcd,Testing,2.274094343185425,2.054767370223999,0.21932697296142578
1530,TH0022AV/viewpoint_simulated_114_surface1.pcd,Testing,2.3045904636383057,2.134722948074341,0.16986751556396484
1531,TH0022AV/viewpoint_simulated_115_surface1.pcd,Testing,2.2184371948242188,2.224151134490967,0.005713939666748047
1532,TH0022AV/viewpoint_simulated_116_surface1.pcd,Testing,2.23169207572937,2.1751604080200195,0.056531667709350586
1533,TH0022AV/viewpoint_simulated_117_surface1.pcd,Testing,2.2037322521209717,2.304575204849243,0.10084295272827148
1534,TH0022AV/viewpoint_simulated_118_surface1.pcd,Testing,2.365926742553711,2.270750045776367,0.09517669677734375
1535,TH0022AV/viewpoint_simulated_119_surface1.pcd,Testing,2.193528890609741,2.339599132537842,0.14607024192810059
1536,TH0022AV/viewpoint_simulated_12_surface1.pcd,Testing,2.348658323287964,2.30403470993042,0.044623613357543945
1537,TH0022AV/viewpoint_simulated_120_surface1.pcd,Testing,2.5173606872558594,2.1232242584228516,0.3941364288330078
1538,TH0022AV/viewpoint_simulated_121_surface1.pcd,Testing,2.327216625213623,2.022939682006836,0.3042769432067871
1539,TH0022AV/viewpoint_simulated_122_surface1.pcd,Testing,2.262927770614624,2.029794931411743,0.23313283920288086
1540,TH0022AV/viewpoint_simulated_123_surface1.pcd,Testing,2.293178081512451,2.1198418140411377,0.17333626747131348
1541,TH0022AV/viewpoint_simulated_124_surface1.pcd,Testing,2.2283825874328613,2.095275640487671,0.13310694694519043
1542,TH0022AV/viewpoint_simulated_125_surface1.pcd,Testing,2.1945087909698486,2.1638343334198,0.030674457550048828
1543,TH0022AV/viewpoint_simulated_126_surface1.pcd,Testing,2.3327107429504395,2.2934446334838867,0.039266109466552734
1544,TH0022AV/viewpoint_simulated_127_surface1.pcd,Testing,2.3441050052642822,2.2038941383361816,0.14021086692810059
1545,TH0022AV/viewpoint_simulated_128_surface1.pcd,Testing,2.3955764770507812,2.187392473220825,0.20818400382995605
1546,TH0022AV/viewpoint_simulated_129_surface1.pcd,Testing,2.2843430042266846,2.2820496559143066,0.0022933483123779297
1547,TH0022AV/viewpoint_simulated_13_surface1.pcd,Testing,2.271723508834839,2.01902437210083,0.2526991367340088
1548,TH0022AV/viewpoint_simulated_130_surface1.pcd,Testing,2.2422373294830322,2.253819227218628,0.011581897735595703
1549,TH0022AV/viewpoint_simulated_131_surface1.pcd,Testing,2.335242986679077,2.3244998455047607,0.010743141174316406
1550,TH0022AV/viewpoint_simulated_132_surface1.pcd,Testing,2.3364057540893555,2.1100077629089355,0.22639799118041992
1551,TH0022AV/viewpoint_simulated_133_surface1.pcd,Testing,2.3879177570343018,2.025214672088623,0.3627030849456787
1552,TH0022AV/viewpoint_simulated_134_surface1.pcd,Testing,2.280548095703125,2.0351767539978027,0.24537134170532227
1553,TH0022AV/viewpoint_simulated_135_surface1.pcd,Testing,2.243865966796875,2.07099986076355,0.1728661060333252
1554,TH0022AV/viewpoint_simulated_136_surface1.pcd,Testing,2.3277952671051025,2.089325189590454,0.23847007751464844
1555,TH0022AV/viewpoint_simulated_137_surface1.pcd,Testing,2.3181490898132324,2.108471393585205,0.20967769622802734
1556,TH0022AV/viewpoint_simulated_138_surface1.pcd,Testing,2.3936126232147217,2.3246920108795166,0.06892061233520508
1557,TH0022AV/viewpoint_simulated_139_surface1.pcd,Testing,2.3031904697418213,2.189103841781616,0.11408662796020508
1558,TH0022AV/viewpoint_simulated_14_surface1.pcd,Testing,2.400179624557495,2.1861257553100586,0.21405386924743652
1559,TH0022AV/viewpoint_simulated_140_surface1.pcd,Testing,2.216595411300659,2.1932284832000732,0.023366928100585938
1560,TH0022AV/viewpoint_simulated_141_surface1.pcd,Testing,2.192798137664795,2.2655136585235596,0.07271552085876465
1561,TH0022AV/viewpoint_simulated_142_surface1.pcd,Testing,2.3655450344085693,2.3764894008636475,0.010944366455078125
1562,TH0022AV/viewpoint_simulated_143_surface1.pcd,Testing,2.2953882217407227,2.3526580333709717,0.05726981163024902
1563,TH0022AV/viewpoint_simulated_144_surface1.pcd,Testing,2.247997999191284,2.345181465148926,0.0971834659576416
1564,TH0022AV/viewpoint_simulated_145_surface1.pcd,Testing,2.213263511657715,2.2450296878814697,0.03176617622375488
1565,TH0022AV/viewpoint_simulated_146_surface1.pcd,Testing,2.2456047534942627,2.2941761016845703,0.04857134819030762
1566,TH0022AV/viewpoint_simulated_147_surface1.pcd,Testing,2.326456308364868,2.292353868484497,0.034102439880371094
1567,TH0022AV/viewpoint_simulated_148_surface1.pcd,Testing,2.1062839031219482,2.327833890914917,0.22154998779296875
1568,TH0022AV/viewpoint_simulated_149_surface1.pcd,Testing,2.143096923828125,2.246006727218628,0.10290980339050293
1569,TH0022AV/viewpoint_simulated_15_surface1.pcd,Testing,2.4096736907958984,2.2309532165527344,0.17872047424316406
1570,TH0022AV/viewpoint_simulated_150_surface1.pcd,Testing,2.2304842472076416,2.267493963241577,0.03700971603393555
1571,TH0022AV/viewpoint_simulated_151_surface1.pcd,Testing,2.1467502117156982,2.3601911067962646,0.2134408950805664
1572,TH0022AV/viewpoint_simulated_152_surface1.pcd,Testing,2.102557897567749,2.380345106124878,0.2777872085571289
1573,TH0022AV/viewpoint_simulated_153_surface1.pcd,Testing,2.220487594604492,2.3853375911712646,0.16484999656677246
1574,TH0022AV/viewpoint_simulated_154_surface1.pcd,Testing,2.3159854412078857,2.3353092670440674,0.01932382583618164
1575,TH0022AV/viewpoint_simulated_155_surface1.pcd,Testing,2.228015661239624,2.3629279136657715,0.13491225242614746
1576,TH0022AV/viewpoint_simulated_156_surface1.pcd,Testing,2.464392900466919,2.2537028789520264,0.21069002151489258
1577,TH0022AV/viewpoint_simulated_157_surface1.pcd,Testing,2.4679431915283203,2.054564952850342,0.4133782386779785
1578,TH0022AV/viewpoint_simulated_158_surface1.pcd,Testing,2.209275245666504,2.1700093746185303,0.03926587104797363
1579,TH0022AV/viewpoint_simulated_159_surface1.pcd,Testing,2.193835496902466,2.2291758060455322,0.035340309143066406
1580,TH0022AV/viewpoint_simulated_16_surface1.pcd,Testing,2.239499568939209,2.2138311862945557,0.02566838264465332
1581,TH0022AV/viewpoint_simulated_160_surface1.pcd,Testing,2.377444267272949,2.1153147220611572,0.262129545211792
1582,TH0022AV/viewpoint_simulated_161_surface1.pcd,Testing,2.351374864578247,2.1884067058563232,0.16296815872192383
1583,TH0022AV/viewpoint_simulated_162_surface1.pcd,Testing,2.4156405925750732,2.235454797744751,0.18018579483032227
1584,TH0022AV/viewpoint_simulated_163_surface1.pcd,Testing,2.4214704036712646,2.2721312046051025,0.1493391990661621
1585,TH0022AV/viewpoint_simulated_164_surface1.pcd,Testing,2.2463955879211426,2.346456289291382,0.10006070137023926
1586,TH0022AV/viewpoint_simulated_165_surface1.pcd,Testing,2.281122922897339,2.341663360595703,0.06054043769836426
1587,TH0022AV/viewpoint_simulated_166_surface1.pcd,Testing,2.1576039791107178,2.2393720149993896,0.08176803588867188
1588,TH0022AV/viewpoint_simulated_167_surface1.pcd,Testing,2.3262460231781006,2.29390811920166,0.03233790397644043
1589,TH0022AV/viewpoint_simulated_168_surface1.pcd,Testing,2.352046012878418,2.093740224838257,0.25830578804016113
1590,TH0022AV/viewpoint_simulated_169_surface1.pcd,Testing,2.2707901000976562,2.028491258621216,0.24229884147644043
1591,TH0022AV/viewpoint_simulated_17_surface1.pcd,Testing,2.340867042541504,2.206566095352173,0.13430094718933105
1592,TH0022AV/viewpoint_simulated_170_surface1.pcd,Testing,2.275322437286377,2.0819272994995117,0.19339513778686523
1593,TH0022AV/viewpoint_simulated_171_surface1.pcd,Testing,2.1227190494537354,2.1303551197052,0.007636070251464844
1594,TH0022AV/viewpoint_simulated_172_surface1.pcd,Testing,2.3093056678771973,2.059478521347046,0.24982714653015137
1595,TH0022AV/viewpoint_simulated_173_surface1.pcd,Testing,2.10251784324646,2.118720293045044,0.016202449798583984
1596,TH0022AV/viewpoint_simulated_174_surface1.pcd,Testing,2.2769596576690674,2.1795740127563477,0.09738564491271973
1597,TH0022AV/viewpoint_simulated_175_surface1.pcd,Testing,2.187941074371338,2.251088857650757,0.06314778327941895
1598,TH0022AV/viewpoint_simulated_176_surface1.pcd,Testing,2.3240549564361572,2.178621292114258,0.14543366432189941
1599,TH0022AV/viewpoint_simulated_177_surface1.pcd,Testing,2.245853900909424,2.374741554260254,0.12888765335083008
1600,TH0022AV/viewpoint_simulated_178_surface1.pcd,Testing,2.208552360534668,2.233544111251831,0.024991750717163086
1601,TH0022AV/viewpoint_simulated_179_surface1.pcd,Testing,2.318416118621826,2.2334558963775635,0.0849602222442627
1602,TH0022AV/viewpoint_simulated_18_surface1.pcd,Testing,2.4180290699005127,2.285738229751587,0.13229084014892578
1603,TH0022AV/viewpoint_simulated_180_surface1.pcd,Testing,2.2417571544647217,2.1115610599517822,0.13019609451293945
1604,TH0022AV/viewpoint_simulated_181_surface1.pcd,Testing,2.263336181640625,2.0270135402679443,0.23632264137268066
1605,TH0022AV/viewpoint_simulated_182_surface1.pcd,Testing,2.2956953048706055,2.058281898498535,0.2374134063720703
1606,TH0022AV/viewpoint_simulated_183_surface1.pcd,Testing,2.389404296875,2.096557378768921,0.2928469181060791
1607,TH0022AV/viewpoint_simulated_184_surface1.pcd,Testing,2.412048578262329,2.089820623397827,0.32222795486450195
1608,TH0022AV/viewpoint_simulated_185_surface1.pcd,Testing,2.2970213890075684,1.9776133298873901,0.3194080591201782
1609,TH0022AV/viewpoint_simulated_186_surface1.pcd,Testing,2.2831051349639893,2.148015022277832,0.13509011268615723
1610,TH0022AV/viewpoint_simulated_187_surface1.pcd,Testing,2.401540756225586,2.2047951221466064,0.1967456340789795
1611,TH0022AV/viewpoint_simulated_188_surface1.pcd,Testing,2.340355157852173,2.144012212753296,0.19634294509887695
1612,TH0022AV/viewpoint_simulated_189_surface1.pcd,Testing,2.4280805587768555,2.297773599624634,0.13030695915222168
1613,TH0022AV/viewpoint_simulated_19_surface1.pcd,Testing,2.339416027069092,2.3366196155548096,0.0027964115142822266
1614,TH0022AV/viewpoint_simulated_190_surface1.pcd,Testing,2.2256429195404053,2.289760112762451,0.0641171932220459
1615,TH0022AV/viewpoint_simulated_191_surface1.pcd,Testing,2.304654836654663,2.2772507667541504,0.027404069900512695
1616,TH0022AV/viewpoint_simulated_192_surface1.pcd,Testing,2.3093836307525635,2.0915989875793457,0.21778464317321777
1617,TH0022AV/viewpoint_simulated_193_surface1.pcd,Testing,2.2466933727264404,2.0202865600585938,0.22640681266784668
1618,TH0022AV/viewpoint_simulated_194_surface1.pcd,Testing,2.2924458980560303,2.0134077072143555,0.2790381908416748
1619,TH0022AV/viewpoint_simulated_195_surface1.pcd,Testing,2.400792360305786,2.124002456665039,0.27678990364074707
1620,TH0022AV/viewpoint_simulated_196_surface1.pcd,Testing,2.4368157386779785,2.086921453475952,0.34989428520202637
1621,TH0022AV/viewpoint_simulated_197_surface1.pcd,Testing,2.249234676361084,1.991429328918457,0.25780534744262695
1622,TH0022AV/viewpoint_simulated_198_surface1.pcd,Testing,2.426025867462158,2.245338201522827,0.18068766593933105
1623,TH0022AV/viewpoint_simulated_199_surface1.pcd,Testing,2.537008285522461,2.191392660140991,0.3456156253814697
1624,TH0022AV/viewpoint_simulated_2_surface1.pcd,Testing,2.194321870803833,2.298819065093994,0.10449719429016113
1625,TH0022AV/viewpoint_simulated_20_surface1.pcd,Testing,2.343189239501953,2.3243441581726074,0.018845081329345703
1626,TH0022AV/viewpoint_simulated_200_surface1.pcd,Testing,2.3220605850219727,2.1093215942382812,0.2127389907836914
1627,TH0022AV/viewpoint_simulated_201_surface1.pcd,Testing,2.165132761001587,2.296750545501709,0.13161778450012207
1628,TH0022AV/viewpoint_simulated_202_surface1.pcd,Testing,2.360029458999634,2.268869638442993,0.09115982055664062
1629,TH0022AV/viewpoint_simulated_203_surface1.pcd,Testing,2.3070266246795654,2.365699052810669,0.058672428131103516
1630,TH0022AV/viewpoint_simulated_204_surface1.pcd,Testing,2.4370312690734863,2.1084911823272705,0.3285400867462158
1631,TH0022AV/viewpoint_simulated_205_surface1.pcd,Testing,2.3072285652160645,2.029513120651245,0.27771544456481934
1632,TH0022AV/viewpoint_simulated_206_surface1.pcd,Testing,2.351344347000122,2.0556271076202393,0.2957172393798828
1633,TH0022AV/viewpoint_simulated_207_surface1.pcd,Testing,2.4072964191436768,2.1168129444122314,0.2904834747314453
1634,TH0022AV/viewpoint_simulated_208_surface1.pcd,Testing,2.372943162918091,2.0861966609954834,0.2867465019226074
1635,TH0022AV/viewpoint_simulated_209_surface1.pcd,Testing,2.23197078704834,2.0749099254608154,0.15706086158752441
1636,TH0022AV/viewpoint_simulated_21_surface1.pcd,Testing,2.4241809844970703,2.332517385482788,0.09166359901428223
1637,TH0022AV/viewpoint_simulated_210_surface1.pcd,Testing,2.2378714084625244,2.232696294784546,0.005175113677978516
1638,TH0022AV/viewpoint_simulated_211_surface1.pcd,Testing,2.277311325073242,2.1842730045318604,0.09303832054138184
1639,TH0022AV/viewpoint_simulated_212_surface1.pcd,Testing,2.344097852706909,2.1321985721588135,0.2118992805480957
1640,TH0022AV/viewpoint_simulated_213_surface1.pcd,Testing,2.1016275882720947,2.287144422531128,0.1855168342590332
1641,TH0022AV/viewpoint_simulated_214_surface1.pcd,Testing,2.387889862060547,2.3244121074676514,0.06347775459289551
1642,TH0022AV/viewpoint_simulated_215_surface1.pcd,Testing,2.1940829753875732,2.4133782386779785,0.21929526329040527
1643,TH0022AV/viewpoint_simulated_22_surface1.pcd,Testing,2.2259936332702637,2.22978138923645,0.0037877559661865234
1644,TH0022AV/viewpoint_simulated_23_surface1.pcd,Testing,2.1738131046295166,2.2960662841796875,0.1222531795501709
1645,TH0022AV/viewpoint_simulated_24_surface1.pcd,Testing,2.2230143547058105,2.134810209274292,0.08820414543151855
1646,TH0022AV/viewpoint_simulated_25_surface1.pcd,Testing,2.284637451171875,2.0142152309417725,0.27042222023010254
1647,TH0022AV/viewpoint_simulated_26_surface1.pcd,Testing,2.4990737438201904,2.0547215938568115,0.4443521499633789
1648,TH0022AV/viewpoint_simulated_27_surface1.pcd,Testing,2.2999515533447266,2.1101088523864746,0.18984270095825195
1649,TH0022AV/viewpoint_simulated_28_surface1.pcd,Testing,2.2081668376922607,2.144578695297241,0.06358814239501953
1650,TH0022AV/viewpoint_simulated_29_surface1.pcd,Testing,2.269359827041626,2.1891956329345703,0.08016419410705566
1651,TH0022AV/viewpoint_simulated_3_surface1.pcd,Testing,1.9991648197174072,2.3093514442443848,0.31018662452697754
1652,TH0022AV/viewpoint_simulated_30_surface1.pcd,Testing,2.308706521987915,2.2073869705200195,0.10131955146789551
1653,TH0022AV/viewpoint_simulated_31_surface1.pcd,Testing,2.4454081058502197,2.2624857425689697,0.18292236328125
1654,TH0022AV/viewpoint_simulated_32_surface1.pcd,Testing,2.4424030780792236,2.2412831783294678,0.20111989974975586
1655,TH0022AV/viewpoint_simulated_33_surface1.pcd,Testing,2.2423763275146484,2.3206136226654053,0.07823729515075684
1656,TH0022AV/viewpoint_simulated_34_surface1.pcd,Testing,2.3541109561920166,2.2708423137664795,0.08326864242553711
1657,TH0022AV/viewpoint_simulated_35_surface1.pcd,Testing,2.304889440536499,2.241075277328491,0.06381416320800781
1658,TH0022AV/viewpoint_simulated_36_surface1.pcd,Testing,2.3679840564727783,2.1353700160980225,0.23261404037475586
1659,TH0022AV/viewpoint_simulated_37_surface1.pcd,Testing,2.3228604793548584,2.01293683052063,0.3099236488342285
1660,TH0022AV/viewpoint_simulated_38_surface1.pcd,Testing,2.2588133811950684,2.036644458770752,0.2221689224243164
1661,TH0022AV/viewpoint_simulated_39_surface1.pcd,Testing,2.2570629119873047,2.1000959873199463,0.1569669246673584
1662,TH0022AV/viewpoint_simulated_4_surface1.pcd,Testing,2.086116075515747,2.2539470195770264,0.1678309440612793
1663,TH0022AV/viewpoint_simulated_40_surface1.pcd,Testing,2.2478537559509277,2.0974504947662354,0.15040326118469238
1664,TH0022AV/viewpoint_simulated_41_surface1.pcd,Testing,2.3054256439208984,2.0752828121185303,0.23014283180236816
1665,TH0022AV/viewpoint_simulated_42_surface1.pcd,Testing,2.2709410190582275,2.1716043949127197,0.09933662414550781
1666,TH0022AV/viewpoint_simulated_43_surface1.pcd,Testing,2.361860513687134,2.201289176940918,0.16057133674621582
1667,TH0022AV/viewpoint_simulated_44_surface1.pcd,Testing,2.226715087890625,2.1817216873168945,0.04499340057373047
1668,TH0022AV/viewpoint_simulated_45_surface1.pcd,Testing,2.2695891857147217,2.2803823947906494,0.010793209075927734
1669,TH0022AV/viewpoint_simulated_46_surface1.pcd,Testing,2.3867053985595703,2.2936360836029053,0.09306931495666504
1670,TH0022AV/viewpoint_simulated_47_surface1.pcd,Testing,2.3424692153930664,2.2187423706054688,0.12372684478759766
1671,TH0022AV/viewpoint_simulated_48_surface1.pcd,Testing,2.2073168754577637,2.1216847896575928,0.0856320858001709
1672,TH0022AV/viewpoint_simulated_49_surface1.pcd,Testing,2.3109209537506104,2.0239241123199463,0.28699684143066406
1673,TH0022AV/viewpoint_simulated_5_surface1.pcd,Testing,2.353100538253784,2.294434070587158,0.05866646766662598
1674,TH0022AV/viewpoint_simulated_50_surface1.pcd,Testing,2.1754298210144043,1.998522162437439,0.17690765857696533
1675,TH0022AV/viewpoint_simulated_51_surface1.pcd,Testing,2.267616033554077,2.1045024394989014,0.16311359405517578
1676,TH0022AV/viewpoint_simulated_52_surface1.pcd,Testing,2.3129637241363525,2.0896472930908203,0.22331643104553223
1677,TH0022AV/viewpoint_simulated_53_surface1.pcd,Testing,2.329326629638672,2.2046072483062744,0.12471938133239746
1678,TH0022AV/viewpoint_simulated_54_surface1.pcd,Testing,2.266014814376831,2.3198657035827637,0.05385088920593262
1679,TH0022AV/viewpoint_simulated_55_surface1.pcd,Testing,2.361233949661255,2.2625091075897217,0.0987248420715332
1680,TH0022AV/viewpoint_simulated_56_surface1.pcd,Testing,2.354905128479004,2.2394158840179443,0.11548924446105957
1681,TH0022AV/viewpoint_simulated_57_surface1.pcd,Testing,2.37636137008667,2.2553393840789795,0.12102198600769043
1682,TH0022AV/viewpoint_simulated_58_surface1.pcd,Testing,2.1608688831329346,2.2571516036987305,0.0962827205657959
1683,TH0022AV/viewpoint_simulated_59_surface1.pcd,Testing,2.478189706802368,2.3457581996917725,0.1324315071105957
1684,TH0022AV/viewpoint_simulated_6_surface1.pcd,Testing,2.2551779747009277,2.349447250366211,0.0942692756652832
1685,TH0022AV/viewpoint_simulated_60_surface1.pcd,Testing,2.2725560665130615,2.112255811691284,0.16030025482177734
1686,TH0022AV/viewpoint_simulated_61_surface1.pcd,Testing,2.2717437744140625,2.021848440170288,0.24989533424377441
1687,TH0022AV/viewpoint_simulated_62_surface1.pcd,Testing,2.3227620124816895,2.033155679702759,0.28960633277893066
1688,TH0022AV/viewpoint_simulated_63_surface1.pcd,Testing,2.475876808166504,2.0861034393310547,0.3897733688354492
1689,TH0022AV/viewpoint_simulated_64_surface1.pcd,Testing,2.346543073654175,2.0938727855682373,0.2526702880859375
1690,TH0022AV/viewpoint_simulated_65_surface1.pcd,Testing,2.433298349380493,2.126469850540161,0.30682849884033203
1691,TH0022AV/viewpoint_simulated_66_surface1.pcd,Testing,2.479161500930786,2.321424722671509,0.15773677825927734
1692,TH0022AV/viewpoint_simulated_67_surface1.pcd,Testing,2.2689826488494873,2.2422144412994385,0.026768207550048828
1693,TH0022AV/viewpoint_simulated_68_surface1.pcd,Testing,2.281834363937378,2.13620924949646,0.14562511444091797
1694,TH0022AV/viewpoint_simulated_69_surface1.pcd,Testing,2.3498027324676514,2.2563531398773193,0.09344959259033203
1695,TH0022AV/viewpoint_simulated_7_surface1.pcd,Testing,2.2718851566314697,2.3384487628936768,0.06656360626220703
1696,TH0022AV/viewpoint_simulated_70_surface1.pcd,Testing,2.3311681747436523,2.3218491077423096,0.009319067001342773
1697,TH0022AV/viewpoint_simulated_71_surface1.pcd,Testing,2.334778308868408,2.406472682952881,0.07169437408447266
1698,TH0022AV/viewpoint_simulated_72_surface1.pcd,Testing,2.0966718196868896,2.330925703048706,0.2342538833618164
1699,TH0022AV/viewpoint_simulated_73_surface1.pcd,Testing,2.2484323978424072,2.2825779914855957,0.03414559364318848
1700,TH0022AV/viewpoint_simulated_74_surface1.pcd,Testing,2.033468008041382,2.297574758529663,0.26410675048828125
1701,TH0022AV/viewpoint_simulated_75_surface1.pcd,Testing,2.2454872131347656,2.3031320571899414,0.05764484405517578
1702,TH0022AV/viewpoint_simulated_76_surface1.pcd,Testing,2.4756016731262207,2.2668280601501465,0.20877361297607422
1703,TH0022AV/viewpoint_simulated_77_surface1.pcd,Testing,2.244314432144165,2.291187286376953,0.046872854232788086
1704,TH0022AV/viewpoint_simulated_78_surface1.pcd,Testing,2.4201583862304688,2.298631429672241,0.12152695655822754
1705,TH0022AV/viewpoint_simulated_79_surface1.pcd,Testing,2.3816494941711426,2.3219845294952393,0.05966496467590332
1706,TH0022AV/viewpoint_simulated_8_surface1.pcd,Testing,2.213517665863037,2.4093799591064453,0.1958622932434082
1707,TH0022AV/viewpoint_simulated_80_surface1.pcd,Testing,2.2539634704589844,2.4090940952301025,0.15513062477111816
1708,TH0022AV/viewpoint_simulated_81_surface1.pcd,Testing,2.326594114303589,2.4214670658111572,0.09487295150756836
1709,TH0022AV/viewpoint_simulated_82_surface1.pcd,Testing,2.1308770179748535,2.339765787124634,0.20888876914978027
1710,TH0022AV/viewpoint_simulated_83_surface1.pcd,Testing,2.2511844635009766,2.337578535079956,0.08639407157897949
1711,TH0022AV/viewpoint_simulated_84_surface1.pcd,Testing,2.1651289463043213,2.2678322792053223,0.10270333290100098
1712,TH0022AV/viewpoint_simulated_85_surface1.pcd,Testing,2.156036138534546,2.189664125442505,0.033627986907958984
1713,TH0022AV/viewpoint_simulated_86_surface1.pcd,Testing,2.1589345932006836,2.1806795597076416,0.021744966506958008
1714,TH0022AV/viewpoint_simulated_87_surface1.pcd,Testing,2.246692180633545,2.1806061267852783,0.0660860538482666
1715,TH0022AV/viewpoint_simulated_88_surface1.pcd,Testing,2.2917556762695312,2.159238576889038,0.13251709938049316
1716,TH0022AV/viewpoint_simulated_89_surface1.pcd,Testing,2.2022905349731445,2.1316635608673096,0.07062697410583496
1717,TH0022AV/viewpoint_simulated_9_surface1.pcd,Testing,2.3137638568878174,2.444995641708374,0.13123178482055664
1718,TH0022AV/viewpoint_simulated_90_surface1.pcd,Testing,2.329035758972168,2.2793641090393066,0.04967164993286133
1719,TH0022AV/viewpoint_simulated_91_surface1.pcd,Testing,2.19077205657959,2.295590400695801,0.10481834411621094
1720,TH0022AV/viewpoint_simulated_92_surface1.pcd,Testing,2.190343141555786,2.3364059925079346,0.14606285095214844
1721,TH0022AV/viewpoint_simulated_93_surface1.pcd,Testing,2.194082736968994,2.2888381481170654,0.09475541114807129
1722,TH0022AV/viewpoint_simulated_94_surface1.pcd,Testing,2.2572269439697266,2.2369754314422607,0.02025151252746582
1723,TH0022AV/viewpoint_simulated_95_surface1.pcd,Testing,2.130518674850464,2.268392562866211,0.13787388801574707
1724,TH0022AV/viewpoint_simulated_96_surface1.pcd,Testing,2.3473572731018066,2.115591526031494,0.2317657470703125
1725,TH0022AV/viewpoint_simulated_97_surface1.pcd,Testing,2.4401204586029053,2.001009702682495,0.43911075592041016
1726,TH0022AV/viewpoint_simulated_98_surface1.pcd,Testing,2.2081704139709473,2.1049211025238037,0.10324931144714355
1727,TH0022AV/viewpoint_simulated_99_surface1.pcd,Testing,2.2247822284698486,2.1646525859832764,0.060129642486572266
1728,TH0031AV/viewpoint_simulated_0_surface0.pcd,Testing,1.9847520589828491,1.9258750677108765,0.058876991271972656
1729,TH0031AV/viewpoint_simulated_1_surface0.pcd,Testing,1.91378653049469,1.939758062362671,0.025971531867980957
1730,TH0031AV/viewpoint_simulated_10_surface0.pcd,Testing,1.9922277927398682,1.9378530979156494,0.05437469482421875
1731,TH0031AV/viewpoint_simulated_100_surface0.pcd,Testing,1.9516178369522095,1.9144079685211182,0.03720986843109131
1732,TH0031AV/viewpoint_simulated_101_surface0.pcd,Testing,2.0222206115722656,1.982308268547058,0.03991234302520752
1733,TH0031AV/viewpoint_simulated_102_surface0.pcd,Testing,1.9665595293045044,1.9046261310577393,0.06193339824676514
1734,TH0031AV/viewpoint_simulated_103_surface0.pcd,Testing,1.9935239553451538,1.8661152124404907,0.12740874290466309
1735,TH0031AV/viewpoint_simulated_104_surface0.pcd,Testing,1.921066164970398,1.8956304788589478,0.025435686111450195
1736,TH0031AV/viewpoint_simulated_105_surface0.pcd,Testing,2.054121494293213,1.9442201852798462,0.1099013090133667
1737,TH0031AV/viewpoint_simulated_106_surface0.pcd,Testing,1.9054173231124878,2.0193917751312256,0.11397445201873779
1738,TH0031AV/viewpoint_simulated_107_surface0.pcd,Testing,2.1599953174591064,2.0908944606781006,0.06910085678100586
1739,TH0031AV/viewpoint_simulated_108_surface0.pcd,Testing,2.08864688873291,1.9991403818130493,0.08950650691986084
1740,TH0031AV/viewpoint_simulated_109_surface0.pcd,Testing,2.0069844722747803,1.9959365129470825,0.011047959327697754
1741,TH0031AV/viewpoint_simulated_11_surface0.pcd,Testing,2.060962677001953,1.9572060108184814,0.10375666618347168
1742,TH0031AV/viewpoint_simulated_110_surface0.pcd,Testing,1.9007741212844849,2.0618388652801514,0.1610647439956665
1743,TH0031AV/viewpoint_simulated_111_surface0.pcd,Testing,2.0332231521606445,2.027937412261963,0.005285739898681641
1744,TH0031AV/viewpoint_simulated_112_surface0.pcd,Testing,2.029038429260254,1.9748328924179077,0.05420553684234619
1745,TH0031AV/viewpoint_simulated_113_surface0.pcd,Testing,2.11535382270813,1.984574317932129,0.13077950477600098
1746,TH0031AV/viewpoint_simulated_114_surface0.pcd,Testing,2.1855857372283936,1.9111398458480835,0.27444589138031006
1747,TH0031AV/viewpoint_simulated_115_surface0.pcd,Testing,2.0746302604675293,1.8755072355270386,0.19912302494049072
1748,TH0031AV/viewpoint_simulated_116_surface0.pcd,Testing,2.0564844608306885,1.9161003828048706,0.14038407802581787
1749,TH0031AV/viewpoint_simulated_117_surface0.pcd,Testing,1.9922761917114258,1.9641432762145996,0.028132915496826172
1750,TH0031AV/viewpoint_simulated_118_surface0.pcd,Testing,1.9895747900009155,2.027435064315796,0.03786027431488037
1751,TH0031AV/viewpoint_simulated_119_surface0.pcd,Testing,1.9929155111312866,2.077221155166626,0.08430564403533936
1752,TH0031AV/viewpoint_simulated_12_surface0.pcd,Testing,1.932746171951294,1.9761955738067627,0.04344940185546875
1753,TH0031AV/viewpoint_simulated_120_surface0.pcd,Testing,1.9608296155929565,2.052403211593628,0.09157359600067139
1754,TH0031AV/viewpoint_simulated_121_surface0.pcd,Testing,2.0028975009918213,2.0426251888275146,0.03972768783569336
1755,TH0031AV/viewpoint_simulated_122_surface0.pcd,Testing,1.9630502462387085,2.0572831630706787,0.09423291683197021
1756,TH0031AV/viewpoint_simulated_123_surface0.pcd,Testing,2.067197799682617,2.0142486095428467,0.05294919013977051
1757,TH0031AV/viewpoint_simulated_124_surface0.pcd,Testing,2.1745615005493164,1.8811522722244263,0.29340922832489014
1758,TH0031AV/viewpoint_simulated_125_surface0.pcd,Testing,1.9871841669082642,1.9822003841400146,0.004983782768249512
1759,TH0031AV/viewpoint_simulated_126_surface0.pcd,Testing,2.1435327529907227,1.9505919218063354,0.1929408311843872
1760,TH0031AV/viewpoint_simulated_127_surface0.pcd,Testing,1.9091194868087769,1.9114137887954712,0.002294301986694336
1761,TH0031AV/viewpoint_simulated_128_surface0.pcd,Testing,2.0572218894958496,1.9526211023330688,0.10460078716278076
1762,TH0031AV/viewpoint_simulated_129_surface0.pcd,Testing,2.1019601821899414,1.9554721117019653,0.14648807048797607
1763,TH0031AV/viewpoint_simulated_13_surface0.pcd,Testing,2.063218355178833,2.0188698768615723,0.04434847831726074
1764,TH0031AV/viewpoint_simulated_130_surface0.pcd,Testing,2.014129638671875,2.0615081787109375,0.0473785400390625
1765,TH0031AV/viewpoint_simulated_131_surface0.pcd,Testing,2.0071213245391846,2.03735613822937,0.030234813690185547
1766,TH0031AV/viewpoint_simulated_132_surface0.pcd,Testing,2.098233461380005,2.086975336074829,0.011258125305175781
1767,TH0031AV/viewpoint_simulated_133_surface0.pcd,Testing,2.1521968841552734,2.08830189704895,0.06389498710632324
1768,TH0031AV/viewpoint_simulated_134_surface0.pcd,Testing,2.0923678874969482,2.057813882827759,0.03455400466918945
1769,TH0031AV/viewpoint_simulated_135_surface0.pcd,Testing,2.0642783641815186,2.0607283115386963,0.0035500526428222656
1770,TH0031AV/viewpoint_simulated_136_surface0.pcd,Testing,2.1243538856506348,1.9644228219985962,0.15993106365203857
1771,TH0031AV/viewpoint_simulated_137_surface0.pcd,Testing,2.087083101272583,1.9521805047988892,0.13490259647369385
1772,TH0031AV/viewpoint_simulated_138_surface0.pcd,Testing,2.027749538421631,1.9674733877182007,0.060276150703430176
1773,TH0031AV/viewpoint_simulated_139_surface0.pcd,Testing,1.89128577709198,1.9378496408462524,0.04656386375427246
1774,TH0031AV/viewpoint_simulated_14_surface0.pcd,Testing,1.9168143272399902,1.9931565523147583,0.07634222507476807
1775,TH0031AV/viewpoint_simulated_140_surface0.pcd,Testing,2.0768826007843018,1.973363995552063,0.10351860523223877
1776,TH0031AV/viewpoint_simulated_141_surface0.pcd,Testing,2.051837921142578,2.065002679824829,0.013164758682250977
1777,TH0031AV/viewpoint_simulated_142_surface0.pcd,Testing,2.063422203063965,2.076367139816284,0.012944936752319336
1778,TH0031AV/viewpoint_simulated_143_surface0.pcd,Testing,2.0586113929748535,2.0040736198425293,0.05453777313232422
1779,TH0031AV/viewpoint_simulated_144_surface0.pcd,Testing,1.9726330041885376,1.9486812353134155,0.02395176887512207
1780,TH0031AV/viewpoint_simulated_145_surface0.pcd,Testing,1.9306261539459229,1.9476948976516724,0.01706874370574951
1781,TH0031AV/viewpoint_simulated_146_surface0.pcd,Testing,1.922000765800476,1.9389439821243286,0.01694321632385254
1782,TH0031AV/viewpoint_simulated_147_surface0.pcd,Testing,2.0314269065856934,1.9484561681747437,0.08297073841094971
1783,TH0031AV/viewpoint_simulated_148_surface0.pcd,Testing,1.99451744556427,1.8974506855010986,0.09706676006317139
1784,TH0031AV/viewpoint_simulated_149_surface0.pcd,Testing,2.1607892513275146,1.8962172269821167,0.26457202434539795
1785,TH0031AV/viewpoint_simulated_15_surface0.pcd,Testing,1.93217134475708,2.004897117614746,0.07272577285766602
1786,TH0031AV/viewpoint_simulated_150_surface0.pcd,Testing,1.9621446132659912,1.90947425365448,0.05267035961151123
1787,TH0031AV/viewpoint_simulated_151_surface0.pcd,Testing,1.9926499128341675,1.9286061525344849,0.06404376029968262
1788,TH0031AV/viewpoint_simulated_152_surface0.pcd,Testing,1.898386836051941,1.8956432342529297,0.0027436017990112305
1789,TH0031AV/viewpoint_simulated_153_surface0.pcd,Testing,1.998908519744873,1.921325445175171,0.07758307456970215
1790,TH0031AV/viewpoint_simulated_154_surface0.pcd,Testing,2.013150215148926,1.9272375106811523,0.08591270446777344
1791,TH0031AV/viewpoint_simulated_155_surface0.pcd,Testing,2.059976100921631,1.9530390501022339,0.10693705081939697
1792,TH0031AV/viewpoint_simulated_156_surface0.pcd,Testing,1.9420801401138306,1.9866830110549927,0.04460287094116211
1793,TH0031AV/viewpoint_simulated_157_surface0.pcd,Testing,1.9704192876815796,2.0311174392700195,0.06069815158843994
1794,TH0031AV/viewpoint_simulated_158_surface0.pcd,Testing,2.0829572677612305,1.9865247011184692,0.09643256664276123
1795,TH0031AV/viewpoint_simulated_159_surface0.pcd,Testing,1.9896892309188843,1.9912439584732056,0.001554727554321289
1796,TH0031AV/viewpoint_simulated_16_surface0.pcd,Testing,2.0511324405670166,1.8840514421463013,0.16708099842071533
1797,TH0031AV/viewpoint_simulated_160_surface0.pcd,Testing,1.9720537662506104,1.8912982940673828,0.08075547218322754
1798,TH0031AV/viewpoint_simulated_161_surface0.pcd,Testing,2.058931350708008,1.934535264968872,0.12439608573913574
1799,TH0031AV/viewpoint_simulated_162_surface0.pcd,Testing,2.130007266998291,1.9280399084091187,0.20196735858917236
1800,TH0031AV/viewpoint_simulated_163_surface0.pcd,Testing,1.9410821199417114,1.9044116735458374,0.03667044639587402
1801,TH0031AV/viewpoint_simulated_164_surface0.pcd,Testing,1.94278883934021,1.8919258117675781,0.050863027572631836
1802,TH0031AV/viewpoint_simulated_165_surface0.pcd,Testing,1.9056905508041382,1.967702031135559,0.0620114803314209
1803,TH0031AV/viewpoint_simulated_166_surface0.pcd,Testing,1.9654979705810547,2.0223212242126465,0.0568232536315918
1804,TH0031AV/viewpoint_simulated_167_surface0.pcd,Testing,1.9844303131103516,2.0467402935028076,0.062309980392456055
1805,TH0031AV/viewpoint_simulated_168_surface0.pcd,Testing,1.9808591604232788,1.9667080640792847,0.01415109634399414
1806,TH0031AV/viewpoint_simulated_169_surface0.pcd,Testing,1.9711360931396484,2.002523183822632,0.0313870906829834
1807,TH0031AV/viewpoint_simulated_17_surface0.pcd,Testing,1.9671448469161987,1.9261294603347778,0.0410153865814209
1808,TH0031AV/viewpoint_simulated_170_surface0.pcd,Testing,1.9972988367080688,2.039982557296753,0.04268372058868408
1809,TH0031AV/viewpoint_simulated_171_surface0.pcd,Testing,2.0267744064331055,2.0383317470550537,0.011557340621948242
1810,TH0031AV/viewpoint_simulated_172_surface0.pcd,Testing,2.0162556171417236,1.9321836233139038,0.08407199382781982
1811,TH0031AV/viewpoint_simulated_173_surface0.pcd,Testing,2.053091049194336,2.004509687423706,0.04858136177062988
1812,TH0031AV/viewpoint_simulated_174_surface0.pcd,Testing,2.09965443611145,1.9124181270599365,0.18723630905151367
1813,TH0031AV/viewpoint_simulated_175_surface0.pcd,Testing,2.0018792152404785,1.8869973421096802,0.11488187313079834
1814,TH0031AV/viewpoint_simulated_176_surface0.pcd,Testing,1.989364743232727,1.9082003831863403,0.08116436004638672
1815,TH0031AV/viewpoint_simulated_177_surface0.pcd,Testing,2.021700859069824,1.94968843460083,0.07201242446899414
1816,TH0031AV/viewpoint_simulated_178_surface0.pcd,Testing,2.061980724334717,2.0202505588531494,0.04173016548156738
1817,TH0031AV/viewpoint_simulated_179_surface0.pcd,Testing,2.0584399700164795,2.0873115062713623,0.028871536254882812
1818,TH0031AV/viewpoint_simulated_18_surface0.pcd,Testing,2.1010351181030273,1.9267668724060059,0.17426824569702148
1819,TH0031AV/viewpoint_simulated_180_surface0.pcd,Testing,2.0388259887695312,1.985878825187683,0.052947163581848145
1820,TH0031AV/viewpoint_simulated_181_surface0.pcd,Testing,2.213096857070923,2.0214474201202393,0.1916494369506836
1821,TH0031AV/viewpoint_simulated_182_surface0.pcd,Testing,2.0213398933410645,2.0593178272247314,0.03797793388366699
1822,TH0031AV/viewpoint_simulated_183_surface0.pcd,Testing,2.0280659198760986,2.0280404090881348,2.5510787963867188e-05
1823,TH0031AV/viewpoint_simulated_184_surface0.pcd,Testing,2.0632946491241455,1.9698500633239746,0.0934445858001709
1824,TH0031AV/viewpoint_simulated_185_surface0.pcd,Testing,2.022012710571289,2.0206305980682373,0.0013821125030517578
1825,TH0031AV/viewpoint_simulated_186_surface0.pcd,Testing,1.952318549156189,1.9215021133422852,0.03081643581390381
1826,TH0031AV/viewpoint_simulated_187_surface0.pcd,Testing,1.9800902605056763,1.8815668821334839,0.09852337837219238
1827,TH0031AV/viewpoint_simulated_188_surface0.pcd,Testing,2.0762293338775635,1.9365121126174927,0.1397172212600708
1828,TH0031AV/viewpoint_simulated_189_surface0.pcd,Testing,2.148238182067871,1.9560998678207397,0.19213831424713135
1829,TH0031AV/viewpoint_simulated_19_surface0.pcd,Testing,2.013655662536621,1.8870853185653687,0.12657034397125244
1830,TH0031AV/viewpoint_simulated_190_surface0.pcd,Testing,2.0683469772338867,2.023671865463257,0.04467511177062988
1831,TH0031AV/viewpoint_simulated_191_surface0.pcd,Testing,2.0552022457122803,2.0786921977996826,0.023489952087402344
1832,TH0031AV/viewpoint_simulated_192_surface0.pcd,Testing,2.1377410888671875,2.0336177349090576,0.10412335395812988
1833,TH0031AV/viewpoint_simulated_193_surface0.pcd,Testing,1.9929485321044922,2.044848680496216,0.05190014839172363
1834,TH0031AV/viewpoint_simulated_194_surface0.pcd,Testing,2.0699150562286377,2.046067476272583,0.023847579956054688
1835,TH0031AV/viewpoint_simulated_195_surface0.pcd,Testing,2.0764265060424805,2.034867763519287,0.04155874252319336
1836,TH0031AV/viewpoint_simulated_196_surface0.pcd,Testing,2.1256604194641113,1.9300974607467651,0.1955629587173462
1837,TH0031AV/viewpoint_simulated_197_surface0.pcd,Testing,1.9003995656967163,2.004840612411499,0.10444104671478271
1838,TH0031AV/viewpoint_simulated_198_surface0.pcd,Testing,2.1535391807556152,1.9491872787475586,0.20435190200805664
1839,TH0031AV/viewpoint_simulated_199_surface0.pcd,Testing,2.0231380462646484,1.9047716856002808,0.11836636066436768
1840,TH0031AV/viewpoint_simulated_2_surface0.pcd,Testing,1.9379587173461914,1.9426630735397339,0.0047043561935424805
1841,TH0031AV/viewpoint_simulated_20_surface0.pcd,Testing,1.8993092775344849,1.889867901802063,0.009441375732421875
1842,TH0031AV/viewpoint_simulated_200_surface0.pcd,Testing,2.034256935119629,1.948438048362732,0.08581888675689697
1843,TH0031AV/viewpoint_simulated_201_surface0.pcd,Testing,2.1699697971343994,1.9562913179397583,0.2136784791946411
1844,TH0031AV/viewpoint_simulated_202_surface0.pcd,Testing,1.9645203351974487,2.0618226528167725,0.09730231761932373
1845,TH0031AV/viewpoint_simulated_203_surface0.pcd,Testing,2.0354418754577637,2.045999765396118,0.010557889938354492
1846,TH0031AV/viewpoint_simulated_204_surface0.pcd,Testing,2.000478506088257,2.068441867828369,0.0679633617401123
1847,TH0031AV/viewpoint_simulated_205_surface0.pcd,Testing,2.0965428352355957,2.0797128677368164,0.016829967498779297
1848,TH0031AV/viewpoint_simulated_206_surface0.pcd,Testing,2.117178440093994,2.052734136581421,0.06444430351257324
1849,TH0031AV/viewpoint_simulated_207_surface0.pcd,Testing,2.1245126724243164,2.061992883682251,0.06251978874206543
1850,TH0031AV/viewpoint_simulated_208_surface0.pcd,Testing,2.065932512283325,2.019296884536743,0.04663562774658203
1851,TH0031AV/viewpoint_simulated_209_surface0.pcd,Testing,2.0660648345947266,1.9792388677597046,0.08682596683502197
1852,TH0031AV/viewpoint_simulated_21_surface0.pcd,Testing,1.8950223922729492,1.9426538944244385,0.04763150215148926
1853,TH0031AV/viewpoint_simulated_210_surface0.pcd,Testing,2.0532445907592773,1.956748366355896,0.09649622440338135
1854,TH0031AV/viewpoint_simulated_211_surface0.pcd,Testing,2.0009665489196777,1.9543097019195557,0.04665684700012207
1855,TH0031AV/viewpoint_simulated_212_surface0.pcd,Testing,2.0802743434906006,1.983880639076233,0.09639370441436768
1856,TH0031AV/viewpoint_simulated_213_surface0.pcd,Testing,2.074815273284912,2.065866708755493,0.008948564529418945
1857,TH0031AV/viewpoint_simulated_214_surface0.pcd,Testing,2.03416109085083,2.0736594200134277,0.039498329162597656
1858,TH0031AV/viewpoint_simulated_215_surface0.pcd,Testing,2.0519866943359375,1.982258677482605,0.06972801685333252
1859,TH0031AV/viewpoint_simulated_22_surface0.pcd,Testing,1.9349381923675537,2.0000388622283936,0.06510066986083984
1860,TH0031AV/viewpoint_simulated_23_surface0.pcd,Testing,2.1460318565368652,2.0668303966522217,0.07920145988464355
1861,TH0031AV/viewpoint_simulated_24_surface0.pcd,Testing,2.0204875469207764,1.9743131399154663,0.04617440700531006
1862,TH0031AV/viewpoint_simulated_25_surface0.pcd,Testing,2.0177650451660156,2.001222848892212,0.01654219627380371
1863,TH0031AV/viewpoint_simulated_26_surface0.pcd,Testing,2.101492166519165,2.0187430381774902,0.0827491283416748
1864,TH0031AV/viewpoint_simulated_27_surface0.pcd,Testing,1.8630732297897339,2.02531361579895,0.1622403860092163
1865,TH0031AV/viewpoint_simulated_28_surface0.pcd,Testing,2.0640780925750732,1.9320708513259888,0.13200724124908447
1866,TH0031AV/viewpoint_simulated_29_surface0.pcd,Testing,1.9987839460372925,1.9869457483291626,0.011838197708129883
1867,TH0031AV/viewpoint_simulated_3_surface0.pcd,Testing,1.9639843702316284,1.9418003559112549,0.022184014320373535
1868,TH0031AV/viewpoint_simulated_30_surface0.pcd,Testing,2.035186767578125,1.9132460355758667,0.1219407320022583
1869,TH0031AV/viewpoint_simulated_31_surface0.pcd,Testing,2.000960111618042,1.8735888004302979,0.12737131118774414
1870,TH0031AV/viewpoint_simulated_32_surface0.pcd,Testing,2.0124855041503906,1.892832636833191,0.11965286731719971
1871,TH0031AV/viewpoint_simulated_33_surface0.pcd,Testing,1.991862177848816,1.9394325017929077,0.0524296760559082
1872,TH0031AV/viewpoint_simulated_34_surface0.pcd,Testing,2.037625312805176,2.022571325302124,0.015053987503051758
1873,TH0031AV/viewpoint_simulated_35_surface0.pcd,Testing,2.041055917739868,2.097153663635254,0.05609774589538574
1874,TH0031AV/viewpoint_simulated_36_surface0.pcd,Testing,2.056959867477417,2.019909620285034,0.03705024719238281
1875,TH0031AV/viewpoint_simulated_37_surface0.pcd,Testing,2.129593849182129,2.001624822616577,0.12796902656555176
1876,TH0031AV/viewpoint_simulated_38_surface0.pcd,Testing,1.9737944602966309,2.0512239933013916,0.07742953300476074
1877,TH0031AV/viewpoint_simulated_39_surface0.pcd,Testing,2.0556650161743164,2.0225419998168945,0.033123016357421875
1878,TH0031AV/viewpoint_simulated_4_surface0.pcd,Testing,1.8875017166137695,1.8986719846725464,0.011170268058776855
1879,TH0031AV/viewpoint_simulated_40_surface0.pcd,Testing,2.021374225616455,1.9420018196105957,0.07937240600585938
1880,TH0031AV/viewpoint_simulated_41_surface0.pcd,Testing,1.975182294845581,1.9879099130630493,0.012727618217468262
1881,TH0031AV/viewpoint_simulated_42_surface0.pcd,Testing,2.023984670639038,1.9131649732589722,0.11081969738006592
1882,TH0031AV/viewpoint_simulated_43_surface0.pcd,Testing,2.0775396823883057,1.8662229776382446,0.21131670475006104
1883,TH0031AV/viewpoint_simulated_44_surface0.pcd,Testing,1.9678467512130737,1.8861567974090576,0.08168995380401611
1884,TH0031AV/viewpoint_simulated_45_surface0.pcd,Testing,2.007960796356201,1.9279263019561768,0.08003449440002441
1885,TH0031AV/viewpoint_simulated_46_surface0.pcd,Testing,1.9255033731460571,2.0153446197509766,0.08984124660491943
1886,TH0031AV/viewpoint_simulated_47_surface0.pcd,Testing,1.9765441417694092,2.0739190578460693,0.09737491607666016
1887,TH0031AV/viewpoint_simulated_48_surface0.pcd,Testing,2.005200147628784,2.038438320159912,0.03323817253112793
1888,TH0031AV/viewpoint_simulated_49_surface0.pcd,Testing,2.0360615253448486,2.0419228076934814,0.0058612823486328125
1889,TH0031AV/viewpoint_simulated_5_surface0.pcd,Testing,2.012385368347168,1.8996211290359497,0.11276423931121826
1890,TH0031AV/viewpoint_simulated_50_surface0.pcd,Testing,2.030012369155884,2.0460193157196045,0.016006946563720703
1891,TH0031AV/viewpoint_simulated_51_surface0.pcd,Testing,2.0652542114257812,2.0130767822265625,0.05217742919921875
1892,TH0031AV/viewpoint_simulated_52_surface0.pcd,Testing,2.0489304065704346,1.8843480348587036,0.16458237171173096
1893,TH0031AV/viewpoint_simulated_53_surface0.pcd,Testing,2.0070295333862305,1.9488447904586792,0.05818474292755127
1894,TH0031AV/viewpoint_simulated_54_surface0.pcd,Testing,1.9710211753845215,1.9379174709320068,0.03310370445251465
1895,TH0031AV/viewpoint_simulated_55_surface0.pcd,Testing,1.9481890201568604,1.8944088220596313,0.053780198097229004
1896,TH0031AV/viewpoint_simulated_56_surface0.pcd,Testing,2.162593364715576,1.944240689277649,0.21835267543792725
1897,TH0031AV/viewpoint_simulated_57_surface0.pcd,Testing,1.974107265472412,1.951030969619751,0.023076295852661133
1898,TH0031AV/viewpoint_simulated_58_surface0.pcd,Testing,2.0558087825775146,2.0643858909606934,0.008577108383178711
1899,TH0031AV/viewpoint_simulated_59_surface0.pcd,Testing,2.0841000080108643,2.0207388401031494,0.06336116790771484
1900,TH0031AV/viewpoint_simulated_6_surface0.pcd,Testing,2.0473461151123047,1.8986657857894897,0.14868032932281494
1901,TH0031AV/viewpoint_simulated_60_surface0.pcd,Testing,2.02083158493042,2.0805389881134033,0.0597074031829834
1902,TH0031AV/viewpoint_simulated_61_surface0.pcd,Testing,1.929389238357544,2.082493782043457,0.15310454368591309
1903,TH0031AV/viewpoint_simulated_62_surface0.pcd,Testing,2.1335391998291016,2.035723924636841,0.09781527519226074
1904,TH0031AV/viewpoint_simulated_63_surface0.pcd,Testing,2.0045740604400635,2.0451834201812744,0.04060935974121094
1905,TH0031AV/viewpoint_simulated_64_surface0.pcd,Testing,2.068117380142212,1.9671518802642822,0.10096549987792969
1906,TH0031AV/viewpoint_simulated_65_surface0.pcd,Testing,2.0607872009277344,1.9556372165679932,0.10514998435974121
1907,TH0031AV/viewpoint_simulated_66_surface0.pcd,Testing,1.9659518003463745,1.9663491249084473,0.0003973245620727539
1908,TH0031AV/viewpoint_simulated_67_surface0.pcd,Testing,2.1606051921844482,1.9642761945724487,0.1963289976119995
1909,TH0031AV/viewpoint_simulated_68_surface0.pcd,Testing,2.0094921588897705,1.982993483543396,0.02649867534637451
1910,TH0031AV/viewpoint_simulated_69_surface0.pcd,Testing,2.014134407043457,2.0611774921417236,0.0470430850982666
1911,TH0031AV/viewpoint_simulated_7_surface0.pcd,Testing,1.9395771026611328,1.9161925315856934,0.023384571075439453
1912,TH0031AV/viewpoint_simulated_70_surface0.pcd,Testing,2.0709071159362793,2.0760135650634766,0.005106449127197266
1913,TH0031AV/viewpoint_simulated_71_surface0.pcd,Testing,1.9976651668548584,1.9777967929840088,0.01986837387084961
1914,TH0031AV/viewpoint_simulated_72_surface0.pcd,Testing,2.08195424079895,1.9280247688293457,0.1539294719696045
1915,TH0031AV/viewpoint_simulated_73_surface0.pcd,Testing,2.161813735961914,1.9581485986709595,0.2036651372909546
1916,TH0031AV/viewpoint_simulated_74_surface0.pcd,Testing,1.9695348739624023,1.9236572980880737,0.04587757587432861
1917,TH0031AV/viewpoint_simulated_75_surface0.pcd,Testing,2.0465710163116455,1.9436479806900024,0.10292303562164307
1918,TH0031AV/viewpoint_simulated_76_surface0.pcd,Testing,2.0266804695129395,1.8955744504928589,0.13110601902008057
1919,TH0031AV/viewpoint_simulated_77_surface0.pcd,Testing,1.9534873962402344,1.909110188484192,0.04437720775604248
1920,TH0031AV/viewpoint_simulated_78_surface0.pcd,Testing,1.9626922607421875,1.9037634134292603,0.058928847312927246
1921,TH0031AV/viewpoint_simulated_79_surface0.pcd,Testing,1.9675445556640625,1.9266635179519653,0.04088103771209717
1922,TH0031AV/viewpoint_simulated_8_surface0.pcd,Testing,1.979168176651001,1.9064046144485474,0.07276356220245361
1923,TH0031AV/viewpoint_simulated_80_surface0.pcd,Testing,2.0317208766937256,1.8993737697601318,0.13234710693359375
1924,TH0031AV/viewpoint_simulated_81_surface0.pcd,Testing,1.8752692937850952,1.9026719331741333,0.027402639389038086
1925,TH0031AV/viewpoint_simulated_82_surface0.pcd,Testing,1.9241986274719238,1.9513624906539917,0.02716386318206787
1926,TH0031AV/viewpoint_simulated_83_surface0.pcd,Testing,1.9704011678695679,1.978800892829895,0.008399724960327148
1927,TH0031AV/viewpoint_simulated_84_surface0.pcd,Testing,1.8709845542907715,1.9746683835983276,0.10368382930755615
1928,TH0031AV/viewpoint_simulated_85_surface0.pcd,Testing,1.9980034828186035,2.014845848083496,0.016842365264892578
1929,TH0031AV/viewpoint_simulated_86_surface0.pcd,Testing,1.9920995235443115,1.9909392595291138,0.001160264015197754
1930,TH0031AV/viewpoint_simulated_87_surface0.pcd,Testing,2.0252623558044434,2.003617763519287,0.02164459228515625
1931,TH0031AV/viewpoint_simulated_88_surface0.pcd,Testing,1.8532661199569702,1.9082036018371582,0.05493748188018799
1932,TH0031AV/viewpoint_simulated_89_surface0.pcd,Testing,2.030320644378662,1.936308741569519,0.09401190280914307
1933,TH0031AV/viewpoint_simulated_9_surface0.pcd,Testing,1.969813585281372,1.924247145652771,0.045566439628601074
1934,TH0031AV/viewpoint_simulated_90_surface0.pcd,Testing,1.9450358152389526,1.9258884191513062,0.019147396087646484
1935,TH0031AV/viewpoint_simulated_91_surface0.pcd,Testing,2.034621477127075,1.8824392557144165,0.1521822214126587
1936,TH0031AV/viewpoint_simulated_92_surface0.pcd,Testing,2.0558438301086426,1.8950841426849365,0.16075968742370605
1937,TH0031AV/viewpoint_simulated_93_surface0.pcd,Testing,1.9434795379638672,1.9466125965118408,0.003133058547973633
1938,TH0031AV/viewpoint_simulated_94_surface0.pcd,Testing,2.0399084091186523,2.009183406829834,0.03072500228881836
1939,TH0031AV/viewpoint_simulated_95_surface0.pcd,Testing,2.010436773300171,2.0751349925994873,0.0646982192993164
1940,TH0031AV/viewpoint_simulated_96_surface0.pcd,Testing,1.9619141817092896,1.9798001050949097,0.017885923385620117
1941,TH0031AV/viewpoint_simulated_97_surface0.pcd,Testing,1.9750880002975464,2.0105984210968018,0.03551042079925537
1942,TH0031AV/viewpoint_simulated_98_surface0.pcd,Testing,1.9723759889602661,2.005756139755249,0.03338015079498291
1943,TH0031AV/viewpoint_simulated_99_surface0.pcd,Testing,2.00067400932312,2.027022123336792,0.026348114013671875
1944,TH0031AV/viewpoint_simulated_0_surface1.pcd,Testing,2.1305835247039795,2.253960371017456,0.12337684631347656
1945,TH0031AV/viewpoint_simulated_1_surface1.pcd,Testing,2.1339540481567383,2.2117385864257812,0.07778453826904297
1946,TH0031AV/viewpoint_simulated_10_surface1.pcd,Testing,1.9996470212936401,2.2098402976989746,0.21019327640533447
1947,TH0031AV/viewpoint_simulated_100_surface1.pcd,Testing,2.2510173320770264,2.037997245788574,0.21302008628845215
1948,TH0031AV/viewpoint_simulated_101_surface1.pcd,Testing,2.0777719020843506,2.047261953353882,0.03050994873046875
1949,TH0031AV/viewpoint_simulated_102_surface1.pcd,Testing,2.1092793941497803,2.0826964378356934,0.026582956314086914
1950,TH0031AV/viewpoint_simulated_103_surface1.pcd,Testing,2.0792076587677,2.125575304031372,0.046367645263671875
1951,TH0031AV/viewpoint_simulated_104_surface1.pcd,Testing,2.305724620819092,2.1418044567108154,0.16392016410827637
1952,TH0031AV/viewpoint_simulated_105_surface1.pcd,Testing,2.1910202503204346,2.095961570739746,0.09505867958068848
1953,TH0031AV/viewpoint_simulated_106_surface1.pcd,Testing,2.135157585144043,2.1182539463043213,0.01690363883972168
1954,TH0031AV/viewpoint_simulated_107_surface1.pcd,Testing,2.186967372894287,2.1434919834136963,0.04347538948059082
1955,TH0031AV/viewpoint_simulated_108_surface1.pcd,Testing,2.095468759536743,2.070510149002075,0.02495861053466797
1956,TH0031AV/viewpoint_simulated_109_surface1.pcd,Testing,2.0606637001037598,2.036817789077759,0.023845911026000977
1957,TH0031AV/viewpoint_simulated_11_surface1.pcd,Testing,2.264651298522949,2.2343313694000244,0.030319929122924805
1958,TH0031AV/viewpoint_simulated_110_surface1.pcd,Testing,2.093108892440796,2.0585458278656006,0.03456306457519531
1959,TH0031AV/viewpoint_simulated_111_surface1.pcd,Testing,2.226271867752075,2.0098557472229004,0.2164161205291748
1960,TH0031AV/viewpoint_simulated_112_surface1.pcd,Testing,2.0818116664886475,2.0640859603881836,0.017725706100463867
1961,TH0031AV/viewpoint_simulated_113_surface1.pcd,Testing,2.1915805339813232,2.042722463607788,0.14885807037353516
1962,TH0031AV/viewpoint_simulated_114_surface1.pcd,Testing,2.16269850730896,2.116147756576538,0.046550750732421875
1963,TH0031AV/viewpoint_simulated_115_surface1.pcd,Testing,2.2293269634246826,2.142498016357422,0.08682894706726074
1964,TH0031AV/viewpoint_simulated_116_surface1.pcd,Testing,2.1152331829071045,2.090892791748047,0.024340391159057617
1965,TH0031AV/viewpoint_simulated_117_surface1.pcd,Testing,1.9933586120605469,2.060396194458008,0.06703758239746094
1966,TH0031AV/viewpoint_simulated_118_surface1.pcd,Testing,2.3886783123016357,2.105761766433716,0.2829165458679199
1967,TH0031AV/viewpoint_simulated_119_surface1.pcd,Testing,2.230968952178955,2.1259453296661377,0.10502362251281738
1968,TH0031AV/viewpoint_simulated_12_surface1.pcd,Testing,2.127690553665161,2.1657912731170654,0.0381007194519043
1969,TH0031AV/viewpoint_simulated_120_surface1.pcd,Testing,2.3188631534576416,2.0952906608581543,0.2235724925994873
1970,TH0031AV/viewpoint_simulated_121_surface1.pcd,Testing,2.1735143661499023,2.0433318614959717,0.13018250465393066
1971,TH0031AV/viewpoint_simulated_122_surface1.pcd,Testing,2.251770257949829,2.056617498397827,0.19515275955200195
1972,TH0031AV/viewpoint_simulated_123_surface1.pcd,Testing,2.0853285789489746,2.030841112136841,0.05448746681213379
1973,TH0031AV/viewpoint_simulated_124_surface1.pcd,Testing,2.184493064880371,2.0461742877960205,0.13831877708435059
1974,TH0031AV/viewpoint_simulated_125_surface1.pcd,Testing,2.3095030784606934,2.0682058334350586,0.24129724502563477
1975,TH0031AV/viewpoint_simulated_126_surface1.pcd,Testing,2.086989641189575,2.126673460006714,0.03968381881713867
1976,TH0031AV/viewpoint_simulated_127_surface1.pcd,Testing,2.1574313640594482,2.138561725616455,0.018869638442993164
1977,TH0031AV/viewpoint_simulated_128_surface1.pcd,Testing,2.2000269889831543,2.0760180950164795,0.1240088939666748
1978,TH0031AV/viewpoint_simulated_129_surface1.pcd,Testing,2.1147406101226807,2.0833332538604736,0.03140735626220703
1979,TH0031AV/viewpoint_simulated_13_surface1.pcd,Testing,2.1840968132019043,2.0399134159088135,0.14418339729309082
1980,TH0031AV/viewpoint_simulated_130_surface1.pcd,Testing,2.2264459133148193,2.1056010723114014,0.12084484100341797
1981,TH0031AV/viewpoint_simulated_131_surface1.pcd,Testing,2.121870517730713,2.103783130645752,0.018087387084960938
1982,TH0031AV/viewpoint_simulated_132_surface1.pcd,Testing,2.0510778427124023,2.1002938747406006,0.04921603202819824
1983,TH0031AV/viewpoint_simulated_133_surface1.pcd,Testing,2.1642796993255615,2.0556766986846924,0.10860300064086914
1984,TH0031AV/viewpoint_simulated_134_surface1.pcd,Testing,2.1756856441497803,2.0264089107513428,0.1492767333984375
1985,TH0031AV/viewpoint_simulated_135_surface1.pcd,Testing,2.2727603912353516,2.044933557510376,0.22782683372497559
1986,TH0031AV/viewpoint_simulated_136_surface1.pcd,Testing,2.101217031478882,2.0559351444244385,0.04528188705444336
1987,TH0031AV/viewpoint_simulated_137_surface1.pcd,Testing,2.2145097255706787,2.064157247543335,0.15035247802734375
1988,TH0031AV/viewpoint_simulated_138_surface1.pcd,Testing,2.0983381271362305,2.12137770652771,0.023039579391479492
1989,TH0031AV/viewpoint_simulated_139_surface1.pcd,Testing,2.256725549697876,2.129988670349121,0.12673687934875488
1990,TH0031AV/viewpoint_simulated_14_surface1.pcd,Testing,2.0362439155578613,2.1441433429718018,0.10789942741394043
1991,TH0031AV/viewpoint_simulated_140_surface1.pcd,Testing,2.2262983322143555,2.071157217025757,0.15514111518859863
1992,TH0031AV/viewpoint_simulated_141_surface1.pcd,Testing,2.0852150917053223,2.1090831756591797,0.023868083953857422
1993,TH0031AV/viewpoint_simulated_142_surface1.pcd,Testing,2.0790443420410156,2.1038002967834473,0.02475595474243164
1994,TH0031AV/viewpoint_simulated_143_surface1.pcd,Testing,2.2318599224090576,2.0910863876342773,0.14077353477478027
1995,TH0031AV/viewpoint_simulated_144_surface1.pcd,Testing,1.9045555591583252,2.264190912246704,0.3596353530883789
1996,TH0031AV/viewpoint_simulated_145_surface1.pcd,Testing,2.0838875770568848,2.2125604152679443,0.12867283821105957
1997,TH0031AV/viewpoint_simulated_146_surface1.pcd,Testing,1.9710841178894043,2.2248618602752686,0.25377774238586426
1998,TH0031AV/viewpoint_simulated_147_surface1.pcd,Testing,2.1585428714752197,2.1628577709198,0.004314899444580078
1999,TH0031AV/viewpoint_simulated_148_surface1.pcd,Testing,2.077932119369507,2.112114191055298,0.034182071685791016
2000,TH0031AV/viewpoint_simulated_149_surface1.pcd,Testing,2.0490057468414307,2.1556284427642822,0.10662269592285156
2001,TH0031AV/viewpoint_simulated_15_surface1.pcd,Testing,2.1569056510925293,2.082305669784546,0.0745999813079834
2002,TH0031AV/viewpoint_simulated_150_surface1.pcd,Testing,2.0912811756134033,2.129380941390991,0.03809976577758789
2003,TH0031AV/viewpoint_simulated_151_surface1.pcd,Testing,2.2426748275756836,2.1280899047851562,0.11458492279052734
2004,TH0031AV/viewpoint_simulated_152_surface1.pcd,Testing,2.0044174194335938,2.1976730823516846,0.19325566291809082
2005,TH0031AV/viewpoint_simulated_153_surface1.pcd,Testing,2.21795654296875,2.2102279663085938,0.00772857666015625
2006,TH0031AV/viewpoint_simulated_154_surface1.pcd,Testing,2.260011672973633,2.2179670333862305,0.042044639587402344
2007,TH0031AV/viewpoint_simulated_155_surface1.pcd,Testing,2.1348533630371094,2.20235276222229,0.06749939918518066
2008,TH0031AV/viewpoint_simulated_156_surface1.pcd,Testing,2.244478225708008,2.121612548828125,0.12286567687988281
2009,TH0031AV/viewpoint_simulated_157_surface1.pcd,Testing,2.068416118621826,2.0359690189361572,0.032447099685668945
2010,TH0031AV/viewpoint_simulated_158_surface1.pcd,Testing,2.0605390071868896,2.147695779800415,0.08715677261352539
2011,TH0031AV/viewpoint_simulated_159_surface1.pcd,Testing,2.1231677532196045,2.0676028728485107,0.05556488037109375
2012,TH0031AV/viewpoint_simulated_16_surface1.pcd,Testing,2.099308490753174,2.0406265258789062,0.05868196487426758
2013,TH0031AV/viewpoint_simulated_160_surface1.pcd,Testing,2.2329983711242676,1.988568663597107,0.24442970752716064
2014,TH0031AV/viewpoint_simulated_161_surface1.pcd,Testing,2.258145809173584,1.994765281677246,0.2633805274963379
2015,TH0031AV/viewpoint_simulated_162_surface1.pcd,Testing,2.0887701511383057,2.085249185562134,0.003520965576171875
2016,TH0031AV/viewpoint_simulated_163_surface1.pcd,Testing,2.118285894393921,2.1191537380218506,0.0008678436279296875
2017,TH0031AV/viewpoint_simulated_164_surface1.pcd,Testing,2.2189016342163086,2.132920742034912,0.08598089218139648
2018,TH0031AV/viewpoint_simulated_165_surface1.pcd,Testing,1.9775091409683228,2.131456136703491,0.15394699573516846
2019,TH0031AV/viewpoint_simulated_166_surface1.pcd,Testing,2.0174810886383057,2.1109914779663086,0.09351038932800293
2020,TH0031AV/viewpoint_simulated_167_surface1.pcd,Testing,2.3790688514709473,2.1160190105438232,0.263049840927124
2021,TH0031AV/viewpoint_simulated_168_surface1.pcd,Testing,2.1593716144561768,2.0916364192962646,0.06773519515991211
2022,TH0031AV/viewpoint_simulated_169_surface1.pcd,Testing,1.9752753973007202,2.0211029052734375,0.045827507972717285
2023,TH0031AV/viewpoint_simulated_17_surface1.pcd,Testing,2.109384775161743,2.021421432495117,0.08796334266662598
2024,TH0031AV/viewpoint_simulated_170_surface1.pcd,Testing,2.147888422012329,2.084484815597534,0.06340360641479492
2025,TH0031AV/viewpoint_simulated_171_surface1.pcd,Testing,2.3080947399139404,2.04990553855896,0.25818920135498047
2026,TH0031AV/viewpoint_simulated_172_surface1.pcd,Testing,2.182870864868164,2.0389201641082764,0.1439507007598877
2027,TH0031AV/viewpoint_simulated_173_surface1.pcd,Testing,2.2207581996917725,2.0097930431365967,0.21096515655517578
2028,TH0031AV/viewpoint_simulated_174_surface1.pcd,Testing,2.1522367000579834,2.069258451461792,0.0829782485961914
2029,TH0031AV/viewpoint_simulated_175_surface1.pcd,Testing,2.1435043811798096,2.1342573165893555,0.009247064590454102
2030,TH0031AV/viewpoint_simulated_176_surface1.pcd,Testing,2.121859073638916,2.1057441234588623,0.01611495018005371
2031,TH0031AV/viewpoint_simulated_177_surface1.pcd,Testing,2.072821617126465,2.1187021732330322,0.04588055610656738
2032,TH0031AV/viewpoint_simulated_178_surface1.pcd,Testing,2.060539484024048,2.078061103820801,0.01752161979675293
2033,TH0031AV/viewpoint_simulated_179_surface1.pcd,Testing,2.072173833847046,2.115438461303711,0.04326462745666504
2034,TH0031AV/viewpoint_simulated_18_surface1.pcd,Testing,1.9963724613189697,2.145618200302124,0.1492457389831543
2035,TH0031AV/viewpoint_simulated_180_surface1.pcd,Testing,2.257460355758667,2.0923686027526855,0.16509175300598145
2036,TH0031AV/viewpoint_simulated_181_surface1.pcd,Testing,2.2557523250579834,2.037734270095825,0.2180180549621582
2037,TH0031AV/viewpoint_simulated_182_surface1.pcd,Testing,2.09818434715271,2.078533887863159,0.01965045928955078
2038,TH0031AV/viewpoint_simulated_183_surface1.pcd,Testing,2.183267593383789,2.010924816131592,0.17234277725219727
2039,TH0031AV/viewpoint_simulated_184_surface1.pcd,Testing,2.209353446960449,2.055968999862671,0.15338444709777832
2040,TH0031AV/viewpoint_simulated_185_surface1.pcd,Testing,2.194185495376587,2.0392138957977295,0.15497159957885742
2041,TH0031AV/viewpoint_simulated_186_surface1.pcd,Testing,2.060039758682251,2.118889570236206,0.05884981155395508
2042,TH0031AV/viewpoint_simulated_187_surface1.pcd,Testing,2.1791751384735107,2.134546995162964,0.044628143310546875
2043,TH0031AV/viewpoint_simulated_188_surface1.pcd,Testing,2.1275200843811035,2.091707944869995,0.0358121395111084
2044,TH0031AV/viewpoint_simulated_189_surface1.pcd,Testing,2.0886991024017334,2.090590000152588,0.0018908977508544922
2045,TH0031AV/viewpoint_simulated_19_surface1.pcd,Testing,2.2657084465026855,2.1433796882629395,0.1223287582397461
2046,TH0031AV/viewpoint_simulated_190_surface1.pcd,Testing,2.137516498565674,2.0670597553253174,0.07045674324035645
2047,TH0031AV/viewpoint_simulated_191_surface1.pcd,Testing,2.2493679523468018,2.086533546447754,0.16283440589904785
2048,TH0031AV/viewpoint_simulated_192_surface1.pcd,Testing,2.0837671756744385,2.113687515258789,0.029920339584350586
2049,TH0031AV/viewpoint_simulated_193_surface1.pcd,Testing,2.2236874103546143,2.038907289505005,0.18478012084960938
2050,TH0031AV/viewpoint_simulated_194_surface1.pcd,Testing,1.9028518199920654,2.0570614337921143,0.15420961380004883
2051,TH0031AV/viewpoint_simulated_195_surface1.pcd,Testing,2.2087838649749756,2.0473458766937256,0.16143798828125
2052,TH0031AV/viewpoint_simulated_196_surface1.pcd,Testing,2.22346568107605,2.043208360671997,0.18025732040405273
2053,TH0031AV/viewpoint_simulated_197_surface1.pcd,Testing,2.162856101989746,2.0316286087036133,0.1312274932861328
2054,TH0031AV/viewpoint_simulated_198_surface1.pcd,Testing,2.050137758255005,2.1198151111602783,0.06967735290527344
2055,TH0031AV/viewpoint_simulated_199_surface1.pcd,Testing,2.1261305809020996,2.12785267829895,0.001722097396850586
2056,TH0031AV/viewpoint_simulated_2_surface1.pcd,Testing,2.0922200679779053,2.2409989833831787,0.14877891540527344
2057,TH0031AV/viewpoint_simulated_20_surface1.pcd,Testing,2.096379280090332,2.16375470161438,0.06737542152404785
2058,TH0031AV/viewpoint_simulated_200_surface1.pcd,Testing,2.197457790374756,2.06908917427063,0.12836861610412598
2059,TH0031AV/viewpoint_simulated_201_surface1.pcd,Testing,2.194735288619995,2.100039005279541,0.0946962833404541
2060,TH0031AV/viewpoint_simulated_202_surface1.pcd,Testing,2.188004732131958,2.071577310562134,0.11642742156982422
2061,TH0031AV/viewpoint_simulated_203_surface1.pcd,Testing,1.9866713285446167,2.1091701984405518,0.12249886989593506
2062,TH0031AV/viewpoint_simulated_204_surface1.pcd,Testing,2.1819794178009033,2.1023569107055664,0.07962250709533691
2063,TH0031AV/viewpoint_simulated_205_surface1.pcd,Testing,2.272806167602539,2.0615622997283936,0.2112438678741455
2064,TH0031AV/viewpoint_simulated_206_surface1.pcd,Testing,2.2042298316955566,2.0450069904327393,0.15922284126281738
2065,TH0031AV/viewpoint_simulated_207_surface1.pcd,Testing,2.2584023475646973,2.017350435256958,0.24105191230773926
2066,TH0031AV/viewpoint_simulated_208_surface1.pcd,Testing,2.2117109298706055,2.057732582092285,0.1539783477783203
2067,TH0031AV/viewpoint_simulated_209_surface1.pcd,Testing,2.112487316131592,2.0480782985687256,0.06440901756286621
2068,TH0031AV/viewpoint_simulated_21_surface1.pcd,Testing,2.1893136501312256,2.147298574447632,0.04201507568359375
2069,TH0031AV/viewpoint_simulated_210_surface1.pcd,Testing,2.2822299003601074,2.113126516342163,0.16910338401794434
2070,TH0031AV/viewpoint_simulated_211_surface1.pcd,Testing,2.0798957347869873,2.1110270023345947,0.031131267547607422
2071,TH0031AV/viewpoint_simulated_212_surface1.pcd,Testing,2.0746185779571533,2.1013553142547607,0.026736736297607422
2072,TH0031AV/viewpoint_simulated_213_surface1.pcd,Testing,2.0152065753936768,2.0972483158111572,0.08204174041748047
2073,TH0031AV/viewpoint_simulated_214_surface1.pcd,Testing,2.314237117767334,2.1168763637542725,0.19736075401306152
2074,TH0031AV/viewpoint_simulated_215_surface1.pcd,Testing,2.1850850582122803,2.1103785037994385,0.0747065544128418
2075,TH0031AV/viewpoint_simulated_22_surface1.pcd,Testing,2.067422389984131,2.116142511367798,0.04872012138366699
2076,TH0031AV/viewpoint_simulated_23_surface1.pcd,Testing,2.0508124828338623,2.1242146492004395,0.07340216636657715
2077,TH0031AV/viewpoint_simulated_24_surface1.pcd,Testing,2.132702112197876,2.0815584659576416,0.051143646240234375
2078,TH0031AV/viewpoint_simulated_25_surface1.pcd,Testing,2.1365010738372803,2.0170414447784424,0.11945962905883789
2079,TH0031AV/viewpoint_simulated_26_surface1.pcd,Testing,2.1514198780059814,2.0665507316589355,0.0848691463470459
2080,TH0031AV/viewpoint_simulated_27_surface1.pcd,Testing,2.109752655029297,2.059035062789917,0.05071759223937988
2081,TH0031AV/viewpoint_simulated_28_surface1.pcd,Testing,2.36881947517395,2.0486605167388916,0.3201589584350586
2082,TH0031AV/viewpoint_simulated_29_surface1.pcd,Testing,2.1453280448913574,2.0336077213287354,0.11172032356262207
2083,TH0031AV/viewpoint_simulated_3_surface1.pcd,Testing,2.155174493789673,2.1883046627044678,0.03313016891479492
2084,TH0031AV/viewpoint_simulated_30_surface1.pcd,Testing,2.2724609375,2.110990285873413,0.16147065162658691
2085,TH0031AV/viewpoint_simulated_31_surface1.pcd,Testing,2.28794264793396,2.1658756732940674,0.12206697463989258
2086,TH0031AV/viewpoint_simulated_32_surface1.pcd,Testing,2.120966911315918,2.121171712875366,0.0002048015594482422
2087,TH0031AV/viewpoint_simulated_33_surface1.pcd,Testing,2.011211395263672,2.077234983444214,0.06602358818054199
2088,TH0031AV/viewpoint_simulated_34_surface1.pcd,Testing,2.232017993927002,2.099823474884033,0.13219451904296875
2089,TH0031AV/viewpoint_simulated_35_surface1.pcd,Testing,2.214063882827759,2.144411325454712,0.06965255737304688
2090,TH0031AV/viewpoint_simulated_36_surface1.pcd,Testing,2.2782745361328125,2.08050274848938,0.19777178764343262
2091,TH0031AV/viewpoint_simulated_37_surface1.pcd,Testing,2.1418840885162354,2.0453219413757324,0.09656214714050293
2092,TH0031AV/viewpoint_simulated_38_surface1.pcd,Testing,2.0714612007141113,2.085052728652954,0.013591527938842773
2093,TH0031AV/viewpoint_simulated_39_surface1.pcd,Testing,2.149378538131714,2.0144288539886475,0.1349496841430664
2094,TH0031AV/viewpoint_simulated_4_surface1.pcd,Testing,1.9894734621047974,2.0996429920196533,0.11016952991485596
2095,TH0031AV/viewpoint_simulated_40_surface1.pcd,Testing,2.079292058944702,2.051807165145874,0.027484893798828125
2096,TH0031AV/viewpoint_simulated_41_surface1.pcd,Testing,2.1804423332214355,2.057138681411743,0.12330365180969238
2097,TH0031AV/viewpoint_simulated_42_surface1.pcd,Testing,2.202840805053711,2.140812635421753,0.06202816963195801
2098,TH0031AV/viewpoint_simulated_43_surface1.pcd,Testing,2.159938335418701,2.1429312229156494,0.017007112503051758
2099,TH0031AV/viewpoint_simulated_44_surface1.pcd,Testing,2.046649694442749,2.092623472213745,0.045973777770996094
2100,TH0031AV/viewpoint_simulated_45_surface1.pcd,Testing,2.147351026535034,2.0792348384857178,0.0681161880493164
2101,TH0031AV/viewpoint_simulated_46_surface1.pcd,Testing,2.181525230407715,2.1196439266204834,0.061881303787231445
2102,TH0031AV/viewpoint_simulated_47_surface1.pcd,Testing,2.191830635070801,2.123661756515503,0.06816887855529785
2103,TH0031AV/viewpoint_simulated_48_surface1.pcd,Testing,2.1809096336364746,2.1002302169799805,0.08067941665649414
2104,TH0031AV/viewpoint_simulated_49_surface1.pcd,Testing,2.093766450881958,2.0533323287963867,0.04043412208557129
2105,TH0031AV/viewpoint_simulated_5_surface1.pcd,Testing,2.1361639499664307,2.1859819889068604,0.04981803894042969
2106,TH0031AV/viewpoint_simulated_50_surface1.pcd,Testing,2.1146938800811768,2.0614049434661865,0.053288936614990234
2107,TH0031AV/viewpoint_simulated_51_surface1.pcd,Testing,2.160850763320923,2.011193037033081,0.1496577262878418
2108,TH0031AV/viewpoint_simulated_52_surface1.pcd,Testing,2.3929896354675293,2.059415340423584,0.3335742950439453
2109,TH0031AV/viewpoint_simulated_53_surface1.pcd,Testing,2.3038229942321777,2.0625884532928467,0.24123454093933105
2110,TH0031AV/viewpoint_simulated_54_surface1.pcd,Testing,2.121070384979248,2.163724184036255,0.042653799057006836
2111,TH0031AV/viewpoint_simulated_55_surface1.pcd,Testing,2.238396406173706,2.1559154987335205,0.08248090744018555
2112,TH0031AV/viewpoint_simulated_56_surface1.pcd,Testing,2.295769691467285,2.0813543796539307,0.2144153118133545
2113,TH0031AV/viewpoint_simulated_57_surface1.pcd,Testing,2.241954803466797,2.0942842960357666,0.14767050743103027
2114,TH0031AV/viewpoint_simulated_58_surface1.pcd,Testing,2.2709238529205322,2.1252598762512207,0.14566397666931152
2115,TH0031AV/viewpoint_simulated_59_surface1.pcd,Testing,2.2931509017944336,2.114121675491333,0.17902922630310059
2116,TH0031AV/viewpoint_simulated_6_surface1.pcd,Testing,1.984707236289978,2.204453229904175,0.21974599361419678
2117,TH0031AV/viewpoint_simulated_60_surface1.pcd,Testing,2.0378100872039795,2.110178232192993,0.07236814498901367
2118,TH0031AV/viewpoint_simulated_61_surface1.pcd,Testing,2.188920259475708,2.0528411865234375,0.1360790729522705
2119,TH0031AV/viewpoint_simulated_62_surface1.pcd,Testing,2.2567062377929688,2.0176165103912354,0.2390897274017334
2120,TH0031AV/viewpoint_simulated_63_surface1.pcd,Testing,2.305560350418091,2.0060982704162598,0.29946208000183105
2121,TH0031AV/viewpoint_simulated_64_surface1.pcd,Testing,2.270402669906616,2.058189630508423,0.21221303939819336
2122,TH0031AV/viewpoint_simulated_65_surface1.pcd,Testing,2.2498695850372314,2.083974838256836,0.1658947467803955
2123,TH0031AV/viewpoint_simulated_66_surface1.pcd,Testing,2.1263928413391113,2.1474130153656006,0.021020174026489258
2124,TH0031AV/viewpoint_simulated_67_surface1.pcd,Testing,2.1125071048736572,2.1486318111419678,0.03612470626831055
2125,TH0031AV/viewpoint_simulated_68_surface1.pcd,Testing,2.104220151901245,2.1034018993377686,0.0008182525634765625
2126,TH0031AV/viewpoint_simulated_69_surface1.pcd,Testing,2.1991260051727295,2.1026384830474854,0.09648752212524414
2127,TH0031AV/viewpoint_simulated_7_surface1.pcd,Testing,2.182405471801758,2.2207119464874268,0.038306474685668945
2128,TH0031AV/viewpoint_simulated_70_surface1.pcd,Testing,2.004547357559204,2.1280758380889893,0.12352848052978516
2129,TH0031AV/viewpoint_simulated_71_surface1.pcd,Testing,2.2359883785247803,2.0838658809661865,0.15212249755859375
2130,TH0031AV/viewpoint_simulated_72_surface1.pcd,Testing,2.215029239654541,2.2819900512695312,0.06696081161499023
2131,TH0031AV/viewpoint_simulated_73_surface1.pcd,Testing,2.1319708824157715,2.1807727813720703,0.04880189895629883
2132,TH0031AV/viewpoint_simulated_74_surface1.pcd,Testing,2.0767457485198975,2.256305456161499,0.17955970764160156
2133,TH0031AV/viewpoint_simulated_75_surface1.pcd,Testing,2.2315008640289307,2.214735984802246,0.01676487922668457
2134,TH0031AV/viewpoint_simulated_76_surface1.pcd,Testing,2.179656744003296,2.0978028774261475,0.08185386657714844
2135,TH0031AV/viewpoint_simulated_77_surface1.pcd,Testing,2.1697616577148438,2.173088550567627,0.003326892852783203
2136,TH0031AV/viewpoint_simulated_78_surface1.pcd,Testing,2.2338316440582275,2.1692068576812744,0.06462478637695312
2137,TH0031AV/viewpoint_simulated_79_surface1.pcd,Testing,2.1498327255249023,2.2031161785125732,0.0532834529876709
2138,TH0031AV/viewpoint_simulated_8_surface1.pcd,Testing,2.048567771911621,2.2269842624664307,0.17841649055480957
2139,TH0031AV/viewpoint_simulated_80_surface1.pcd,Testing,2.1167032718658447,2.233961820602417,0.11725854873657227
2140,TH0031AV/viewpoint_simulated_81_surface1.pcd,Testing,2.152589797973633,2.212594985961914,0.06000518798828125
2141,TH0031AV/viewpoint_simulated_82_surface1.pcd,Testing,2.2003724575042725,2.1883645057678223,0.012007951736450195
2142,TH0031AV/viewpoint_simulated_83_surface1.pcd,Testing,2.0733940601348877,2.192652940750122,0.11925888061523438
2143,TH0031AV/viewpoint_simulated_84_surface1.pcd,Testing,2.094398021697998,2.14108943939209,0.0466914176940918
2144,TH0031AV/viewpoint_simulated_85_surface1.pcd,Testing,2.0229086875915527,2.0065932273864746,0.016315460205078125
2145,TH0031AV/viewpoint_simulated_86_surface1.pcd,Testing,1.9895321130752563,2.1486799716949463,0.15914785861968994
2146,TH0031AV/viewpoint_simulated_87_surface1.pcd,Testing,1.9142440557479858,2.068260908126831,0.15401685237884521
2147,TH0031AV/viewpoint_simulated_88_surface1.pcd,Testing,2.039552927017212,1.9928544759750366,0.04669845104217529
2148,TH0031AV/viewpoint_simulated_89_surface1.pcd,Testing,2.1163220405578613,2.0108044147491455,0.10551762580871582
2149,TH0031AV/viewpoint_simulated_9_surface1.pcd,Testing,2.055088520050049,2.2141780853271484,0.1590895652770996
2150,TH0031AV/viewpoint_simulated_90_surface1.pcd,Testing,2.2474923133850098,2.1168811321258545,0.13061118125915527
2151,TH0031AV/viewpoint_simulated_91_surface1.pcd,Testing,2.085569143295288,2.1590964794158936,0.07352733612060547
2152,TH0031AV/viewpoint_simulated_92_surface1.pcd,Testing,2.133185386657715,2.1581497192382812,0.024964332580566406
2153,TH0031AV/viewpoint_simulated_93_surface1.pcd,Testing,2.094076156616211,2.118455648422241,0.024379491806030273
2154,TH0031AV/viewpoint_simulated_94_surface1.pcd,Testing,2.302300214767456,2.109952688217163,0.19234752655029297
2155,TH0031AV/viewpoint_simulated_95_surface1.pcd,Testing,2.00064754486084,2.1649818420410156,0.16433429718017578
2156,TH0031AV/viewpoint_simulated_96_surface1.pcd,Testing,2.171424388885498,2.0814716815948486,0.08995270729064941
2157,TH0031AV/viewpoint_simulated_97_surface1.pcd,Testing,2.0269830226898193,2.029031753540039,0.0020487308502197266
2158,TH0031AV/viewpoint_simulated_98_surface1.pcd,Testing,2.092189311981201,2.073272705078125,0.018916606903076172
2159,TH0031AV/viewpoint_simulated_99_surface1.pcd,Testing,2.1581010818481445,2.059995174407959,0.09810590744018555
2160,TH0032AV/viewpoint_simulated_0_surface0.pcd,Testing,1.9270853996276855,1.9711724519729614,0.04408705234527588
2161,TH0032AV/viewpoint_simulated_1_surface0.pcd,Testing,2.0594444274902344,1.9500283002853394,0.10941612720489502
2162,TH0032AV/viewpoint_simulated_10_surface0.pcd,Testing,1.9641597270965576,1.9726619720458984,0.00850224494934082
2163,TH0032AV/viewpoint_simulated_100_surface0.pcd,Testing,2.0704293251037598,1.9681354761123657,0.10229384899139404
2164,TH0032AV/viewpoint_simulated_101_surface0.pcd,Testing,1.927668571472168,2.0526421070098877,0.12497353553771973
2165,TH0032AV/viewpoint_simulated_102_surface0.pcd,Testing,2.0108234882354736,1.9341763257980347,0.07664716243743896
2166,TH0032AV/viewpoint_simulated_103_surface0.pcd,Testing,2.0309228897094727,1.950615644454956,0.0803072452545166
2167,TH0032AV/viewpoint_simulated_104_surface0.pcd,Testing,1.9317049980163574,1.9522653818130493,0.020560383796691895
2168,TH0032AV/viewpoint_simulated_105_surface0.pcd,Testing,1.9084221124649048,2.0058774948120117,0.09745538234710693
2169,TH0032AV/viewpoint_simulated_106_surface0.pcd,Testing,2.0437800884246826,2.03167986869812,0.0121002197265625
2170,TH0032AV/viewpoint_simulated_107_surface0.pcd,Testing,1.9466335773468018,2.084672689437866,0.13803911209106445
2171,TH0032AV/viewpoint_simulated_108_surface0.pcd,Testing,1.9579932689666748,2.0725748538970947,0.11458158493041992
2172,TH0032AV/viewpoint_simulated_109_surface0.pcd,Testing,2.02781343460083,2.020653486251831,0.0071599483489990234
2173,TH0032AV/viewpoint_simulated_11_surface0.pcd,Testing,1.927517294883728,2.02534818649292,0.0978308916091919
2174,TH0032AV/viewpoint_simulated_110_surface0.pcd,Testing,2.012366771697998,2.069308042526245,0.05694127082824707
2175,TH0032AV/viewpoint_simulated_111_surface0.pcd,Testing,2.0245797634124756,2.040048360824585,0.015468597412109375
2176,TH0032AV/viewpoint_simulated_112_surface0.pcd,Testing,2.1568777561187744,1.9895853996276855,0.16729235649108887
2177,TH0032AV/viewpoint_simulated_113_surface0.pcd,Testing,2.1831581592559814,2.0744452476501465,0.10871291160583496
2178,TH0032AV/viewpoint_simulated_114_surface0.pcd,Testing,1.9240299463272095,1.9795838594436646,0.05555391311645508
2179,TH0032AV/viewpoint_simulated_115_surface0.pcd,Testing,2.0004498958587646,1.8928786516189575,0.10757124423980713
2180,TH0032AV/viewpoint_simulated_116_surface0.pcd,Testing,1.9378571510314941,1.9568982124328613,0.019041061401367188
2181,TH0032AV/viewpoint_simulated_117_surface0.pcd,Testing,1.9196350574493408,2.023639678955078,0.1040046215057373
2182,TH0032AV/viewpoint_simulated_118_surface0.pcd,Testing,2.0258798599243164,2.0619699954986572,0.03609013557434082
2183,TH0032AV/viewpoint_simulated_119_surface0.pcd,Testing,2.113304615020752,2.123648166656494,0.010343551635742188
2184,TH0032AV/viewpoint_simulated_12_surface0.pcd,Testing,2.0504636764526367,1.998531460762024,0.05193221569061279
2185,TH0032AV/viewpoint_simulated_120_surface0.pcd,Testing,2.1330106258392334,2.0992190837860107,0.033791542053222656
2186,TH0032AV/viewpoint_simulated_121_surface0.pcd,Testing,2.0753908157348633,2.031255006790161,0.04413580894470215
2187,TH0032AV/viewpoint_simulated_122_surface0.pcd,Testing,2.132840394973755,2.0756309032440186,0.05720949172973633
2188,TH0032AV/viewpoint_simulated_123_surface0.pcd,Testing,1.9521420001983643,2.0390889644622803,0.08694696426391602
2189,TH0032AV/viewpoint_simulated_124_surface0.pcd,Testing,2.063359022140503,1.9849870204925537,0.07837200164794922
2190,TH0032AV/viewpoint_simulated_125_surface0.pcd,Testing,1.910561442375183,2.04097580909729,0.13041436672210693
2191,TH0032AV/viewpoint_simulated_126_surface0.pcd,Testing,2.0284976959228516,1.9879878759384155,0.040509819984436035
2192,TH0032AV/viewpoint_simulated_127_surface0.pcd,Testing,1.9314674139022827,1.9518921375274658,0.020424723625183105
2193,TH0032AV/viewpoint_simulated_128_surface0.pcd,Testing,2.068721055984497,1.9912916421890259,0.07742941379547119
2194,TH0032AV/viewpoint_simulated_129_surface0.pcd,Testing,2.0568463802337646,2.0371930599212646,0.0196533203125
2195,TH0032AV/viewpoint_simulated_13_surface0.pcd,Testing,2.0373411178588867,2.0077357292175293,0.029605388641357422
2196,TH0032AV/viewpoint_simulated_130_surface0.pcd,Testing,2.1182005405426025,2.064838171005249,0.053362369537353516
2197,TH0032AV/viewpoint_simulated_131_surface0.pcd,Testing,2.0563974380493164,2.094440221786499,0.03804278373718262
2198,TH0032AV/viewpoint_simulated_132_surface0.pcd,Testing,2.0233585834503174,2.103144407272339,0.07978582382202148
2199,TH0032AV/viewpoint_simulated_133_surface0.pcd,Testing,1.9946552515029907,2.0930116176605225,0.09835636615753174
2200,TH0032AV/viewpoint_simulated_134_surface0.pcd,Testing,2.0425143241882324,2.066502332687378,0.023988008499145508
2201,TH0032AV/viewpoint_simulated_135_surface0.pcd,Testing,2.0814642906188965,2.0605623722076416,0.020901918411254883
2202,TH0032AV/viewpoint_simulated_136_surface0.pcd,Testing,2.078578233718872,2.0321476459503174,0.04643058776855469
2203,TH0032AV/viewpoint_simulated_137_surface0.pcd,Testing,2.076215982437134,2.018307685852051,0.05790829658508301
2204,TH0032AV/viewpoint_simulated_138_surface0.pcd,Testing,1.9650914669036865,2.006626844406128,0.041535377502441406
2205,TH0032AV/viewpoint_simulated_139_surface0.pcd,Testing,2.037522554397583,2.0183043479919434,0.01921820640563965
2206,TH0032AV/viewpoint_simulated_14_surface0.pcd,Testing,1.9480302333831787,1.9297600984573364,0.018270134925842285
2207,TH0032AV/viewpoint_simulated_140_surface0.pcd,Testing,2.03318452835083,2.0322701930999756,0.0009143352508544922
2208,TH0032AV/viewpoint_simulated_141_surface0.pcd,Testing,2.1485495567321777,2.1237192153930664,0.024830341339111328
2209,TH0032AV/viewpoint_simulated_142_surface0.pcd,Testing,2.1088857650756836,2.06571364402771,0.04317212104797363
2210,TH0032AV/viewpoint_simulated_143_surface0.pcd,Testing,2.103886604309082,2.0396695137023926,0.06421709060668945
2211,TH0032AV/viewpoint_simulated_144_surface0.pcd,Testing,2.0428240299224854,1.9624780416488647,0.0803459882736206
2212,TH0032AV/viewpoint_simulated_145_surface0.pcd,Testing,1.9569807052612305,1.9516868591308594,0.005293846130371094
2213,TH0032AV/viewpoint_simulated_146_surface0.pcd,Testing,2.0734636783599854,1.9477214813232422,0.12574219703674316
2214,TH0032AV/viewpoint_simulated_147_surface0.pcd,Testing,2.0445234775543213,1.9405795335769653,0.10394394397735596
2215,TH0032AV/viewpoint_simulated_148_surface0.pcd,Testing,2.0846426486968994,1.877042293548584,0.20760035514831543
2216,TH0032AV/viewpoint_simulated_149_surface0.pcd,Testing,1.8750277757644653,1.9196979999542236,0.0446702241897583
2217,TH0032AV/viewpoint_simulated_15_surface0.pcd,Testing,2.007159471511841,1.9661753177642822,0.040984153747558594
2218,TH0032AV/viewpoint_simulated_150_surface0.pcd,Testing,2.059135913848877,1.9560731649398804,0.10306274890899658
2219,TH0032AV/viewpoint_simulated_151_surface0.pcd,Testing,2.0069918632507324,1.9804731607437134,0.026518702507019043
2220,TH0032AV/viewpoint_simulated_152_surface0.pcd,Testing,1.9570140838623047,1.936424970626831,0.020589113235473633
2221,TH0032AV/viewpoint_simulated_153_surface0.pcd,Testing,1.972235083580017,1.922032117843628,0.05020296573638916
2222,TH0032AV/viewpoint_simulated_154_surface0.pcd,Testing,2.004227876663208,1.987240195274353,0.01698768138885498
2223,TH0032AV/viewpoint_simulated_155_surface0.pcd,Testing,1.900151014328003,2.010152578353882,0.1100015640258789
2224,TH0032AV/viewpoint_simulated_156_surface0.pcd,Testing,1.9248040914535522,1.9880515336990356,0.0632474422454834
2225,TH0032AV/viewpoint_simulated_157_surface0.pcd,Testing,2.034528970718384,2.003357172012329,0.031171798706054688
2226,TH0032AV/viewpoint_simulated_158_surface0.pcd,Testing,1.936882734298706,1.9539705514907837,0.017087817192077637
2227,TH0032AV/viewpoint_simulated_159_surface0.pcd,Testing,2.0100111961364746,1.958909034729004,0.0511021614074707
2228,TH0032AV/viewpoint_simulated_16_surface0.pcd,Testing,1.9888906478881836,1.8986464738845825,0.09024417400360107
2229,TH0032AV/viewpoint_simulated_160_surface0.pcd,Testing,1.9333443641662598,1.8926868438720703,0.04065752029418945
2230,TH0032AV/viewpoint_simulated_161_surface0.pcd,Testing,1.916601538658142,1.9417141675949097,0.025112628936767578
2231,TH0032AV/viewpoint_simulated_162_surface0.pcd,Testing,2.0633764266967773,1.9555693864822388,0.10780704021453857
2232,TH0032AV/viewpoint_simulated_163_surface0.pcd,Testing,2.0514631271362305,1.963826060295105,0.08763706684112549
2233,TH0032AV/viewpoint_simulated_164_surface0.pcd,Testing,1.8987377882003784,1.9386682510375977,0.03993046283721924
2234,TH0032AV/viewpoint_simulated_165_surface0.pcd,Testing,2.079338312149048,1.9937368631362915,0.08560144901275635
2235,TH0032AV/viewpoint_simulated_166_surface0.pcd,Testing,1.952817678451538,2.0314407348632812,0.07862305641174316
2236,TH0032AV/viewpoint_simulated_167_surface0.pcd,Testing,1.9332722425460815,2.0949654579162598,0.16169321537017822
2237,TH0032AV/viewpoint_simulated_168_surface0.pcd,Testing,2.070512294769287,2.0352425575256348,0.035269737243652344
2238,TH0032AV/viewpoint_simulated_169_surface0.pcd,Testing,2.0469465255737305,1.9916870594024658,0.05525946617126465
2239,TH0032AV/viewpoint_simulated_17_surface0.pcd,Testing,2.0253546237945557,1.9271272420883179,0.09822738170623779
2240,TH0032AV/viewpoint_simulated_170_surface0.pcd,Testing,2.018078565597534,1.9931951761245728,0.024883389472961426
2241,TH0032AV/viewpoint_simulated_171_surface0.pcd,Testing,1.9167293310165405,2.004122257232666,0.08739292621612549
2242,TH0032AV/viewpoint_simulated_172_surface0.pcd,Testing,2.012382745742798,1.9741016626358032,0.03828108310699463
2243,TH0032AV/viewpoint_simulated_173_surface0.pcd,Testing,2.1354713439941406,2.045518636703491,0.08995270729064941
2244,TH0032AV/viewpoint_simulated_174_surface0.pcd,Testing,1.9826583862304688,1.9207844734191895,0.0618739128112793
2245,TH0032AV/viewpoint_simulated_175_surface0.pcd,Testing,2.0104799270629883,1.9378143548965454,0.07266557216644287
2246,TH0032AV/viewpoint_simulated_176_surface0.pcd,Testing,2.033827543258667,1.968306541442871,0.0655210018157959
2247,TH0032AV/viewpoint_simulated_177_surface0.pcd,Testing,2.1319751739501953,2.0098159313201904,0.12215924263000488
2248,TH0032AV/viewpoint_simulated_178_surface0.pcd,Testing,1.9842277765274048,2.0295064449310303,0.04527866840362549
2249,TH0032AV/viewpoint_simulated_179_surface0.pcd,Testing,2.138995885848999,2.1373279094696045,0.0016679763793945312
2250,TH0032AV/viewpoint_simulated_18_surface0.pcd,Testing,1.962739109992981,1.9520115852355957,0.010727524757385254
2251,TH0032AV/viewpoint_simulated_180_surface0.pcd,Testing,1.959349274635315,2.0622708797454834,0.10292160511016846
2252,TH0032AV/viewpoint_simulated_181_surface0.pcd,Testing,2.0241894721984863,1.9900431632995605,0.03414630889892578
2253,TH0032AV/viewpoint_simulated_182_surface0.pcd,Testing,2.0609261989593506,2.0539910793304443,0.00693511962890625
2254,TH0032AV/viewpoint_simulated_183_surface0.pcd,Testing,1.9343050718307495,2.0007379055023193,0.06643283367156982
2255,TH0032AV/viewpoint_simulated_184_surface0.pcd,Testing,2.1268866062164307,1.9835764169692993,0.14331018924713135
2256,TH0032AV/viewpoint_simulated_185_surface0.pcd,Testing,2.0382766723632812,2.074869394302368,0.036592721939086914
2257,TH0032AV/viewpoint_simulated_186_surface0.pcd,Testing,1.9331583976745605,1.9652185440063477,0.03206014633178711
2258,TH0032AV/viewpoint_simulated_187_surface0.pcd,Testing,1.9885640144348145,1.9033225774765015,0.08524143695831299
2259,TH0032AV/viewpoint_simulated_188_surface0.pcd,Testing,2.0248382091522217,1.9757887125015259,0.0490494966506958
2260,TH0032AV/viewpoint_simulated_189_surface0.pcd,Testing,2.000969171524048,2.008519411087036,0.007550239562988281
2261,TH0032AV/viewpoint_simulated_19_surface0.pcd,Testing,1.9553842544555664,1.9576510190963745,0.0022667646408081055
2262,TH0032AV/viewpoint_simulated_190_surface0.pcd,Testing,1.9365824460983276,2.0511996746063232,0.1146172285079956
2263,TH0032AV/viewpoint_simulated_191_surface0.pcd,Testing,2.0870165824890137,2.1335272789001465,0.04651069641113281
2264,TH0032AV/viewpoint_simulated_192_surface0.pcd,Testing,2.104400157928467,2.086970329284668,0.017429828643798828
2265,TH0032AV/viewpoint_simulated_193_surface0.pcd,Testing,1.9916305541992188,2.0475075244903564,0.055876970291137695
2266,TH0032AV/viewpoint_simulated_194_surface0.pcd,Testing,1.980262041091919,2.0857982635498047,0.10553622245788574
2267,TH0032AV/viewpoint_simulated_195_surface0.pcd,Testing,2.0376384258270264,2.039275646209717,0.0016372203826904297
2268,TH0032AV/viewpoint_simulated_196_surface0.pcd,Testing,2.1017825603485107,1.9746891260147095,0.12709343433380127
2269,TH0032AV/viewpoint_simulated_197_surface0.pcd,Testing,1.9998594522476196,2.039823055267334,0.039963603019714355
2270,TH0032AV/viewpoint_simulated_198_surface0.pcd,Testing,2.0719070434570312,1.9933937788009644,0.0785132646560669
2271,TH0032AV/viewpoint_simulated_199_surface0.pcd,Testing,1.9594709873199463,1.9425300359725952,0.016940951347351074
2272,TH0032AV/viewpoint_simulated_2_surface0.pcd,Testing,1.907649278640747,1.940651297569275,0.03300201892852783
2273,TH0032AV/viewpoint_simulated_20_surface0.pcd,Testing,2.0363805294036865,1.9115225076675415,0.12485802173614502
2274,TH0032AV/viewpoint_simulated_200_surface0.pcd,Testing,2.083029270172119,1.9771071672439575,0.10592210292816162
2275,TH0032AV/viewpoint_simulated_201_surface0.pcd,Testing,1.8566848039627075,2.016317129135132,0.15963232517242432
2276,TH0032AV/viewpoint_simulated_202_surface0.pcd,Testing,2.1534805297851562,2.0731770992279053,0.08030343055725098
2277,TH0032AV/viewpoint_simulated_203_surface0.pcd,Testing,1.9236751794815063,2.078974485397339,0.15529930591583252
2278,TH0032AV/viewpoint_simulated_204_surface0.pcd,Testing,2.04902982711792,2.0965094566345215,0.04747962951660156
2279,TH0032AV/viewpoint_simulated_205_surface0.pcd,Testing,2.1659672260284424,2.0865304470062256,0.0794367790222168
2280,TH0032AV/viewpoint_simulated_206_surface0.pcd,Testing,2.0940816402435303,2.083275318145752,0.01080632209777832
2281,TH0032AV/viewpoint_simulated_207_surface0.pcd,Testing,2.047114133834839,2.065081834793091,0.017967700958251953
2282,TH0032AV/viewpoint_simulated_208_surface0.pcd,Testing,2.135234832763672,2.031676769256592,0.10355806350708008
2283,TH0032AV/viewpoint_simulated_209_surface0.pcd,Testing,1.9420443773269653,2.0270888805389404,0.0850445032119751
2284,TH0032AV/viewpoint_simulated_21_surface0.pcd,Testing,1.985804796218872,1.9858899116516113,8.511543273925781e-05
2285,TH0032AV/viewpoint_simulated_210_surface0.pcd,Testing,2.0982184410095215,1.9871643781661987,0.11105406284332275
2286,TH0032AV/viewpoint_simulated_211_surface0.pcd,Testing,2.0626332759857178,2.029792308807373,0.03284096717834473
2287,TH0032AV/viewpoint_simulated_212_surface0.pcd,Testing,2.0413334369659424,2.0240066051483154,0.017326831817626953
2288,TH0032AV/viewpoint_simulated_213_surface0.pcd,Testing,2.0819101333618164,2.0833945274353027,0.0014843940734863281
2289,TH0032AV/viewpoint_simulated_214_surface0.pcd,Testing,2.067110776901245,2.0662753582000732,0.000835418701171875
2290,TH0032AV/viewpoint_simulated_215_surface0.pcd,Testing,1.8917350769042969,1.991639256477356,0.09990417957305908
2291,TH0032AV/viewpoint_simulated_22_surface0.pcd,Testing,2.0443856716156006,2.036555051803589,0.007830619812011719
2292,TH0032AV/viewpoint_simulated_23_surface0.pcd,Testing,1.8515552282333374,2.069272756576538,0.21771752834320068
2293,TH0032AV/viewpoint_simulated_24_surface0.pcd,Testing,1.9047507047653198,2.00545072555542,0.1007000207901001
2294,TH0032AV/viewpoint_simulated_25_surface0.pcd,Testing,1.9750298261642456,1.9877898693084717,0.012760043144226074
2295,TH0032AV/viewpoint_simulated_26_surface0.pcd,Testing,1.9237509965896606,1.9894012212753296,0.06565022468566895
2296,TH0032AV/viewpoint_simulated_27_surface0.pcd,Testing,2.12378191947937,2.0122568607330322,0.11152505874633789
2297,TH0032AV/viewpoint_simulated_28_surface0.pcd,Testing,2.0400800704956055,1.974258303642273,0.06582176685333252
2298,TH0032AV/viewpoint_simulated_29_surface0.pcd,Testing,2.162442922592163,2.03336763381958,0.129075288772583
2299,TH0032AV/viewpoint_simulated_3_surface0.pcd,Testing,2.0796539783477783,1.9249498844146729,0.15470409393310547
2300,TH0032AV/viewpoint_simulated_30_surface0.pcd,Testing,1.99552583694458,1.940216302871704,0.05530953407287598
2301,TH0032AV/viewpoint_simulated_31_surface0.pcd,Testing,1.909503698348999,1.9420408010482788,0.032537102699279785
2302,TH0032AV/viewpoint_simulated_32_surface0.pcd,Testing,2.028974771499634,1.949996829032898,0.07897794246673584
2303,TH0032AV/viewpoint_simulated_33_surface0.pcd,Testing,1.927683711051941,2.0049962997436523,0.07731258869171143
2304,TH0032AV/viewpoint_simulated_34_surface0.pcd,Testing,2.041496753692627,2.0359461307525635,0.0055506229400634766
2305,TH0032AV/viewpoint_simulated_35_surface0.pcd,Testing,2.032823324203491,2.1034653186798096,0.07064199447631836
2306,TH0032AV/viewpoint_simulated_36_surface0.pcd,Testing,2.036107063293457,2.100329637527466,0.06422257423400879
2307,TH0032AV/viewpoint_simulated_37_surface0.pcd,Testing,1.9726399183273315,2.0146915912628174,0.04205167293548584
2308,TH0032AV/viewpoint_simulated_38_surface0.pcd,Testing,2.1109237670898438,2.0778963565826416,0.03302741050720215
2309,TH0032AV/viewpoint_simulated_39_surface0.pcd,Testing,2.105619430541992,2.0346500873565674,0.0709693431854248
2310,TH0032AV/viewpoint_simulated_4_surface0.pcd,Testing,1.8712586164474487,1.8574711084365845,0.013787508010864258
2311,TH0032AV/viewpoint_simulated_40_surface0.pcd,Testing,2.0302562713623047,2.001356840133667,0.028899431228637695
2312,TH0032AV/viewpoint_simulated_41_surface0.pcd,Testing,1.998744010925293,2.059831142425537,0.06108713150024414
2313,TH0032AV/viewpoint_simulated_42_surface0.pcd,Testing,1.9387438297271729,1.9796245098114014,0.040880680084228516
2314,TH0032AV/viewpoint_simulated_43_surface0.pcd,Testing,2.021179437637329,1.9045614004135132,0.11661803722381592
2315,TH0032AV/viewpoint_simulated_44_surface0.pcd,Testing,2.06998610496521,1.9709798097610474,0.0990062952041626
2316,TH0032AV/viewpoint_simulated_45_surface0.pcd,Testing,2.016428232192993,2.038398027420044,0.02196979522705078
2317,TH0032AV/viewpoint_simulated_46_surface0.pcd,Testing,2.0211524963378906,2.057157278060913,0.03600478172302246
2318,TH0032AV/viewpoint_simulated_47_surface0.pcd,Testing,2.0774543285369873,2.125704526901245,0.04825019836425781
2319,TH0032AV/viewpoint_simulated_48_surface0.pcd,Testing,2.1140828132629395,2.101555347442627,0.0125274658203125
2320,TH0032AV/viewpoint_simulated_49_surface0.pcd,Testing,1.9289227724075317,2.048107385635376,0.11918461322784424
2321,TH0032AV/viewpoint_simulated_5_surface0.pcd,Testing,1.9659042358398438,1.9150065183639526,0.05089771747589111
2322,TH0032AV/viewpoint_simulated_50_surface0.pcd,Testing,1.9800176620483398,2.08504056930542,0.10502290725708008
2323,TH0032AV/viewpoint_simulated_51_surface0.pcd,Testing,1.9938132762908936,2.0234646797180176,0.029651403427124023
2324,TH0032AV/viewpoint_simulated_52_surface0.pcd,Testing,1.864919900894165,1.9795981645584106,0.1146782636642456
2325,TH0032AV/viewpoint_simulated_53_surface0.pcd,Testing,2.206559658050537,2.035033941268921,0.1715257167816162
2326,TH0032AV/viewpoint_simulated_54_surface0.pcd,Testing,2.0140013694763184,1.983604073524475,0.03039729595184326
2327,TH0032AV/viewpoint_simulated_55_surface0.pcd,Testing,1.9797563552856445,1.947141170501709,0.03261518478393555
2328,TH0032AV/viewpoint_simulated_56_surface0.pcd,Testing,1.9725086688995361,1.9942139387130737,0.021705269813537598
2329,TH0032AV/viewpoint_simulated_57_surface0.pcd,Testing,2.095003843307495,2.055429458618164,0.039574384689331055
2330,TH0032AV/viewpoint_simulated_58_surface0.pcd,Testing,2.1329026222229004,2.0706140995025635,0.062288522720336914
2331,TH0032AV/viewpoint_simulated_59_surface0.pcd,Testing,2.072242498397827,2.1017801761627197,0.029537677764892578
2332,TH0032AV/viewpoint_simulated_6_surface0.pcd,Testing,2.066619634628296,1.94228994846344,0.12432968616485596
2333,TH0032AV/viewpoint_simulated_60_surface0.pcd,Testing,2.0342917442321777,2.118736505508423,0.08444476127624512
2334,TH0032AV/viewpoint_simulated_61_surface0.pcd,Testing,1.977293848991394,2.1068456172943115,0.12955176830291748
2335,TH0032AV/viewpoint_simulated_62_surface0.pcd,Testing,2.0663275718688965,2.085533857345581,0.01920628547668457
2336,TH0032AV/viewpoint_simulated_63_surface0.pcd,Testing,2.1036336421966553,2.052079916000366,0.05155372619628906
2337,TH0032AV/viewpoint_simulated_64_surface0.pcd,Testing,2.0515928268432617,2.0210163593292236,0.030576467514038086
2338,TH0032AV/viewpoint_simulated_65_surface0.pcd,Testing,1.9897531270980835,2.017930746078491,0.028177618980407715
2339,TH0032AV/viewpoint_simulated_66_surface0.pcd,Testing,2.0734965801239014,2.0278961658477783,0.04560041427612305
2340,TH0032AV/viewpoint_simulated_67_surface0.pcd,Testing,2.0234458446502686,2.0274882316589355,0.004042387008666992
2341,TH0032AV/viewpoint_simulated_68_surface0.pcd,Testing,2.077847480773926,2.007124185562134,0.07072329521179199
2342,TH0032AV/viewpoint_simulated_69_surface0.pcd,Testing,2.071199417114258,2.1146390438079834,0.043439626693725586
2343,TH0032AV/viewpoint_simulated_7_surface0.pcd,Testing,2.092489719390869,1.9664530754089355,0.1260366439819336
2344,TH0032AV/viewpoint_simulated_70_surface0.pcd,Testing,2.001305341720581,2.061363458633423,0.0600581169128418
2345,TH0032AV/viewpoint_simulated_71_surface0.pcd,Testing,2.082228660583496,2.0484893321990967,0.033739328384399414
2346,TH0032AV/viewpoint_simulated_72_surface0.pcd,Testing,2.103257894515991,1.958536982536316,0.1447209119796753
2347,TH0032AV/viewpoint_simulated_73_surface0.pcd,Testing,1.9268704652786255,1.94156813621521,0.014697670936584473
2348,TH0032AV/viewpoint_simulated_74_surface0.pcd,Testing,1.87544846534729,1.9334744215011597,0.05802595615386963
2349,TH0032AV/viewpoint_simulated_75_surface0.pcd,Testing,2.022728443145752,1.9303196668624878,0.09240877628326416
2350,TH0032AV/viewpoint_simulated_76_surface0.pcd,Testing,2.1134092807769775,1.8918346166610718,0.22157466411590576
2351,TH0032AV/viewpoint_simulated_77_surface0.pcd,Testing,1.9084361791610718,1.9191033840179443,0.010667204856872559
2352,TH0032AV/viewpoint_simulated_78_surface0.pcd,Testing,1.9842997789382935,1.949578881263733,0.03472089767456055
2353,TH0032AV/viewpoint_simulated_79_surface0.pcd,Testing,1.9902350902557373,1.9527490139007568,0.03748607635498047
2354,TH0032AV/viewpoint_simulated_8_surface0.pcd,Testing,2.119391918182373,1.9544183015823364,0.16497361660003662
2355,TH0032AV/viewpoint_simulated_80_surface0.pcd,Testing,2.0186383724212646,1.9440438747406006,0.07459449768066406
2356,TH0032AV/viewpoint_simulated_81_surface0.pcd,Testing,1.9234892129898071,1.9224494695663452,0.001039743423461914
2357,TH0032AV/viewpoint_simulated_82_surface0.pcd,Testing,2.007272720336914,1.9950153827667236,0.01225733757019043
2358,TH0032AV/viewpoint_simulated_83_surface0.pcd,Testing,1.9857574701309204,2.0039479732513428,0.018190503120422363
2359,TH0032AV/viewpoint_simulated_84_surface0.pcd,Testing,1.9390285015106201,1.9832067489624023,0.04417824745178223
2360,TH0032AV/viewpoint_simulated_85_surface0.pcd,Testing,2.0218710899353027,2.009902000427246,0.01196908950805664
2361,TH0032AV/viewpoint_simulated_86_surface0.pcd,Testing,1.9056097269058228,1.9661660194396973,0.06055629253387451
2362,TH0032AV/viewpoint_simulated_87_surface0.pcd,Testing,1.9159364700317383,1.9523625373840332,0.03642606735229492
2363,TH0032AV/viewpoint_simulated_88_surface0.pcd,Testing,1.920642375946045,1.8921794891357422,0.028462886810302734
2364,TH0032AV/viewpoint_simulated_89_surface0.pcd,Testing,2.0507497787475586,1.943674921989441,0.10707485675811768
2365,TH0032AV/viewpoint_simulated_9_surface0.pcd,Testing,2.096176862716675,1.9265857934951782,0.16959106922149658
2366,TH0032AV/viewpoint_simulated_90_surface0.pcd,Testing,2.0347840785980225,1.9473659992218018,0.0874180793762207
2367,TH0032AV/viewpoint_simulated_91_surface0.pcd,Testing,2.0586793422698975,1.9664772748947144,0.0922020673751831
2368,TH0032AV/viewpoint_simulated_92_surface0.pcd,Testing,1.9474587440490723,1.9275364875793457,0.019922256469726562
2369,TH0032AV/viewpoint_simulated_93_surface0.pcd,Testing,2.0498878955841064,1.9815014600753784,0.06838643550872803
2370,TH0032AV/viewpoint_simulated_94_surface0.pcd,Testing,1.9886773824691772,2.0377795696258545,0.049102187156677246
2371,TH0032AV/viewpoint_simulated_95_surface0.pcd,Testing,2.19282865524292,2.090588331222534,0.10224032402038574
2372,TH0032AV/viewpoint_simulated_96_surface0.pcd,Testing,1.996811866760254,2.0320141315460205,0.0352022647857666
2373,TH0032AV/viewpoint_simulated_97_surface0.pcd,Testing,2.0901803970336914,1.9902619123458862,0.09991848468780518
2374,TH0032AV/viewpoint_simulated_98_surface0.pcd,Testing,2.0301194190979004,2.0038232803344727,0.026296138763427734
2375,TH0032AV/viewpoint_simulated_99_surface0.pcd,Testing,2.012476921081543,1.9990907907485962,0.013386130332946777
2376,TH0032AV/viewpoint_simulated_0_surface1.pcd,Testing,2.3123910427093506,2.3771326541900635,0.06474161148071289
2377,TH0032AV/viewpoint_simulated_1_surface1.pcd,Testing,2.216520309448242,2.3690924644470215,0.1525721549987793
2378,TH0032AV/viewpoint_simulated_10_surface1.pcd,Testing,2.229513168334961,2.296039342880249,0.06652617454528809
2379,TH0032AV/viewpoint_simulated_100_surface1.pcd,Testing,2.2236030101776123,2.0927460193634033,0.13085699081420898
2380,TH0032AV/viewpoint_simulated_101_surface1.pcd,Testing,2.2462656497955322,2.0915215015411377,0.15474414825439453
2381,TH0032AV/viewpoint_simulated_102_surface1.pcd,Testing,2.273721694946289,2.1434173583984375,0.13030433654785156
2382,TH0032AV/viewpoint_simulated_103_surface1.pcd,Testing,2.3329427242279053,2.1408236026763916,0.19211912155151367
2383,TH0032AV/viewpoint_simulated_104_surface1.pcd,Testing,2.291411876678467,2.1057441234588623,0.1856677532196045
2384,TH0032AV/viewpoint_simulated_105_surface1.pcd,Testing,2.2212400436401367,2.17734694480896,0.04389309883117676
2385,TH0032AV/viewpoint_simulated_106_surface1.pcd,Testing,2.235936403274536,2.1304330825805664,0.10550332069396973
2386,TH0032AV/viewpoint_simulated_107_surface1.pcd,Testing,2.19352650642395,2.184058666229248,0.009467840194702148
2387,TH0032AV/viewpoint_simulated_108_surface1.pcd,Testing,2.120694875717163,2.1052138805389404,0.015480995178222656
2388,TH0032AV/viewpoint_simulated_109_surface1.pcd,Testing,2.2677481174468994,2.0147345066070557,0.25301361083984375
2389,TH0032AV/viewpoint_simulated_11_surface1.pcd,Testing,2.0963118076324463,2.365598440170288,0.2692866325378418
2390,TH0032AV/viewpoint_simulated_110_surface1.pcd,Testing,2.26936936378479,2.070249319076538,0.19912004470825195
2391,TH0032AV/viewpoint_simulated_111_surface1.pcd,Testing,2.3017337322235107,2.0635321140289307,0.23820161819458008
2392,TH0032AV/viewpoint_simulated_112_surface1.pcd,Testing,2.2927074432373047,2.0525808334350586,0.2401266098022461
2393,TH0032AV/viewpoint_simulated_113_surface1.pcd,Testing,2.1513898372650146,2.0585105419158936,0.0928792953491211
2394,TH0032AV/viewpoint_simulated_114_surface1.pcd,Testing,2.3045451641082764,2.1691200733184814,0.13542509078979492
2395,TH0032AV/viewpoint_simulated_115_surface1.pcd,Testing,2.246678590774536,2.1361334323883057,0.11054515838623047
2396,TH0032AV/viewpoint_simulated_116_surface1.pcd,Testing,2.3784563541412354,2.0609936714172363,0.317462682723999
2397,TH0032AV/viewpoint_simulated_117_surface1.pcd,Testing,2.103644609451294,2.1294519901275635,0.02580738067626953
2398,TH0032AV/viewpoint_simulated_118_surface1.pcd,Testing,2.257850170135498,2.1013548374176025,0.1564953327178955
2399,TH0032AV/viewpoint_simulated_119_surface1.pcd,Testing,2.154371976852417,2.174172878265381,0.019800901412963867
2400,TH0032AV/viewpoint_simulated_12_surface1.pcd,Testing,2.1573004722595215,2.232085943222046,0.07478547096252441
2401,TH0032AV/viewpoint_simulated_120_surface1.pcd,Testing,2.372527837753296,2.1012864112854004,0.2712414264678955
2402,TH0032AV/viewpoint_simulated_121_surface1.pcd,Testing,2.2929489612579346,2.062413454055786,0.23053550720214844
2403,TH0032AV/viewpoint_simulated_122_surface1.pcd,Testing,2.317190408706665,2.0625739097595215,0.25461649894714355
2404,TH0032AV/viewpoint_simulated_123_surface1.pcd,Testing,2.2104811668395996,2.060434103012085,0.15004706382751465
2405,TH0032AV/viewpoint_simulated_124_surface1.pcd,Testing,2.2351160049438477,2.0442464351654053,0.19086956977844238
2406,TH0032AV/viewpoint_simulated_125_surface1.pcd,Testing,2.3760523796081543,2.0606067180633545,0.3154456615447998
2407,TH0032AV/viewpoint_simulated_126_surface1.pcd,Testing,2.3653433322906494,2.143122911453247,0.22222042083740234
2408,TH0032AV/viewpoint_simulated_127_surface1.pcd,Testing,2.2815616130828857,2.122293710708618,0.15926790237426758
2409,TH0032AV/viewpoint_simulated_128_surface1.pcd,Testing,2.198780059814453,2.090161085128784,0.10861897468566895
2410,TH0032AV/viewpoint_simulated_129_surface1.pcd,Testing,2.1856894493103027,2.161365032196045,0.024324417114257812
2411,TH0032AV/viewpoint_simulated_13_surface1.pcd,Testing,2.1339659690856934,2.052994728088379,0.08097124099731445
2412,TH0032AV/viewpoint_simulated_130_surface1.pcd,Testing,2.385913372039795,2.0846235752105713,0.30128979682922363
2413,TH0032AV/viewpoint_simulated_131_surface1.pcd,Testing,2.268388032913208,2.1759984493255615,0.09238958358764648
2414,TH0032AV/viewpoint_simulated_132_surface1.pcd,Testing,2.228775978088379,2.076856851577759,0.15191912651062012
2415,TH0032AV/viewpoint_simulated_133_surface1.pcd,Testing,2.165536642074585,2.053429365158081,0.1121072769165039
2416,TH0032AV/viewpoint_simulated_134_surface1.pcd,Testing,2.2481555938720703,2.0296385288238525,0.21851706504821777
2417,TH0032AV/viewpoint_simulated_135_surface1.pcd,Testing,2.279095411300659,2.0627567768096924,0.2163386344909668
2418,TH0032AV/viewpoint_simulated_136_surface1.pcd,Testing,2.2872421741485596,2.037910223007202,0.24933195114135742
2419,TH0032AV/viewpoint_simulated_137_surface1.pcd,Testing,2.324286937713623,2.062373161315918,0.2619137763977051
2420,TH0032AV/viewpoint_simulated_138_surface1.pcd,Testing,2.2078044414520264,2.173112154006958,0.03469228744506836
2421,TH0032AV/viewpoint_simulated_139_surface1.pcd,Testing,2.2970142364501953,2.100325584411621,0.19668865203857422
2422,TH0032AV/viewpoint_simulated_14_surface1.pcd,Testing,2.21683669090271,2.1804544925689697,0.036382198333740234
2423,TH0032AV/viewpoint_simulated_140_surface1.pcd,Testing,2.163239002227783,2.0839056968688965,0.07933330535888672
2424,TH0032AV/viewpoint_simulated_141_surface1.pcd,Testing,2.338730812072754,2.137906312942505,0.20082449913024902
2425,TH0032AV/viewpoint_simulated_142_surface1.pcd,Testing,2.2559330463409424,2.1420295238494873,0.11390352249145508
2426,TH0032AV/viewpoint_simulated_143_surface1.pcd,Testing,2.3479321002960205,2.155912160873413,0.19201993942260742
2427,TH0032AV/viewpoint_simulated_144_surface1.pcd,Testing,2.1625540256500244,2.383578062057495,0.2210240364074707
2428,TH0032AV/viewpoint_simulated_145_surface1.pcd,Testing,2.080681800842285,2.277010917663574,0.19632911682128906
2429,TH0032AV/viewpoint_simulated_146_surface1.pcd,Testing,2.263780355453491,2.308962821960449,0.04518246650695801
2430,TH0032AV/viewpoint_simulated_147_surface1.pcd,Testing,2.419154405593872,2.256702184677124,0.16245222091674805
2431,TH0032AV/viewpoint_simulated_148_surface1.pcd,Testing,2.0128090381622314,2.2283523082733154,0.21554327011108398
2432,TH0032AV/viewpoint_simulated_149_surface1.pcd,Testing,2.1977908611297607,2.2225892543792725,0.02479839324951172
2433,TH0032AV/viewpoint_simulated_15_surface1.pcd,Testing,2.2848658561706543,2.1709635257720947,0.11390233039855957
2434,TH0032AV/viewpoint_simulated_150_surface1.pcd,Testing,2.2921371459960938,2.243227005004883,0.04891014099121094
2435,TH0032AV/viewpoint_simulated_151_surface1.pcd,Testing,2.268226385116577,2.2773263454437256,0.009099960327148438
2436,TH0032AV/viewpoint_simulated_152_surface1.pcd,Testing,2.2119739055633545,2.3181605339050293,0.1061866283416748
2437,TH0032AV/viewpoint_simulated_153_surface1.pcd,Testing,2.4225029945373535,2.3406107425689697,0.08189225196838379
2438,TH0032AV/viewpoint_simulated_154_surface1.pcd,Testing,2.350796937942505,2.3091344833374023,0.04166245460510254
2439,TH0032AV/viewpoint_simulated_155_surface1.pcd,Testing,2.122307777404785,2.323397636413574,0.20108985900878906
2440,TH0032AV/viewpoint_simulated_156_surface1.pcd,Testing,2.1413464546203613,2.2401010990142822,0.0987546443939209
2441,TH0032AV/viewpoint_simulated_157_surface1.pcd,Testing,2.2271180152893066,2.0711514949798584,0.15596652030944824
2442,TH0032AV/viewpoint_simulated_158_surface1.pcd,Testing,2.091275215148926,2.1966354846954346,0.10536026954650879
2443,TH0032AV/viewpoint_simulated_159_surface1.pcd,Testing,1.9786332845687866,2.1353461742401123,0.15671288967132568
2444,TH0032AV/viewpoint_simulated_16_surface1.pcd,Testing,2.1917779445648193,2.082836866378784,0.10894107818603516
2445,TH0032AV/viewpoint_simulated_160_surface1.pcd,Testing,2.1168320178985596,2.049614906311035,0.06721711158752441
2446,TH0032AV/viewpoint_simulated_161_surface1.pcd,Testing,2.2330682277679443,2.0967390537261963,0.13632917404174805
2447,TH0032AV/viewpoint_simulated_162_surface1.pcd,Testing,2.100565195083618,2.147691249847412,0.047126054763793945
2448,TH0032AV/viewpoint_simulated_163_surface1.pcd,Testing,2.37854266166687,2.2084763050079346,0.17006635665893555
2449,TH0032AV/viewpoint_simulated_164_surface1.pcd,Testing,2.1215031147003174,2.1823172569274902,0.06081414222717285
2450,TH0032AV/viewpoint_simulated_165_surface1.pcd,Testing,2.191636323928833,2.222947120666504,0.0313107967376709
2451,TH0032AV/viewpoint_simulated_166_surface1.pcd,Testing,2.3269121646881104,2.16351056098938,0.16340160369873047
2452,TH0032AV/viewpoint_simulated_167_surface1.pcd,Testing,2.2419559955596924,2.2285990715026855,0.013356924057006836
2453,TH0032AV/viewpoint_simulated_168_surface1.pcd,Testing,2.3029472827911377,2.116356372833252,0.18659090995788574
2454,TH0032AV/viewpoint_simulated_169_surface1.pcd,Testing,2.1900413036346436,2.0156426429748535,0.17439866065979004
2455,TH0032AV/viewpoint_simulated_17_surface1.pcd,Testing,2.2735676765441895,2.07474684715271,0.1988208293914795
2456,TH0032AV/viewpoint_simulated_170_surface1.pcd,Testing,2.2682888507843018,2.1202123165130615,0.14807653427124023
2457,TH0032AV/viewpoint_simulated_171_surface1.pcd,Testing,2.1515188217163086,2.0918667316436768,0.059652090072631836
2458,TH0032AV/viewpoint_simulated_172_surface1.pcd,Testing,2.1730079650878906,2.0322132110595703,0.1407947540283203
2459,TH0032AV/viewpoint_simulated_173_surface1.pcd,Testing,2.3276631832122803,2.06162428855896,0.2660388946533203
2460,TH0032AV/viewpoint_simulated_174_surface1.pcd,Testing,2.1159257888793945,2.117492437362671,0.0015666484832763672
2461,TH0032AV/viewpoint_simulated_175_surface1.pcd,Testing,2.1225857734680176,2.1507883071899414,0.028202533721923828
2462,TH0032AV/viewpoint_simulated_176_surface1.pcd,Testing,2.2408177852630615,2.1309540271759033,0.1098637580871582
2463,TH0032AV/viewpoint_simulated_177_surface1.pcd,Testing,2.1837997436523438,2.1829144954681396,0.0008852481842041016
2464,TH0032AV/viewpoint_simulated_178_surface1.pcd,Testing,2.3381476402282715,2.140040636062622,0.19810700416564941
2465,TH0032AV/viewpoint_simulated_179_surface1.pcd,Testing,2.1838700771331787,2.1766269207000732,0.007243156433105469
2466,TH0032AV/viewpoint_simulated_18_surface1.pcd,Testing,2.354731321334839,2.228032112121582,0.12669920921325684
2467,TH0032AV/viewpoint_simulated_180_surface1.pcd,Testing,2.3760128021240234,2.099613904953003,0.2763988971710205
2468,TH0032AV/viewpoint_simulated_181_surface1.pcd,Testing,2.38956880569458,2.0185868740081787,0.37098193168640137
2469,TH0032AV/viewpoint_simulated_182_surface1.pcd,Testing,2.135493755340576,2.0867228507995605,0.048770904541015625
2470,TH0032AV/viewpoint_simulated_183_surface1.pcd,Testing,2.3433547019958496,2.0596327781677246,0.283721923828125
2471,TH0032AV/viewpoint_simulated_184_surface1.pcd,Testing,2.2007410526275635,2.0478951930999756,0.1528458595275879
2472,TH0032AV/viewpoint_simulated_185_surface1.pcd,Testing,2.3157083988189697,2.038954496383667,0.27675390243530273
2473,TH0032AV/viewpoint_simulated_186_surface1.pcd,Testing,2.207467794418335,2.1325483322143555,0.07491946220397949
2474,TH0032AV/viewpoint_simulated_187_surface1.pcd,Testing,2.297696113586426,2.125856637954712,0.17183947563171387
2475,TH0032AV/viewpoint_simulated_188_surface1.pcd,Testing,2.446842908859253,2.081350088119507,0.3654928207397461
2476,TH0032AV/viewpoint_simulated_189_surface1.pcd,Testing,2.170639753341675,2.182914972305298,0.012275218963623047
2477,TH0032AV/viewpoint_simulated_19_surface1.pcd,Testing,2.245610475540161,2.1517364978790283,0.09387397766113281
2478,TH0032AV/viewpoint_simulated_190_surface1.pcd,Testing,2.2181169986724854,2.1187472343444824,0.09936976432800293
2479,TH0032AV/viewpoint_simulated_191_surface1.pcd,Testing,2.3956966400146484,2.190150022506714,0.20554661750793457
2480,TH0032AV/viewpoint_simulated_192_surface1.pcd,Testing,2.3327689170837402,2.091308116912842,0.24146080017089844
2481,TH0032AV/viewpoint_simulated_193_surface1.pcd,Testing,2.342547655105591,2.0455591678619385,0.29698848724365234
2482,TH0032AV/viewpoint_simulated_194_surface1.pcd,Testing,2.20666766166687,2.0675270557403564,0.13914060592651367
2483,TH0032AV/viewpoint_simulated_195_surface1.pcd,Testing,2.2714667320251465,2.0457406044006348,0.22572612762451172
2484,TH0032AV/viewpoint_simulated_196_surface1.pcd,Testing,2.2989907264709473,2.029974937438965,0.2690157890319824
2485,TH0032AV/viewpoint_simulated_197_surface1.pcd,Testing,2.281933546066284,2.043358087539673,0.23857545852661133
2486,TH0032AV/viewpoint_simulated_198_surface1.pcd,Testing,2.38742733001709,2.0940253734588623,0.29340195655822754
2487,TH0032AV/viewpoint_simulated_199_surface1.pcd,Testing,2.127267599105835,2.118854522705078,0.008413076400756836
2488,TH0032AV/viewpoint_simulated_2_surface1.pcd,Testing,2.115312337875366,2.3386971950531006,0.22338485717773438
2489,TH0032AV/viewpoint_simulated_20_surface1.pcd,Testing,2.381380081176758,2.1947922706604004,0.18658781051635742
2490,TH0032AV/viewpoint_simulated_200_surface1.pcd,Testing,2.1622209548950195,2.0842669010162354,0.07795405387878418
2491,TH0032AV/viewpoint_simulated_201_surface1.pcd,Testing,2.2414710521698,2.1708896160125732,0.07058143615722656
2492,TH0032AV/viewpoint_simulated_202_surface1.pcd,Testing,2.1451988220214844,2.0877628326416016,0.05743598937988281
2493,TH0032AV/viewpoint_simulated_203_surface1.pcd,Testing,2.4895994663238525,2.193798780441284,0.29580068588256836
2494,TH0032AV/viewpoint_simulated_204_surface1.pcd,Testing,2.1442084312438965,2.1058130264282227,0.03839540481567383
2495,TH0032AV/viewpoint_simulated_205_surface1.pcd,Testing,2.3529396057128906,2.0413012504577637,0.31163835525512695
2496,TH0032AV/viewpoint_simulated_206_surface1.pcd,Testing,2.3775832653045654,2.0599584579467773,0.3176248073577881
2497,TH0032AV/viewpoint_simulated_207_surface1.pcd,Testing,2.266009569168091,2.063555955886841,0.20245361328125
2498,TH0032AV/viewpoint_simulated_208_surface1.pcd,Testing,2.3281960487365723,2.034743309020996,0.29345273971557617
2499,TH0032AV/viewpoint_simulated_209_surface1.pcd,Testing,2.2984514236450195,2.0731213092803955,0.22533011436462402
2500,TH0032AV/viewpoint_simulated_21_surface1.pcd,Testing,2.1869571208953857,2.1770355701446533,0.009921550750732422
2501,TH0032AV/viewpoint_simulated_210_surface1.pcd,Testing,2.181269884109497,2.1062166690826416,0.07505321502685547
2502,TH0032AV/viewpoint_simulated_211_surface1.pcd,Testing,2.207285165786743,2.089874029159546,0.11741113662719727
2503,TH0032AV/viewpoint_simulated_212_surface1.pcd,Testing,2.272040843963623,2.0543971061706543,0.21764373779296875
2504,TH0032AV/viewpoint_simulated_213_surface1.pcd,Testing,2.3306946754455566,2.183164358139038,0.14753031730651855
2505,TH0032AV/viewpoint_simulated_214_surface1.pcd,Testing,2.333749532699585,2.1582021713256836,0.17554736137390137
2506,TH0032AV/viewpoint_simulated_215_surface1.pcd,Testing,2.3998191356658936,2.102991819381714,0.2968273162841797
2507,TH0032AV/viewpoint_simulated_22_surface1.pcd,Testing,2.2582132816314697,2.1803107261657715,0.07790255546569824
2508,TH0032AV/viewpoint_simulated_23_surface1.pcd,Testing,2.18027663230896,2.207207679748535,0.026931047439575195
2509,TH0032AV/viewpoint_simulated_24_surface1.pcd,Testing,2.184847354888916,2.1291682720184326,0.0556790828704834
2510,TH0032AV/viewpoint_simulated_25_surface1.pcd,Testing,2.208533763885498,2.001940965652466,0.20659279823303223
2511,TH0032AV/viewpoint_simulated_26_surface1.pcd,Testing,2.281405448913574,2.092175006866455,0.18923044204711914
2512,TH0032AV/viewpoint_simulated_27_surface1.pcd,Testing,2.1365556716918945,2.1070539951324463,0.029501676559448242
2513,TH0032AV/viewpoint_simulated_28_surface1.pcd,Testing,2.3044071197509766,2.090475082397461,0.21393203735351562
2514,TH0032AV/viewpoint_simulated_29_surface1.pcd,Testing,2.443310499191284,2.050692319869995,0.39261817932128906
2515,TH0032AV/viewpoint_simulated_3_surface1.pcd,Testing,2.238769769668579,2.320726156234741,0.08195638656616211
2516,TH0032AV/viewpoint_simulated_30_surface1.pcd,Testing,2.212639808654785,2.15625,0.056389808654785156
2517,TH0032AV/viewpoint_simulated_31_surface1.pcd,Testing,2.428635835647583,2.1306982040405273,0.29793763160705566
2518,TH0032AV/viewpoint_simulated_32_surface1.pcd,Testing,2.3173182010650635,2.1451385021209717,0.1721796989440918
2519,TH0032AV/viewpoint_simulated_33_surface1.pcd,Testing,2.3826467990875244,2.1383614540100098,0.24428534507751465
2520,TH0032AV/viewpoint_simulated_34_surface1.pcd,Testing,2.178701162338257,2.1314566135406494,0.04724454879760742
2521,TH0032AV/viewpoint_simulated_35_surface1.pcd,Testing,2.2542996406555176,2.1705143451690674,0.0837852954864502
2522,TH0032AV/viewpoint_simulated_36_surface1.pcd,Testing,2.2544424533843994,2.1172144412994385,0.13722801208496094
2523,TH0032AV/viewpoint_simulated_37_surface1.pcd,Testing,2.3596556186676025,2.0182042121887207,0.34145140647888184
2524,TH0032AV/viewpoint_simulated_38_surface1.pcd,Testing,2.266385316848755,2.071157455444336,0.19522786140441895
2525,TH0032AV/viewpoint_simulated_39_surface1.pcd,Testing,2.2062337398529053,2.052302122116089,0.1539316177368164
2526,TH0032AV/viewpoint_simulated_4_surface1.pcd,Testing,2.2957427501678467,2.277994155883789,0.017748594284057617
2527,TH0032AV/viewpoint_simulated_40_surface1.pcd,Testing,2.3515465259552,2.077439308166504,0.2741072177886963
2528,TH0032AV/viewpoint_simulated_41_surface1.pcd,Testing,2.284986734390259,2.041303873062134,0.243682861328125
2529,TH0032AV/viewpoint_simulated_42_surface1.pcd,Testing,2.3249056339263916,2.1882660388946533,0.13663959503173828
2530,TH0032AV/viewpoint_simulated_43_surface1.pcd,Testing,2.2782044410705566,2.149151563644409,0.12905287742614746
2531,TH0032AV/viewpoint_simulated_44_surface1.pcd,Testing,2.3820555210113525,2.0806639194488525,0.3013916015625
2532,TH0032AV/viewpoint_simulated_45_surface1.pcd,Testing,2.2457001209259033,2.1608939170837402,0.08480620384216309
2533,TH0032AV/viewpoint_simulated_46_surface1.pcd,Testing,2.3327064514160156,2.1117522716522217,0.22095417976379395
2534,TH0032AV/viewpoint_simulated_47_surface1.pcd,Testing,2.4205029010772705,2.1533968448638916,0.2671060562133789
2535,TH0032AV/viewpoint_simulated_48_surface1.pcd,Testing,2.2310945987701416,2.1205508708953857,0.11054372787475586
2536,TH0032AV/viewpoint_simulated_49_surface1.pcd,Testing,2.265371561050415,2.0431156158447266,0.22225594520568848
2537,TH0032AV/viewpoint_simulated_5_surface1.pcd,Testing,2.2877581119537354,2.2988007068634033,0.011042594909667969
2538,TH0032AV/viewpoint_simulated_50_surface1.pcd,Testing,2.29561185836792,2.0417957305908203,0.2538161277770996
2539,TH0032AV/viewpoint_simulated_51_surface1.pcd,Testing,2.316535472869873,2.057291030883789,0.259244441986084
2540,TH0032AV/viewpoint_simulated_52_surface1.pcd,Testing,2.3010120391845703,2.062716007232666,0.2382960319519043
2541,TH0032AV/viewpoint_simulated_53_surface1.pcd,Testing,2.2621116638183594,2.0553171634674072,0.20679450035095215
2542,TH0032AV/viewpoint_simulated_54_surface1.pcd,Testing,2.3178722858428955,2.2125139236450195,0.10535836219787598
2543,TH0032AV/viewpoint_simulated_55_surface1.pcd,Testing,2.2176156044006348,2.1282989978790283,0.08931660652160645
2544,TH0032AV/viewpoint_simulated_56_surface1.pcd,Testing,2.219670057296753,2.085317850112915,0.1343522071838379
2545,TH0032AV/viewpoint_simulated_57_surface1.pcd,Testing,2.127856492996216,2.11948299407959,0.008373498916625977
2546,TH0032AV/viewpoint_simulated_58_surface1.pcd,Testing,2.2836661338806152,2.111920118331909,0.17174601554870605
2547,TH0032AV/viewpoint_simulated_59_surface1.pcd,Testing,2.3749642372131348,2.1377718448638916,0.23719239234924316
2548,TH0032AV/viewpoint_simulated_6_surface1.pcd,Testing,2.168808698654175,2.290867328643799,0.12205862998962402
2549,TH0032AV/viewpoint_simulated_60_surface1.pcd,Testing,2.312502145767212,2.1092960834503174,0.20320606231689453
2550,TH0032AV/viewpoint_simulated_61_surface1.pcd,Testing,2.2259836196899414,2.0364990234375,0.1894845962524414
2551,TH0032AV/viewpoint_simulated_62_surface1.pcd,Testing,2.3174471855163574,2.03259539604187,0.2848517894744873
2552,TH0032AV/viewpoint_simulated_63_surface1.pcd,Testing,2.293436288833618,2.0434532165527344,0.2499830722808838
2553,TH0032AV/viewpoint_simulated_64_surface1.pcd,Testing,2.3193373680114746,2.0280473232269287,0.2912900447845459
2554,TH0032AV/viewpoint_simulated_65_surface1.pcd,Testing,2.1600539684295654,2.0928964614868164,0.06715750694274902
2555,TH0032AV/viewpoint_simulated_66_surface1.pcd,Testing,2.225940227508545,2.186403751373291,0.039536476135253906
2556,TH0032AV/viewpoint_simulated_67_surface1.pcd,Testing,2.3194339275360107,2.098867177963257,0.2205667495727539
2557,TH0032AV/viewpoint_simulated_68_surface1.pcd,Testing,2.2656986713409424,2.0441935062408447,0.22150516510009766
2558,TH0032AV/viewpoint_simulated_69_surface1.pcd,Testing,2.2583396434783936,2.1451380252838135,0.11320161819458008
2559,TH0032AV/viewpoint_simulated_7_surface1.pcd,Testing,2.297084093093872,2.258538007736206,0.038546085357666016
2560,TH0032AV/viewpoint_simulated_70_surface1.pcd,Testing,2.1493704319000244,2.1404340267181396,0.008936405181884766
2561,TH0032AV/viewpoint_simulated_71_surface1.pcd,Testing,2.2924892902374268,2.1749908924102783,0.11749839782714844
2562,TH0032AV/viewpoint_simulated_72_surface1.pcd,Testing,2.1208574771881104,2.3914730548858643,0.2706155776977539
2563,TH0032AV/viewpoint_simulated_73_surface1.pcd,Testing,2.2458460330963135,2.355048656463623,0.10920262336730957
2564,TH0032AV/viewpoint_simulated_74_surface1.pcd,Testing,2.1684250831604004,2.2859272956848145,0.11750221252441406
2565,TH0032AV/viewpoint_simulated_75_surface1.pcd,Testing,2.2525084018707275,2.270106554031372,0.01759815216064453
2566,TH0032AV/viewpoint_simulated_76_surface1.pcd,Testing,2.2281007766723633,2.2090084552764893,0.019092321395874023
2567,TH0032AV/viewpoint_simulated_77_surface1.pcd,Testing,2.3417530059814453,2.320007085800171,0.021745920181274414
2568,TH0032AV/viewpoint_simulated_78_surface1.pcd,Testing,2.2050156593322754,2.244460344314575,0.039444684982299805
2569,TH0032AV/viewpoint_simulated_79_surface1.pcd,Testing,2.130244731903076,2.2815635204315186,0.15131878852844238
2570,TH0032AV/viewpoint_simulated_8_surface1.pcd,Testing,2.3260087966918945,2.3490049839019775,0.022996187210083008
2571,TH0032AV/viewpoint_simulated_80_surface1.pcd,Testing,2.362363338470459,2.377944231033325,0.015580892562866211
2572,TH0032AV/viewpoint_simulated_81_surface1.pcd,Testing,2.384193181991577,2.362689256668091,0.021503925323486328
2573,TH0032AV/viewpoint_simulated_82_surface1.pcd,Testing,2.1600615978240967,2.289013147354126,0.1289515495300293
2574,TH0032AV/viewpoint_simulated_83_surface1.pcd,Testing,2.19746470451355,2.3248119354248047,0.12734723091125488
2575,TH0032AV/viewpoint_simulated_84_surface1.pcd,Testing,2.3781580924987793,2.2642407417297363,0.11391735076904297
2576,TH0032AV/viewpoint_simulated_85_surface1.pcd,Testing,2.2206242084503174,2.064392328262329,0.15623188018798828
2577,TH0032AV/viewpoint_simulated_86_surface1.pcd,Testing,2.1844725608825684,2.217907190322876,0.03343462944030762
2578,TH0032AV/viewpoint_simulated_87_surface1.pcd,Testing,2.194805145263672,2.1500046253204346,0.044800519943237305
2579,TH0032AV/viewpoint_simulated_88_surface1.pcd,Testing,2.139195680618286,2.0730183124542236,0.0661773681640625
2580,TH0032AV/viewpoint_simulated_89_surface1.pcd,Testing,2.1137888431549072,2.0926854610443115,0.021103382110595703
2581,TH0032AV/viewpoint_simulated_9_surface1.pcd,Testing,2.201282501220703,2.3108770847320557,0.10959458351135254
2582,TH0032AV/viewpoint_simulated_90_surface1.pcd,Testing,2.232248544692993,2.1844613552093506,0.04778718948364258
2583,TH0032AV/viewpoint_simulated_91_surface1.pcd,Testing,2.1969146728515625,2.169344663619995,0.027570009231567383
2584,TH0032AV/viewpoint_simulated_92_surface1.pcd,Testing,2.2772483825683594,2.1904287338256836,0.08681964874267578
2585,TH0032AV/viewpoint_simulated_93_surface1.pcd,Testing,2.246788501739502,2.1672017574310303,0.07958674430847168
2586,TH0032AV/viewpoint_simulated_94_surface1.pcd,Testing,2.258662462234497,2.1611812114715576,0.09748125076293945
2587,TH0032AV/viewpoint_simulated_95_surface1.pcd,Testing,2.2699031829833984,2.206847906112671,0.06305527687072754
2588,TH0032AV/viewpoint_simulated_96_surface1.pcd,Testing,2.3912088871002197,2.1205365657806396,0.2706723213195801
2589,TH0032AV/viewpoint_simulated_97_surface1.pcd,Testing,2.1754720211029053,2.019435167312622,0.1560368537902832
2590,TH0032AV/viewpoint_simulated_98_surface1.pcd,Testing,2.3231611251831055,2.123453378677368,0.1997077465057373
2591,TH0032AV/viewpoint_simulated_99_surface1.pcd,Testing,2.3181517124176025,2.101313352584839,0.21683835983276367
