Original_Index,Filename,Split,GroundTruth_CD,Predicted_CD,Error
0,TH0011AV/viewpoint_simulated_0_surface0.pcd,Testing,1.9355298280715942,1.8835601806640625,0.05196964740753174
1,TH0011AV/viewpoint_simulated_1_surface0.pcd,Testing,1.9770139455795288,1.8653137683868408,0.11170017719268799
2,TH0011AV/viewpoint_simulated_10_surface0.pcd,Testing,1.9674052000045776,1.932584524154663,0.03482067584991455
3,TH0011AV/viewpoint_simulated_100_surface0.pcd,Testing,1.8672890663146973,2.0503859519958496,0.18309688568115234
4,TH0011AV/viewpoint_simulated_101_surface0.pcd,Testing,2.117499351501465,1.9537194967269897,0.1637798547744751
5,TH0011AV/viewpoint_simulated_102_surface0.pcd,Testing,1.8861879110336304,1.9720535278320312,0.08586561679840088
6,TH0011AV/viewpoint_simulated_103_surface0.pcd,Testing,2.034348726272583,1.9913891553878784,0.04295957088470459
7,TH0011AV/viewpoint_simulated_104_surface0.pcd,Testing,1.9759246110916138,2.088585138320923,0.11266052722930908
8,TH0011AV/viewpoint_simulated_105_surface0.pcd,Testing,2.0318539142608643,2.1080565452575684,0.0762026309967041
9,TH0011AV/viewpoint_simulated_106_surface0.pcd,Testing,1.931296706199646,2.237665891647339,0.30636918544769287
10,TH0011AV/viewpoint_simulated_107_surface0.pcd,Testing,2.0434515476226807,2.1797893047332764,0.1363377571105957
11,TH0011AV/viewpoint_simulated_108_surface0.pcd,Testing,1.9618196487426758,2.1934218406677246,0.23160219192504883
12,TH0011AV/viewpoint_simulated_109_surface0.pcd,Testing,2.0251455307006836,2.085078001022339,0.05993247032165527
13,TH0011AV/viewpoint_simulated_11_surface0.pcd,Testing,1.875463604927063,1.899298906326294,0.023835301399230957
14,TH0011AV/viewpoint_simulated_110_surface0.pcd,Testing,2.001664400100708,2.164027452468872,0.16236305236816406
15,TH0011AV/viewpoint_simulated_111_surface0.pcd,Testing,1.8420504331588745,2.213813066482544,0.37176263332366943
16,TH0011AV/viewpoint_simulated_112_surface0.pcd,Testing,2.0406370162963867,2.0621585845947266,0.021521568298339844
17,TH0011AV/viewpoint_simulated_113_surface0.pcd,Testing,1.9109210968017578,1.980262279510498,0.06934118270874023
18,TH0011AV/viewpoint_simulated_114_surface0.pcd,Testing,2.0433013439178467,1.9790523052215576,0.06424903869628906
19,TH0011AV/viewpoint_simulated_115_surface0.pcd,Testing,1.8807566165924072,1.9703195095062256,0.08956289291381836
20,TH0011AV/viewpoint_simulated_116_surface0.pcd,Testing,1.8776887655258179,2.139383554458618,0.2616947889328003
21,TH0011AV/viewpoint_simulated_117_surface0.pcd,Testing,2.0316989421844482,2.125384569168091,0.09368562698364258
22,TH0011AV/viewpoint_simulated_118_surface0.pcd,Testing,2.084805965423584,2.3486669063568115,0.26386094093322754
23,TH0011AV/viewpoint_simulated_119_surface0.pcd,Testing,1.947702407836914,2.3252155780792236,0.37751317024230957
24,TH0011AV/viewpoint_simulated_12_surface0.pcd,Testing,2.0848960876464844,1.9230482578277588,0.16184782981872559
25,TH0011AV/viewpoint_simulated_120_surface0.pcd,Testing,2.050997734069824,2.1903278827667236,0.13933014869689941
26,TH0011AV/viewpoint_simulated_121_surface0.pcd,Testing,2.108799457550049,2.1395647525787354,0.030765295028686523
27,TH0011AV/viewpoint_simulated_122_surface0.pcd,Testing,2.0006039142608643,2.1270720958709717,0.12646818161010742
28,TH0011AV/viewpoint_simulated_123_surface0.pcd,Testing,1.9685859680175781,2.1874847412109375,0.21889877319335938
29,TH0011AV/viewpoint_simulated_124_surface0.pcd,Testing,2.0277163982391357,2.066870927810669,0.0391545295715332
30,TH0011AV/viewpoint_simulated_125_surface0.pcd,Testing,2.0990817546844482,1.9576653242111206,0.14141643047332764
31,TH0011AV/viewpoint_simulated_126_surface0.pcd,Testing,1.9572714567184448,1.9897016286849976,0.032430171966552734
32,TH0011AV/viewpoint_simulated_127_surface0.pcd,Testing,2.074323892593384,1.9727855920791626,0.10153830051422119
33,TH0011AV/viewpoint_simulated_128_surface0.pcd,Testing,1.935192584991455,2.1567516326904297,0.2215590476989746
34,TH0011AV/viewpoint_simulated_129_surface0.pcd,Testing,2.1946349143981934,2.141446352005005,0.05318856239318848
35,TH0011AV/viewpoint_simulated_13_surface0.pcd,Testing,1.9700278043746948,1.921831727027893,0.04819607734680176
36,TH0011AV/viewpoint_simulated_130_surface0.pcd,Testing,2.0540623664855957,2.407902479171753,0.3538401126861572
37,TH0011AV/viewpoint_simulated_131_surface0.pcd,Testing,2.049192190170288,2.3561551570892334,0.3069629669189453
38,TH0011AV/viewpoint_simulated_132_surface0.pcd,Testing,2.1159286499023438,2.2552688121795654,0.13934016227722168
39,TH0011AV/viewpoint_simulated_133_surface0.pcd,Testing,2.058534622192383,2.1988348960876465,0.14030027389526367
40,TH0011AV/viewpoint_simulated_134_surface0.pcd,Testing,2.1514079570770264,2.117980718612671,0.03342723846435547
41,TH0011AV/viewpoint_simulated_135_surface0.pcd,Testing,2.0168585777282715,2.1499273777008057,0.13306879997253418
42,TH0011AV/viewpoint_simulated_136_surface0.pcd,Testing,1.9913688898086548,2.0250132083892822,0.03364431858062744
43,TH0011AV/viewpoint_simulated_137_surface0.pcd,Testing,2.0655453205108643,1.9456682205200195,0.11987709999084473
44,TH0011AV/viewpoint_simulated_138_surface0.pcd,Testing,2.0022099018096924,2.0084893703460693,0.006279468536376953
45,TH0011AV/viewpoint_simulated_139_surface0.pcd,Testing,2.2533915042877197,1.9850311279296875,0.2683603763580322
46,TH0011AV/viewpoint_simulated_14_surface0.pcd,Testing,1.892008900642395,1.973095178604126,0.08108627796173096
47,TH0011AV/viewpoint_simulated_140_surface0.pcd,Testing,1.9695346355438232,2.1250545978546143,0.15551996231079102
48,TH0011AV/viewpoint_simulated_141_surface0.pcd,Testing,2.042698860168457,2.1583752632141113,0.1156764030456543
49,TH0011AV/viewpoint_simulated_142_surface0.pcd,Testing,2.0102336406707764,2.4233057498931885,0.4130721092224121
50,TH0011AV/viewpoint_simulated_143_surface0.pcd,Testing,2.1004676818847656,2.3507626056671143,0.25029492378234863
51,TH0011AV/viewpoint_simulated_144_surface0.pcd,Testing,2.006131649017334,1.9354102611541748,0.07072138786315918
52,TH0011AV/viewpoint_simulated_145_surface0.pcd,Testing,1.9514628648757935,1.9173208475112915,0.03414201736450195
53,TH0011AV/viewpoint_simulated_146_surface0.pcd,Testing,2.113335609436035,1.912217378616333,0.20111823081970215
54,TH0011AV/viewpoint_simulated_147_surface0.pcd,Testing,1.9165773391723633,1.9701204299926758,0.0535430908203125
55,TH0011AV/viewpoint_simulated_148_surface0.pcd,Testing,2.0958950519561768,1.9397739171981812,0.1561211347579956
56,TH0011AV/viewpoint_simulated_149_surface0.pcd,Testing,1.9667502641677856,1.9489243030548096,0.017825961112976074
57,TH0011AV/viewpoint_simulated_15_surface0.pcd,Testing,1.9356595277786255,2.0306854248046875,0.09502589702606201
58,TH0011AV/viewpoint_simulated_150_surface0.pcd,Testing,1.9940435886383057,1.9801368713378906,0.013906717300415039
59,TH0011AV/viewpoint_simulated_151_surface0.pcd,Testing,1.9984447956085205,2.0194010734558105,0.02095627784729004
60,TH0011AV/viewpoint_simulated_152_surface0.pcd,Testing,1.799974799156189,2.0183441638946533,0.21836936473846436
61,TH0011AV/viewpoint_simulated_153_surface0.pcd,Testing,1.9991445541381836,1.9833194017410278,0.01582515239715576
62,TH0011AV/viewpoint_simulated_154_surface0.pcd,Testing,2.15869402885437,1.9614956378936768,0.19719839096069336
63,TH0011AV/viewpoint_simulated_155_surface0.pcd,Testing,1.8978264331817627,1.9153614044189453,0.017534971237182617
64,TH0011AV/viewpoint_simulated_156_surface0.pcd,Testing,2.036184549331665,1.955413579940796,0.08077096939086914
65,TH0011AV/viewpoint_simulated_157_surface0.pcd,Testing,1.9893946647644043,1.906252384185791,0.08314228057861328
66,TH0011AV/viewpoint_simulated_158_surface0.pcd,Testing,1.9742357730865479,1.9690017700195312,0.0052340030670166016
67,TH0011AV/viewpoint_simulated_159_surface0.pcd,Testing,1.8869266510009766,2.036695957183838,0.14976930618286133
68,TH0011AV/viewpoint_simulated_16_surface0.pcd,Testing,2.065858840942383,1.9575546979904175,0.10830414295196533
69,TH0011AV/viewpoint_simulated_160_surface0.pcd,Testing,2.072878837585449,1.991042971611023,0.08183586597442627
70,TH0011AV/viewpoint_simulated_161_surface0.pcd,Testing,1.9847068786621094,1.9699885845184326,0.014718294143676758
71,TH0011AV/viewpoint_simulated_162_surface0.pcd,Testing,1.9177618026733398,1.9599430561065674,0.04218125343322754
72,TH0011AV/viewpoint_simulated_163_surface0.pcd,Testing,2.035057544708252,2.0073318481445312,0.027725696563720703
73,TH0011AV/viewpoint_simulated_164_surface0.pcd,Testing,1.936188817024231,2.048518657684326,0.11232984066009521
74,TH0011AV/viewpoint_simulated_165_surface0.pcd,Testing,2.0421383380889893,2.05847430229187,0.01633596420288086
75,TH0011AV/viewpoint_simulated_166_surface0.pcd,Testing,2.0322389602661133,2.02698016166687,0.005258798599243164
76,TH0011AV/viewpoint_simulated_167_surface0.pcd,Testing,1.9527426958084106,2.0419905185699463,0.08924782276153564
77,TH0011AV/viewpoint_simulated_168_surface0.pcd,Testing,1.938265323638916,2.0332581996917725,0.09499287605285645
78,TH0011AV/viewpoint_simulated_169_surface0.pcd,Testing,1.9961490631103516,2.0072758197784424,0.01112675666809082
79,TH0011AV/viewpoint_simulated_17_surface0.pcd,Testing,2.027589797973633,1.925036907196045,0.10255289077758789
80,TH0011AV/viewpoint_simulated_170_surface0.pcd,Testing,2.028001546859741,2.1191046237945557,0.09110307693481445
81,TH0011AV/viewpoint_simulated_171_surface0.pcd,Testing,2.06778883934021,2.1521155834198,0.08432674407958984
82,TH0011AV/viewpoint_simulated_172_surface0.pcd,Testing,1.9702318906784058,2.040067434310913,0.06983554363250732
83,TH0011AV/viewpoint_simulated_173_surface0.pcd,Testing,2.046069860458374,1.9587929248809814,0.08727693557739258
84,TH0011AV/viewpoint_simulated_174_surface0.pcd,Testing,2.1173288822174072,1.9686291217803955,0.14869976043701172
85,TH0011AV/viewpoint_simulated_175_surface0.pcd,Testing,1.9745155572891235,2.006993293762207,0.032477736473083496
86,TH0011AV/viewpoint_simulated_176_surface0.pcd,Testing,2.033698320388794,2.1054718494415283,0.07177352905273438
87,TH0011AV/viewpoint_simulated_177_surface0.pcd,Testing,2.0332834720611572,2.082526922225952,0.04924345016479492
88,TH0011AV/viewpoint_simulated_178_surface0.pcd,Testing,1.9826925992965698,2.2567055225372314,0.2740129232406616
89,TH0011AV/viewpoint_simulated_179_surface0.pcd,Testing,1.991429328918457,2.2083709239959717,0.21694159507751465
90,TH0011AV/viewpoint_simulated_18_surface0.pcd,Testing,2.0397801399230957,1.9540138244628906,0.08576631546020508
91,TH0011AV/viewpoint_simulated_180_surface0.pcd,Testing,1.9265965223312378,2.2075841426849365,0.28098762035369873
92,TH0011AV/viewpoint_simulated_181_surface0.pcd,Testing,2.016444683074951,2.0883660316467285,0.07192134857177734
93,TH0011AV/viewpoint_simulated_182_surface0.pcd,Testing,1.9737446308135986,2.1484546661376953,0.17471003532409668
94,TH0011AV/viewpoint_simulated_183_surface0.pcd,Testing,1.8805410861968994,2.192884922027588,0.3123438358306885
95,TH0011AV/viewpoint_simulated_184_surface0.pcd,Testing,2.029280662536621,2.0805153846740723,0.05123472213745117
96,TH0011AV/viewpoint_simulated_185_surface0.pcd,Testing,2.076019287109375,1.9367578029632568,0.13926148414611816
97,TH0011AV/viewpoint_simulated_186_surface0.pcd,Testing,1.976700782775879,1.9720596075057983,0.004641175270080566
98,TH0011AV/viewpoint_simulated_187_surface0.pcd,Testing,1.9098095893859863,1.9644536972045898,0.054644107818603516
99,TH0011AV/viewpoint_simulated_188_surface0.pcd,Testing,1.9717700481414795,2.118225336074829,0.1464552879333496
100,TH0011AV/viewpoint_simulated_189_surface0.pcd,Testing,1.860074758529663,2.120166063308716,0.26009130477905273
101,TH0011AV/viewpoint_simulated_19_surface0.pcd,Testing,1.8666603565216064,2.02351713180542,0.15685677528381348
102,TH0011AV/viewpoint_simulated_190_surface0.pcd,Testing,1.9866222143173218,2.3395297527313232,0.35290753841400146
103,TH0011AV/viewpoint_simulated_191_surface0.pcd,Testing,1.9579150676727295,2.3334567546844482,0.37554168701171875
104,TH0011AV/viewpoint_simulated_192_surface0.pcd,Testing,2.09057354927063,2.2023444175720215,0.1117708683013916
105,TH0011AV/viewpoint_simulated_193_surface0.pcd,Testing,2.1304380893707275,2.1432745456695557,0.012836456298828125
106,TH0011AV/viewpoint_simulated_194_surface0.pcd,Testing,2.1427323818206787,2.1127898693084717,0.02994251251220703
107,TH0011AV/viewpoint_simulated_195_surface0.pcd,Testing,2.002973794937134,2.188969135284424,0.18599534034729004
108,TH0011AV/viewpoint_simulated_196_surface0.pcd,Testing,2.05670428276062,2.068601369857788,0.011897087097167969
109,TH0011AV/viewpoint_simulated_197_surface0.pcd,Testing,2.0355918407440186,1.957688570022583,0.07790327072143555
110,TH0011AV/viewpoint_simulated_198_surface0.pcd,Testing,1.9544174671173096,1.9911450147628784,0.03672754764556885
111,TH0011AV/viewpoint_simulated_199_surface0.pcd,Testing,2.053032636642456,1.9756978750228882,0.07733476161956787
112,TH0011AV/viewpoint_simulated_2_surface0.pcd,Testing,1.9316109418869019,1.9451935291290283,0.013582587242126465
113,TH0011AV/viewpoint_simulated_20_surface0.pcd,Testing,1.9720864295959473,2.033592939376831,0.06150650978088379
114,TH0011AV/viewpoint_simulated_200_surface0.pcd,Testing,2.025935411453247,2.128588914871216,0.10265350341796875
115,TH0011AV/viewpoint_simulated_201_surface0.pcd,Testing,2.075834274291992,2.203880786895752,0.12804651260375977
116,TH0011AV/viewpoint_simulated_202_surface0.pcd,Testing,2.0480713844299316,2.389944314956665,0.3418729305267334
117,TH0011AV/viewpoint_simulated_203_surface0.pcd,Testing,2.009272336959839,2.3598897457122803,0.3506174087524414
118,TH0011AV/viewpoint_simulated_204_surface0.pcd,Testing,2.0782055854797363,2.2353291511535645,0.15712356567382812
119,TH0011AV/viewpoint_simulated_205_surface0.pcd,Testing,2.135572671890259,2.202002763748169,0.06643009185791016
120,TH0011AV/viewpoint_simulated_206_surface0.pcd,Testing,2.088799238204956,2.105891466140747,0.017092227935791016
121,TH0011AV/viewpoint_simulated_207_surface0.pcd,Testing,2.0899319648742676,2.1572232246398926,0.067291259765625
122,TH0011AV/viewpoint_simulated_208_surface0.pcd,Testing,2.0499417781829834,2.023059606552124,0.026882171630859375
123,TH0011AV/viewpoint_simulated_209_surface0.pcd,Testing,2.0432958602905273,1.9405574798583984,0.1027383804321289
124,TH0011AV/viewpoint_simulated_21_surface0.pcd,Testing,1.9265815019607544,2.0595316886901855,0.13295018672943115
125,TH0011AV/viewpoint_simulated_210_surface0.pcd,Testing,2.0226776599884033,1.9638490676879883,0.05882859230041504
126,TH0011AV/viewpoint_simulated_211_surface0.pcd,Testing,1.9939100742340088,1.9659771919250488,0.02793288230895996
127,TH0011AV/viewpoint_simulated_212_surface0.pcd,Testing,1.9598342180252075,2.140105724334717,0.18027150630950928
128,TH0011AV/viewpoint_simulated_213_surface0.pcd,Testing,1.9810093641281128,2.201303243637085,0.22029387950897217
129,TH0011AV/viewpoint_simulated_214_surface0.pcd,Testing,2.0404341220855713,2.4171500205993652,0.37671589851379395
130,TH0011AV/viewpoint_simulated_215_surface0.pcd,Testing,1.9452091455459595,2.3612444400787354,0.4160352945327759
131,TH0011AV/viewpoint_simulated_22_surface0.pcd,Testing,2.0086653232574463,2.034912586212158,0.026247262954711914
132,TH0011AV/viewpoint_simulated_23_surface0.pcd,Testing,1.9978793859481812,2.024898052215576,0.02701866626739502
133,TH0011AV/viewpoint_simulated_24_surface0.pcd,Testing,1.9318149089813232,2.0541837215423584,0.12236881256103516
134,TH0011AV/viewpoint_simulated_25_surface0.pcd,Testing,2.0681405067443848,1.9848873615264893,0.08325314521789551
135,TH0011AV/viewpoint_simulated_26_surface0.pcd,Testing,1.93267822265625,2.1213185787200928,0.18864035606384277
136,TH0011AV/viewpoint_simulated_27_surface0.pcd,Testing,1.9185250997543335,2.1331088542938232,0.21458375453948975
137,TH0011AV/viewpoint_simulated_28_surface0.pcd,Testing,1.9956303834915161,2.047930955886841,0.05230057239532471
138,TH0011AV/viewpoint_simulated_29_surface0.pcd,Testing,2.137822389602661,1.9229483604431152,0.2148740291595459
139,TH0011AV/viewpoint_simulated_3_surface0.pcd,Testing,2.089190721511841,1.9532132148742676,0.13597750663757324
140,TH0011AV/viewpoint_simulated_30_surface0.pcd,Testing,1.9705578088760376,1.9669888019561768,0.00356900691986084
141,TH0011AV/viewpoint_simulated_31_surface0.pcd,Testing,1.9694494009017944,2.0045576095581055,0.035108208656311035
142,TH0011AV/viewpoint_simulated_32_surface0.pcd,Testing,2.0439445972442627,2.0698447227478027,0.02590012550354004
143,TH0011AV/viewpoint_simulated_33_surface0.pcd,Testing,2.084184169769287,2.0875465869903564,0.003362417221069336
144,TH0011AV/viewpoint_simulated_34_surface0.pcd,Testing,2.0326550006866455,2.2522354125976562,0.21958041191101074
145,TH0011AV/viewpoint_simulated_35_surface0.pcd,Testing,2.0723042488098145,2.1653435230255127,0.09303927421569824
146,TH0011AV/viewpoint_simulated_36_surface0.pcd,Testing,2.2304654121398926,2.1965863704681396,0.03387904167175293
147,TH0011AV/viewpoint_simulated_37_surface0.pcd,Testing,1.9722025394439697,2.093013048171997,0.12081050872802734
148,TH0011AV/viewpoint_simulated_38_surface0.pcd,Testing,1.9836384057998657,2.1686131954193115,0.1849747896194458
149,TH0011AV/viewpoint_simulated_39_surface0.pcd,Testing,1.940015196800232,2.2215993404388428,0.28158414363861084
150,TH0011AV/viewpoint_simulated_4_surface0.pcd,Testing,1.9515924453735352,1.92643141746521,0.025161027908325195
151,TH0011AV/viewpoint_simulated_40_surface0.pcd,Testing,1.9279308319091797,2.048978567123413,0.1210477352142334
152,TH0011AV/viewpoint_simulated_41_surface0.pcd,Testing,1.9171202182769775,1.968566656112671,0.05144643783569336
153,TH0011AV/viewpoint_simulated_42_surface0.pcd,Testing,1.9798917770385742,1.9768657684326172,0.0030260086059570312
154,TH0011AV/viewpoint_simulated_43_surface0.pcd,Testing,1.9644438028335571,1.9605903625488281,0.003853440284729004
155,TH0011AV/viewpoint_simulated_44_surface0.pcd,Testing,2.085979700088501,2.1473610401153564,0.06138134002685547
156,TH0011AV/viewpoint_simulated_45_surface0.pcd,Testing,1.9218014478683472,2.1112277507781982,0.18942630290985107
157,TH0011AV/viewpoint_simulated_46_surface0.pcd,Testing,2.030545234680176,2.3564541339874268,0.325908899307251
158,TH0011AV/viewpoint_simulated_47_surface0.pcd,Testing,1.953160285949707,2.3458197116851807,0.39265942573547363
159,TH0011AV/viewpoint_simulated_48_surface0.pcd,Testing,2.008021116256714,2.205582857131958,0.19756174087524414
160,TH0011AV/viewpoint_simulated_49_surface0.pcd,Testing,2.0251145362854004,2.156456708908081,0.13134217262268066
161,TH0011AV/viewpoint_simulated_5_surface0.pcd,Testing,1.8803107738494873,1.9347833395004272,0.05447256565093994
162,TH0011AV/viewpoint_simulated_50_surface0.pcd,Testing,1.9349572658538818,2.1206910610198975,0.18573379516601562
163,TH0011AV/viewpoint_simulated_51_surface0.pcd,Testing,2.0698368549346924,2.1788742542266846,0.10903739929199219
164,TH0011AV/viewpoint_simulated_52_surface0.pcd,Testing,2.0417096614837646,2.048449754714966,0.006740093231201172
165,TH0011AV/viewpoint_simulated_53_surface0.pcd,Testing,2.0558605194091797,1.926778793334961,0.12908172607421875
166,TH0011AV/viewpoint_simulated_54_surface0.pcd,Testing,1.904602289199829,1.9940345287322998,0.0894322395324707
167,TH0011AV/viewpoint_simulated_55_surface0.pcd,Testing,2.0924322605133057,1.993209958076477,0.09922230243682861
168,TH0011AV/viewpoint_simulated_56_surface0.pcd,Testing,1.9165009260177612,2.176936388015747,0.26043546199798584
169,TH0011AV/viewpoint_simulated_57_surface0.pcd,Testing,1.9335535764694214,2.1297264099121094,0.196172833442688
170,TH0011AV/viewpoint_simulated_58_surface0.pcd,Testing,2.0044381618499756,2.402750253677368,0.3983120918273926
171,TH0011AV/viewpoint_simulated_59_surface0.pcd,Testing,2.023759126663208,2.3428847789764404,0.3191256523132324
172,TH0011AV/viewpoint_simulated_6_surface0.pcd,Testing,1.9616607427597046,1.9606118202209473,0.0010489225387573242
173,TH0011AV/viewpoint_simulated_60_surface0.pcd,Testing,2.0883092880249023,2.26389479637146,0.17558550834655762
174,TH0011AV/viewpoint_simulated_61_surface0.pcd,Testing,2.044757127761841,2.206287145614624,0.1615300178527832
175,TH0011AV/viewpoint_simulated_62_surface0.pcd,Testing,2.0747814178466797,2.1237947940826416,0.049013376235961914
176,TH0011AV/viewpoint_simulated_63_surface0.pcd,Testing,2.1458616256713867,2.1450729370117188,0.0007886886596679688
177,TH0011AV/viewpoint_simulated_64_surface0.pcd,Testing,2.124051809310913,2.004429817199707,0.11962199211120605
178,TH0011AV/viewpoint_simulated_65_surface0.pcd,Testing,1.8762989044189453,1.9195911884307861,0.04329228401184082
179,TH0011AV/viewpoint_simulated_66_surface0.pcd,Testing,2.054567575454712,1.9658681154251099,0.08869946002960205
180,TH0011AV/viewpoint_simulated_67_surface0.pcd,Testing,2.0024971961975098,1.9710605144500732,0.03143668174743652
181,TH0011AV/viewpoint_simulated_68_surface0.pcd,Testing,2.0676498413085938,2.1140048503875732,0.04635500907897949
182,TH0011AV/viewpoint_simulated_69_surface0.pcd,Testing,2.0326666831970215,2.1984024047851562,0.16573572158813477
183,TH0011AV/viewpoint_simulated_7_surface0.pcd,Testing,1.8497097492218018,1.9863884449005127,0.13667869567871094
184,TH0011AV/viewpoint_simulated_70_surface0.pcd,Testing,1.9914592504501343,2.4036543369293213,0.412195086479187
185,TH0011AV/viewpoint_simulated_71_surface0.pcd,Testing,1.9814586639404297,2.335681676864624,0.35422301292419434
186,TH0011AV/viewpoint_simulated_72_surface0.pcd,Testing,1.8540823459625244,1.9210351705551147,0.06695282459259033
187,TH0011AV/viewpoint_simulated_73_surface0.pcd,Testing,1.981850504875183,1.8725862503051758,0.10926425457000732
188,TH0011AV/viewpoint_simulated_74_surface0.pcd,Testing,1.9850715398788452,1.9720673561096191,0.013004183769226074
189,TH0011AV/viewpoint_simulated_75_surface0.pcd,Testing,1.8670138120651245,1.9779843091964722,0.11097049713134766
190,TH0011AV/viewpoint_simulated_76_surface0.pcd,Testing,1.9379768371582031,1.9534037113189697,0.015426874160766602
191,TH0011AV/viewpoint_simulated_77_surface0.pcd,Testing,2.081779718399048,1.9421268701553345,0.13965284824371338
192,TH0011AV/viewpoint_simulated_78_surface0.pcd,Testing,2.0226213932037354,1.980862021446228,0.041759371757507324
193,TH0011AV/viewpoint_simulated_79_surface0.pcd,Testing,1.9952510595321655,1.9773590564727783,0.017892003059387207
194,TH0011AV/viewpoint_simulated_8_surface0.pcd,Testing,1.9647074937820435,1.9933497905731201,0.02864229679107666
195,TH0011AV/viewpoint_simulated_80_surface0.pcd,Testing,1.9990620613098145,2.0104126930236816,0.011350631713867188
196,TH0011AV/viewpoint_simulated_81_surface0.pcd,Testing,2.041126012802124,1.9924442768096924,0.04868173599243164
197,TH0011AV/viewpoint_simulated_82_surface0.pcd,Testing,2.0651214122772217,1.9273269176483154,0.13779449462890625
198,TH0011AV/viewpoint_simulated_83_surface0.pcd,Testing,1.9687294960021973,1.9340680837631226,0.03466141223907471
199,TH0011AV/viewpoint_simulated_84_surface0.pcd,Testing,2.118514060974121,1.9322457313537598,0.18626832962036133
200,TH0011AV/viewpoint_simulated_85_surface0.pcd,Testing,1.9665179252624512,1.9363508224487305,0.030167102813720703
201,TH0011AV/viewpoint_simulated_86_surface0.pcd,Testing,1.9720628261566162,1.9609086513519287,0.0111541748046875
202,TH0011AV/viewpoint_simulated_87_surface0.pcd,Testing,1.964191198348999,2.0378072261810303,0.07361602783203125
203,TH0011AV/viewpoint_simulated_88_surface0.pcd,Testing,1.9798356294631958,1.9783215522766113,0.0015140771865844727
204,TH0011AV/viewpoint_simulated_89_surface0.pcd,Testing,1.9563591480255127,1.9462426900863647,0.01011645793914795
205,TH0011AV/viewpoint_simulated_9_surface0.pcd,Testing,1.984969973564148,1.9769871234893799,0.007982850074768066
206,TH0011AV/viewpoint_simulated_90_surface0.pcd,Testing,1.9928370714187622,1.965107798576355,0.027729272842407227
207,TH0011AV/viewpoint_simulated_91_surface0.pcd,Testing,2.0018599033355713,1.999610424041748,0.002249479293823242
208,TH0011AV/viewpoint_simulated_92_surface0.pcd,Testing,2.002796173095703,2.065293788909912,0.062497615814208984
209,TH0011AV/viewpoint_simulated_93_surface0.pcd,Testing,2.0275847911834717,2.0758042335510254,0.04821944236755371
210,TH0011AV/viewpoint_simulated_94_surface0.pcd,Testing,1.9472159147262573,2.044415235519409,0.09719932079315186
211,TH0011AV/viewpoint_simulated_95_surface0.pcd,Testing,1.859683871269226,2.030679702758789,0.170995831489563
212,TH0011AV/viewpoint_simulated_96_surface0.pcd,Testing,2.0808842182159424,2.05671763420105,0.024166584014892578
213,TH0011AV/viewpoint_simulated_97_surface0.pcd,Testing,2.0958311557769775,1.9565062522888184,0.13932490348815918
214,TH0011AV/viewpoint_simulated_98_surface0.pcd,Testing,2.186371088027954,2.091351270675659,0.09501981735229492
215,TH0011AV/viewpoint_simulated_99_surface0.pcd,Testing,2.022965908050537,2.1233770847320557,0.10041117668151855
216,TH0011AV/viewpoint_simulated_0_surface1.pcd,Testing,2.128265380859375,2.0961992740631104,0.03206610679626465
217,TH0011AV/viewpoint_simulated_1_surface1.pcd,Testing,2.131209135055542,2.0861194133758545,0.0450897216796875
218,TH0011AV/viewpoint_simulated_10_surface1.pcd,Testing,2.212401866912842,2.1628215312957764,0.04958033561706543
219,TH0011AV/viewpoint_simulated_100_surface1.pcd,Testing,2.146007776260376,2.1745452880859375,0.028537511825561523
220,TH0011AV/viewpoint_simulated_101_surface1.pcd,Testing,2.1212058067321777,2.1121838092803955,0.009021997451782227
221,TH0011AV/viewpoint_simulated_102_surface1.pcd,Testing,2.165198564529419,2.129178524017334,0.03602004051208496
222,TH0011AV/viewpoint_simulated_103_surface1.pcd,Testing,2.1959822177886963,2.177088499069214,0.018893718719482422
223,TH0011AV/viewpoint_simulated_104_surface1.pcd,Testing,2.113966703414917,2.233483076095581,0.11951637268066406
224,TH0011AV/viewpoint_simulated_105_surface1.pcd,Testing,2.1620240211486816,2.2149596214294434,0.05293560028076172
225,TH0011AV/viewpoint_simulated_106_surface1.pcd,Testing,2.0805349349975586,2.1763546466827393,0.09581971168518066
226,TH0011AV/viewpoint_simulated_107_surface1.pcd,Testing,2.123145341873169,2.1695804595947266,0.04643511772155762
227,TH0011AV/viewpoint_simulated_108_surface1.pcd,Testing,2.198530673980713,2.0846123695373535,0.11391830444335938
228,TH0011AV/viewpoint_simulated_109_surface1.pcd,Testing,2.138434886932373,2.1296958923339844,0.008738994598388672
229,TH0011AV/viewpoint_simulated_11_surface1.pcd,Testing,2.085387945175171,2.074448585510254,0.010939359664916992
230,TH0011AV/viewpoint_simulated_110_surface1.pcd,Testing,2.1659786701202393,2.1289799213409424,0.036998748779296875
231,TH0011AV/viewpoint_simulated_111_surface1.pcd,Testing,2.273636817932129,2.166236400604248,0.10740041732788086
232,TH0011AV/viewpoint_simulated_112_surface1.pcd,Testing,2.1734619140625,2.058393716812134,0.11506819725036621
233,TH0011AV/viewpoint_simulated_113_surface1.pcd,Testing,2.1029818058013916,2.075688600540161,0.02729320526123047
234,TH0011AV/viewpoint_simulated_114_surface1.pcd,Testing,2.1463022232055664,2.081162452697754,0.0651397705078125
235,TH0011AV/viewpoint_simulated_115_surface1.pcd,Testing,2.119218587875366,2.1666274070739746,0.0474088191986084
236,TH0011AV/viewpoint_simulated_116_surface1.pcd,Testing,2.2038590908050537,2.1853885650634766,0.01847052574157715
237,TH0011AV/viewpoint_simulated_117_surface1.pcd,Testing,2.036015748977661,2.233638286590576,0.19762253761291504
238,TH0011AV/viewpoint_simulated_118_surface1.pcd,Testing,2.0614631175994873,2.086547613143921,0.025084495544433594
239,TH0011AV/viewpoint_simulated_119_surface1.pcd,Testing,2.3395798206329346,2.2346789836883545,0.10490083694458008
240,TH0011AV/viewpoint_simulated_12_surface1.pcd,Testing,2.230900287628174,2.0783536434173584,0.15254664421081543
241,TH0011AV/viewpoint_simulated_120_surface1.pcd,Testing,2.2577996253967285,2.1489593982696533,0.1088402271270752
242,TH0011AV/viewpoint_simulated_121_surface1.pcd,Testing,2.1517879962921143,2.2058534622192383,0.05406546592712402
243,TH0011AV/viewpoint_simulated_122_surface1.pcd,Testing,2.3015949726104736,2.1179935932159424,0.18360137939453125
244,TH0011AV/viewpoint_simulated_123_surface1.pcd,Testing,2.13057541847229,2.138139009475708,0.007563591003417969
245,TH0011AV/viewpoint_simulated_124_surface1.pcd,Testing,2.1393818855285645,2.067342519760132,0.07203936576843262
246,TH0011AV/viewpoint_simulated_125_surface1.pcd,Testing,2.1304643154144287,2.1316187381744385,0.0011544227600097656
247,TH0011AV/viewpoint_simulated_126_surface1.pcd,Testing,2.1313490867614746,2.081846237182617,0.04950284957885742
248,TH0011AV/viewpoint_simulated_127_surface1.pcd,Testing,2.160454034805298,2.158470630645752,0.0019834041595458984
249,TH0011AV/viewpoint_simulated_128_surface1.pcd,Testing,2.2233526706695557,2.185678005218506,0.037674665451049805
250,TH0011AV/viewpoint_simulated_129_surface1.pcd,Testing,2.2151105403900146,2.2264797687530518,0.01136922836303711
251,TH0011AV/viewpoint_simulated_13_surface1.pcd,Testing,2.089681386947632,2.0585720539093018,0.031109333038330078
252,TH0011AV/viewpoint_simulated_130_surface1.pcd,Testing,2.003007411956787,2.0047781467437744,0.0017707347869873047
253,TH0011AV/viewpoint_simulated_131_surface1.pcd,Testing,2.1502256393432617,2.162358045578003,0.012132406234741211
254,TH0011AV/viewpoint_simulated_132_surface1.pcd,Testing,2.211101770401001,2.1128671169281006,0.09823465347290039
255,TH0011AV/viewpoint_simulated_133_surface1.pcd,Testing,2.450852870941162,2.2869086265563965,0.16394424438476562
256,TH0011AV/viewpoint_simulated_134_surface1.pcd,Testing,2.108729839324951,2.204066514968872,0.0953366756439209
257,TH0011AV/viewpoint_simulated_135_surface1.pcd,Testing,2.184128761291504,2.084381341934204,0.0997474193572998
258,TH0011AV/viewpoint_simulated_136_surface1.pcd,Testing,2.0904324054718018,2.0065436363220215,0.08388876914978027
259,TH0011AV/viewpoint_simulated_137_surface1.pcd,Testing,2.223862886428833,2.179936170578003,0.04392671585083008
260,TH0011AV/viewpoint_simulated_138_surface1.pcd,Testing,2.2598979473114014,2.1279304027557373,0.13196754455566406
261,TH0011AV/viewpoint_simulated_139_surface1.pcd,Testing,2.105032205581665,2.0809996128082275,0.0240325927734375
262,TH0011AV/viewpoint_simulated_14_surface1.pcd,Testing,2.1290481090545654,2.0898258686065674,0.03922224044799805
263,TH0011AV/viewpoint_simulated_140_surface1.pcd,Testing,2.273948907852173,2.192253351211548,0.081695556640625
264,TH0011AV/viewpoint_simulated_141_surface1.pcd,Testing,2.160475730895996,2.1766955852508545,0.0162198543548584
265,TH0011AV/viewpoint_simulated_142_surface1.pcd,Testing,2.142395496368408,2.1307599544525146,0.011635541915893555
266,TH0011AV/viewpoint_simulated_143_surface1.pcd,Testing,2.2157599925994873,2.1480982303619385,0.06766176223754883
267,TH0011AV/viewpoint_simulated_144_surface1.pcd,Testing,2.216135263442993,2.0754873752593994,0.14064788818359375
268,TH0011AV/viewpoint_simulated_145_surface1.pcd,Testing,2.0107622146606445,2.049443244934082,0.0386810302734375
269,TH0011AV/viewpoint_simulated_146_surface1.pcd,Testing,2.1533334255218506,2.0615217685699463,0.0918116569519043
270,TH0011AV/viewpoint_simulated_147_surface1.pcd,Testing,2.0754590034484863,2.091405153274536,0.015946149826049805
271,TH0011AV/viewpoint_simulated_148_surface1.pcd,Testing,2.148822069168091,2.0601649284362793,0.08865714073181152
272,TH0011AV/viewpoint_simulated_149_surface1.pcd,Testing,2.1202569007873535,2.106114625930786,0.014142274856567383
273,TH0011AV/viewpoint_simulated_15_surface1.pcd,Testing,2.0516133308410645,2.088609457015991,0.03699612617492676
274,TH0011AV/viewpoint_simulated_150_surface1.pcd,Testing,2.052278757095337,2.1354668140411377,0.08318805694580078
275,TH0011AV/viewpoint_simulated_151_surface1.pcd,Testing,2.230623483657837,2.1473562717437744,0.0832672119140625
276,TH0011AV/viewpoint_simulated_152_surface1.pcd,Testing,2.232792615890503,2.163170576095581,0.06962203979492188
277,TH0011AV/viewpoint_simulated_153_surface1.pcd,Testing,2.210880994796753,2.166991949081421,0.04388904571533203
278,TH0011AV/viewpoint_simulated_154_surface1.pcd,Testing,2.1417620182037354,2.137042760848999,0.004719257354736328
279,TH0011AV/viewpoint_simulated_155_surface1.pcd,Testing,2.011185884475708,2.080693244934082,0.06950736045837402
280,TH0011AV/viewpoint_simulated_156_surface1.pcd,Testing,2.2667219638824463,2.069920301437378,0.19680166244506836
281,TH0011AV/viewpoint_simulated_157_surface1.pcd,Testing,2.0979506969451904,2.0561628341674805,0.04178786277770996
282,TH0011AV/viewpoint_simulated_158_surface1.pcd,Testing,2.256802797317505,2.0947859287261963,0.1620168685913086
283,TH0011AV/viewpoint_simulated_159_surface1.pcd,Testing,2.1284019947052,2.089505195617676,0.038896799087524414
284,TH0011AV/viewpoint_simulated_16_surface1.pcd,Testing,2.0381767749786377,2.0399467945098877,0.00177001953125
285,TH0011AV/viewpoint_simulated_160_surface1.pcd,Testing,2.0907344818115234,2.094149589538574,0.0034151077270507812
286,TH0011AV/viewpoint_simulated_161_surface1.pcd,Testing,2.1375555992126465,2.100087881088257,0.03746771812438965
287,TH0011AV/viewpoint_simulated_162_surface1.pcd,Testing,2.060419797897339,2.092611312866211,0.03219151496887207
288,TH0011AV/viewpoint_simulated_163_surface1.pcd,Testing,2.010655641555786,2.104250192642212,0.09359455108642578
289,TH0011AV/viewpoint_simulated_164_surface1.pcd,Testing,2.1044657230377197,2.159607410430908,0.05514168739318848
290,TH0011AV/viewpoint_simulated_165_surface1.pcd,Testing,2.054051399230957,2.1696503162384033,0.11559891700744629
291,TH0011AV/viewpoint_simulated_166_surface1.pcd,Testing,2.041137933731079,2.185441732406616,0.1443037986755371
292,TH0011AV/viewpoint_simulated_167_surface1.pcd,Testing,2.196462631225586,2.1512436866760254,0.04521894454956055
293,TH0011AV/viewpoint_simulated_168_surface1.pcd,Testing,2.1786298751831055,2.05879282951355,0.11983704566955566
294,TH0011AV/viewpoint_simulated_169_surface1.pcd,Testing,2.0029006004333496,2.002030611038208,0.0008699893951416016
295,TH0011AV/viewpoint_simulated_17_surface1.pcd,Testing,2.1857244968414307,2.166936159133911,0.01878833770751953
296,TH0011AV/viewpoint_simulated_170_surface1.pcd,Testing,2.184394359588623,2.1523635387420654,0.03203082084655762
297,TH0011AV/viewpoint_simulated_171_surface1.pcd,Testing,2.206857681274414,2.153014659881592,0.053843021392822266
298,TH0011AV/viewpoint_simulated_172_surface1.pcd,Testing,2.1736106872558594,2.133539915084839,0.04007077217102051
299,TH0011AV/viewpoint_simulated_173_surface1.pcd,Testing,2.0431277751922607,2.1178154945373535,0.07468771934509277
300,TH0011AV/viewpoint_simulated_174_surface1.pcd,Testing,2.150425434112549,2.131089448928833,0.01933598518371582
301,TH0011AV/viewpoint_simulated_175_surface1.pcd,Testing,2.0422286987304688,2.1689560413360596,0.12672734260559082
302,TH0011AV/viewpoint_simulated_176_surface1.pcd,Testing,2.192394256591797,2.1798112392425537,0.012583017349243164
303,TH0011AV/viewpoint_simulated_177_surface1.pcd,Testing,2.2468903064727783,2.2092983722686768,0.03759193420410156
304,TH0011AV/viewpoint_simulated_178_surface1.pcd,Testing,2.1442818641662598,2.1705424785614014,0.0262606143951416
305,TH0011AV/viewpoint_simulated_179_surface1.pcd,Testing,2.219944477081299,2.1670520305633545,0.052892446517944336
306,TH0011AV/viewpoint_simulated_18_surface1.pcd,Testing,2.266300678253174,2.1623005867004395,0.10400009155273438
307,TH0011AV/viewpoint_simulated_180_surface1.pcd,Testing,2.0617258548736572,2.0941529273986816,0.032427072525024414
308,TH0011AV/viewpoint_simulated_181_surface1.pcd,Testing,2.3197200298309326,2.155494451522827,0.16422557830810547
309,TH0011AV/viewpoint_simulated_182_surface1.pcd,Testing,2.0948824882507324,2.1227920055389404,0.027909517288208008
310,TH0011AV/viewpoint_simulated_183_surface1.pcd,Testing,2.192725658416748,2.1506478786468506,0.04207777976989746
311,TH0011AV/viewpoint_simulated_184_surface1.pcd,Testing,2.0991501808166504,2.1418046951293945,0.04265451431274414
312,TH0011AV/viewpoint_simulated_185_surface1.pcd,Testing,2.130869150161743,2.129455089569092,0.0014140605926513672
313,TH0011AV/viewpoint_simulated_186_surface1.pcd,Testing,2.003338098526001,2.030599594116211,0.02726149559020996
314,TH0011AV/viewpoint_simulated_187_surface1.pcd,Testing,2.215916633605957,2.1210203170776367,0.09489631652832031
315,TH0011AV/viewpoint_simulated_188_surface1.pcd,Testing,2.1481282711029053,2.2103769779205322,0.06224870681762695
316,TH0011AV/viewpoint_simulated_189_surface1.pcd,Testing,2.230193853378296,2.227318048477173,0.002875804901123047
317,TH0011AV/viewpoint_simulated_19_surface1.pcd,Testing,2.2492520809173584,2.1806585788726807,0.06859350204467773
318,TH0011AV/viewpoint_simulated_190_surface1.pcd,Testing,2.049405574798584,2.082575798034668,0.033170223236083984
319,TH0011AV/viewpoint_simulated_191_surface1.pcd,Testing,2.2623300552368164,2.2050230503082275,0.05730700492858887
320,TH0011AV/viewpoint_simulated_192_surface1.pcd,Testing,2.2470862865448,2.1467738151550293,0.10031247138977051
321,TH0011AV/viewpoint_simulated_193_surface1.pcd,Testing,2.156919240951538,2.2069320678710938,0.050012826919555664
322,TH0011AV/viewpoint_simulated_194_surface1.pcd,Testing,2.0699570178985596,2.10321044921875,0.03325343132019043
323,TH0011AV/viewpoint_simulated_195_surface1.pcd,Testing,2.2652740478515625,2.1509408950805664,0.1143331527709961
324,TH0011AV/viewpoint_simulated_196_surface1.pcd,Testing,2.106006622314453,2.0749926567077637,0.031013965606689453
325,TH0011AV/viewpoint_simulated_197_surface1.pcd,Testing,2.07612943649292,2.1590235233306885,0.08289408683776855
326,TH0011AV/viewpoint_simulated_198_surface1.pcd,Testing,2.1348085403442383,2.0923118591308594,0.042496681213378906
327,TH0011AV/viewpoint_simulated_199_surface1.pcd,Testing,2.2041592597961426,2.1045331954956055,0.09962606430053711
328,TH0011AV/viewpoint_simulated_2_surface1.pcd,Testing,2.082557439804077,2.0985796451568604,0.016022205352783203
329,TH0011AV/viewpoint_simulated_20_surface1.pcd,Testing,2.227741241455078,2.2008001804351807,0.02694106101989746
330,TH0011AV/viewpoint_simulated_200_surface1.pcd,Testing,2.280627727508545,2.212289333343506,0.06833839416503906
331,TH0011AV/viewpoint_simulated_201_surface1.pcd,Testing,2.292663097381592,2.236600637435913,0.05606245994567871
332,TH0011AV/viewpoint_simulated_202_surface1.pcd,Testing,2.1561691761016846,2.0342419147491455,0.12192726135253906
333,TH0011AV/viewpoint_simulated_203_surface1.pcd,Testing,2.2238399982452393,2.1902401447296143,0.033599853515625
334,TH0011AV/viewpoint_simulated_204_surface1.pcd,Testing,2.1009411811828613,2.098120927810669,0.002820253372192383
335,TH0011AV/viewpoint_simulated_205_surface1.pcd,Testing,2.184000015258789,2.2883377075195312,0.10433769226074219
336,TH0011AV/viewpoint_simulated_206_surface1.pcd,Testing,2.1512303352355957,2.083556890487671,0.0676734447479248
337,TH0011AV/viewpoint_simulated_207_surface1.pcd,Testing,2.094428300857544,2.089559316635132,0.004868984222412109
338,TH0011AV/viewpoint_simulated_208_surface1.pcd,Testing,1.9791995286941528,2.010138988494873,0.030939459800720215
339,TH0011AV/viewpoint_simulated_209_surface1.pcd,Testing,2.2969326972961426,2.201336145401001,0.0955965518951416
340,TH0011AV/viewpoint_simulated_21_surface1.pcd,Testing,2.13454532623291,2.198174238204956,0.0636289119720459
341,TH0011AV/viewpoint_simulated_210_surface1.pcd,Testing,2.1034302711486816,2.1191036701202393,0.015673398971557617
342,TH0011AV/viewpoint_simulated_211_surface1.pcd,Testing,2.2399332523345947,2.117812156677246,0.12212109565734863
343,TH0011AV/viewpoint_simulated_212_surface1.pcd,Testing,2.2425830364227295,2.2148334980010986,0.02774953842163086
344,TH0011AV/viewpoint_simulated_213_surface1.pcd,Testing,2.067472219467163,2.2016642093658447,0.13419198989868164
345,TH0011AV/viewpoint_simulated_214_surface1.pcd,Testing,2.21688175201416,2.1345760822296143,0.0823056697845459
346,TH0011AV/viewpoint_simulated_215_surface1.pcd,Testing,2.0717194080352783,2.1472599506378174,0.07554054260253906
347,TH0011AV/viewpoint_simulated_22_surface1.pcd,Testing,2.2060887813568115,2.252268075942993,0.04617929458618164
348,TH0011AV/viewpoint_simulated_23_surface1.pcd,Testing,2.0777475833892822,2.1650307178497314,0.08728313446044922
349,TH0011AV/viewpoint_simulated_24_surface1.pcd,Testing,2.225424289703369,2.12459397315979,0.1008303165435791
350,TH0011AV/viewpoint_simulated_25_surface1.pcd,Testing,2.1070797443389893,2.0703189373016357,0.036760807037353516
351,TH0011AV/viewpoint_simulated_26_surface1.pcd,Testing,2.1658413410186768,2.178464412689209,0.012623071670532227
352,TH0011AV/viewpoint_simulated_27_surface1.pcd,Testing,2.1091482639312744,2.121324062347412,0.012175798416137695
353,TH0011AV/viewpoint_simulated_28_surface1.pcd,Testing,2.2555477619171143,2.138636589050293,0.11691117286682129
354,TH0011AV/viewpoint_simulated_29_surface1.pcd,Testing,2.157567024230957,2.1253936290740967,0.03217339515686035
355,TH0011AV/viewpoint_simulated_3_surface1.pcd,Testing,2.0379040241241455,2.0986263751983643,0.06072235107421875
356,TH0011AV/viewpoint_simulated_30_surface1.pcd,Testing,2.13580584526062,2.1317429542541504,0.0040628910064697266
357,TH0011AV/viewpoint_simulated_31_surface1.pcd,Testing,2.159146547317505,2.160658597946167,0.0015120506286621094
358,TH0011AV/viewpoint_simulated_32_surface1.pcd,Testing,2.271247148513794,2.257838010787964,0.013409137725830078
359,TH0011AV/viewpoint_simulated_33_surface1.pcd,Testing,2.2050557136535645,2.223180055618286,0.01812434196472168
360,TH0011AV/viewpoint_simulated_34_surface1.pcd,Testing,2.2109735012054443,2.1792795658111572,0.03169393539428711
361,TH0011AV/viewpoint_simulated_35_surface1.pcd,Testing,2.1493701934814453,2.151383638381958,0.0020134449005126953
362,TH0011AV/viewpoint_simulated_36_surface1.pcd,Testing,2.2233614921569824,2.1556148529052734,0.06774663925170898
363,TH0011AV/viewpoint_simulated_37_surface1.pcd,Testing,2.1426146030426025,2.1132161617279053,0.029398441314697266
364,TH0011AV/viewpoint_simulated_38_surface1.pcd,Testing,2.0787954330444336,2.074328899383545,0.004466533660888672
365,TH0011AV/viewpoint_simulated_39_surface1.pcd,Testing,2.181842803955078,2.1324188709259033,0.049423933029174805
366,TH0011AV/viewpoint_simulated_4_surface1.pcd,Testing,2.2050914764404297,2.115206003189087,0.08988547325134277
367,TH0011AV/viewpoint_simulated_40_surface1.pcd,Testing,2.1764018535614014,2.1884586811065674,0.012056827545166016
368,TH0011AV/viewpoint_simulated_41_surface1.pcd,Testing,2.1651458740234375,2.151120662689209,0.014025211334228516
369,TH0011AV/viewpoint_simulated_42_surface1.pcd,Testing,2.0969135761260986,2.082249402999878,0.014664173126220703
370,TH0011AV/viewpoint_simulated_43_surface1.pcd,Testing,2.2261524200439453,2.1277682781219482,0.09838414192199707
371,TH0011AV/viewpoint_simulated_44_surface1.pcd,Testing,2.0632855892181396,2.2172038555145264,0.15391826629638672
372,TH0011AV/viewpoint_simulated_45_surface1.pcd,Testing,2.2462589740753174,2.2205607891082764,0.025698184967041016
373,TH0011AV/viewpoint_simulated_46_surface1.pcd,Testing,2.1202609539031982,2.0832457542419434,0.03701519966125488
374,TH0011AV/viewpoint_simulated_47_surface1.pcd,Testing,2.1152267456054688,2.2261717319488525,0.11094498634338379
375,TH0011AV/viewpoint_simulated_48_surface1.pcd,Testing,2.1665852069854736,2.1523852348327637,0.014199972152709961
376,TH0011AV/viewpoint_simulated_49_surface1.pcd,Testing,2.0247642993927,2.1619112491607666,0.1371469497680664
377,TH0011AV/viewpoint_simulated_5_surface1.pcd,Testing,2.0331668853759766,2.1448299884796143,0.1116631031036377
378,TH0011AV/viewpoint_simulated_50_surface1.pcd,Testing,2.0891213417053223,2.133812189102173,0.044690847396850586
379,TH0011AV/viewpoint_simulated_51_surface1.pcd,Testing,2.2345376014709473,2.078866720199585,0.1556708812713623
380,TH0011AV/viewpoint_simulated_52_surface1.pcd,Testing,2.2363240718841553,2.0579049587249756,0.1784191131591797
381,TH0011AV/viewpoint_simulated_53_surface1.pcd,Testing,2.2064380645751953,2.1721913814544678,0.03424668312072754
382,TH0011AV/viewpoint_simulated_54_surface1.pcd,Testing,2.193399429321289,2.0788583755493164,0.11454105377197266
383,TH0011AV/viewpoint_simulated_55_surface1.pcd,Testing,2.259211540222168,2.204953908920288,0.05425763130187988
384,TH0011AV/viewpoint_simulated_56_surface1.pcd,Testing,2.1149990558624268,2.1718239784240723,0.05682492256164551
385,TH0011AV/viewpoint_simulated_57_surface1.pcd,Testing,2.1827566623687744,2.1861178874969482,0.003361225128173828
386,TH0011AV/viewpoint_simulated_58_surface1.pcd,Testing,2.2517223358154297,2.005398988723755,0.2463233470916748
387,TH0011AV/viewpoint_simulated_59_surface1.pcd,Testing,2.2660834789276123,2.1858208179473877,0.08026266098022461
388,TH0011AV/viewpoint_simulated_6_surface1.pcd,Testing,2.171018362045288,2.162597417831421,0.008420944213867188
389,TH0011AV/viewpoint_simulated_60_surface1.pcd,Testing,2.237335205078125,2.1044070720672607,0.13292813301086426
390,TH0011AV/viewpoint_simulated_61_surface1.pcd,Testing,2.1641018390655518,2.271571159362793,0.10746932029724121
391,TH0011AV/viewpoint_simulated_62_surface1.pcd,Testing,2.401526689529419,2.2321865558624268,0.1693401336669922
392,TH0011AV/viewpoint_simulated_63_surface1.pcd,Testing,2.0864639282226562,2.044813632965088,0.04165029525756836
393,TH0011AV/viewpoint_simulated_64_surface1.pcd,Testing,2.2404868602752686,2.0983383655548096,0.14214849472045898
394,TH0011AV/viewpoint_simulated_65_surface1.pcd,Testing,2.144279956817627,2.1217644214630127,0.022515535354614258
395,TH0011AV/viewpoint_simulated_66_surface1.pcd,Testing,2.1603708267211914,2.1784119606018066,0.018041133880615234
396,TH0011AV/viewpoint_simulated_67_surface1.pcd,Testing,2.14784836769104,2.0691936016082764,0.07865476608276367
397,TH0011AV/viewpoint_simulated_68_surface1.pcd,Testing,2.1207542419433594,2.1414883136749268,0.020734071731567383
398,TH0011AV/viewpoint_simulated_69_surface1.pcd,Testing,2.093841314315796,2.1614973545074463,0.06765604019165039
399,TH0011AV/viewpoint_simulated_7_surface1.pcd,Testing,2.034449815750122,2.12030291557312,0.08585309982299805
400,TH0011AV/viewpoint_simulated_70_surface1.pcd,Testing,2.2231502532958984,2.13765811920166,0.08549213409423828
401,TH0011AV/viewpoint_simulated_71_surface1.pcd,Testing,2.164416551589966,2.1525204181671143,0.011896133422851562
402,TH0011AV/viewpoint_simulated_72_surface1.pcd,Testing,2.1103649139404297,2.090529680252075,0.019835233688354492
403,TH0011AV/viewpoint_simulated_73_surface1.pcd,Testing,2.0554583072662354,2.0719006061553955,0.016442298889160156
404,TH0011AV/viewpoint_simulated_74_surface1.pcd,Testing,2.130803346633911,2.0676939487457275,0.0631093978881836
405,TH0011AV/viewpoint_simulated_75_surface1.pcd,Testing,2.0454888343811035,2.072553873062134,0.027065038681030273
406,TH0011AV/viewpoint_simulated_76_surface1.pcd,Testing,2.163252592086792,2.1116442680358887,0.05160832405090332
407,TH0011AV/viewpoint_simulated_77_surface1.pcd,Testing,2.0621485710144043,2.1315836906433105,0.06943511962890625
408,TH0011AV/viewpoint_simulated_78_surface1.pcd,Testing,2.1052098274230957,2.141592502593994,0.03638267517089844
409,TH0011AV/viewpoint_simulated_79_surface1.pcd,Testing,2.064241886138916,2.157583475112915,0.09334158897399902
410,TH0011AV/viewpoint_simulated_8_surface1.pcd,Testing,2.196697950363159,2.166091203689575,0.030606746673583984
411,TH0011AV/viewpoint_simulated_80_surface1.pcd,Testing,2.1896204948425293,2.1629436016082764,0.02667689323425293
412,TH0011AV/viewpoint_simulated_81_surface1.pcd,Testing,2.1031367778778076,2.140498638153076,0.037361860275268555
413,TH0011AV/viewpoint_simulated_82_surface1.pcd,Testing,2.1336865425109863,2.1419270038604736,0.008240461349487305
414,TH0011AV/viewpoint_simulated_83_surface1.pcd,Testing,2.103111982345581,2.070279121398926,0.03283286094665527
415,TH0011AV/viewpoint_simulated_84_surface1.pcd,Testing,2.1394131183624268,2.070221185684204,0.06919193267822266
416,TH0011AV/viewpoint_simulated_85_surface1.pcd,Testing,2.1859934329986572,2.04638409614563,0.13960933685302734
417,TH0011AV/viewpoint_simulated_86_surface1.pcd,Testing,2.0472941398620605,2.108403444290161,0.061109304428100586
418,TH0011AV/viewpoint_simulated_87_surface1.pcd,Testing,2.189892530441284,2.0821421146392822,0.10775041580200195
419,TH0011AV/viewpoint_simulated_88_surface1.pcd,Testing,2.191833734512329,2.0522027015686035,0.13963103294372559
420,TH0011AV/viewpoint_simulated_89_surface1.pcd,Testing,2.0516858100891113,2.156633138656616,0.10494732856750488
421,TH0011AV/viewpoint_simulated_9_surface1.pcd,Testing,2.208043098449707,2.1790759563446045,0.02896714210510254
422,TH0011AV/viewpoint_simulated_90_surface1.pcd,Testing,2.0756051540374756,2.134887218475342,0.05928206443786621
423,TH0011AV/viewpoint_simulated_91_surface1.pcd,Testing,2.0422003269195557,2.094531774520874,0.05233144760131836
424,TH0011AV/viewpoint_simulated_92_surface1.pcd,Testing,2.0491933822631836,2.1606857776641846,0.11149239540100098
425,TH0011AV/viewpoint_simulated_93_surface1.pcd,Testing,2.1216955184936523,2.1594274044036865,0.03773188591003418
426,TH0011AV/viewpoint_simulated_94_surface1.pcd,Testing,2.250593423843384,2.194589376449585,0.05600404739379883
427,TH0011AV/viewpoint_simulated_95_surface1.pcd,Testing,2.1970109939575195,2.1748411655426025,0.022169828414916992
428,TH0011AV/viewpoint_simulated_96_surface1.pcd,Testing,2.152330160140991,2.0589394569396973,0.09339070320129395
429,TH0011AV/viewpoint_simulated_97_surface1.pcd,Testing,2.178673028945923,2.039496898651123,0.1391761302947998
430,TH0011AV/viewpoint_simulated_98_surface1.pcd,Testing,2.254410743713379,2.1630499362945557,0.09136080741882324
431,TH0011AV/viewpoint_simulated_99_surface1.pcd,Testing,2.2213408946990967,2.150667905807495,0.07067298889160156
432,TH0012AV/viewpoint_simulated_0_surface0.pcd,Testing,1.9259791374206543,1.8852823972702026,0.04069674015045166
433,TH0012AV/viewpoint_simulated_1_surface0.pcd,Testing,1.9877233505249023,1.931735634803772,0.05598771572113037
434,TH0012AV/viewpoint_simulated_10_surface0.pcd,Testing,2.0824904441833496,1.9708207845687866,0.11166965961456299
435,TH0012AV/viewpoint_simulated_100_surface0.pcd,Testing,1.9662419557571411,2.061133861541748,0.09489190578460693
436,TH0012AV/viewpoint_simulated_101_surface0.pcd,Testing,1.9829802513122559,1.9495939016342163,0.03338634967803955
437,TH0012AV/viewpoint_simulated_102_surface0.pcd,Testing,1.9782536029815674,2.009169578552246,0.03091597557067871
438,TH0012AV/viewpoint_simulated_103_surface0.pcd,Testing,2.021815299987793,2.0525617599487305,0.0307464599609375
439,TH0012AV/viewpoint_simulated_104_surface0.pcd,Testing,2.062898635864258,2.145942449569702,0.08304381370544434
440,TH0012AV/viewpoint_simulated_105_surface0.pcd,Testing,2.051703929901123,2.117149591445923,0.0654456615447998
441,TH0012AV/viewpoint_simulated_106_surface0.pcd,Testing,1.9106673002243042,2.229062795639038,0.3183954954147339
442,TH0012AV/viewpoint_simulated_107_surface0.pcd,Testing,2.0153491497039795,2.1824257373809814,0.16707658767700195
443,TH0012AV/viewpoint_simulated_108_surface0.pcd,Testing,2.080624580383301,2.175792932510376,0.0951683521270752
444,TH0012AV/viewpoint_simulated_109_surface0.pcd,Testing,2.106436014175415,2.0504610538482666,0.05597496032714844
445,TH0012AV/viewpoint_simulated_11_surface0.pcd,Testing,1.927385926246643,1.9219285249710083,0.005457401275634766
446,TH0012AV/viewpoint_simulated_110_surface0.pcd,Testing,2.067739725112915,2.1647679805755615,0.09702825546264648
447,TH0012AV/viewpoint_simulated_111_surface0.pcd,Testing,1.9901766777038574,2.1904523372650146,0.20027565956115723
448,TH0012AV/viewpoint_simulated_112_surface0.pcd,Testing,2.010408878326416,2.086731195449829,0.07632231712341309
449,TH0012AV/viewpoint_simulated_113_surface0.pcd,Testing,2.082979440689087,1.9551788568496704,0.1278005838394165
450,TH0012AV/viewpoint_simulated_114_surface0.pcd,Testing,1.9351598024368286,1.9887776374816895,0.05361783504486084
451,TH0012AV/viewpoint_simulated_115_surface0.pcd,Testing,2.017470359802246,2.0326125621795654,0.015142202377319336
452,TH0012AV/viewpoint_simulated_116_surface0.pcd,Testing,2.048133611679077,2.1739611625671387,0.12582755088806152
453,TH0012AV/viewpoint_simulated_117_surface0.pcd,Testing,2.148111581802368,2.117711067199707,0.030400514602661133
454,TH0012AV/viewpoint_simulated_118_surface0.pcd,Testing,1.9592126607894897,2.3219048976898193,0.3626922369003296
455,TH0012AV/viewpoint_simulated_119_surface0.pcd,Testing,1.982837438583374,2.3393924236297607,0.3565549850463867
456,TH0012AV/viewpoint_simulated_12_surface0.pcd,Testing,1.9700392484664917,1.9231317043304443,0.04690754413604736
457,TH0012AV/viewpoint_simulated_120_surface0.pcd,Testing,2.143881320953369,2.2433197498321533,0.09943842887878418
458,TH0012AV/viewpoint_simulated_121_surface0.pcd,Testing,2.1045584678649902,2.1516964435577393,0.04713797569274902
459,TH0012AV/viewpoint_simulated_122_surface0.pcd,Testing,2.0581271648406982,2.138913869857788,0.08078670501708984
460,TH0012AV/viewpoint_simulated_123_surface0.pcd,Testing,1.9759480953216553,2.1693973541259766,0.1934492588043213
461,TH0012AV/viewpoint_simulated_124_surface0.pcd,Testing,2.090810775756836,2.063330888748169,0.027479887008666992
462,TH0012AV/viewpoint_simulated_125_surface0.pcd,Testing,2.023026943206787,1.9211316108703613,0.10189533233642578
463,TH0012AV/viewpoint_simulated_126_surface0.pcd,Testing,2.0078818798065186,2.0226383209228516,0.014756441116333008
464,TH0012AV/viewpoint_simulated_127_surface0.pcd,Testing,2.0498645305633545,2.033402442932129,0.016462087631225586
465,TH0012AV/viewpoint_simulated_128_surface0.pcd,Testing,2.002976894378662,2.1885759830474854,0.18559908866882324
466,TH0012AV/viewpoint_simulated_129_surface0.pcd,Testing,2.042607069015503,2.12752103805542,0.08491396903991699
467,TH0012AV/viewpoint_simulated_13_surface0.pcd,Testing,2.0266377925872803,1.9169275760650635,0.1097102165222168
468,TH0012AV/viewpoint_simulated_130_surface0.pcd,Testing,2.0846188068389893,2.3805534839630127,0.29593467712402344
469,TH0012AV/viewpoint_simulated_131_surface0.pcd,Testing,2.0493860244750977,2.3536689281463623,0.30428290367126465
470,TH0012AV/viewpoint_simulated_132_surface0.pcd,Testing,2.0299277305603027,2.3130106925964355,0.2830829620361328
471,TH0012AV/viewpoint_simulated_133_surface0.pcd,Testing,2.10508394241333,2.208106279373169,0.10302233695983887
472,TH0012AV/viewpoint_simulated_134_surface0.pcd,Testing,2.070194721221924,2.1236164569854736,0.053421735763549805
473,TH0012AV/viewpoint_simulated_135_surface0.pcd,Testing,2.1009626388549805,2.1732213497161865,0.07225871086120605
474,TH0012AV/viewpoint_simulated_136_surface0.pcd,Testing,2.073953628540039,2.028780698776245,0.045172929763793945
475,TH0012AV/viewpoint_simulated_137_surface0.pcd,Testing,2.093383550643921,1.9621961116790771,0.13118743896484375
476,TH0012AV/viewpoint_simulated_138_surface0.pcd,Testing,2.004432439804077,2.0264296531677246,0.02199721336364746
477,TH0012AV/viewpoint_simulated_139_surface0.pcd,Testing,2.0455570220947266,2.045274496078491,0.00028252601623535156
478,TH0012AV/viewpoint_simulated_14_surface0.pcd,Testing,2.006021499633789,2.03298020362854,0.026958703994750977
479,TH0012AV/viewpoint_simulated_140_surface0.pcd,Testing,2.1282804012298584,2.164858102798462,0.036577701568603516
480,TH0012AV/viewpoint_simulated_141_surface0.pcd,Testing,2.1210756301879883,2.215125322341919,0.09404969215393066
481,TH0012AV/viewpoint_simulated_142_surface0.pcd,Testing,2.0770270824432373,2.4288041591644287,0.3517770767211914
482,TH0012AV/viewpoint_simulated_143_surface0.pcd,Testing,1.9717937707901,2.3598806858062744,0.3880869150161743
483,TH0012AV/viewpoint_simulated_144_surface0.pcd,Testing,2.003861904144287,1.8965692520141602,0.10729265213012695
484,TH0012AV/viewpoint_simulated_145_surface0.pcd,Testing,2.1218552589416504,1.9340269565582275,0.18782830238342285
485,TH0012AV/viewpoint_simulated_146_surface0.pcd,Testing,1.9770196676254272,1.9518804550170898,0.025139212608337402
486,TH0012AV/viewpoint_simulated_147_surface0.pcd,Testing,1.968275547027588,1.9033724069595337,0.0649031400680542
487,TH0012AV/viewpoint_simulated_148_surface0.pcd,Testing,1.918310284614563,1.9550105333328247,0.03670024871826172
488,TH0012AV/viewpoint_simulated_149_surface0.pcd,Testing,1.9713753461837769,1.9668759107589722,0.0044994354248046875
489,TH0012AV/viewpoint_simulated_15_surface0.pcd,Testing,1.958433747291565,2.0189015865325928,0.06046783924102783
490,TH0012AV/viewpoint_simulated_150_surface0.pcd,Testing,1.9438174962997437,1.9810988903045654,0.03728139400482178
491,TH0012AV/viewpoint_simulated_151_surface0.pcd,Testing,1.926223635673523,2.0288658142089844,0.10264217853546143
492,TH0012AV/viewpoint_simulated_152_surface0.pcd,Testing,2.0238258838653564,2.02805233001709,0.0042264461517333984
493,TH0012AV/viewpoint_simulated_153_surface0.pcd,Testing,1.8973562717437744,2.009190559387207,0.11183428764343262
494,TH0012AV/viewpoint_simulated_154_surface0.pcd,Testing,2.0259039402008057,1.9501285552978516,0.0757753849029541
495,TH0012AV/viewpoint_simulated_155_surface0.pcd,Testing,2.0509870052337646,1.9427876472473145,0.1081993579864502
496,TH0012AV/viewpoint_simulated_156_surface0.pcd,Testing,2.146754503250122,1.9224822521209717,0.2242722511291504
497,TH0012AV/viewpoint_simulated_157_surface0.pcd,Testing,2.0756418704986572,1.9601911306381226,0.11545073986053467
498,TH0012AV/viewpoint_simulated_158_surface0.pcd,Testing,2.0370049476623535,1.9745477437973022,0.06245720386505127
499,TH0012AV/viewpoint_simulated_159_surface0.pcd,Testing,1.9903850555419922,2.037790536880493,0.04740548133850098
500,TH0012AV/viewpoint_simulated_16_surface0.pcd,Testing,2.043973207473755,1.9683170318603516,0.07565617561340332
501,TH0012AV/viewpoint_simulated_160_surface0.pcd,Testing,2.056379556655884,1.9921272993087769,0.06425225734710693
502,TH0012AV/viewpoint_simulated_161_surface0.pcd,Testing,2.0958030223846436,1.9694769382476807,0.1263260841369629
503,TH0012AV/viewpoint_simulated_162_surface0.pcd,Testing,2.0601727962493896,2.01790189743042,0.04227089881896973
504,TH0012AV/viewpoint_simulated_163_surface0.pcd,Testing,1.9747209548950195,2.072833776473999,0.09811282157897949
505,TH0012AV/viewpoint_simulated_164_surface0.pcd,Testing,2.0001277923583984,2.1059257984161377,0.10579800605773926
506,TH0012AV/viewpoint_simulated_165_surface0.pcd,Testing,2.040837049484253,2.089298725128174,0.0484616756439209
507,TH0012AV/viewpoint_simulated_166_surface0.pcd,Testing,2.009965181350708,2.07285737991333,0.06289219856262207
508,TH0012AV/viewpoint_simulated_167_surface0.pcd,Testing,2.0276973247528076,2.0112009048461914,0.01649641990661621
509,TH0012AV/viewpoint_simulated_168_surface0.pcd,Testing,1.9184221029281616,2.0242865085601807,0.10586440563201904
510,TH0012AV/viewpoint_simulated_169_surface0.pcd,Testing,1.9850893020629883,1.9529025554656982,0.03218674659729004
511,TH0012AV/viewpoint_simulated_17_surface0.pcd,Testing,1.9403833150863647,1.9535516500473022,0.0131683349609375
512,TH0012AV/viewpoint_simulated_170_surface0.pcd,Testing,2.167485237121582,2.1047110557556152,0.0627741813659668
513,TH0012AV/viewpoint_simulated_171_surface0.pcd,Testing,2.0621237754821777,2.1789662837982178,0.11684250831604004
514,TH0012AV/viewpoint_simulated_172_surface0.pcd,Testing,2.0493650436401367,2.0530688762664795,0.0037038326263427734
515,TH0012AV/viewpoint_simulated_173_surface0.pcd,Testing,2.103534698486328,1.9590706825256348,0.14446401596069336
516,TH0012AV/viewpoint_simulated_174_surface0.pcd,Testing,2.0185158252716064,2.00262188911438,0.015893936157226562
517,TH0012AV/viewpoint_simulated_175_surface0.pcd,Testing,1.9365644454956055,2.0549356937408447,0.11837124824523926
518,TH0012AV/viewpoint_simulated_176_surface0.pcd,Testing,1.9586496353149414,2.143575429916382,0.18492579460144043
519,TH0012AV/viewpoint_simulated_177_surface0.pcd,Testing,1.9798176288604736,2.092874765396118,0.11305713653564453
520,TH0012AV/viewpoint_simulated_178_surface0.pcd,Testing,1.98542320728302,2.2294118404388428,0.24398863315582275
521,TH0012AV/viewpoint_simulated_179_surface0.pcd,Testing,1.9698318243026733,2.1771445274353027,0.2073127031326294
522,TH0012AV/viewpoint_simulated_18_surface0.pcd,Testing,2.0333402156829834,1.9985578060150146,0.03478240966796875
523,TH0012AV/viewpoint_simulated_180_surface0.pcd,Testing,1.9652053117752075,2.1875593662261963,0.22235405445098877
524,TH0012AV/viewpoint_simulated_181_surface0.pcd,Testing,1.958429217338562,2.0536909103393555,0.09526169300079346
525,TH0012AV/viewpoint_simulated_182_surface0.pcd,Testing,2.017834186553955,2.168480634689331,0.15064644813537598
526,TH0012AV/viewpoint_simulated_183_surface0.pcd,Testing,2.0587894916534424,2.195821523666382,0.13703203201293945
527,TH0012AV/viewpoint_simulated_184_surface0.pcd,Testing,2.017294406890869,2.107131242752075,0.08983683586120605
528,TH0012AV/viewpoint_simulated_185_surface0.pcd,Testing,2.110595226287842,1.931130290031433,0.1794649362564087
529,TH0012AV/viewpoint_simulated_186_surface0.pcd,Testing,2.0159051418304443,1.982371211051941,0.03353393077850342
530,TH0012AV/viewpoint_simulated_187_surface0.pcd,Testing,1.8979531526565552,2.04630970954895,0.14835655689239502
531,TH0012AV/viewpoint_simulated_188_surface0.pcd,Testing,2.009305953979492,2.1713309288024902,0.16202497482299805
532,TH0012AV/viewpoint_simulated_189_surface0.pcd,Testing,2.094778299331665,2.1232945919036865,0.028516292572021484
533,TH0012AV/viewpoint_simulated_19_surface0.pcd,Testing,2.092219591140747,2.0533297061920166,0.03888988494873047
534,TH0012AV/viewpoint_simulated_190_surface0.pcd,Testing,2.1375818252563477,2.3125929832458496,0.17501115798950195
535,TH0012AV/viewpoint_simulated_191_surface0.pcd,Testing,1.8469797372817993,2.3415133953094482,0.4945336580276489
536,TH0012AV/viewpoint_simulated_192_surface0.pcd,Testing,2.0095813274383545,2.220569610595703,0.21098828315734863
537,TH0012AV/viewpoint_simulated_193_surface0.pcd,Testing,2.0489115715026855,2.157926559448242,0.10901498794555664
538,TH0012AV/viewpoint_simulated_194_surface0.pcd,Testing,2.0292046070098877,2.1330630779266357,0.10385847091674805
539,TH0012AV/viewpoint_simulated_195_surface0.pcd,Testing,2.082625389099121,2.178662061691284,0.09603667259216309
540,TH0012AV/viewpoint_simulated_196_surface0.pcd,Testing,1.9588342905044556,2.063769578933716,0.10493528842926025
541,TH0012AV/viewpoint_simulated_197_surface0.pcd,Testing,2.015281915664673,1.927549123764038,0.08773279190063477
542,TH0012AV/viewpoint_simulated_198_surface0.pcd,Testing,1.9543246030807495,2.033348560333252,0.07902395725250244
543,TH0012AV/viewpoint_simulated_199_surface0.pcd,Testing,1.9353079795837402,2.029655933380127,0.09434795379638672
544,TH0012AV/viewpoint_simulated_2_surface0.pcd,Testing,2.011104106903076,1.9378631114959717,0.07324099540710449
545,TH0012AV/viewpoint_simulated_20_surface0.pcd,Testing,1.992570161819458,2.0882015228271484,0.09563136100769043
546,TH0012AV/viewpoint_simulated_200_surface0.pcd,Testing,2.088574171066284,2.1655452251434326,0.07697105407714844
547,TH0012AV/viewpoint_simulated_201_surface0.pcd,Testing,1.9909615516662598,2.1564934253692627,0.16553187370300293
548,TH0012AV/viewpoint_simulated_202_surface0.pcd,Testing,2.0903894901275635,2.371311902999878,0.28092241287231445
549,TH0012AV/viewpoint_simulated_203_surface0.pcd,Testing,2.047168016433716,2.3503315448760986,0.3031635284423828
550,TH0012AV/viewpoint_simulated_204_surface0.pcd,Testing,2.1053264141082764,2.3111228942871094,0.205796480178833
551,TH0012AV/viewpoint_simulated_205_surface0.pcd,Testing,2.0259883403778076,2.209998846054077,0.18401050567626953
552,TH0012AV/viewpoint_simulated_206_surface0.pcd,Testing,2.1925930976867676,2.121392011642456,0.07120108604431152
553,TH0012AV/viewpoint_simulated_207_surface0.pcd,Testing,2.3027610778808594,2.1453359127044678,0.1574251651763916
554,TH0012AV/viewpoint_simulated_208_surface0.pcd,Testing,2.097834587097168,2.0535073280334473,0.0443272590637207
555,TH0012AV/viewpoint_simulated_209_surface0.pcd,Testing,2.027169704437256,1.9460093975067139,0.08116030693054199
556,TH0012AV/viewpoint_simulated_21_surface0.pcd,Testing,2.104191780090332,2.110027313232422,0.005835533142089844
557,TH0012AV/viewpoint_simulated_210_surface0.pcd,Testing,2.0500717163085938,2.035468816757202,0.014602899551391602
558,TH0012AV/viewpoint_simulated_211_surface0.pcd,Testing,2.10664701461792,2.0422980785369873,0.06434893608093262
559,TH0012AV/viewpoint_simulated_212_surface0.pcd,Testing,2.081014394760132,2.1559040546417236,0.0748896598815918
560,TH0012AV/viewpoint_simulated_213_surface0.pcd,Testing,2.096784830093384,2.216404676437378,0.11961984634399414
561,TH0012AV/viewpoint_simulated_214_surface0.pcd,Testing,2.035421848297119,2.419570207595825,0.38414835929870605
562,TH0012AV/viewpoint_simulated_215_surface0.pcd,Testing,2.11578369140625,2.336531400680542,0.220747709274292
563,TH0012AV/viewpoint_simulated_22_surface0.pcd,Testing,1.9115713834762573,2.063058376312256,0.15148699283599854
564,TH0012AV/viewpoint_simulated_23_surface0.pcd,Testing,1.9594992399215698,2.0081562995910645,0.04865705966949463
565,TH0012AV/viewpoint_simulated_24_surface0.pcd,Testing,2.03277587890625,2.003169536590576,0.029606342315673828
566,TH0012AV/viewpoint_simulated_25_surface0.pcd,Testing,1.9221668243408203,1.9513343572616577,0.029167532920837402
567,TH0012AV/viewpoint_simulated_26_surface0.pcd,Testing,1.9325116872787476,2.131448984146118,0.1989372968673706
568,TH0012AV/viewpoint_simulated_27_surface0.pcd,Testing,1.952591061592102,2.1420536041259766,0.1894625425338745
569,TH0012AV/viewpoint_simulated_28_surface0.pcd,Testing,1.954513430595398,2.045208692550659,0.09069526195526123
570,TH0012AV/viewpoint_simulated_29_surface0.pcd,Testing,1.9955514669418335,1.9459855556488037,0.049565911293029785
571,TH0012AV/viewpoint_simulated_3_surface0.pcd,Testing,1.9516007900238037,1.9261481761932373,0.025452613830566406
572,TH0012AV/viewpoint_simulated_30_surface0.pcd,Testing,1.933882236480713,2.005702257156372,0.07182002067565918
573,TH0012AV/viewpoint_simulated_31_surface0.pcd,Testing,1.9674025774002075,2.062758684158325,0.09535610675811768
574,TH0012AV/viewpoint_simulated_32_surface0.pcd,Testing,1.896821141242981,2.1518166065216064,0.2549954652786255
575,TH0012AV/viewpoint_simulated_33_surface0.pcd,Testing,2.10330867767334,2.0995419025421143,0.003766775131225586
576,TH0012AV/viewpoint_simulated_34_surface0.pcd,Testing,2.0971839427948,2.214876890182495,0.11769294738769531
577,TH0012AV/viewpoint_simulated_35_surface0.pcd,Testing,1.9137593507766724,2.178727865219116,0.26496851444244385
578,TH0012AV/viewpoint_simulated_36_surface0.pcd,Testing,1.9890310764312744,2.1698191165924072,0.1807880401611328
579,TH0012AV/viewpoint_simulated_37_surface0.pcd,Testing,2.0751492977142334,2.0827250480651855,0.0075757503509521484
580,TH0012AV/viewpoint_simulated_38_surface0.pcd,Testing,2.0123367309570312,2.141340494155884,0.12900376319885254
581,TH0012AV/viewpoint_simulated_39_surface0.pcd,Testing,2.1267035007476807,2.200679063796997,0.0739755630493164
582,TH0012AV/viewpoint_simulated_4_surface0.pcd,Testing,1.9110684394836426,1.9720127582550049,0.060944318771362305
583,TH0012AV/viewpoint_simulated_40_surface0.pcd,Testing,2.0932562351226807,2.096261978149414,0.0030057430267333984
584,TH0012AV/viewpoint_simulated_41_surface0.pcd,Testing,1.9690592288970947,1.9116803407669067,0.05737888813018799
585,TH0012AV/viewpoint_simulated_42_surface0.pcd,Testing,2.1210286617279053,1.9894144535064697,0.13161420822143555
586,TH0012AV/viewpoint_simulated_43_surface0.pcd,Testing,2.021073818206787,2.0296144485473633,0.008540630340576172
587,TH0012AV/viewpoint_simulated_44_surface0.pcd,Testing,2.0442416667938232,2.180673837661743,0.13643217086791992
588,TH0012AV/viewpoint_simulated_45_surface0.pcd,Testing,2.0737059116363525,2.141432523727417,0.06772661209106445
589,TH0012AV/viewpoint_simulated_46_surface0.pcd,Testing,1.9943082332611084,2.3373806476593018,0.34307241439819336
590,TH0012AV/viewpoint_simulated_47_surface0.pcd,Testing,1.9753968715667725,2.3352692127227783,0.35987234115600586
591,TH0012AV/viewpoint_simulated_48_surface0.pcd,Testing,2.0188260078430176,2.2539799213409424,0.2351539134979248
592,TH0012AV/viewpoint_simulated_49_surface0.pcd,Testing,2.1368865966796875,2.153898000717163,0.017011404037475586
593,TH0012AV/viewpoint_simulated_5_surface0.pcd,Testing,1.9003714323043823,1.9492287635803223,0.04885733127593994
594,TH0012AV/viewpoint_simulated_50_surface0.pcd,Testing,2.0000033378601074,2.1486618518829346,0.14865851402282715
595,TH0012AV/viewpoint_simulated_51_surface0.pcd,Testing,1.9979394674301147,2.1785805225372314,0.1806410551071167
596,TH0012AV/viewpoint_simulated_52_surface0.pcd,Testing,2.0878729820251465,2.0333611965179443,0.05451178550720215
597,TH0012AV/viewpoint_simulated_53_surface0.pcd,Testing,2.001075029373169,1.942297101020813,0.05877792835235596
598,TH0012AV/viewpoint_simulated_54_surface0.pcd,Testing,2.111616611480713,2.015533447265625,0.09608316421508789
599,TH0012AV/viewpoint_simulated_55_surface0.pcd,Testing,1.9934426546096802,2.0171966552734375,0.023754000663757324
600,TH0012AV/viewpoint_simulated_56_surface0.pcd,Testing,2.0962750911712646,2.1932663917541504,0.09699130058288574
601,TH0012AV/viewpoint_simulated_57_surface0.pcd,Testing,1.9818495512008667,2.159648895263672,0.17779934406280518
602,TH0012AV/viewpoint_simulated_58_surface0.pcd,Testing,2.0070624351501465,2.3843767642974854,0.37731432914733887
603,TH0012AV/viewpoint_simulated_59_surface0.pcd,Testing,2.1009483337402344,2.3656723499298096,0.2647240161895752
604,TH0012AV/viewpoint_simulated_6_surface0.pcd,Testing,2.0195062160491943,1.9944472312927246,0.025058984756469727
605,TH0012AV/viewpoint_simulated_60_surface0.pcd,Testing,2.0105926990509033,2.3185155391693115,0.3079228401184082
606,TH0012AV/viewpoint_simulated_61_surface0.pcd,Testing,2.0004611015319824,2.2088053226470947,0.2083442211151123
607,TH0012AV/viewpoint_simulated_62_surface0.pcd,Testing,1.9393303394317627,2.1232266426086426,0.18389630317687988
608,TH0012AV/viewpoint_simulated_63_surface0.pcd,Testing,2.0362279415130615,2.158665895462036,0.12243795394897461
609,TH0012AV/viewpoint_simulated_64_surface0.pcd,Testing,2.1672110557556152,2.028902292251587,0.13830876350402832
610,TH0012AV/viewpoint_simulated_65_surface0.pcd,Testing,2.1923937797546387,1.9378881454467773,0.25450563430786133
611,TH0012AV/viewpoint_simulated_66_surface0.pcd,Testing,2.0158989429473877,2.0294060707092285,0.01350712776184082
612,TH0012AV/viewpoint_simulated_67_surface0.pcd,Testing,2.046726942062378,2.042736291885376,0.003990650177001953
613,TH0012AV/viewpoint_simulated_68_surface0.pcd,Testing,1.9402658939361572,2.150388717651367,0.21012282371520996
614,TH0012AV/viewpoint_simulated_69_surface0.pcd,Testing,1.9862313270568848,2.2223727703094482,0.23614144325256348
615,TH0012AV/viewpoint_simulated_7_surface0.pcd,Testing,2.004305124282837,2.0461952686309814,0.04189014434814453
616,TH0012AV/viewpoint_simulated_70_surface0.pcd,Testing,2.1181223392486572,2.439779043197632,0.3216567039489746
617,TH0012AV/viewpoint_simulated_71_surface0.pcd,Testing,2.1324946880340576,2.365203619003296,0.23270893096923828
618,TH0012AV/viewpoint_simulated_72_surface0.pcd,Testing,2.1681041717529297,1.8955751657485962,0.2725290060043335
619,TH0012AV/viewpoint_simulated_73_surface0.pcd,Testing,1.9632704257965088,1.8830797672271729,0.08019065856933594
620,TH0012AV/viewpoint_simulated_74_surface0.pcd,Testing,1.9738095998764038,1.9164265394210815,0.057383060455322266
621,TH0012AV/viewpoint_simulated_75_surface0.pcd,Testing,2.055957794189453,1.9181183576583862,0.1378394365310669
622,TH0012AV/viewpoint_simulated_76_surface0.pcd,Testing,1.99386465549469,1.954477310180664,0.03938734531402588
623,TH0012AV/viewpoint_simulated_77_surface0.pcd,Testing,1.906822919845581,1.9793453216552734,0.07252240180969238
624,TH0012AV/viewpoint_simulated_78_surface0.pcd,Testing,2.0202271938323975,1.9890787601470947,0.031148433685302734
625,TH0012AV/viewpoint_simulated_79_surface0.pcd,Testing,2.1151998043060303,2.06323504447937,0.051964759826660156
626,TH0012AV/viewpoint_simulated_8_surface0.pcd,Testing,2.0885207653045654,2.0289523601531982,0.05956840515136719
627,TH0012AV/viewpoint_simulated_80_surface0.pcd,Testing,1.9398242235183716,2.001568555831909,0.0617443323135376
628,TH0012AV/viewpoint_simulated_81_surface0.pcd,Testing,1.9209340810775757,2.019909620285034,0.0989755392074585
629,TH0012AV/viewpoint_simulated_82_surface0.pcd,Testing,2.003499746322632,1.9841949939727783,0.019304752349853516
630,TH0012AV/viewpoint_simulated_83_surface0.pcd,Testing,2.072371244430542,1.918485403060913,0.1538858413696289
631,TH0012AV/viewpoint_simulated_84_surface0.pcd,Testing,2.0307278633117676,1.9238035678863525,0.10692429542541504
632,TH0012AV/viewpoint_simulated_85_surface0.pcd,Testing,2.0384600162506104,1.9424890279769897,0.0959709882736206
633,TH0012AV/viewpoint_simulated_86_surface0.pcd,Testing,2.0146169662475586,1.9910335540771484,0.023583412170410156
634,TH0012AV/viewpoint_simulated_87_surface0.pcd,Testing,2.0195095539093018,2.020756721496582,0.0012471675872802734
635,TH0012AV/viewpoint_simulated_88_surface0.pcd,Testing,2.0411720275878906,1.9789202213287354,0.06225180625915527
636,TH0012AV/viewpoint_simulated_89_surface0.pcd,Testing,1.9696910381317139,1.9618000984191895,0.007890939712524414
637,TH0012AV/viewpoint_simulated_9_surface0.pcd,Testing,1.9018205404281616,2.0210297107696533,0.1192091703414917
638,TH0012AV/viewpoint_simulated_90_surface0.pcd,Testing,2.0021204948425293,2.005183219909668,0.003062725067138672
639,TH0012AV/viewpoint_simulated_91_surface0.pcd,Testing,1.9682347774505615,2.0358428955078125,0.06760811805725098
640,TH0012AV/viewpoint_simulated_92_surface0.pcd,Testing,2.0317723751068115,2.1136746406555176,0.08190226554870605
641,TH0012AV/viewpoint_simulated_93_surface0.pcd,Testing,2.038559913635254,2.105079174041748,0.06651926040649414
642,TH0012AV/viewpoint_simulated_94_surface0.pcd,Testing,2.0617387294769287,2.04081130027771,0.02092742919921875
643,TH0012AV/viewpoint_simulated_95_surface0.pcd,Testing,1.9293230772018433,2.0385239124298096,0.10920083522796631
644,TH0012AV/viewpoint_simulated_96_surface0.pcd,Testing,2.015258550643921,2.0082130432128906,0.0070455074310302734
645,TH0012AV/viewpoint_simulated_97_surface0.pcd,Testing,2.0277395248413086,1.9690914154052734,0.058648109436035156
646,TH0012AV/viewpoint_simulated_98_surface0.pcd,Testing,1.9858442544937134,2.1174864768981934,0.13164222240447998
647,TH0012AV/viewpoint_simulated_99_surface0.pcd,Testing,1.91963791847229,2.136446475982666,0.21680855751037598
648,TH0012AV/viewpoint_simulated_0_surface1.pcd,Testing,2.2450833320617676,2.2313010692596436,0.013782262802124023
649,TH0012AV/viewpoint_simulated_1_surface1.pcd,Testing,2.2304186820983887,2.1704089641571045,0.06000971794128418
650,TH0012AV/viewpoint_simulated_10_surface1.pcd,Testing,2.25040864944458,2.299556255340576,0.049147605895996094
651,TH0012AV/viewpoint_simulated_100_surface1.pcd,Testing,2.284881830215454,2.3020195960998535,0.017137765884399414
652,TH0012AV/viewpoint_simulated_101_surface1.pcd,Testing,2.3237924575805664,2.279184103012085,0.044608354568481445
653,TH0012AV/viewpoint_simulated_102_surface1.pcd,Testing,2.239672899246216,2.2209742069244385,0.018698692321777344
654,TH0012AV/viewpoint_simulated_103_surface1.pcd,Testing,2.1765265464782715,2.2380430698394775,0.061516523361206055
655,TH0012AV/viewpoint_simulated_104_surface1.pcd,Testing,2.1616148948669434,2.2852935791015625,0.12367868423461914
656,TH0012AV/viewpoint_simulated_105_surface1.pcd,Testing,2.18892765045166,2.27995228767395,0.09102463722229004
657,TH0012AV/viewpoint_simulated_106_surface1.pcd,Testing,2.310201406478882,2.274064302444458,0.03613710403442383
658,TH0012AV/viewpoint_simulated_107_surface1.pcd,Testing,2.242192268371582,2.232513666152954,0.00967860221862793
659,TH0012AV/viewpoint_simulated_108_surface1.pcd,Testing,2.2930266857147217,2.1962008476257324,0.09682583808898926
660,TH0012AV/viewpoint_simulated_109_surface1.pcd,Testing,2.2844948768615723,2.1959517002105713,0.08854317665100098
661,TH0012AV/viewpoint_simulated_11_surface1.pcd,Testing,2.394214630126953,2.306553602218628,0.0876610279083252
662,TH0012AV/viewpoint_simulated_110_surface1.pcd,Testing,2.245770215988159,2.2352263927459717,0.0105438232421875
663,TH0012AV/viewpoint_simulated_111_surface1.pcd,Testing,2.2320635318756104,2.171067714691162,0.06099581718444824
664,TH0012AV/viewpoint_simulated_112_surface1.pcd,Testing,2.420562267303467,2.3438632488250732,0.07669901847839355
665,TH0012AV/viewpoint_simulated_113_surface1.pcd,Testing,2.288104295730591,2.2863080501556396,0.0017962455749511719
666,TH0012AV/viewpoint_simulated_114_surface1.pcd,Testing,2.1892807483673096,2.1455395221710205,0.04374122619628906
667,TH0012AV/viewpoint_simulated_115_surface1.pcd,Testing,2.2586960792541504,2.280791997909546,0.022095918655395508
668,TH0012AV/viewpoint_simulated_116_surface1.pcd,Testing,2.3047966957092285,2.2941322326660156,0.01066446304321289
669,TH0012AV/viewpoint_simulated_117_surface1.pcd,Testing,2.27142596244812,2.2793819904327393,0.00795602798461914
670,TH0012AV/viewpoint_simulated_118_surface1.pcd,Testing,2.322876453399658,2.2763428688049316,0.04653358459472656
671,TH0012AV/viewpoint_simulated_119_surface1.pcd,Testing,2.3803162574768066,2.3752079010009766,0.005108356475830078
672,TH0012AV/viewpoint_simulated_12_surface1.pcd,Testing,2.168691873550415,2.2114129066467285,0.04272103309631348
673,TH0012AV/viewpoint_simulated_120_surface1.pcd,Testing,2.206394672393799,2.152134418487549,0.05426025390625
674,TH0012AV/viewpoint_simulated_121_surface1.pcd,Testing,2.2183451652526855,2.236361026763916,0.01801586151123047
675,TH0012AV/viewpoint_simulated_122_surface1.pcd,Testing,2.280745506286621,2.194093942642212,0.08665156364440918
676,TH0012AV/viewpoint_simulated_123_surface1.pcd,Testing,2.171269178390503,2.181318759918213,0.010049581527709961
677,TH0012AV/viewpoint_simulated_124_surface1.pcd,Testing,2.3418872356414795,2.3119547367095947,0.029932498931884766
678,TH0012AV/viewpoint_simulated_125_surface1.pcd,Testing,2.32562255859375,2.308666706085205,0.016955852508544922
679,TH0012AV/viewpoint_simulated_126_surface1.pcd,Testing,2.2727949619293213,2.275611639022827,0.0028166770935058594
680,TH0012AV/viewpoint_simulated_127_surface1.pcd,Testing,2.3155689239501953,2.2515928745269775,0.06397604942321777
681,TH0012AV/viewpoint_simulated_128_surface1.pcd,Testing,2.231938362121582,2.314610719680786,0.0826723575592041
682,TH0012AV/viewpoint_simulated_129_surface1.pcd,Testing,2.1918842792510986,2.280501365661621,0.08861708641052246
683,TH0012AV/viewpoint_simulated_13_surface1.pcd,Testing,2.127767562866211,2.1444923877716064,0.016724824905395508
684,TH0012AV/viewpoint_simulated_130_surface1.pcd,Testing,2.2948641777038574,2.291402816772461,0.0034613609313964844
685,TH0012AV/viewpoint_simulated_131_surface1.pcd,Testing,2.3114748001098633,2.2932193279266357,0.01825547218322754
686,TH0012AV/viewpoint_simulated_132_surface1.pcd,Testing,2.179734468460083,2.1162021160125732,0.06353235244750977
687,TH0012AV/viewpoint_simulated_133_surface1.pcd,Testing,2.3007895946502686,2.277337074279785,0.0234525203704834
688,TH0012AV/viewpoint_simulated_134_surface1.pcd,Testing,2.276073694229126,2.174434185028076,0.1016395092010498
689,TH0012AV/viewpoint_simulated_135_surface1.pcd,Testing,2.285525321960449,2.177637815475464,0.10788750648498535
690,TH0012AV/viewpoint_simulated_136_surface1.pcd,Testing,2.2850422859191895,2.2308828830718994,0.05415940284729004
691,TH0012AV/viewpoint_simulated_137_surface1.pcd,Testing,2.2163279056549072,2.2271437644958496,0.010815858840942383
692,TH0012AV/viewpoint_simulated_138_surface1.pcd,Testing,2.2033960819244385,2.330582857131958,0.12718677520751953
693,TH0012AV/viewpoint_simulated_139_surface1.pcd,Testing,2.2806670665740967,2.2883236408233643,0.007656574249267578
694,TH0012AV/viewpoint_simulated_14_surface1.pcd,Testing,2.1915061473846436,2.1667702198028564,0.02473592758178711
695,TH0012AV/viewpoint_simulated_140_surface1.pcd,Testing,2.369278907775879,2.2852132320404053,0.08406567573547363
696,TH0012AV/viewpoint_simulated_141_surface1.pcd,Testing,2.178312063217163,2.2539308071136475,0.07561874389648438
697,TH0012AV/viewpoint_simulated_142_surface1.pcd,Testing,2.340982675552368,2.306288957595825,0.03469371795654297
698,TH0012AV/viewpoint_simulated_143_surface1.pcd,Testing,2.2675085067749023,2.235875129699707,0.03163337707519531
699,TH0012AV/viewpoint_simulated_144_surface1.pcd,Testing,2.241760730743408,2.2042853832244873,0.0374753475189209
700,TH0012AV/viewpoint_simulated_145_surface1.pcd,Testing,2.2848610877990723,2.1549272537231445,0.12993383407592773
701,TH0012AV/viewpoint_simulated_146_surface1.pcd,Testing,2.186616897583008,2.150573968887329,0.03604292869567871
702,TH0012AV/viewpoint_simulated_147_surface1.pcd,Testing,2.235874652862549,2.1459994316101074,0.0898752212524414
703,TH0012AV/viewpoint_simulated_148_surface1.pcd,Testing,2.1956076622009277,2.1684725284576416,0.027135133743286133
704,TH0012AV/viewpoint_simulated_149_surface1.pcd,Testing,2.1339328289031982,2.1559460163116455,0.022013187408447266
705,TH0012AV/viewpoint_simulated_15_surface1.pcd,Testing,2.2758049964904785,2.175489664077759,0.10031533241271973
706,TH0012AV/viewpoint_simulated_150_surface1.pcd,Testing,2.213505744934082,2.273911714553833,0.06040596961975098
707,TH0012AV/viewpoint_simulated_151_surface1.pcd,Testing,2.235642194747925,2.280938148498535,0.04529595375061035
708,TH0012AV/viewpoint_simulated_152_surface1.pcd,Testing,2.2529492378234863,2.306347131729126,0.05339789390563965
709,TH0012AV/viewpoint_simulated_153_surface1.pcd,Testing,2.203904151916504,2.278818368911743,0.07491421699523926
710,TH0012AV/viewpoint_simulated_154_surface1.pcd,Testing,2.3078341484069824,2.2974438667297363,0.010390281677246094
711,TH0012AV/viewpoint_simulated_155_surface1.pcd,Testing,2.2387287616729736,2.257040500640869,0.018311738967895508
712,TH0012AV/viewpoint_simulated_156_surface1.pcd,Testing,2.191744089126587,2.174823522567749,0.01692056655883789
713,TH0012AV/viewpoint_simulated_157_surface1.pcd,Testing,2.171858310699463,2.103134870529175,0.06872344017028809
714,TH0012AV/viewpoint_simulated_158_surface1.pcd,Testing,2.1571097373962402,2.1362180709838867,0.020891666412353516
715,TH0012AV/viewpoint_simulated_159_surface1.pcd,Testing,2.274526357650757,2.1650893688201904,0.1094369888305664
716,TH0012AV/viewpoint_simulated_16_surface1.pcd,Testing,2.3197274208068848,2.292152166366577,0.027575254440307617
717,TH0012AV/viewpoint_simulated_160_surface1.pcd,Testing,2.225832939147949,2.255467176437378,0.02963423728942871
718,TH0012AV/viewpoint_simulated_161_surface1.pcd,Testing,2.269770383834839,2.332097291946411,0.062326908111572266
719,TH0012AV/viewpoint_simulated_162_surface1.pcd,Testing,2.2934939861297607,2.287492513656616,0.006001472473144531
720,TH0012AV/viewpoint_simulated_163_surface1.pcd,Testing,2.2165920734405518,2.2202398777008057,0.0036478042602539062
721,TH0012AV/viewpoint_simulated_164_surface1.pcd,Testing,2.1231818199157715,2.2208359241485596,0.09765410423278809
722,TH0012AV/viewpoint_simulated_165_surface1.pcd,Testing,2.158247470855713,2.239204168319702,0.08095669746398926
723,TH0012AV/viewpoint_simulated_166_surface1.pcd,Testing,2.098287582397461,2.2749359607696533,0.17664837837219238
724,TH0012AV/viewpoint_simulated_167_surface1.pcd,Testing,2.334714412689209,2.2157833576202393,0.11893105506896973
725,TH0012AV/viewpoint_simulated_168_surface1.pcd,Testing,2.1106784343719482,2.140756845474243,0.030078411102294922
726,TH0012AV/viewpoint_simulated_169_surface1.pcd,Testing,2.1735782623291016,2.034738540649414,0.1388397216796875
727,TH0012AV/viewpoint_simulated_17_surface1.pcd,Testing,2.1985104084014893,2.341562271118164,0.1430518627166748
728,TH0012AV/viewpoint_simulated_170_surface1.pcd,Testing,2.239025115966797,2.2126076221466064,0.02641749382019043
729,TH0012AV/viewpoint_simulated_171_surface1.pcd,Testing,2.0936076641082764,2.1651597023010254,0.07155203819274902
730,TH0012AV/viewpoint_simulated_172_surface1.pcd,Testing,2.227327823638916,2.298504114151001,0.07117629051208496
731,TH0012AV/viewpoint_simulated_173_surface1.pcd,Testing,2.2221946716308594,2.25641131401062,0.03421664237976074
732,TH0012AV/viewpoint_simulated_174_surface1.pcd,Testing,2.1779098510742188,2.1892359256744385,0.011326074600219727
733,TH0012AV/viewpoint_simulated_175_surface1.pcd,Testing,2.2894651889801025,2.2456185817718506,0.04384660720825195
734,TH0012AV/viewpoint_simulated_176_surface1.pcd,Testing,2.1974411010742188,2.283220052719116,0.08577895164489746
735,TH0012AV/viewpoint_simulated_177_surface1.pcd,Testing,2.307126998901367,2.2696282863616943,0.03749871253967285
736,TH0012AV/viewpoint_simulated_178_surface1.pcd,Testing,2.2659285068511963,2.2631287574768066,0.0027997493743896484
737,TH0012AV/viewpoint_simulated_179_surface1.pcd,Testing,2.2056007385253906,2.2413148880004883,0.035714149475097656
738,TH0012AV/viewpoint_simulated_18_surface1.pcd,Testing,2.2105424404144287,2.2548563480377197,0.044313907623291016
739,TH0012AV/viewpoint_simulated_180_surface1.pcd,Testing,2.2087769508361816,2.144209384918213,0.06456756591796875
740,TH0012AV/viewpoint_simulated_181_surface1.pcd,Testing,2.208933115005493,2.2179958820343018,0.009062767028808594
741,TH0012AV/viewpoint_simulated_182_surface1.pcd,Testing,2.301420211791992,2.197972059249878,0.10344815254211426
742,TH0012AV/viewpoint_simulated_183_surface1.pcd,Testing,2.2594337463378906,2.1820294857025146,0.07740426063537598
743,TH0012AV/viewpoint_simulated_184_surface1.pcd,Testing,2.3768727779388428,2.3260653018951416,0.05080747604370117
744,TH0012AV/viewpoint_simulated_185_surface1.pcd,Testing,2.2107181549072266,2.259593963623047,0.04887580871582031
745,TH0012AV/viewpoint_simulated_186_surface1.pcd,Testing,2.3848953247070312,2.1547060012817383,0.23018932342529297
746,TH0012AV/viewpoint_simulated_187_surface1.pcd,Testing,2.1384434700012207,2.2008769512176514,0.062433481216430664
747,TH0012AV/viewpoint_simulated_188_surface1.pcd,Testing,2.3494818210601807,2.307574987411499,0.04190683364868164
748,TH0012AV/viewpoint_simulated_189_surface1.pcd,Testing,2.1307177543640137,2.267141103744507,0.13642334938049316
749,TH0012AV/viewpoint_simulated_19_surface1.pcd,Testing,2.249458074569702,2.2999932765960693,0.05053520202636719
750,TH0012AV/viewpoint_simulated_190_surface1.pcd,Testing,2.3037288188934326,2.3089306354522705,0.005201816558837891
751,TH0012AV/viewpoint_simulated_191_surface1.pcd,Testing,2.4099698066711426,2.391965627670288,0.018004179000854492
752,TH0012AV/viewpoint_simulated_192_surface1.pcd,Testing,2.131767988204956,2.109994649887085,0.021773338317871094
753,TH0012AV/viewpoint_simulated_193_surface1.pcd,Testing,2.4402315616607666,2.3057076930999756,0.13452386856079102
754,TH0012AV/viewpoint_simulated_194_surface1.pcd,Testing,2.180649518966675,2.155773878097534,0.024875640869140625
755,TH0012AV/viewpoint_simulated_195_surface1.pcd,Testing,2.2980594635009766,2.2059032917022705,0.09215617179870605
756,TH0012AV/viewpoint_simulated_196_surface1.pcd,Testing,2.4094595909118652,2.3228538036346436,0.08660578727722168
757,TH0012AV/viewpoint_simulated_197_surface1.pcd,Testing,2.370966672897339,2.2890632152557373,0.08190345764160156
758,TH0012AV/viewpoint_simulated_198_surface1.pcd,Testing,2.2141411304473877,2.2442209720611572,0.03007984161376953
759,TH0012AV/viewpoint_simulated_199_surface1.pcd,Testing,2.2318878173828125,2.2333779335021973,0.0014901161193847656
760,TH0012AV/viewpoint_simulated_2_surface1.pcd,Testing,2.2371747493743896,2.177025556564331,0.060149192810058594
761,TH0012AV/viewpoint_simulated_20_surface1.pcd,Testing,2.1828420162200928,2.236524820327759,0.053682804107666016
762,TH0012AV/viewpoint_simulated_200_surface1.pcd,Testing,2.250868558883667,2.27275013923645,0.021881580352783203
763,TH0012AV/viewpoint_simulated_201_surface1.pcd,Testing,2.3647360801696777,2.3293874263763428,0.03534865379333496
764,TH0012AV/viewpoint_simulated_202_surface1.pcd,Testing,2.303948163986206,2.3049156665802,0.0009675025939941406
765,TH0012AV/viewpoint_simulated_203_surface1.pcd,Testing,2.163141965866089,2.2931299209594727,0.1299879550933838
766,TH0012AV/viewpoint_simulated_204_surface1.pcd,Testing,2.1884050369262695,2.0894343852996826,0.09897065162658691
767,TH0012AV/viewpoint_simulated_205_surface1.pcd,Testing,2.2675588130950928,2.2865304946899414,0.018971681594848633
768,TH0012AV/viewpoint_simulated_206_surface1.pcd,Testing,2.157364845275879,2.159045934677124,0.0016810894012451172
769,TH0012AV/viewpoint_simulated_207_surface1.pcd,Testing,2.1703176498413086,2.1605849266052246,0.009732723236083984
770,TH0012AV/viewpoint_simulated_208_surface1.pcd,Testing,2.341485023498535,2.2356960773468018,0.1057889461517334
771,TH0012AV/viewpoint_simulated_209_surface1.pcd,Testing,2.201831102371216,2.3284175395965576,0.1265864372253418
772,TH0012AV/viewpoint_simulated_21_surface1.pcd,Testing,2.1588451862335205,2.244049072265625,0.08520388603210449
773,TH0012AV/viewpoint_simulated_210_surface1.pcd,Testing,2.209129810333252,2.2421250343322754,0.03299522399902344
774,TH0012AV/viewpoint_simulated_211_surface1.pcd,Testing,2.2865164279937744,2.2553460597991943,0.031170368194580078
775,TH0012AV/viewpoint_simulated_212_surface1.pcd,Testing,2.3476645946502686,2.286231756210327,0.061432838439941406
776,TH0012AV/viewpoint_simulated_213_surface1.pcd,Testing,2.225167989730835,2.2764408588409424,0.05127286911010742
777,TH0012AV/viewpoint_simulated_214_surface1.pcd,Testing,2.3156590461730957,2.32364559173584,0.00798654556274414
778,TH0012AV/viewpoint_simulated_215_surface1.pcd,Testing,2.3035855293273926,2.2574565410614014,0.04612898826599121
779,TH0012AV/viewpoint_simulated_22_surface1.pcd,Testing,2.3110251426696777,2.3002398014068604,0.010785341262817383
780,TH0012AV/viewpoint_simulated_23_surface1.pcd,Testing,2.1018221378326416,2.1817195415496826,0.07989740371704102
781,TH0012AV/viewpoint_simulated_24_surface1.pcd,Testing,2.321923017501831,2.2633988857269287,0.058524131774902344
782,TH0012AV/viewpoint_simulated_25_surface1.pcd,Testing,2.1506431102752686,2.144497871398926,0.0061452388763427734
783,TH0012AV/viewpoint_simulated_26_surface1.pcd,Testing,2.262977361679077,2.228952646255493,0.034024715423583984
784,TH0012AV/viewpoint_simulated_27_surface1.pcd,Testing,2.195552349090576,2.1729445457458496,0.022607803344726562
785,TH0012AV/viewpoint_simulated_28_surface1.pcd,Testing,2.179619550704956,2.277754545211792,0.09813499450683594
786,TH0012AV/viewpoint_simulated_29_surface1.pcd,Testing,2.2943224906921387,2.340508222579956,0.04618573188781738
787,TH0012AV/viewpoint_simulated_3_surface1.pcd,Testing,2.265110492706299,2.1939315795898438,0.07117891311645508
788,TH0012AV/viewpoint_simulated_30_surface1.pcd,Testing,2.1787431240081787,2.2183265686035156,0.039583444595336914
789,TH0012AV/viewpoint_simulated_31_surface1.pcd,Testing,2.1861469745635986,2.2838692665100098,0.09772229194641113
790,TH0012AV/viewpoint_simulated_32_surface1.pcd,Testing,2.429375410079956,2.4507691860198975,0.021393775939941406
791,TH0012AV/viewpoint_simulated_33_surface1.pcd,Testing,2.2565457820892334,2.2560782432556152,0.00046753883361816406
792,TH0012AV/viewpoint_simulated_34_surface1.pcd,Testing,2.2483484745025635,2.2739369869232178,0.025588512420654297
793,TH0012AV/viewpoint_simulated_35_surface1.pcd,Testing,2.2443301677703857,2.254694700241089,0.010364532470703125
794,TH0012AV/viewpoint_simulated_36_surface1.pcd,Testing,2.2813336849212646,2.2160656452178955,0.06526803970336914
795,TH0012AV/viewpoint_simulated_37_surface1.pcd,Testing,2.281867265701294,2.215787172317505,0.06608009338378906
796,TH0012AV/viewpoint_simulated_38_surface1.pcd,Testing,2.2947826385498047,2.2532081604003906,0.04157447814941406
797,TH0012AV/viewpoint_simulated_39_surface1.pcd,Testing,2.2215452194213867,2.1806838512420654,0.04086136817932129
798,TH0012AV/viewpoint_simulated_4_surface1.pcd,Testing,2.290578603744507,2.169600009918213,0.12097859382629395
799,TH0012AV/viewpoint_simulated_40_surface1.pcd,Testing,2.2398087978363037,2.3402230739593506,0.10041427612304688
800,TH0012AV/viewpoint_simulated_41_surface1.pcd,Testing,2.3172338008880615,2.3098361492156982,0.007397651672363281
801,TH0012AV/viewpoint_simulated_42_surface1.pcd,Testing,2.1039092540740967,2.1269147396087646,0.02300548553466797
802,TH0012AV/viewpoint_simulated_43_surface1.pcd,Testing,2.227313280105591,2.2769253253936768,0.04961204528808594
803,TH0012AV/viewpoint_simulated_44_surface1.pcd,Testing,2.2584774494171143,2.3656609058380127,0.10718345642089844
804,TH0012AV/viewpoint_simulated_45_surface1.pcd,Testing,2.3299505710601807,2.2856333255767822,0.04431724548339844
805,TH0012AV/viewpoint_simulated_46_surface1.pcd,Testing,2.2765676975250244,2.2626376152038574,0.013930082321166992
806,TH0012AV/viewpoint_simulated_47_surface1.pcd,Testing,2.252272129058838,2.334333896636963,0.082061767578125
807,TH0012AV/viewpoint_simulated_48_surface1.pcd,Testing,2.2313477993011475,2.163032054901123,0.06831574440002441
808,TH0012AV/viewpoint_simulated_49_surface1.pcd,Testing,2.2745773792266846,2.2120590209960938,0.06251835823059082
809,TH0012AV/viewpoint_simulated_5_surface1.pcd,Testing,2.235198736190796,2.2424395084381104,0.007240772247314453
810,TH0012AV/viewpoint_simulated_50_surface1.pcd,Testing,2.235877275466919,2.200032949447632,0.03584432601928711
811,TH0012AV/viewpoint_simulated_51_surface1.pcd,Testing,2.2670207023620605,2.162628412246704,0.10439229011535645
812,TH0012AV/viewpoint_simulated_52_surface1.pcd,Testing,2.1377458572387695,2.226642608642578,0.0888967514038086
813,TH0012AV/viewpoint_simulated_53_surface1.pcd,Testing,2.3372676372528076,2.3318331241607666,0.005434513092041016
814,TH0012AV/viewpoint_simulated_54_surface1.pcd,Testing,2.382748603820801,2.3244693279266357,0.05827927589416504
815,TH0012AV/viewpoint_simulated_55_surface1.pcd,Testing,2.2510721683502197,2.273881196975708,0.02280902862548828
816,TH0012AV/viewpoint_simulated_56_surface1.pcd,Testing,2.231172561645508,2.333862066268921,0.10268950462341309
817,TH0012AV/viewpoint_simulated_57_surface1.pcd,Testing,2.1159842014312744,2.2851390838623047,0.16915488243103027
818,TH0012AV/viewpoint_simulated_58_surface1.pcd,Testing,2.233839511871338,2.2811734676361084,0.04733395576477051
819,TH0012AV/viewpoint_simulated_59_surface1.pcd,Testing,2.2454872131347656,2.330322504043579,0.08483529090881348
820,TH0012AV/viewpoint_simulated_6_surface1.pcd,Testing,2.237898111343384,2.287003517150879,0.04910540580749512
821,TH0012AV/viewpoint_simulated_60_surface1.pcd,Testing,2.181274890899658,2.0951755046844482,0.08609938621520996
822,TH0012AV/viewpoint_simulated_61_surface1.pcd,Testing,2.2678253650665283,2.2378246784210205,0.030000686645507812
823,TH0012AV/viewpoint_simulated_62_surface1.pcd,Testing,2.3111538887023926,2.2317593097686768,0.07939457893371582
824,TH0012AV/viewpoint_simulated_63_surface1.pcd,Testing,2.363140106201172,2.1423885822296143,0.22075152397155762
825,TH0012AV/viewpoint_simulated_64_surface1.pcd,Testing,2.3420188426971436,2.2281603813171387,0.11385846138000488
826,TH0012AV/viewpoint_simulated_65_surface1.pcd,Testing,2.228052854537964,2.151670217514038,0.07638263702392578
827,TH0012AV/viewpoint_simulated_66_surface1.pcd,Testing,2.4417314529418945,2.3784327507019043,0.06329870223999023
828,TH0012AV/viewpoint_simulated_67_surface1.pcd,Testing,2.371528148651123,2.2968573570251465,0.07467079162597656
829,TH0012AV/viewpoint_simulated_68_surface1.pcd,Testing,2.1763083934783936,2.26865553855896,0.0923471450805664
830,TH0012AV/viewpoint_simulated_69_surface1.pcd,Testing,2.3062167167663574,2.26354718208313,0.04266953468322754
831,TH0012AV/viewpoint_simulated_7_surface1.pcd,Testing,2.259816884994507,2.3156723976135254,0.055855512619018555
832,TH0012AV/viewpoint_simulated_70_surface1.pcd,Testing,2.2628579139709473,2.280343770980835,0.017485857009887695
833,TH0012AV/viewpoint_simulated_71_surface1.pcd,Testing,2.249680757522583,2.2542617321014404,0.004580974578857422
834,TH0012AV/viewpoint_simulated_72_surface1.pcd,Testing,2.2496068477630615,2.1912381649017334,0.058368682861328125
835,TH0012AV/viewpoint_simulated_73_surface1.pcd,Testing,2.1285204887390137,2.149911642074585,0.02139115333557129
836,TH0012AV/viewpoint_simulated_74_surface1.pcd,Testing,2.2713205814361572,2.1753289699554443,0.09599161148071289
837,TH0012AV/viewpoint_simulated_75_surface1.pcd,Testing,2.1921510696411133,2.114210605621338,0.07794046401977539
838,TH0012AV/viewpoint_simulated_76_surface1.pcd,Testing,2.1785728931427,2.1557047367095947,0.02286815643310547
839,TH0012AV/viewpoint_simulated_77_surface1.pcd,Testing,2.1638948917388916,2.1999807357788086,0.03608584403991699
840,TH0012AV/viewpoint_simulated_78_surface1.pcd,Testing,2.317079782485962,2.301973819732666,0.015105962753295898
841,TH0012AV/viewpoint_simulated_79_surface1.pcd,Testing,2.3551523685455322,2.2948009967803955,0.06035137176513672
842,TH0012AV/viewpoint_simulated_8_surface1.pcd,Testing,2.20025634765625,2.25199818611145,0.051741838455200195
843,TH0012AV/viewpoint_simulated_80_surface1.pcd,Testing,2.1821136474609375,2.314619302749634,0.1325056552886963
844,TH0012AV/viewpoint_simulated_81_surface1.pcd,Testing,2.29915452003479,2.26654314994812,0.03261137008666992
845,TH0012AV/viewpoint_simulated_82_surface1.pcd,Testing,2.250614643096924,2.3140766620635986,0.0634620189666748
846,TH0012AV/viewpoint_simulated_83_surface1.pcd,Testing,2.1831603050231934,2.275326728820801,0.09216642379760742
847,TH0012AV/viewpoint_simulated_84_surface1.pcd,Testing,2.195178508758545,2.204864263534546,0.009685754776000977
848,TH0012AV/viewpoint_simulated_85_surface1.pcd,Testing,2.1276016235351562,2.1390340328216553,0.011432409286499023
849,TH0012AV/viewpoint_simulated_86_surface1.pcd,Testing,2.2504615783691406,2.1667840480804443,0.08367753028869629
850,TH0012AV/viewpoint_simulated_87_surface1.pcd,Testing,2.17873215675354,2.16373872756958,0.014993429183959961
851,TH0012AV/viewpoint_simulated_88_surface1.pcd,Testing,2.3228955268859863,2.2861781120300293,0.03671741485595703
852,TH0012AV/viewpoint_simulated_89_surface1.pcd,Testing,2.313697576522827,2.363572835922241,0.04987525939941406
853,TH0012AV/viewpoint_simulated_9_surface1.pcd,Testing,2.256150007247925,2.2543740272521973,0.001775979995727539
854,TH0012AV/viewpoint_simulated_90_surface1.pcd,Testing,2.275803804397583,2.2922778129577637,0.016474008560180664
855,TH0012AV/viewpoint_simulated_91_surface1.pcd,Testing,2.1386892795562744,2.2175745964050293,0.07888531684875488
856,TH0012AV/viewpoint_simulated_92_surface1.pcd,Testing,2.2540605068206787,2.231592893600464,0.022467613220214844
857,TH0012AV/viewpoint_simulated_93_surface1.pcd,Testing,2.2229251861572266,2.236276865005493,0.013351678848266602
858,TH0012AV/viewpoint_simulated_94_surface1.pcd,Testing,2.234022378921509,2.291447639465332,0.05742526054382324
859,TH0012AV/viewpoint_simulated_95_surface1.pcd,Testing,2.275562286376953,2.2189829349517822,0.0565793514251709
860,TH0012AV/viewpoint_simulated_96_surface1.pcd,Testing,2.3509418964385986,2.265786647796631,0.08515524864196777
861,TH0012AV/viewpoint_simulated_97_surface1.pcd,Testing,2.1532559394836426,2.0403435230255127,0.11291241645812988
862,TH0012AV/viewpoint_simulated_98_surface1.pcd,Testing,2.209808111190796,2.2561099529266357,0.046301841735839844
863,TH0012AV/viewpoint_simulated_99_surface1.pcd,Testing,2.294574737548828,2.188826560974121,0.10574817657470703
864,TH0021AV/viewpoint_simulated_0_surface0.pcd,Testing,1.9409763813018799,1.9664885997772217,0.025512218475341797
865,TH0021AV/viewpoint_simulated_1_surface0.pcd,Testing,1.917659044265747,1.9805901050567627,0.06293106079101562
866,TH0021AV/viewpoint_simulated_10_surface0.pcd,Testing,1.9192532300949097,2.0510549545288086,0.13180172443389893
867,TH0021AV/viewpoint_simulated_100_surface0.pcd,Testing,2.0346643924713135,2.0029754638671875,0.03168892860412598
868,TH0021AV/viewpoint_simulated_101_surface0.pcd,Testing,1.97542142868042,1.9585511684417725,0.01687026023864746
869,TH0021AV/viewpoint_simulated_102_surface0.pcd,Testing,1.97860848903656,1.9808738231658936,0.002265334129333496
870,TH0021AV/viewpoint_simulated_103_surface0.pcd,Testing,1.9528114795684814,2.01676344871521,0.06395196914672852
871,TH0021AV/viewpoint_simulated_104_surface0.pcd,Testing,2.136975049972534,2.11881160736084,0.018163442611694336
872,TH0021AV/viewpoint_simulated_105_surface0.pcd,Testing,1.9920814037322998,2.205327033996582,0.21324563026428223
873,TH0021AV/viewpoint_simulated_106_surface0.pcd,Testing,1.992478370666504,2.138749837875366,0.1462714672088623
874,TH0021AV/viewpoint_simulated_107_surface0.pcd,Testing,1.9651168584823608,2.1144533157348633,0.14933645725250244
875,TH0021AV/viewpoint_simulated_108_surface0.pcd,Testing,2.091740608215332,2.1116387844085693,0.019898176193237305
876,TH0021AV/viewpoint_simulated_109_surface0.pcd,Testing,1.9749939441680908,2.0481810569763184,0.07318711280822754
877,TH0021AV/viewpoint_simulated_11_surface0.pcd,Testing,2.02254319190979,1.9842873811721802,0.03825581073760986
878,TH0021AV/viewpoint_simulated_110_surface0.pcd,Testing,2.015535593032837,2.0727860927581787,0.0572504997253418
879,TH0021AV/viewpoint_simulated_111_surface0.pcd,Testing,2.0951337814331055,2.1307599544525146,0.03562617301940918
880,TH0021AV/viewpoint_simulated_112_surface0.pcd,Testing,2.037811756134033,2.0145771503448486,0.02323460578918457
881,TH0021AV/viewpoint_simulated_113_surface0.pcd,Testing,2.0484230518341064,1.9673042297363281,0.08111882209777832
882,TH0021AV/viewpoint_simulated_114_surface0.pcd,Testing,2.0780463218688965,1.989485740661621,0.08856058120727539
883,TH0021AV/viewpoint_simulated_115_surface0.pcd,Testing,1.9480652809143066,2.027710199356079,0.07964491844177246
884,TH0021AV/viewpoint_simulated_116_surface0.pcd,Testing,2.113673210144043,2.164644479751587,0.050971269607543945
885,TH0021AV/viewpoint_simulated_117_surface0.pcd,Testing,2.087601900100708,2.2240843772888184,0.13648247718811035
886,TH0021AV/viewpoint_simulated_118_surface0.pcd,Testing,2.022090435028076,2.231228828430176,0.2091383934020996
887,TH0021AV/viewpoint_simulated_119_surface0.pcd,Testing,2.0430521965026855,2.2169103622436523,0.1738581657409668
888,TH0021AV/viewpoint_simulated_12_surface0.pcd,Testing,1.94987952709198,1.9970625638961792,0.04718303680419922
889,TH0021AV/viewpoint_simulated_120_surface0.pcd,Testing,1.9498916864395142,2.161088228225708,0.21119654178619385
890,TH0021AV/viewpoint_simulated_121_surface0.pcd,Testing,1.9404929876327515,2.1239266395568848,0.1834336519241333
891,TH0021AV/viewpoint_simulated_122_surface0.pcd,Testing,2.017195463180542,2.077500820159912,0.06030535697937012
892,TH0021AV/viewpoint_simulated_123_surface0.pcd,Testing,1.9760217666625977,2.147245407104492,0.17122364044189453
893,TH0021AV/viewpoint_simulated_124_surface0.pcd,Testing,2.0624022483825684,2.034623384475708,0.02777886390686035
894,TH0021AV/viewpoint_simulated_125_surface0.pcd,Testing,2.068577289581299,1.9470937252044678,0.12148356437683105
895,TH0021AV/viewpoint_simulated_126_surface0.pcd,Testing,2.044257879257202,2.086613416671753,0.04235553741455078
896,TH0021AV/viewpoint_simulated_127_surface0.pcd,Testing,1.9263986349105835,2.0277533531188965,0.10135471820831299
897,TH0021AV/viewpoint_simulated_128_surface0.pcd,Testing,2.111811399459839,2.188126802444458,0.07631540298461914
898,TH0021AV/viewpoint_simulated_129_surface0.pcd,Testing,2.017490863800049,2.2250022888183594,0.20751142501831055
899,TH0021AV/viewpoint_simulated_13_surface0.pcd,Testing,2.0545313358306885,1.9989625215530396,0.055568814277648926
900,TH0021AV/viewpoint_simulated_130_surface0.pcd,Testing,2.0442652702331543,2.2344534397125244,0.19018816947937012
901,TH0021AV/viewpoint_simulated_131_surface0.pcd,Testing,1.965766191482544,2.2371435165405273,0.2713773250579834
902,TH0021AV/viewpoint_simulated_132_surface0.pcd,Testing,2.004694938659668,2.2146530151367188,0.20995807647705078
903,TH0021AV/viewpoint_simulated_133_surface0.pcd,Testing,2.0856716632843018,2.228217124938965,0.14254546165466309
904,TH0021AV/viewpoint_simulated_134_surface0.pcd,Testing,2.028291702270508,2.107975721359253,0.07968401908874512
905,TH0021AV/viewpoint_simulated_135_surface0.pcd,Testing,2.0665979385375977,2.0957143306732178,0.029116392135620117
906,TH0021AV/viewpoint_simulated_136_surface0.pcd,Testing,2.057051181793213,2.0120863914489746,0.04496479034423828
907,TH0021AV/viewpoint_simulated_137_surface0.pcd,Testing,2.038393974304199,1.98392653465271,0.05446743965148926
908,TH0021AV/viewpoint_simulated_138_surface0.pcd,Testing,2.0250868797302246,2.127243757247925,0.1021568775177002
909,TH0021AV/viewpoint_simulated_139_surface0.pcd,Testing,1.96077561378479,2.1068005561828613,0.1460249423980713
910,TH0021AV/viewpoint_simulated_14_surface0.pcd,Testing,1.9106677770614624,1.980760097503662,0.07009232044219971
911,TH0021AV/viewpoint_simulated_140_surface0.pcd,Testing,2.0527563095092773,2.1906793117523193,0.137923002243042
912,TH0021AV/viewpoint_simulated_141_surface0.pcd,Testing,2.110926866531372,2.21738338470459,0.10645651817321777
913,TH0021AV/viewpoint_simulated_142_surface0.pcd,Testing,2.036007881164551,2.324214220046997,0.2882063388824463
914,TH0021AV/viewpoint_simulated_143_surface0.pcd,Testing,1.8945882320404053,2.2390265464782715,0.3444383144378662
915,TH0021AV/viewpoint_simulated_144_surface0.pcd,Testing,1.965940237045288,1.9736533164978027,0.0077130794525146484
916,TH0021AV/viewpoint_simulated_145_surface0.pcd,Testing,1.958670973777771,1.9651131629943848,0.0064421892166137695
917,TH0021AV/viewpoint_simulated_146_surface0.pcd,Testing,2.0774264335632324,1.9494178295135498,0.12800860404968262
918,TH0021AV/viewpoint_simulated_147_surface0.pcd,Testing,1.9369502067565918,1.9689942598342896,0.032044053077697754
919,TH0021AV/viewpoint_simulated_148_surface0.pcd,Testing,1.972402811050415,1.9544135332107544,0.017989277839660645
920,TH0021AV/viewpoint_simulated_149_surface0.pcd,Testing,2.1505374908447266,1.954404354095459,0.19613313674926758
921,TH0021AV/viewpoint_simulated_15_surface0.pcd,Testing,1.8689862489700317,1.9858216047286987,0.11683535575866699
922,TH0021AV/viewpoint_simulated_150_surface0.pcd,Testing,1.958708643913269,1.9801130294799805,0.021404385566711426
923,TH0021AV/viewpoint_simulated_151_surface0.pcd,Testing,1.9613564014434814,2.005490303039551,0.044133901596069336
924,TH0021AV/viewpoint_simulated_152_surface0.pcd,Testing,1.9363775253295898,2.032043695449829,0.09566617012023926
925,TH0021AV/viewpoint_simulated_153_surface0.pcd,Testing,2.0968260765075684,2.0637588500976562,0.03306722640991211
926,TH0021AV/viewpoint_simulated_154_surface0.pcd,Testing,1.900105357170105,2.0402750968933105,0.14016973972320557
927,TH0021AV/viewpoint_simulated_155_surface0.pcd,Testing,1.918887734413147,2.003908634185791,0.08502089977264404
928,TH0021AV/viewpoint_simulated_156_surface0.pcd,Testing,2.0306777954101562,1.999190092086792,0.03148770332336426
929,TH0021AV/viewpoint_simulated_157_surface0.pcd,Testing,1.9426605701446533,1.9928123950958252,0.050151824951171875
930,TH0021AV/viewpoint_simulated_158_surface0.pcd,Testing,2.0678062438964844,1.9573575258255005,0.11044871807098389
931,TH0021AV/viewpoint_simulated_159_surface0.pcd,Testing,1.9259189367294312,1.9971729516983032,0.07125401496887207
932,TH0021AV/viewpoint_simulated_16_surface0.pcd,Testing,1.9726245403289795,1.9623236656188965,0.010300874710083008
933,TH0021AV/viewpoint_simulated_160_surface0.pcd,Testing,1.9596034288406372,1.9573729038238525,0.002230525016784668
934,TH0021AV/viewpoint_simulated_161_surface0.pcd,Testing,1.8915432691574097,1.9507524967193604,0.059209227561950684
935,TH0021AV/viewpoint_simulated_162_surface0.pcd,Testing,1.9597232341766357,1.987430214881897,0.02770698070526123
936,TH0021AV/viewpoint_simulated_163_surface0.pcd,Testing,1.9923158884048462,2.0130257606506348,0.020709872245788574
937,TH0021AV/viewpoint_simulated_164_surface0.pcd,Testing,2.0521187782287598,2.0813233852386475,0.029204607009887695
938,TH0021AV/viewpoint_simulated_165_surface0.pcd,Testing,1.954237699508667,2.1379733085632324,0.18373560905456543
939,TH0021AV/viewpoint_simulated_166_surface0.pcd,Testing,2.1122939586639404,2.0987703800201416,0.013523578643798828
940,TH0021AV/viewpoint_simulated_167_surface0.pcd,Testing,1.9584391117095947,2.034926414489746,0.07648730278015137
941,TH0021AV/viewpoint_simulated_168_surface0.pcd,Testing,2.006756067276001,2.0099031925201416,0.003147125244140625
942,TH0021AV/viewpoint_simulated_169_surface0.pcd,Testing,1.9994534254074097,1.996153473854065,0.0032999515533447266
943,TH0021AV/viewpoint_simulated_17_surface0.pcd,Testing,1.9554613828659058,1.953471064567566,0.0019903182983398438
944,TH0021AV/viewpoint_simulated_170_surface0.pcd,Testing,1.9365090131759644,2.081470251083374,0.14496123790740967
945,TH0021AV/viewpoint_simulated_171_surface0.pcd,Testing,2.031635046005249,2.0356085300445557,0.003973484039306641
946,TH0021AV/viewpoint_simulated_172_surface0.pcd,Testing,1.980952501296997,2.0090157985687256,0.028063297271728516
947,TH0021AV/viewpoint_simulated_173_surface0.pcd,Testing,1.9443833827972412,1.9571921825408936,0.012808799743652344
948,TH0021AV/viewpoint_simulated_174_surface0.pcd,Testing,2.0023133754730225,1.987902045249939,0.014411330223083496
949,TH0021AV/viewpoint_simulated_175_surface0.pcd,Testing,2.168391227722168,2.0251779556274414,0.14321327209472656
950,TH0021AV/viewpoint_simulated_176_surface0.pcd,Testing,2.0878658294677734,2.131830930709839,0.04396510124206543
951,TH0021AV/viewpoint_simulated_177_surface0.pcd,Testing,1.977910041809082,2.206167697906494,0.2282576560974121
952,TH0021AV/viewpoint_simulated_178_surface0.pcd,Testing,1.985445499420166,2.1529197692871094,0.16747426986694336
953,TH0021AV/viewpoint_simulated_179_surface0.pcd,Testing,1.9111857414245605,2.121110677719116,0.20992493629455566
954,TH0021AV/viewpoint_simulated_18_surface0.pcd,Testing,2.0084104537963867,1.975593090057373,0.03281736373901367
955,TH0021AV/viewpoint_simulated_180_surface0.pcd,Testing,1.976438045501709,2.0995137691497803,0.12307572364807129
956,TH0021AV/viewpoint_simulated_181_surface0.pcd,Testing,2.0208120346069336,2.023669958114624,0.0028579235076904297
957,TH0021AV/viewpoint_simulated_182_surface0.pcd,Testing,1.9746686220169067,2.0580239295959473,0.08335530757904053
958,TH0021AV/viewpoint_simulated_183_surface0.pcd,Testing,1.9708455801010132,2.141193151473999,0.17034757137298584
959,TH0021AV/viewpoint_simulated_184_surface0.pcd,Testing,1.9504870176315308,2.016993999481201,0.06650698184967041
960,TH0021AV/viewpoint_simulated_185_surface0.pcd,Testing,2.1081886291503906,1.9557172060012817,0.1524714231491089
961,TH0021AV/viewpoint_simulated_186_surface0.pcd,Testing,2.004274845123291,2.014549970626831,0.010275125503540039
962,TH0021AV/viewpoint_simulated_187_surface0.pcd,Testing,2.0400965213775635,2.0393526554107666,0.000743865966796875
963,TH0021AV/viewpoint_simulated_188_surface0.pcd,Testing,1.9154119491577148,2.155576467514038,0.24016451835632324
964,TH0021AV/viewpoint_simulated_189_surface0.pcd,Testing,1.9324549436569214,2.2150423526763916,0.2825874090194702
965,TH0021AV/viewpoint_simulated_19_surface0.pcd,Testing,1.9130796194076538,2.012542724609375,0.09946310520172119
966,TH0021AV/viewpoint_simulated_190_surface0.pcd,Testing,2.0422608852386475,2.2191083431243896,0.1768474578857422
967,TH0021AV/viewpoint_simulated_191_surface0.pcd,Testing,2.0742111206054688,2.1868250370025635,0.11261391639709473
968,TH0021AV/viewpoint_simulated_192_surface0.pcd,Testing,2.092111349105835,2.1502082347869873,0.058096885681152344
969,TH0021AV/viewpoint_simulated_193_surface0.pcd,Testing,2.0336081981658936,2.127821922302246,0.09421372413635254
970,TH0021AV/viewpoint_simulated_194_surface0.pcd,Testing,2.0852317810058594,2.0825936794281006,0.002638101577758789
971,TH0021AV/viewpoint_simulated_195_surface0.pcd,Testing,2.04939341545105,2.151705503463745,0.10231208801269531
972,TH0021AV/viewpoint_simulated_196_surface0.pcd,Testing,1.9199950695037842,2.0455105304718018,0.12551546096801758
973,TH0021AV/viewpoint_simulated_197_surface0.pcd,Testing,1.987913966178894,1.9218348264694214,0.06607913970947266
974,TH0021AV/viewpoint_simulated_198_surface0.pcd,Testing,2.1240522861480713,2.0687026977539062,0.05534958839416504
975,TH0021AV/viewpoint_simulated_199_surface0.pcd,Testing,2.07206392288208,2.0366599559783936,0.03540396690368652
976,TH0021AV/viewpoint_simulated_2_surface0.pcd,Testing,2.10330867767334,1.9519567489624023,0.1513519287109375
977,TH0021AV/viewpoint_simulated_20_surface0.pcd,Testing,1.9316866397857666,2.0800774097442627,0.1483907699584961
978,TH0021AV/viewpoint_simulated_200_surface0.pcd,Testing,2.0674455165863037,2.176618814468384,0.10917329788208008
979,TH0021AV/viewpoint_simulated_201_surface0.pcd,Testing,2.0819034576416016,2.2248969078063965,0.14299345016479492
980,TH0021AV/viewpoint_simulated_202_surface0.pcd,Testing,1.9550120830535889,2.2346372604370117,0.27962517738342285
981,TH0021AV/viewpoint_simulated_203_surface0.pcd,Testing,1.9642574787139893,2.218940496444702,0.2546830177307129
982,TH0021AV/viewpoint_simulated_204_surface0.pcd,Testing,2.109226703643799,2.2222492694854736,0.1130225658416748
983,TH0021AV/viewpoint_simulated_205_surface0.pcd,Testing,2.0778896808624268,2.2069098949432373,0.12902021408081055
984,TH0021AV/viewpoint_simulated_206_surface0.pcd,Testing,2.0571279525756836,2.1006033420562744,0.04347538948059082
985,TH0021AV/viewpoint_simulated_207_surface0.pcd,Testing,2.015573501586914,2.113636016845703,0.09806251525878906
986,TH0021AV/viewpoint_simulated_208_surface0.pcd,Testing,2.0328192710876465,2.000617504119873,0.03220176696777344
987,TH0021AV/viewpoint_simulated_209_surface0.pcd,Testing,2.0712087154388428,1.9805870056152344,0.0906217098236084
988,TH0021AV/viewpoint_simulated_21_surface0.pcd,Testing,1.9554580450057983,2.1434149742126465,0.18795692920684814
989,TH0021AV/viewpoint_simulated_210_surface0.pcd,Testing,2.0636584758758545,2.1235573291778564,0.05989885330200195
990,TH0021AV/viewpoint_simulated_211_surface0.pcd,Testing,1.9959157705307007,2.083940029144287,0.08802425861358643
991,TH0021AV/viewpoint_simulated_212_surface0.pcd,Testing,2.040315866470337,2.197847843170166,0.1575319766998291
992,TH0021AV/viewpoint_simulated_213_surface0.pcd,Testing,2.050727367401123,2.23528790473938,0.18456053733825684
993,TH0021AV/viewpoint_simulated_214_surface0.pcd,Testing,2.0845532417297363,2.2968761920928955,0.21232295036315918
994,TH0021AV/viewpoint_simulated_215_surface0.pcd,Testing,2.0839433670043945,2.24643874168396,0.16249537467956543
995,TH0021AV/viewpoint_simulated_22_surface0.pcd,Testing,2.012815237045288,2.102139472961426,0.0893242359161377
996,TH0021AV/viewpoint_simulated_23_surface0.pcd,Testing,1.946535348892212,2.024751901626587,0.078216552734375
997,TH0021AV/viewpoint_simulated_24_surface0.pcd,Testing,2.081576347351074,2.008352756500244,0.07322359085083008
998,TH0021AV/viewpoint_simulated_25_surface0.pcd,Testing,2.0631840229034424,2.008169412612915,0.055014610290527344
999,TH0021AV/viewpoint_simulated_26_surface0.pcd,Testing,1.9745733737945557,2.1033027172088623,0.12872934341430664
1000,TH0021AV/viewpoint_simulated_27_surface0.pcd,Testing,2.041293144226074,2.0465619564056396,0.00526881217956543
1001,TH0021AV/viewpoint_simulated_28_surface0.pcd,Testing,1.944818139076233,2.0082409381866455,0.0634227991104126
1002,TH0021AV/viewpoint_simulated_29_surface0.pcd,Testing,1.994264006614685,1.95686936378479,0.03739464282989502
1003,TH0021AV/viewpoint_simulated_3_surface0.pcd,Testing,1.986494779586792,1.9506570100784302,0.035837769508361816
1004,TH0021AV/viewpoint_simulated_30_surface0.pcd,Testing,2.0333051681518555,1.9482800960540771,0.08502507209777832
1005,TH0021AV/viewpoint_simulated_31_surface0.pcd,Testing,1.9692949056625366,2.0393025875091553,0.07000768184661865
1006,TH0021AV/viewpoint_simulated_32_surface0.pcd,Testing,1.9461617469787598,2.1130940914154053,0.1669323444366455
1007,TH0021AV/viewpoint_simulated_33_surface0.pcd,Testing,1.9020105600357056,2.1877388954162598,0.2857283353805542
1008,TH0021AV/viewpoint_simulated_34_surface0.pcd,Testing,1.9591957330703735,2.13261342048645,0.17341768741607666
1009,TH0021AV/viewpoint_simulated_35_surface0.pcd,Testing,2.019491672515869,2.1216201782226562,0.10212850570678711
1010,TH0021AV/viewpoint_simulated_36_surface0.pcd,Testing,1.9159079790115356,2.1066372394561768,0.1907292604446411
1011,TH0021AV/viewpoint_simulated_37_surface0.pcd,Testing,2.0924243927001953,2.05214786529541,0.040276527404785156
1012,TH0021AV/viewpoint_simulated_38_surface0.pcd,Testing,1.9974502325057983,2.0720369815826416,0.07458674907684326
1013,TH0021AV/viewpoint_simulated_39_surface0.pcd,Testing,1.989264965057373,2.1329498291015625,0.14368486404418945
1014,TH0021AV/viewpoint_simulated_4_surface0.pcd,Testing,1.920914649963379,1.942537784576416,0.02162313461303711
1015,TH0021AV/viewpoint_simulated_40_surface0.pcd,Testing,1.9915651082992554,1.9981075525283813,0.0065424442291259766
1016,TH0021AV/viewpoint_simulated_41_surface0.pcd,Testing,2.0301268100738525,1.9450709819793701,0.08505582809448242
1017,TH0021AV/viewpoint_simulated_42_surface0.pcd,Testing,2.0904321670532227,1.9831857681274414,0.10724639892578125
1018,TH0021AV/viewpoint_simulated_43_surface0.pcd,Testing,2.0510761737823486,2.024524450302124,0.02655172348022461
1019,TH0021AV/viewpoint_simulated_44_surface0.pcd,Testing,1.9727473258972168,2.148832082748413,0.1760847568511963
1020,TH0021AV/viewpoint_simulated_45_surface0.pcd,Testing,1.961453914642334,2.2221105098724365,0.26065659523010254
1021,TH0021AV/viewpoint_simulated_46_surface0.pcd,Testing,2.0258948802948,2.2296884059906006,0.20379352569580078
1022,TH0021AV/viewpoint_simulated_47_surface0.pcd,Testing,2.0182576179504395,2.197601556777954,0.17934393882751465
1023,TH0021AV/viewpoint_simulated_48_surface0.pcd,Testing,1.9414522647857666,2.1674911975860596,0.22603893280029297
1024,TH0021AV/viewpoint_simulated_49_surface0.pcd,Testing,2.0333878993988037,2.129650354385376,0.09626245498657227
1025,TH0021AV/viewpoint_simulated_5_surface0.pcd,Testing,1.941063404083252,1.9608280658721924,0.01976466178894043
1026,TH0021AV/viewpoint_simulated_50_surface0.pcd,Testing,2.1360886096954346,2.064497232437134,0.07159137725830078
1027,TH0021AV/viewpoint_simulated_51_surface0.pcd,Testing,2.00811767578125,2.1467831134796143,0.13866543769836426
1028,TH0021AV/viewpoint_simulated_52_surface0.pcd,Testing,2.0715978145599365,2.004342794418335,0.06725502014160156
1029,TH0021AV/viewpoint_simulated_53_surface0.pcd,Testing,2.106186866760254,1.9506864547729492,0.1555004119873047
1030,TH0021AV/viewpoint_simulated_54_surface0.pcd,Testing,2.044865846633911,2.0668880939483643,0.022022247314453125
1031,TH0021AV/viewpoint_simulated_55_surface0.pcd,Testing,2.0803651809692383,2.0432426929473877,0.037122488021850586
1032,TH0021AV/viewpoint_simulated_56_surface0.pcd,Testing,2.0653624534606934,2.174240827560425,0.10887837409973145
1033,TH0021AV/viewpoint_simulated_57_surface0.pcd,Testing,2.0616471767425537,2.214447259902954,0.1528000831604004
1034,TH0021AV/viewpoint_simulated_58_surface0.pcd,Testing,1.967652678489685,2.229267120361328,0.26161444187164307
1035,TH0021AV/viewpoint_simulated_59_surface0.pcd,Testing,2.0153520107269287,2.246323347091675,0.2309713363647461
1036,TH0021AV/viewpoint_simulated_6_surface0.pcd,Testing,2.0206449031829834,1.988560676574707,0.03208422660827637
1037,TH0021AV/viewpoint_simulated_60_surface0.pcd,Testing,2.1639561653137207,2.2212679386138916,0.0573117733001709
1038,TH0021AV/viewpoint_simulated_61_surface0.pcd,Testing,1.9462450742721558,2.2197208404541016,0.2734757661819458
1039,TH0021AV/viewpoint_simulated_62_surface0.pcd,Testing,2.053434371948242,2.0943267345428467,0.04089236259460449
1040,TH0021AV/viewpoint_simulated_63_surface0.pcd,Testing,2.0802693367004395,2.118678331375122,0.03840899467468262
1041,TH0021AV/viewpoint_simulated_64_surface0.pcd,Testing,1.9847488403320312,1.981441617012024,0.0033072233200073242
1042,TH0021AV/viewpoint_simulated_65_surface0.pcd,Testing,2.027438163757324,2.014742612838745,0.012695550918579102
1043,TH0021AV/viewpoint_simulated_66_surface0.pcd,Testing,2.0552525520324707,2.120960235595703,0.06570768356323242
1044,TH0021AV/viewpoint_simulated_67_surface0.pcd,Testing,2.064014196395874,2.0860707759857178,0.02205657958984375
1045,TH0021AV/viewpoint_simulated_68_surface0.pcd,Testing,2.075669050216675,2.196500062942505,0.12083101272583008
1046,TH0021AV/viewpoint_simulated_69_surface0.pcd,Testing,2.002105712890625,2.239288806915283,0.2371830940246582
1047,TH0021AV/viewpoint_simulated_7_surface0.pcd,Testing,1.917687177658081,2.0052359104156494,0.08754873275756836
1048,TH0021AV/viewpoint_simulated_70_surface0.pcd,Testing,2.136733293533325,2.3301961421966553,0.19346284866333008
1049,TH0021AV/viewpoint_simulated_71_surface0.pcd,Testing,1.9618407487869263,2.2597239017486572,0.29788315296173096
1050,TH0021AV/viewpoint_simulated_72_surface0.pcd,Testing,2.083573818206787,1.994234323501587,0.0893394947052002
1051,TH0021AV/viewpoint_simulated_73_surface0.pcd,Testing,2.056783676147461,1.943231225013733,0.11355245113372803
1052,TH0021AV/viewpoint_simulated_74_surface0.pcd,Testing,1.9514377117156982,1.9551163911819458,0.0036786794662475586
1053,TH0021AV/viewpoint_simulated_75_surface0.pcd,Testing,2.0153989791870117,1.9583579301834106,0.057041049003601074
1054,TH0021AV/viewpoint_simulated_76_surface0.pcd,Testing,2.0352704524993896,1.9569945335388184,0.07827591896057129
1055,TH0021AV/viewpoint_simulated_77_surface0.pcd,Testing,1.9597961902618408,1.9675025939941406,0.007706403732299805
1056,TH0021AV/viewpoint_simulated_78_surface0.pcd,Testing,2.05989670753479,1.9693467617034912,0.09054994583129883
1057,TH0021AV/viewpoint_simulated_79_surface0.pcd,Testing,2.0603537559509277,2.020280122756958,0.04007363319396973
1058,TH0021AV/viewpoint_simulated_8_surface0.pcd,Testing,1.9223697185516357,2.02173113822937,0.09936141967773438
1059,TH0021AV/viewpoint_simulated_80_surface0.pcd,Testing,1.9530692100524902,2.033231019973755,0.08016180992126465
1060,TH0021AV/viewpoint_simulated_81_surface0.pcd,Testing,1.9879224300384521,2.057920217514038,0.06999778747558594
1061,TH0021AV/viewpoint_simulated_82_surface0.pcd,Testing,1.96621835231781,2.0356545448303223,0.06943619251251221
1062,TH0021AV/viewpoint_simulated_83_surface0.pcd,Testing,2.020902395248413,1.987257719039917,0.033644676208496094
1063,TH0021AV/viewpoint_simulated_84_surface0.pcd,Testing,2.0650949478149414,1.9880650043487549,0.07702994346618652
1064,TH0021AV/viewpoint_simulated_85_surface0.pcd,Testing,1.9794057607650757,2.003244400024414,0.02383863925933838
1065,TH0021AV/viewpoint_simulated_86_surface0.pcd,Testing,1.985962986946106,1.9732131958007812,0.012749791145324707
1066,TH0021AV/viewpoint_simulated_87_surface0.pcd,Testing,1.9372754096984863,1.9815001487731934,0.04422473907470703
1067,TH0021AV/viewpoint_simulated_88_surface0.pcd,Testing,1.8835349082946777,1.9670988321304321,0.0835639238357544
1068,TH0021AV/viewpoint_simulated_89_surface0.pcd,Testing,2.046699285507202,1.9485548734664917,0.09814441204071045
1069,TH0021AV/viewpoint_simulated_9_surface0.pcd,Testing,1.9850709438323975,2.0405476093292236,0.05547666549682617
1070,TH0021AV/viewpoint_simulated_90_surface0.pcd,Testing,1.896153450012207,1.969980001449585,0.07382655143737793
1071,TH0021AV/viewpoint_simulated_91_surface0.pcd,Testing,1.947793960571289,1.9997118711471558,0.0519179105758667
1072,TH0021AV/viewpoint_simulated_92_surface0.pcd,Testing,2.08010196685791,2.064751148223877,0.015350818634033203
1073,TH0021AV/viewpoint_simulated_93_surface0.pcd,Testing,2.0122275352478027,2.1277968883514404,0.1155693531036377
1074,TH0021AV/viewpoint_simulated_94_surface0.pcd,Testing,1.9263590574264526,2.0950307846069336,0.16867172718048096
1075,TH0021AV/viewpoint_simulated_95_surface0.pcd,Testing,1.9530457258224487,2.0410680770874023,0.08802235126495361
1076,TH0021AV/viewpoint_simulated_96_surface0.pcd,Testing,2.089155435562134,2.010679006576538,0.0784764289855957
1077,TH0021AV/viewpoint_simulated_97_surface0.pcd,Testing,1.9560112953186035,1.97498619556427,0.018974900245666504
1078,TH0021AV/viewpoint_simulated_98_surface0.pcd,Testing,2.0560011863708496,2.0953991413116455,0.0393979549407959
1079,TH0021AV/viewpoint_simulated_99_surface0.pcd,Testing,1.9411602020263672,2.0627126693725586,0.1215524673461914
1080,TH0021AV/viewpoint_simulated_0_surface1.pcd,Testing,1.9590559005737305,1.9924654960632324,0.03340959548950195
1081,TH0021AV/viewpoint_simulated_1_surface1.pcd,Testing,2.0821382999420166,2.0296690464019775,0.05246925354003906
1082,TH0021AV/viewpoint_simulated_10_surface1.pcd,Testing,2.138134002685547,2.0847513675689697,0.05338263511657715
1083,TH0021AV/viewpoint_simulated_100_surface1.pcd,Testing,2.1003451347351074,2.174022912979126,0.07367777824401855
1084,TH0021AV/viewpoint_simulated_101_surface1.pcd,Testing,2.3569679260253906,2.212090253829956,0.14487767219543457
1085,TH0021AV/viewpoint_simulated_102_surface1.pcd,Testing,2.1435630321502686,2.0750019550323486,0.06856107711791992
1086,TH0021AV/viewpoint_simulated_103_surface1.pcd,Testing,2.304028034210205,2.21968674659729,0.08434128761291504
1087,TH0021AV/viewpoint_simulated_104_surface1.pcd,Testing,2.345306873321533,2.2973508834838867,0.047955989837646484
1088,TH0021AV/viewpoint_simulated_105_surface1.pcd,Testing,2.2591392993927,2.21366810798645,0.04547119140625
1089,TH0021AV/viewpoint_simulated_106_surface1.pcd,Testing,2.116093635559082,2.230731248855591,0.11463761329650879
1090,TH0021AV/viewpoint_simulated_107_surface1.pcd,Testing,2.2870326042175293,2.1921956539154053,0.09483695030212402
1091,TH0021AV/viewpoint_simulated_108_surface1.pcd,Testing,1.925577163696289,1.970123052597046,0.044545888900756836
1092,TH0021AV/viewpoint_simulated_109_surface1.pcd,Testing,2.2792673110961914,2.193892240524292,0.08537507057189941
1093,TH0021AV/viewpoint_simulated_11_surface1.pcd,Testing,2.3321855068206787,2.16251802444458,0.16966748237609863
1094,TH0021AV/viewpoint_simulated_110_surface1.pcd,Testing,2.138807773590088,2.196913242340088,0.05810546875
1095,TH0021AV/viewpoint_simulated_111_surface1.pcd,Testing,2.203474283218384,2.195561170578003,0.00791311264038086
1096,TH0021AV/viewpoint_simulated_112_surface1.pcd,Testing,1.971767783164978,1.989781141281128,0.018013358116149902
1097,TH0021AV/viewpoint_simulated_113_surface1.pcd,Testing,2.264219284057617,2.2474403381347656,0.016778945922851562
1098,TH0021AV/viewpoint_simulated_114_surface1.pcd,Testing,1.924725890159607,1.8952891826629639,0.029436707496643066
1099,TH0021AV/viewpoint_simulated_115_surface1.pcd,Testing,2.1361982822418213,2.0298447608947754,0.1063535213470459
1100,TH0021AV/viewpoint_simulated_116_surface1.pcd,Testing,2.1687405109405518,2.24906325340271,0.0803227424621582
1101,TH0021AV/viewpoint_simulated_117_surface1.pcd,Testing,2.3303892612457275,2.1868269443511963,0.14356231689453125
1102,TH0021AV/viewpoint_simulated_118_surface1.pcd,Testing,2.2739741802215576,2.176440954208374,0.0975332260131836
1103,TH0021AV/viewpoint_simulated_119_surface1.pcd,Testing,2.3732569217681885,2.177401304244995,0.19585561752319336
1104,TH0021AV/viewpoint_simulated_12_surface1.pcd,Testing,2.168273687362671,2.0848114490509033,0.08346223831176758
1105,TH0021AV/viewpoint_simulated_120_surface1.pcd,Testing,2.219228506088257,2.2438182830810547,0.02458977699279785
1106,TH0021AV/viewpoint_simulated_121_surface1.pcd,Testing,2.1263647079467773,2.234572649002075,0.10820794105529785
1107,TH0021AV/viewpoint_simulated_122_surface1.pcd,Testing,2.223005771636963,2.1856510639190674,0.03735470771789551
1108,TH0021AV/viewpoint_simulated_123_surface1.pcd,Testing,2.2511041164398193,1.9268968105316162,0.3242073059082031
1109,TH0021AV/viewpoint_simulated_124_surface1.pcd,Testing,2.2994115352630615,2.2372171878814697,0.0621943473815918
1110,TH0021AV/viewpoint_simulated_125_surface1.pcd,Testing,2.02658748626709,1.9216833114624023,0.1049041748046875
1111,TH0021AV/viewpoint_simulated_126_surface1.pcd,Testing,2.264958143234253,2.1493144035339355,0.11564373970031738
1112,TH0021AV/viewpoint_simulated_127_surface1.pcd,Testing,2.2120301723480225,2.1359195709228516,0.0761106014251709
1113,TH0021AV/viewpoint_simulated_128_surface1.pcd,Testing,2.2852585315704346,2.258899211883545,0.02635931968688965
1114,TH0021AV/viewpoint_simulated_129_surface1.pcd,Testing,2.190150260925293,2.145228862762451,0.0449213981628418
1115,TH0021AV/viewpoint_simulated_13_surface1.pcd,Testing,2.199934959411621,2.1324121952056885,0.06752276420593262
1116,TH0021AV/viewpoint_simulated_130_surface1.pcd,Testing,2.243908643722534,2.1719346046447754,0.07197403907775879
1117,TH0021AV/viewpoint_simulated_131_surface1.pcd,Testing,2.133700132369995,2.2827916145324707,0.14909148216247559
1118,TH0021AV/viewpoint_simulated_132_surface1.pcd,Testing,2.1733336448669434,2.219963312149048,0.04662966728210449
1119,TH0021AV/viewpoint_simulated_133_surface1.pcd,Testing,2.3514487743377686,2.2569611072540283,0.09448766708374023
1120,TH0021AV/viewpoint_simulated_134_surface1.pcd,Testing,2.2927117347717285,2.218231439590454,0.07448029518127441
1121,TH0021AV/viewpoint_simulated_135_surface1.pcd,Testing,2.076227903366089,1.9584221839904785,0.11780571937561035
1122,TH0021AV/viewpoint_simulated_136_surface1.pcd,Testing,2.11869478225708,2.2546770572662354,0.13598227500915527
1123,TH0021AV/viewpoint_simulated_137_surface1.pcd,Testing,2.2239365577697754,2.0702896118164062,0.15364694595336914
1124,TH0021AV/viewpoint_simulated_138_surface1.pcd,Testing,2.330458164215088,2.1745402812957764,0.15591788291931152
1125,TH0021AV/viewpoint_simulated_139_surface1.pcd,Testing,2.096717119216919,2.103440284729004,0.006723165512084961
1126,TH0021AV/viewpoint_simulated_14_surface1.pcd,Testing,2.139702081680298,2.144310235977173,0.004608154296875
1127,TH0021AV/viewpoint_simulated_140_surface1.pcd,Testing,2.090024471282959,2.0420942306518555,0.047930240631103516
1128,TH0021AV/viewpoint_simulated_141_surface1.pcd,Testing,2.220317840576172,2.1669158935546875,0.053401947021484375
1129,TH0021AV/viewpoint_simulated_142_surface1.pcd,Testing,2.1915783882141113,2.16450572013855,0.027072668075561523
1130,TH0021AV/viewpoint_simulated_143_surface1.pcd,Testing,2.416302442550659,2.35858416557312,0.05771827697753906
1131,TH0021AV/viewpoint_simulated_144_surface1.pcd,Testing,2.1547904014587402,2.167510986328125,0.012720584869384766
1132,TH0021AV/viewpoint_simulated_145_surface1.pcd,Testing,2.244389295578003,2.0383307933807373,0.20605850219726562
1133,TH0021AV/viewpoint_simulated_146_surface1.pcd,Testing,2.1202809810638428,1.998246431350708,0.12203454971313477
1134,TH0021AV/viewpoint_simulated_147_surface1.pcd,Testing,2.078611135482788,2.117809534072876,0.03919839859008789
1135,TH0021AV/viewpoint_simulated_148_surface1.pcd,Testing,2.220160484313965,2.1451942920684814,0.0749661922454834
1136,TH0021AV/viewpoint_simulated_149_surface1.pcd,Testing,2.2257702350616455,2.145578145980835,0.08019208908081055
1137,TH0021AV/viewpoint_simulated_15_surface1.pcd,Testing,2.2073779106140137,2.1366169452667236,0.07076096534729004
1138,TH0021AV/viewpoint_simulated_150_surface1.pcd,Testing,2.0164897441864014,2.132490396499634,0.11600065231323242
1139,TH0021AV/viewpoint_simulated_151_surface1.pcd,Testing,2.150989532470703,2.222200632095337,0.07121109962463379
1140,TH0021AV/viewpoint_simulated_152_surface1.pcd,Testing,2.324441909790039,2.1904025077819824,0.13403940200805664
1141,TH0021AV/viewpoint_simulated_153_surface1.pcd,Testing,2.140921115875244,2.1843955516815186,0.043474435806274414
1142,TH0021AV/viewpoint_simulated_154_surface1.pcd,Testing,1.9546641111373901,2.0253851413726807,0.07072103023529053
1143,TH0021AV/viewpoint_simulated_155_surface1.pcd,Testing,2.078644275665283,2.1721303462982178,0.09348607063293457
1144,TH0021AV/viewpoint_simulated_156_surface1.pcd,Testing,2.2365331649780273,2.1468193531036377,0.08971381187438965
1145,TH0021AV/viewpoint_simulated_157_surface1.pcd,Testing,2.1985890865325928,2.129756212234497,0.0688328742980957
1146,TH0021AV/viewpoint_simulated_158_surface1.pcd,Testing,2.223153591156006,2.1250159740448,0.09813761711120605
1147,TH0021AV/viewpoint_simulated_159_surface1.pcd,Testing,2.096952199935913,2.1509382724761963,0.0539860725402832
1148,TH0021AV/viewpoint_simulated_16_surface1.pcd,Testing,2.144881010055542,2.2637033462524414,0.11882233619689941
1149,TH0021AV/viewpoint_simulated_160_surface1.pcd,Testing,2.2010624408721924,2.1175389289855957,0.08352351188659668
1150,TH0021AV/viewpoint_simulated_161_surface1.pcd,Testing,2.2350521087646484,2.1228647232055664,0.11218738555908203
1151,TH0021AV/viewpoint_simulated_162_surface1.pcd,Testing,2.1002085208892822,2.1373865604400635,0.03717803955078125
1152,TH0021AV/viewpoint_simulated_163_surface1.pcd,Testing,2.126506805419922,2.188436269760132,0.06192946434020996
1153,TH0021AV/viewpoint_simulated_164_surface1.pcd,Testing,2.1784591674804688,2.2058818340301514,0.027422666549682617
1154,TH0021AV/viewpoint_simulated_165_surface1.pcd,Testing,2.1459171772003174,2.151789426803589,0.005872249603271484
1155,TH0021AV/viewpoint_simulated_166_surface1.pcd,Testing,2.1190505027770996,2.1901700496673584,0.07111954689025879
1156,TH0021AV/viewpoint_simulated_167_surface1.pcd,Testing,2.2118263244628906,2.1398799419403076,0.07194638252258301
1157,TH0021AV/viewpoint_simulated_168_surface1.pcd,Testing,2.1796507835388184,2.0577077865600586,0.12194299697875977
1158,TH0021AV/viewpoint_simulated_169_surface1.pcd,Testing,2.0148565769195557,2.136096715927124,0.12124013900756836
1159,TH0021AV/viewpoint_simulated_17_surface1.pcd,Testing,2.1057019233703613,2.1302120685577393,0.02451014518737793
1160,TH0021AV/viewpoint_simulated_170_surface1.pcd,Testing,2.274507999420166,2.221501350402832,0.053006649017333984
1161,TH0021AV/viewpoint_simulated_171_surface1.pcd,Testing,2.1212902069091797,2.1507697105407715,0.029479503631591797
1162,TH0021AV/viewpoint_simulated_172_surface1.pcd,Testing,2.14643931388855,2.1716277599334717,0.025188446044921875
1163,TH0021AV/viewpoint_simulated_173_surface1.pcd,Testing,2.0992980003356934,2.209836721420288,0.11053872108459473
1164,TH0021AV/viewpoint_simulated_174_surface1.pcd,Testing,2.246492862701416,2.076073169708252,0.17041969299316406
1165,TH0021AV/viewpoint_simulated_175_surface1.pcd,Testing,2.1579980850219727,2.1490039825439453,0.008994102478027344
1166,TH0021AV/viewpoint_simulated_176_surface1.pcd,Testing,2.1831417083740234,2.2154314517974854,0.032289743423461914
1167,TH0021AV/viewpoint_simulated_177_surface1.pcd,Testing,2.062131404876709,2.0903425216674805,0.028211116790771484
1168,TH0021AV/viewpoint_simulated_178_surface1.pcd,Testing,2.243885040283203,2.2123844623565674,0.03150057792663574
1169,TH0021AV/viewpoint_simulated_179_surface1.pcd,Testing,2.1876370906829834,2.1494996547698975,0.03813743591308594
1170,TH0021AV/viewpoint_simulated_18_surface1.pcd,Testing,2.0892655849456787,2.1014411449432373,0.012175559997558594
1171,TH0021AV/viewpoint_simulated_180_surface1.pcd,Testing,2.0110063552856445,2.0014166831970215,0.009589672088623047
1172,TH0021AV/viewpoint_simulated_181_surface1.pcd,Testing,1.9730243682861328,2.221466064453125,0.2484416961669922
1173,TH0021AV/viewpoint_simulated_182_surface1.pcd,Testing,2.234849452972412,2.2120211124420166,0.022828340530395508
1174,TH0021AV/viewpoint_simulated_183_surface1.pcd,Testing,2.3195955753326416,2.2145841121673584,0.1050114631652832
1175,TH0021AV/viewpoint_simulated_184_surface1.pcd,Testing,2.1904590129852295,2.1984570026397705,0.007997989654541016
1176,TH0021AV/viewpoint_simulated_185_surface1.pcd,Testing,2.3243682384490967,2.2657485008239746,0.05861973762512207
1177,TH0021AV/viewpoint_simulated_186_surface1.pcd,Testing,2.0584731101989746,1.9632936716079712,0.09517943859100342
1178,TH0021AV/viewpoint_simulated_187_surface1.pcd,Testing,1.9937996864318848,1.974991798400879,0.01880788803100586
1179,TH0021AV/viewpoint_simulated_188_surface1.pcd,Testing,2.0068960189819336,2.0630717277526855,0.05617570877075195
1180,TH0021AV/viewpoint_simulated_189_surface1.pcd,Testing,2.1050965785980225,2.111666440963745,0.006569862365722656
1181,TH0021AV/viewpoint_simulated_19_surface1.pcd,Testing,2.2430050373077393,2.28141188621521,0.0384068489074707
1182,TH0021AV/viewpoint_simulated_190_surface1.pcd,Testing,2.079688549041748,2.1753432750701904,0.09565472602844238
1183,TH0021AV/viewpoint_simulated_191_surface1.pcd,Testing,2.194974899291992,2.173746347427368,0.021228551864624023
1184,TH0021AV/viewpoint_simulated_192_surface1.pcd,Testing,2.212942361831665,2.2187869548797607,0.005844593048095703
1185,TH0021AV/viewpoint_simulated_193_surface1.pcd,Testing,2.3943450450897217,2.3166394233703613,0.07770562171936035
1186,TH0021AV/viewpoint_simulated_194_surface1.pcd,Testing,2.2774624824523926,2.1571433544158936,0.12031912803649902
1187,TH0021AV/viewpoint_simulated_195_surface1.pcd,Testing,2.227916717529297,2.038483142852783,0.18943357467651367
1188,TH0021AV/viewpoint_simulated_196_surface1.pcd,Testing,2.036247968673706,2.166476011276245,0.13022804260253906
1189,TH0021AV/viewpoint_simulated_197_surface1.pcd,Testing,2.0056214332580566,1.9494531154632568,0.056168317794799805
1190,TH0021AV/viewpoint_simulated_198_surface1.pcd,Testing,2.278358221054077,2.1062660217285156,0.17209219932556152
1191,TH0021AV/viewpoint_simulated_199_surface1.pcd,Testing,2.118992328643799,2.063533067703247,0.05545926094055176
1192,TH0021AV/viewpoint_simulated_2_surface1.pcd,Testing,2.305751323699951,2.0971782207489014,0.2085731029510498
1193,TH0021AV/viewpoint_simulated_20_surface1.pcd,Testing,2.1683802604675293,2.263263463973999,0.09488320350646973
1194,TH0021AV/viewpoint_simulated_200_surface1.pcd,Testing,2.291790246963501,2.1753060817718506,0.11648416519165039
1195,TH0021AV/viewpoint_simulated_201_surface1.pcd,Testing,2.273930311203003,2.1564364433288574,0.11749386787414551
1196,TH0021AV/viewpoint_simulated_202_surface1.pcd,Testing,2.218397855758667,2.200885534286499,0.01751232147216797
1197,TH0021AV/viewpoint_simulated_203_surface1.pcd,Testing,2.1853039264678955,2.266725778579712,0.0814218521118164
1198,TH0021AV/viewpoint_simulated_204_surface1.pcd,Testing,2.2387282848358154,2.222892999649048,0.015835285186767578
1199,TH0021AV/viewpoint_simulated_205_surface1.pcd,Testing,2.0418648719787598,2.120154619216919,0.07828974723815918
1200,TH0021AV/viewpoint_simulated_206_surface1.pcd,Testing,2.308398962020874,2.2351911067962646,0.07320785522460938
1201,TH0021AV/viewpoint_simulated_207_surface1.pcd,Testing,2.311185598373413,2.14987850189209,0.16130709648132324
1202,TH0021AV/viewpoint_simulated_208_surface1.pcd,Testing,2.1433303356170654,2.0671064853668213,0.07622385025024414
1203,TH0021AV/viewpoint_simulated_209_surface1.pcd,Testing,2.1136603355407715,2.0776724815368652,0.03598785400390625
1204,TH0021AV/viewpoint_simulated_21_surface1.pcd,Testing,2.2307636737823486,2.1564583778381348,0.07430529594421387
1205,TH0021AV/viewpoint_simulated_210_surface1.pcd,Testing,2.2513844966888428,2.1624186038970947,0.08896589279174805
1206,TH0021AV/viewpoint_simulated_211_surface1.pcd,Testing,2.2075209617614746,2.0728838443756104,0.13463711738586426
1207,TH0021AV/viewpoint_simulated_212_surface1.pcd,Testing,2.1614909172058105,2.0991780757904053,0.06231284141540527
1208,TH0021AV/viewpoint_simulated_213_surface1.pcd,Testing,2.1998238563537598,2.172466278076172,0.02735757827758789
1209,TH0021AV/viewpoint_simulated_214_surface1.pcd,Testing,2.1397705078125,2.2214272022247314,0.08165669441223145
1210,TH0021AV/viewpoint_simulated_215_surface1.pcd,Testing,2.24875807762146,2.353959560394287,0.10520148277282715
1211,TH0021AV/viewpoint_simulated_22_surface1.pcd,Testing,2.3304202556610107,2.2266457080841064,0.1037745475769043
1212,TH0021AV/viewpoint_simulated_23_surface1.pcd,Testing,2.2058379650115967,2.1755921840667725,0.03024578094482422
1213,TH0021AV/viewpoint_simulated_24_surface1.pcd,Testing,2.3387718200683594,2.0956366062164307,0.2431352138519287
1214,TH0021AV/viewpoint_simulated_25_surface1.pcd,Testing,2.0750391483306885,2.1375911235809326,0.06255197525024414
1215,TH0021AV/viewpoint_simulated_26_surface1.pcd,Testing,2.2065963745117188,2.2025725841522217,0.00402379035949707
1216,TH0021AV/viewpoint_simulated_27_surface1.pcd,Testing,2.0630977153778076,2.088442087173462,0.025344371795654297
1217,TH0021AV/viewpoint_simulated_28_surface1.pcd,Testing,2.3047983646392822,2.324183225631714,0.01938486099243164
1218,TH0021AV/viewpoint_simulated_29_surface1.pcd,Testing,2.1813242435455322,2.230942726135254,0.04961848258972168
1219,TH0021AV/viewpoint_simulated_3_surface1.pcd,Testing,2.171328067779541,2.204939842224121,0.03361177444458008
1220,TH0021AV/viewpoint_simulated_30_surface1.pcd,Testing,2.0327377319335938,2.0244455337524414,0.008292198181152344
1221,TH0021AV/viewpoint_simulated_31_surface1.pcd,Testing,2.3501787185668945,2.172518014907837,0.17766070365905762
1222,TH0021AV/viewpoint_simulated_32_surface1.pcd,Testing,2.280869960784912,2.3587794303894043,0.07790946960449219
1223,TH0021AV/viewpoint_simulated_33_surface1.pcd,Testing,2.2185261249542236,2.2038016319274902,0.014724493026733398
1224,TH0021AV/viewpoint_simulated_34_surface1.pcd,Testing,2.0944137573242188,2.2152979373931885,0.12088418006896973
1225,TH0021AV/viewpoint_simulated_35_surface1.pcd,Testing,2.1441574096679688,2.1671173572540283,0.02295994758605957
1226,TH0021AV/viewpoint_simulated_36_surface1.pcd,Testing,2.2361385822296143,1.939985752105713,0.29615283012390137
1227,TH0021AV/viewpoint_simulated_37_surface1.pcd,Testing,2.1438703536987305,2.178856134414673,0.03498578071594238
1228,TH0021AV/viewpoint_simulated_38_surface1.pcd,Testing,2.2749693393707275,2.193852663040161,0.0811166763305664
1229,TH0021AV/viewpoint_simulated_39_surface1.pcd,Testing,2.0992772579193115,2.0093159675598145,0.08996129035949707
1230,TH0021AV/viewpoint_simulated_4_surface1.pcd,Testing,2.1188583374023438,2.1396820545196533,0.02082371711730957
1231,TH0021AV/viewpoint_simulated_40_surface1.pcd,Testing,2.078646659851074,2.1157314777374268,0.03708481788635254
1232,TH0021AV/viewpoint_simulated_41_surface1.pcd,Testing,2.4084415435791016,2.387322187423706,0.021119356155395508
1233,TH0021AV/viewpoint_simulated_42_surface1.pcd,Testing,2.101044178009033,2.0310168266296387,0.07002735137939453
1234,TH0021AV/viewpoint_simulated_43_surface1.pcd,Testing,2.2894976139068604,2.165407180786133,0.12409043312072754
1235,TH0021AV/viewpoint_simulated_44_surface1.pcd,Testing,2.420332193374634,2.3501665592193604,0.07016563415527344
1236,TH0021AV/viewpoint_simulated_45_surface1.pcd,Testing,2.1531243324279785,2.199620485305786,0.04649615287780762
1237,TH0021AV/viewpoint_simulated_46_surface1.pcd,Testing,2.2354519367218018,2.193483591079712,0.041968345642089844
1238,TH0021AV/viewpoint_simulated_47_surface1.pcd,Testing,2.2410643100738525,2.24573016166687,0.004665851593017578
1239,TH0021AV/viewpoint_simulated_48_surface1.pcd,Testing,2.403686285018921,2.339231491088867,0.06445479393005371
1240,TH0021AV/viewpoint_simulated_49_surface1.pcd,Testing,2.1475491523742676,2.2355704307556152,0.08802127838134766
1241,TH0021AV/viewpoint_simulated_5_surface1.pcd,Testing,2.17913556098938,2.1419315338134766,0.03720402717590332
1242,TH0021AV/viewpoint_simulated_50_surface1.pcd,Testing,2.2671914100646973,2.1721558570861816,0.09503555297851562
1243,TH0021AV/viewpoint_simulated_51_surface1.pcd,Testing,1.9027807712554932,1.9090303182601929,0.006249547004699707
1244,TH0021AV/viewpoint_simulated_52_surface1.pcd,Testing,2.15781307220459,2.2448201179504395,0.08700704574584961
1245,TH0021AV/viewpoint_simulated_53_surface1.pcd,Testing,2.315052032470703,2.20658278465271,0.10846924781799316
1246,TH0021AV/viewpoint_simulated_54_surface1.pcd,Testing,2.2127153873443604,2.0845072269439697,0.12820816040039062
1247,TH0021AV/viewpoint_simulated_55_surface1.pcd,Testing,2.2490100860595703,2.166759490966797,0.08225059509277344
1248,TH0021AV/viewpoint_simulated_56_surface1.pcd,Testing,2.1487250328063965,2.257333278656006,0.10860824584960938
1249,TH0021AV/viewpoint_simulated_57_surface1.pcd,Testing,2.140591859817505,2.1800458431243896,0.039453983306884766
1250,TH0021AV/viewpoint_simulated_58_surface1.pcd,Testing,2.107614278793335,2.1755199432373047,0.06790566444396973
1251,TH0021AV/viewpoint_simulated_59_surface1.pcd,Testing,2.3960235118865967,2.3406739234924316,0.05534958839416504
1252,TH0021AV/viewpoint_simulated_6_surface1.pcd,Testing,2.1660053730010986,2.162443161010742,0.0035622119903564453
1253,TH0021AV/viewpoint_simulated_60_surface1.pcd,Testing,2.592360734939575,2.546696662902832,0.045664072036743164
1254,TH0021AV/viewpoint_simulated_61_surface1.pcd,Testing,2.4106662273406982,2.3494999408721924,0.06116628646850586
1255,TH0021AV/viewpoint_simulated_62_surface1.pcd,Testing,2.088031768798828,2.1769630908966064,0.08893132209777832
1256,TH0021AV/viewpoint_simulated_63_surface1.pcd,Testing,2.183537244796753,2.021043539047241,0.16249370574951172
1257,TH0021AV/viewpoint_simulated_64_surface1.pcd,Testing,2.3790206909179688,2.2662980556488037,0.11272263526916504
1258,TH0021AV/viewpoint_simulated_65_surface1.pcd,Testing,2.1286299228668213,1.994105577468872,0.13452434539794922
1259,TH0021AV/viewpoint_simulated_66_surface1.pcd,Testing,2.2610435485839844,2.223759651184082,0.037283897399902344
1260,TH0021AV/viewpoint_simulated_67_surface1.pcd,Testing,2.2251696586608887,2.061910629272461,0.16325902938842773
1261,TH0021AV/viewpoint_simulated_68_surface1.pcd,Testing,2.2374391555786133,2.1170856952667236,0.12035346031188965
1262,TH0021AV/viewpoint_simulated_69_surface1.pcd,Testing,2.230130672454834,2.1582882404327393,0.07184243202209473
1263,TH0021AV/viewpoint_simulated_7_surface1.pcd,Testing,2.1829395294189453,2.1614015102386475,0.02153801918029785
1264,TH0021AV/viewpoint_simulated_70_surface1.pcd,Testing,2.2456278800964355,2.200336456298828,0.04529142379760742
1265,TH0021AV/viewpoint_simulated_71_surface1.pcd,Testing,2.3053717613220215,2.3726918697357178,0.06732010841369629
1266,TH0021AV/viewpoint_simulated_72_surface1.pcd,Testing,2.3125531673431396,2.1532559394836426,0.15929722785949707
1267,TH0021AV/viewpoint_simulated_73_surface1.pcd,Testing,1.9955848455429077,2.007253646850586,0.011668801307678223
1268,TH0021AV/viewpoint_simulated_74_surface1.pcd,Testing,2.0345003604888916,2.011225938796997,0.02327442169189453
1269,TH0021AV/viewpoint_simulated_75_surface1.pcd,Testing,2.3296258449554443,2.2104499340057373,0.11917591094970703
1270,TH0021AV/viewpoint_simulated_76_surface1.pcd,Testing,2.1687135696411133,2.134497880935669,0.034215688705444336
1271,TH0021AV/viewpoint_simulated_77_surface1.pcd,Testing,2.067492723464966,2.100043773651123,0.03255105018615723
1272,TH0021AV/viewpoint_simulated_78_surface1.pcd,Testing,2.2986106872558594,2.1273272037506104,0.17128348350524902
1273,TH0021AV/viewpoint_simulated_79_surface1.pcd,Testing,2.264500379562378,2.182356119155884,0.08214426040649414
1274,TH0021AV/viewpoint_simulated_8_surface1.pcd,Testing,2.158940315246582,2.211859703063965,0.05291938781738281
1275,TH0021AV/viewpoint_simulated_80_surface1.pcd,Testing,2.233248233795166,2.2128617763519287,0.020386457443237305
1276,TH0021AV/viewpoint_simulated_81_surface1.pcd,Testing,2.1494433879852295,2.208967924118042,0.0595245361328125
1277,TH0021AV/viewpoint_simulated_82_surface1.pcd,Testing,2.233865737915039,2.0847675800323486,0.14909815788269043
1278,TH0021AV/viewpoint_simulated_83_surface1.pcd,Testing,2.167790412902832,2.1838767528533936,0.016086339950561523
1279,TH0021AV/viewpoint_simulated_84_surface1.pcd,Testing,2.039616823196411,2.1032485961914062,0.06363177299499512
1280,TH0021AV/viewpoint_simulated_85_surface1.pcd,Testing,2.2844643592834473,2.1421902179718018,0.1422741413116455
1281,TH0021AV/viewpoint_simulated_86_surface1.pcd,Testing,2.1417627334594727,2.1316428184509277,0.010119915008544922
1282,TH0021AV/viewpoint_simulated_87_surface1.pcd,Testing,2.134460926055908,2.107086181640625,0.027374744415283203
1283,TH0021AV/viewpoint_simulated_88_surface1.pcd,Testing,2.1034109592437744,2.1376328468322754,0.03422188758850098
1284,TH0021AV/viewpoint_simulated_89_surface1.pcd,Testing,2.1043975353240967,2.126505136489868,0.022107601165771484
1285,TH0021AV/viewpoint_simulated_9_surface1.pcd,Testing,2.3048925399780273,2.2132651805877686,0.09162735939025879
1286,TH0021AV/viewpoint_simulated_90_surface1.pcd,Testing,2.2158713340759277,2.0992324352264404,0.1166388988494873
1287,TH0021AV/viewpoint_simulated_91_surface1.pcd,Testing,2.3492233753204346,2.230870485305786,0.11835289001464844
1288,TH0021AV/viewpoint_simulated_92_surface1.pcd,Testing,2.2555582523345947,2.223891019821167,0.031667232513427734
1289,TH0021AV/viewpoint_simulated_93_surface1.pcd,Testing,2.1822798252105713,2.1595382690429688,0.02274155616760254
1290,TH0021AV/viewpoint_simulated_94_surface1.pcd,Testing,2.06425404548645,2.1743321418762207,0.11007809638977051
1291,TH0021AV/viewpoint_simulated_95_surface1.pcd,Testing,2.2286019325256348,2.181701421737671,0.04690051078796387
1292,TH0021AV/viewpoint_simulated_96_surface1.pcd,Testing,2.10489559173584,2.052198886871338,0.05269670486450195
1293,TH0021AV/viewpoint_simulated_97_surface1.pcd,Testing,2.058959722518921,2.13698410987854,0.07802438735961914
1294,TH0021AV/viewpoint_simulated_98_surface1.pcd,Testing,2.0674819946289062,2.261462450027466,0.19398045539855957
1295,TH0021AV/viewpoint_simulated_99_surface1.pcd,Testing,2.2401950359344482,2.1864771842956543,0.053717851638793945
1296,TH0022AV/viewpoint_simulated_0_surface0.pcd,Testing,1.9898277521133423,1.9780409336090088,0.011786818504333496
1297,TH0022AV/viewpoint_simulated_1_surface0.pcd,Testing,1.9788943529129028,1.9746294021606445,0.004264950752258301
1298,TH0022AV/viewpoint_simulated_10_surface0.pcd,Testing,2.0345277786254883,2.0545430183410645,0.020015239715576172
1299,TH0022AV/viewpoint_simulated_100_surface0.pcd,Testing,2.0674474239349365,1.9757297039031982,0.09171772003173828
1300,TH0022AV/viewpoint_simulated_101_surface0.pcd,Testing,2.0645151138305664,1.956665277481079,0.1078498363494873
1301,TH0022AV/viewpoint_simulated_102_surface0.pcd,Testing,1.9535552263259888,1.9582825899124146,0.004727363586425781
1302,TH0022AV/viewpoint_simulated_103_surface0.pcd,Testing,1.928181529045105,2.0423672199249268,0.11418569087982178
1303,TH0022AV/viewpoint_simulated_104_surface0.pcd,Testing,1.9346866607666016,2.147139310836792,0.21245265007019043
1304,TH0022AV/viewpoint_simulated_105_surface0.pcd,Testing,2.0294439792633057,2.219007968902588,0.18956398963928223
1305,TH0022AV/viewpoint_simulated_106_surface0.pcd,Testing,1.9372097253799438,2.1556200981140137,0.21841037273406982
1306,TH0022AV/viewpoint_simulated_107_surface0.pcd,Testing,2.004964590072632,2.10382080078125,0.09885621070861816
1307,TH0022AV/viewpoint_simulated_108_surface0.pcd,Testing,2.040449857711792,2.0885064601898193,0.048056602478027344
1308,TH0022AV/viewpoint_simulated_109_surface0.pcd,Testing,1.9326822757720947,2.0246431827545166,0.09196090698242188
1309,TH0022AV/viewpoint_simulated_11_surface0.pcd,Testing,2.012817621231079,2.0414185523986816,0.02860093116760254
1310,TH0022AV/viewpoint_simulated_110_surface0.pcd,Testing,2.0712192058563232,2.081350564956665,0.010131359100341797
1311,TH0022AV/viewpoint_simulated_111_surface0.pcd,Testing,1.9766731262207031,2.1365811824798584,0.15990805625915527
1312,TH0022AV/viewpoint_simulated_112_surface0.pcd,Testing,2.1035726070404053,2.0214672088623047,0.08210539817810059
1313,TH0022AV/viewpoint_simulated_113_surface0.pcd,Testing,2.012315511703491,1.9654998779296875,0.04681563377380371
1314,TH0022AV/viewpoint_simulated_114_surface0.pcd,Testing,2.1513426303863525,1.980041742324829,0.17130088806152344
1315,TH0022AV/viewpoint_simulated_115_surface0.pcd,Testing,2.007767915725708,2.032235622406006,0.02446770668029785
1316,TH0022AV/viewpoint_simulated_116_surface0.pcd,Testing,1.961233377456665,2.1525094509124756,0.19127607345581055
1317,TH0022AV/viewpoint_simulated_117_surface0.pcd,Testing,1.9898751974105835,2.2370309829711914,0.2471557855606079
1318,TH0022AV/viewpoint_simulated_118_surface0.pcd,Testing,2.0572681427001953,2.2110512256622314,0.15378308296203613
1319,TH0022AV/viewpoint_simulated_119_surface0.pcd,Testing,2.0408008098602295,2.1971395015716553,0.15633869171142578
1320,TH0022AV/viewpoint_simulated_12_surface0.pcd,Testing,1.9778802394866943,1.9816842079162598,0.0038039684295654297
1321,TH0022AV/viewpoint_simulated_120_surface0.pcd,Testing,2.0156571865081787,2.150277614593506,0.13462042808532715
1322,TH0022AV/viewpoint_simulated_121_surface0.pcd,Testing,2.099721670150757,2.1176044940948486,0.017882823944091797
1323,TH0022AV/viewpoint_simulated_122_surface0.pcd,Testing,2.01886248588562,2.065075397491455,0.04621291160583496
1324,TH0022AV/viewpoint_simulated_123_surface0.pcd,Testing,1.9111775159835815,2.1603963375091553,0.24921882152557373
1325,TH0022AV/viewpoint_simulated_124_surface0.pcd,Testing,2.0965099334716797,2.0446584224700928,0.051851511001586914
1326,TH0022AV/viewpoint_simulated_125_surface0.pcd,Testing,2.0178377628326416,1.943503975868225,0.0743337869644165
1327,TH0022AV/viewpoint_simulated_126_surface0.pcd,Testing,1.984980821609497,2.0365028381347656,0.051522016525268555
1328,TH0022AV/viewpoint_simulated_127_surface0.pcd,Testing,2.063676595687866,2.0204055309295654,0.04327106475830078
1329,TH0022AV/viewpoint_simulated_128_surface0.pcd,Testing,2.0037848949432373,2.1854240894317627,0.1816391944885254
1330,TH0022AV/viewpoint_simulated_129_surface0.pcd,Testing,2.048506736755371,2.250464916229248,0.20195817947387695
1331,TH0022AV/viewpoint_simulated_13_surface0.pcd,Testing,2.0177550315856934,2.0109007358551025,0.00685429573059082
1332,TH0022AV/viewpoint_simulated_130_surface0.pcd,Testing,1.9774982929229736,2.246279239654541,0.2687809467315674
1333,TH0022AV/viewpoint_simulated_131_surface0.pcd,Testing,1.9990739822387695,2.2069010734558105,0.20782709121704102
1334,TH0022AV/viewpoint_simulated_132_surface0.pcd,Testing,2.0737173557281494,2.2397279739379883,0.16601061820983887
1335,TH0022AV/viewpoint_simulated_133_surface0.pcd,Testing,2.076854944229126,2.20392107963562,0.12706613540649414
1336,TH0022AV/viewpoint_simulated_134_surface0.pcd,Testing,2.108703136444092,2.092515230178833,0.01618790626525879
1337,TH0022AV/viewpoint_simulated_135_surface0.pcd,Testing,1.9851577281951904,2.124415397644043,0.13925766944885254
1338,TH0022AV/viewpoint_simulated_136_surface0.pcd,Testing,2.017220973968506,2.0029702186584473,0.014250755310058594
1339,TH0022AV/viewpoint_simulated_137_surface0.pcd,Testing,2.0802829265594482,2.0349581241607666,0.04532480239868164
1340,TH0022AV/viewpoint_simulated_138_surface0.pcd,Testing,2.080096483230591,2.1077656745910645,0.027669191360473633
1341,TH0022AV/viewpoint_simulated_139_surface0.pcd,Testing,2.0675342082977295,2.073014259338379,0.005480051040649414
1342,TH0022AV/viewpoint_simulated_14_surface0.pcd,Testing,2.0615410804748535,1.9703013896942139,0.09123969078063965
1343,TH0022AV/viewpoint_simulated_140_surface0.pcd,Testing,2.085803508758545,2.1948580741882324,0.1090545654296875
1344,TH0022AV/viewpoint_simulated_141_surface0.pcd,Testing,2.0941076278686523,2.2401225566864014,0.14601492881774902
1345,TH0022AV/viewpoint_simulated_142_surface0.pcd,Testing,2.079392433166504,2.328101396560669,0.24870896339416504
1346,TH0022AV/viewpoint_simulated_143_surface0.pcd,Testing,1.9878032207489014,2.2526683807373047,0.2648651599884033
1347,TH0022AV/viewpoint_simulated_144_surface0.pcd,Testing,1.954689621925354,1.9947631359100342,0.040073513984680176
1348,TH0022AV/viewpoint_simulated_145_surface0.pcd,Testing,1.9778727293014526,1.9687144756317139,0.00915825366973877
1349,TH0022AV/viewpoint_simulated_146_surface0.pcd,Testing,1.9350149631500244,1.9592573642730713,0.024242401123046875
1350,TH0022AV/viewpoint_simulated_147_surface0.pcd,Testing,2.0839223861694336,1.9410516023635864,0.14287078380584717
1351,TH0022AV/viewpoint_simulated_148_surface0.pcd,Testing,1.9033384323120117,1.968589186668396,0.06525075435638428
1352,TH0022AV/viewpoint_simulated_149_surface0.pcd,Testing,2.014814853668213,1.980240821838379,0.034574031829833984
1353,TH0022AV/viewpoint_simulated_15_surface0.pcd,Testing,2.095325231552124,1.975440502166748,0.11988472938537598
1354,TH0022AV/viewpoint_simulated_150_surface0.pcd,Testing,2.035465955734253,1.97174072265625,0.06372523307800293
1355,TH0022AV/viewpoint_simulated_151_surface0.pcd,Testing,1.999305009841919,2.021782636642456,0.02247762680053711
1356,TH0022AV/viewpoint_simulated_152_surface0.pcd,Testing,2.1160295009613037,2.0573904514312744,0.0586390495300293
1357,TH0022AV/viewpoint_simulated_153_surface0.pcd,Testing,2.0199456214904785,2.054089307785034,0.034143686294555664
1358,TH0022AV/viewpoint_simulated_154_surface0.pcd,Testing,1.9612311124801636,2.0622854232788086,0.10105431079864502
1359,TH0022AV/viewpoint_simulated_155_surface0.pcd,Testing,2.028299331665039,2.024491548538208,0.0038077831268310547
1360,TH0022AV/viewpoint_simulated_156_surface0.pcd,Testing,2.001065492630005,1.9870898723602295,0.01397562026977539
1361,TH0022AV/viewpoint_simulated_157_surface0.pcd,Testing,1.9529942274093628,2.0007855892181396,0.047791361808776855
1362,TH0022AV/viewpoint_simulated_158_surface0.pcd,Testing,1.9364029169082642,1.9623808860778809,0.0259779691696167
1363,TH0022AV/viewpoint_simulated_159_surface0.pcd,Testing,2.0447885990142822,1.9651803970336914,0.07960820198059082
1364,TH0022AV/viewpoint_simulated_16_surface0.pcd,Testing,1.9458776712417603,1.9542176723480225,0.008340001106262207
1365,TH0022AV/viewpoint_simulated_160_surface0.pcd,Testing,1.9028280973434448,1.9768445491790771,0.07401645183563232
1366,TH0022AV/viewpoint_simulated_161_surface0.pcd,Testing,2.0354533195495605,1.9609870910644531,0.07446622848510742
1367,TH0022AV/viewpoint_simulated_162_surface0.pcd,Testing,1.946329116821289,1.9515773057937622,0.0052481889724731445
1368,TH0022AV/viewpoint_simulated_163_surface0.pcd,Testing,2.0743250846862793,2.01481032371521,0.059514760971069336
1369,TH0022AV/viewpoint_simulated_164_surface0.pcd,Testing,1.9442012310028076,2.1004698276519775,0.15626859664916992
1370,TH0022AV/viewpoint_simulated_165_surface0.pcd,Testing,1.9701523780822754,2.1409292221069336,0.1707768440246582
1371,TH0022AV/viewpoint_simulated_166_surface0.pcd,Testing,1.923094391822815,2.127481698989868,0.20438730716705322
1372,TH0022AV/viewpoint_simulated_167_surface0.pcd,Testing,2.000929594039917,2.0165927410125732,0.01566314697265625
1373,TH0022AV/viewpoint_simulated_168_surface0.pcd,Testing,2.003053665161133,1.9840651750564575,0.018988490104675293
1374,TH0022AV/viewpoint_simulated_169_surface0.pcd,Testing,2.032691717147827,1.995316505432129,0.03737521171569824
1375,TH0022AV/viewpoint_simulated_17_surface0.pcd,Testing,1.9493929147720337,1.9631551504135132,0.013762235641479492
1376,TH0022AV/viewpoint_simulated_170_surface0.pcd,Testing,2.048555850982666,2.107891082763672,0.05933523178100586
1377,TH0022AV/viewpoint_simulated_171_surface0.pcd,Testing,2.0738680362701416,2.041489839553833,0.032378196716308594
1378,TH0022AV/viewpoint_simulated_172_surface0.pcd,Testing,1.977797269821167,1.980613112449646,0.002815842628479004
1379,TH0022AV/viewpoint_simulated_173_surface0.pcd,Testing,1.9321247339248657,1.9541974067687988,0.022072672843933105
1380,TH0022AV/viewpoint_simulated_174_surface0.pcd,Testing,1.9093097448349,1.9584441184997559,0.04913437366485596
1381,TH0022AV/viewpoint_simulated_175_surface0.pcd,Testing,2.0894899368286133,2.0173733234405518,0.07211661338806152
1382,TH0022AV/viewpoint_simulated_176_surface0.pcd,Testing,2.0014214515686035,2.1246445178985596,0.12322306632995605
1383,TH0022AV/viewpoint_simulated_177_surface0.pcd,Testing,2.0064280033111572,2.203125476837158,0.19669747352600098
1384,TH0022AV/viewpoint_simulated_178_surface0.pcd,Testing,2.021101236343384,2.1369054317474365,0.11580419540405273
1385,TH0022AV/viewpoint_simulated_179_surface0.pcd,Testing,2.0739798545837402,2.086371421813965,0.01239156723022461
1386,TH0022AV/viewpoint_simulated_18_surface0.pcd,Testing,1.9762698411941528,1.959787130355835,0.01648271083831787
1387,TH0022AV/viewpoint_simulated_180_surface0.pcd,Testing,2.0552899837493896,2.099004030227661,0.043714046478271484
1388,TH0022AV/viewpoint_simulated_181_surface0.pcd,Testing,1.9971745014190674,2.0272974967956543,0.030122995376586914
1389,TH0022AV/viewpoint_simulated_182_surface0.pcd,Testing,2.067795753479004,2.0787436962127686,0.010947942733764648
1390,TH0022AV/viewpoint_simulated_183_surface0.pcd,Testing,1.9599274396896362,2.148717164993286,0.1887897253036499
1391,TH0022AV/viewpoint_simulated_184_surface0.pcd,Testing,2.132296085357666,2.0349299907684326,0.0973660945892334
1392,TH0022AV/viewpoint_simulated_185_surface0.pcd,Testing,1.9152065515518188,1.9597541093826294,0.04454755783081055
1393,TH0022AV/viewpoint_simulated_186_surface0.pcd,Testing,1.9805805683135986,1.9879629611968994,0.007382392883300781
1394,TH0022AV/viewpoint_simulated_187_surface0.pcd,Testing,2.0721631050109863,2.0430190563201904,0.0291440486907959
1395,TH0022AV/viewpoint_simulated_188_surface0.pcd,Testing,1.9952960014343262,2.140054225921631,0.1447582244873047
1396,TH0022AV/viewpoint_simulated_189_surface0.pcd,Testing,1.982645869255066,2.2381129264831543,0.2554670572280884
1397,TH0022AV/viewpoint_simulated_19_surface0.pcd,Testing,2.146406888961792,2.0305142402648926,0.11589264869689941
1398,TH0022AV/viewpoint_simulated_190_surface0.pcd,Testing,1.9508428573608398,2.2200405597686768,0.2691977024078369
1399,TH0022AV/viewpoint_simulated_191_surface0.pcd,Testing,1.9682142734527588,2.1936373710632324,0.22542309761047363
1400,TH0022AV/viewpoint_simulated_192_surface0.pcd,Testing,2.0743532180786133,2.1406760215759277,0.06632280349731445
1401,TH0022AV/viewpoint_simulated_193_surface0.pcd,Testing,2.138111114501953,2.10323166847229,0.034879446029663086
1402,TH0022AV/viewpoint_simulated_194_surface0.pcd,Testing,2.1602284908294678,2.083404064178467,0.07682442665100098
1403,TH0022AV/viewpoint_simulated_195_surface0.pcd,Testing,2.0833311080932617,2.1562204360961914,0.07288932800292969
1404,TH0022AV/viewpoint_simulated_196_surface0.pcd,Testing,1.9828460216522217,2.0248329639434814,0.041986942291259766
1405,TH0022AV/viewpoint_simulated_197_surface0.pcd,Testing,1.9921671152114868,1.949174404144287,0.04299271106719971
1406,TH0022AV/viewpoint_simulated_198_surface0.pcd,Testing,2.0268592834472656,2.0613579750061035,0.03449869155883789
1407,TH0022AV/viewpoint_simulated_199_surface0.pcd,Testing,1.9830236434936523,2.0652997493743896,0.0822761058807373
1408,TH0022AV/viewpoint_simulated_2_surface0.pcd,Testing,1.9215137958526611,1.9539430141448975,0.03242921829223633
1409,TH0022AV/viewpoint_simulated_20_surface0.pcd,Testing,1.9578391313552856,2.099515199661255,0.14167606830596924
1410,TH0022AV/viewpoint_simulated_200_surface0.pcd,Testing,2.0331497192382812,2.172780752182007,0.13963103294372559
1411,TH0022AV/viewpoint_simulated_201_surface0.pcd,Testing,1.9912666082382202,2.2415378093719482,0.250271201133728
1412,TH0022AV/viewpoint_simulated_202_surface0.pcd,Testing,2.0129454135894775,2.2337684631347656,0.22082304954528809
1413,TH0022AV/viewpoint_simulated_203_surface0.pcd,Testing,1.942129135131836,2.2060835361480713,0.26395440101623535
1414,TH0022AV/viewpoint_simulated_204_surface0.pcd,Testing,2.076336145401001,2.2151882648468018,0.13885211944580078
1415,TH0022AV/viewpoint_simulated_205_surface0.pcd,Testing,2.0858535766601562,2.198286294937134,0.11243271827697754
1416,TH0022AV/viewpoint_simulated_206_surface0.pcd,Testing,1.981562614440918,2.0949504375457764,0.1133878231048584
1417,TH0022AV/viewpoint_simulated_207_surface0.pcd,Testing,2.121239423751831,2.130126714706421,0.008887290954589844
1418,TH0022AV/viewpoint_simulated_208_surface0.pcd,Testing,2.1347320079803467,2.001979351043701,0.1327526569366455
1419,TH0022AV/viewpoint_simulated_209_surface0.pcd,Testing,2.076143741607666,1.9953415393829346,0.08080220222473145
1420,TH0022AV/viewpoint_simulated_21_surface0.pcd,Testing,2.0272655487060547,2.1462745666503906,0.11900901794433594
1421,TH0022AV/viewpoint_simulated_210_surface0.pcd,Testing,2.0365066528320312,2.116236686706543,0.07973003387451172
1422,TH0022AV/viewpoint_simulated_211_surface0.pcd,Testing,2.034623146057129,2.062983512878418,0.028360366821289062
1423,TH0022AV/viewpoint_simulated_212_surface0.pcd,Testing,2.102414608001709,2.1860101222991943,0.08359551429748535
1424,TH0022AV/viewpoint_simulated_213_surface0.pcd,Testing,2.0827667713165283,2.2329344749450684,0.15016770362854004
1425,TH0022AV/viewpoint_simulated_214_surface0.pcd,Testing,2.0323703289031982,2.318328857421875,0.28595852851867676
1426,TH0022AV/viewpoint_simulated_215_surface0.pcd,Testing,2.071652412414551,2.2329485416412354,0.16129612922668457
1427,TH0022AV/viewpoint_simulated_22_surface0.pcd,Testing,2.0239577293395996,2.1086153984069824,0.08465766906738281
1428,TH0022AV/viewpoint_simulated_23_surface0.pcd,Testing,1.9696829319000244,2.0224061012268066,0.05272316932678223
1429,TH0022AV/viewpoint_simulated_24_surface0.pcd,Testing,2.0124075412750244,1.97971510887146,0.03269243240356445
1430,TH0022AV/viewpoint_simulated_25_surface0.pcd,Testing,2.0310208797454834,2.007058620452881,0.02396225929260254
1431,TH0022AV/viewpoint_simulated_26_surface0.pcd,Testing,1.9090847969055176,2.117504358291626,0.2084195613861084
1432,TH0022AV/viewpoint_simulated_27_surface0.pcd,Testing,1.9440922737121582,2.0450596809387207,0.1009674072265625
1433,TH0022AV/viewpoint_simulated_28_surface0.pcd,Testing,1.898882269859314,1.9925692081451416,0.09368693828582764
1434,TH0022AV/viewpoint_simulated_29_surface0.pcd,Testing,2.1074411869049072,1.957625150680542,0.14981603622436523
1435,TH0022AV/viewpoint_simulated_3_surface0.pcd,Testing,1.9910565614700317,1.9644831418991089,0.02657341957092285
1436,TH0022AV/viewpoint_simulated_30_surface0.pcd,Testing,1.9543408155441284,1.9461294412612915,0.008211374282836914
1437,TH0022AV/viewpoint_simulated_31_surface0.pcd,Testing,2.0717880725860596,2.0287692546844482,0.04301881790161133
1438,TH0022AV/viewpoint_simulated_32_surface0.pcd,Testing,2.018324851989746,2.137925386428833,0.11960053443908691
1439,TH0022AV/viewpoint_simulated_33_surface0.pcd,Testing,1.9597890377044678,2.201613426208496,0.24182438850402832
1440,TH0022AV/viewpoint_simulated_34_surface0.pcd,Testing,2.015949010848999,2.167121410369873,0.15117239952087402
1441,TH0022AV/viewpoint_simulated_35_surface0.pcd,Testing,1.8796706199645996,2.077834367752075,0.19816374778747559
1442,TH0022AV/viewpoint_simulated_36_surface0.pcd,Testing,1.9356061220169067,2.101331949234009,0.16572582721710205
1443,TH0022AV/viewpoint_simulated_37_surface0.pcd,Testing,2.0199711322784424,2.0364930629730225,0.016521930694580078
1444,TH0022AV/viewpoint_simulated_38_surface0.pcd,Testing,2.084059715270996,2.0892136096954346,0.0051538944244384766
1445,TH0022AV/viewpoint_simulated_39_surface0.pcd,Testing,2.023379325866699,2.1527464389801025,0.12936711311340332
1446,TH0022AV/viewpoint_simulated_4_surface0.pcd,Testing,2.0282857418060303,1.968660593032837,0.05962514877319336
1447,TH0022AV/viewpoint_simulated_40_surface0.pcd,Testing,1.8989399671554565,2.000027894973755,0.10108792781829834
1448,TH0022AV/viewpoint_simulated_41_surface0.pcd,Testing,1.8878731727600098,1.9455534219741821,0.05768024921417236
1449,TH0022AV/viewpoint_simulated_42_surface0.pcd,Testing,2.03163743019104,1.99513578414917,0.03650164604187012
1450,TH0022AV/viewpoint_simulated_43_surface0.pcd,Testing,2.0133252143859863,2.0375285148620605,0.02420330047607422
1451,TH0022AV/viewpoint_simulated_44_surface0.pcd,Testing,1.9445639848709106,2.149639368057251,0.20507538318634033
1452,TH0022AV/viewpoint_simulated_45_surface0.pcd,Testing,2.096473217010498,2.249502420425415,0.153029203414917
1453,TH0022AV/viewpoint_simulated_46_surface0.pcd,Testing,1.9476933479309082,2.2183966636657715,0.2707033157348633
1454,TH0022AV/viewpoint_simulated_47_surface0.pcd,Testing,2.023439884185791,2.1927719116210938,0.16933202743530273
1455,TH0022AV/viewpoint_simulated_48_surface0.pcd,Testing,2.0938332080841064,2.156318426132202,0.0624852180480957
1456,TH0022AV/viewpoint_simulated_49_surface0.pcd,Testing,2.07289719581604,2.1182315349578857,0.0453343391418457
1457,TH0022AV/viewpoint_simulated_5_surface0.pcd,Testing,2.106163740158081,1.962864637374878,0.14329910278320312
1458,TH0022AV/viewpoint_simulated_50_surface0.pcd,Testing,1.980360984802246,2.064971923828125,0.0846109390258789
1459,TH0022AV/viewpoint_simulated_51_surface0.pcd,Testing,2.1060829162597656,2.1515331268310547,0.04545021057128906
1460,TH0022AV/viewpoint_simulated_52_surface0.pcd,Testing,2.106882095336914,2.0110111236572266,0.0958709716796875
1461,TH0022AV/viewpoint_simulated_53_surface0.pcd,Testing,1.9930188655853271,1.955969214439392,0.03704965114593506
1462,TH0022AV/viewpoint_simulated_54_surface0.pcd,Testing,2.0392065048217773,2.059115171432495,0.019908666610717773
1463,TH0022AV/viewpoint_simulated_55_surface0.pcd,Testing,2.050157308578491,2.027815580368042,0.02234172821044922
1464,TH0022AV/viewpoint_simulated_56_surface0.pcd,Testing,1.9457069635391235,2.1681182384490967,0.22241127490997314
1465,TH0022AV/viewpoint_simulated_57_surface0.pcd,Testing,2.0067741870880127,2.2357232570648193,0.22894906997680664
1466,TH0022AV/viewpoint_simulated_58_surface0.pcd,Testing,1.9272531270980835,2.2505764961242676,0.3233233690261841
1467,TH0022AV/viewpoint_simulated_59_surface0.pcd,Testing,2.0913569927215576,2.240196466445923,0.14883947372436523
1468,TH0022AV/viewpoint_simulated_6_surface0.pcd,Testing,1.9934619665145874,1.990007996559143,0.003453969955444336
1469,TH0022AV/viewpoint_simulated_60_surface0.pcd,Testing,2.0878467559814453,2.2310495376586914,0.1432027816772461
1470,TH0022AV/viewpoint_simulated_61_surface0.pcd,Testing,1.9530727863311768,2.2005298137664795,0.24745702743530273
1471,TH0022AV/viewpoint_simulated_62_surface0.pcd,Testing,2.2325119972229004,2.0876712799072266,0.14484071731567383
1472,TH0022AV/viewpoint_simulated_63_surface0.pcd,Testing,2.053213119506836,2.1068294048309326,0.05361628532409668
1473,TH0022AV/viewpoint_simulated_64_surface0.pcd,Testing,1.953221321105957,2.023149251937866,0.06992793083190918
1474,TH0022AV/viewpoint_simulated_65_surface0.pcd,Testing,2.0842766761779785,2.014218807220459,0.07005786895751953
1475,TH0022AV/viewpoint_simulated_66_surface0.pcd,Testing,2.238436698913574,2.1036312580108643,0.13480544090270996
1476,TH0022AV/viewpoint_simulated_67_surface0.pcd,Testing,2.0741822719573975,2.0667669773101807,0.007415294647216797
1477,TH0022AV/viewpoint_simulated_68_surface0.pcd,Testing,2.1150519847869873,2.184509038925171,0.0694570541381836
1478,TH0022AV/viewpoint_simulated_69_surface0.pcd,Testing,2.0300309658050537,2.2430152893066406,0.21298432350158691
1479,TH0022AV/viewpoint_simulated_7_surface0.pcd,Testing,1.922384262084961,2.014894962310791,0.09251070022583008
1480,TH0022AV/viewpoint_simulated_70_surface0.pcd,Testing,2.0027878284454346,2.319335699081421,0.31654787063598633
1481,TH0022AV/viewpoint_simulated_71_surface0.pcd,Testing,2.019097089767456,2.261648654937744,0.24255156517028809
1482,TH0022AV/viewpoint_simulated_72_surface0.pcd,Testing,2.036397695541382,2.008695602416992,0.02770209312438965
1483,TH0022AV/viewpoint_simulated_73_surface0.pcd,Testing,2.0638234615325928,1.9453587532043457,0.11846470832824707
1484,TH0022AV/viewpoint_simulated_74_surface0.pcd,Testing,2.0616042613983154,1.9646130800247192,0.09699118137359619
1485,TH0022AV/viewpoint_simulated_75_surface0.pcd,Testing,2.0387380123138428,1.967790126800537,0.07094788551330566
1486,TH0022AV/viewpoint_simulated_76_surface0.pcd,Testing,2.0903594493865967,1.9658116102218628,0.12454783916473389
1487,TH0022AV/viewpoint_simulated_77_surface0.pcd,Testing,2.0450985431671143,1.9563288688659668,0.08876967430114746
1488,TH0022AV/viewpoint_simulated_78_surface0.pcd,Testing,1.9723719358444214,2.0016493797302246,0.029277443885803223
1489,TH0022AV/viewpoint_simulated_79_surface0.pcd,Testing,2.045621633529663,2.0122969150543213,0.0333247184753418
1490,TH0022AV/viewpoint_simulated_8_surface0.pcd,Testing,1.9793537855148315,2.0341970920562744,0.05484330654144287
1491,TH0022AV/viewpoint_simulated_80_surface0.pcd,Testing,1.96950101852417,2.0408482551574707,0.07134723663330078
1492,TH0022AV/viewpoint_simulated_81_surface0.pcd,Testing,2.0850932598114014,2.0540831089019775,0.031010150909423828
1493,TH0022AV/viewpoint_simulated_82_surface0.pcd,Testing,2.0394389629364014,2.0488505363464355,0.00941157341003418
1494,TH0022AV/viewpoint_simulated_83_surface0.pcd,Testing,1.9615529775619507,2.0336225032806396,0.07206952571868896
1495,TH0022AV/viewpoint_simulated_84_surface0.pcd,Testing,1.979465365409851,1.995624303817749,0.01615893840789795
1496,TH0022AV/viewpoint_simulated_85_surface0.pcd,Testing,1.9444875717163086,2.002549171447754,0.05806159973144531
1497,TH0022AV/viewpoint_simulated_86_surface0.pcd,Testing,2.0059974193573,1.978143334388733,0.027854084968566895
1498,TH0022AV/viewpoint_simulated_87_surface0.pcd,Testing,2.030001640319824,1.9877777099609375,0.04222393035888672
1499,TH0022AV/viewpoint_simulated_88_surface0.pcd,Testing,2.13234806060791,1.9725044965744019,0.1598435640335083
1500,TH0022AV/viewpoint_simulated_89_surface0.pcd,Testing,1.9849425554275513,1.9607746601104736,0.024167895317077637
1501,TH0022AV/viewpoint_simulated_9_surface0.pcd,Testing,1.9472604990005493,2.0525920391082764,0.10533154010772705
1502,TH0022AV/viewpoint_simulated_90_surface0.pcd,Testing,2.013929605484009,1.959410548210144,0.054519057273864746
1503,TH0022AV/viewpoint_simulated_91_surface0.pcd,Testing,1.9603874683380127,2.0186378955841064,0.05825042724609375
1504,TH0022AV/viewpoint_simulated_92_surface0.pcd,Testing,1.8916997909545898,2.1041736602783203,0.21247386932373047
1505,TH0022AV/viewpoint_simulated_93_surface0.pcd,Testing,1.9146243333816528,2.1407110691070557,0.22608673572540283
1506,TH0022AV/viewpoint_simulated_94_surface0.pcd,Testing,2.023789405822754,2.1124818325042725,0.08869242668151855
1507,TH0022AV/viewpoint_simulated_95_surface0.pcd,Testing,2.0691592693328857,2.0136451721191406,0.05551409721374512
1508,TH0022AV/viewpoint_simulated_96_surface0.pcd,Testing,2.027595043182373,1.991044282913208,0.03655076026916504
1509,TH0022AV/viewpoint_simulated_97_surface0.pcd,Testing,1.969221830368042,1.996739149093628,0.027517318725585938
1510,TH0022AV/viewpoint_simulated_98_surface0.pcd,Testing,2.1063032150268555,2.129730701446533,0.023427486419677734
1511,TH0022AV/viewpoint_simulated_99_surface0.pcd,Testing,1.9714515209197998,2.04447603225708,0.07302451133728027
1512,TH0022AV/viewpoint_simulated_0_surface1.pcd,Testing,2.1030237674713135,2.005880355834961,0.09714341163635254
1513,TH0022AV/viewpoint_simulated_1_surface1.pcd,Testing,2.2377841472625732,2.127281904220581,0.11050224304199219
1514,TH0022AV/viewpoint_simulated_10_surface1.pcd,Testing,2.078234910964966,2.1896958351135254,0.11146092414855957
1515,TH0022AV/viewpoint_simulated_100_surface1.pcd,Testing,2.2486917972564697,2.3039538860321045,0.055262088775634766
1516,TH0022AV/viewpoint_simulated_101_surface1.pcd,Testing,2.4634456634521484,2.3232150077819824,0.14023065567016602
1517,TH0022AV/viewpoint_simulated_102_surface1.pcd,Testing,2.3214964866638184,2.219559907913208,0.10193657875061035
1518,TH0022AV/viewpoint_simulated_103_surface1.pcd,Testing,2.189659357070923,2.1958117485046387,0.00615239143371582
1519,TH0022AV/viewpoint_simulated_104_surface1.pcd,Testing,2.3016135692596436,2.335995674133301,0.03438210487365723
1520,TH0022AV/viewpoint_simulated_105_surface1.pcd,Testing,2.143002510070801,2.1461284160614014,0.003125905990600586
1521,TH0022AV/viewpoint_simulated_106_surface1.pcd,Testing,2.2834601402282715,2.227372407913208,0.05608773231506348
1522,TH0022AV/viewpoint_simulated_107_surface1.pcd,Testing,2.274301767349243,2.160144567489624,0.11415719985961914
1523,TH0022AV/viewpoint_simulated_108_surface1.pcd,Testing,2.4572761058807373,2.056227207183838,0.4010488986968994
1524,TH0022AV/viewpoint_simulated_109_surface1.pcd,Testing,2.409355640411377,2.179989814758301,0.22936582565307617
1525,TH0022AV/viewpoint_simulated_11_surface1.pcd,Testing,2.0935170650482178,2.1709282398223877,0.07741117477416992
1526,TH0022AV/viewpoint_simulated_110_surface1.pcd,Testing,2.3030359745025635,2.2693283557891846,0.033707618713378906
1527,TH0022AV/viewpoint_simulated_111_surface1.pcd,Testing,2.4218175411224365,2.2893941402435303,0.13242340087890625
1528,TH0022AV/viewpoint_simulated_112_surface1.pcd,Testing,2.3968276977539062,2.253005266189575,0.14382243156433105
1529,TH0022AV/viewpoint_simulated_113_surface1.pcd,Testing,2.274094343185425,2.25846004486084,0.01563429832458496
1530,TH0022AV/viewpoint_simulated_114_surface1.pcd,Testing,2.3045904636383057,2.11053729057312,0.19405317306518555
1531,TH0022AV/viewpoint_simulated_115_surface1.pcd,Testing,2.2184371948242188,2.0930960178375244,0.12534117698669434
1532,TH0022AV/viewpoint_simulated_116_surface1.pcd,Testing,2.23169207572937,2.1547818183898926,0.07691025733947754
1533,TH0022AV/viewpoint_simulated_117_surface1.pcd,Testing,2.2037322521209717,2.126596689224243,0.07713556289672852
1534,TH0022AV/viewpoint_simulated_118_surface1.pcd,Testing,2.365926742553711,2.1962733268737793,0.16965341567993164
1535,TH0022AV/viewpoint_simulated_119_surface1.pcd,Testing,2.193528890609741,2.265057325363159,0.07152843475341797
1536,TH0022AV/viewpoint_simulated_12_surface1.pcd,Testing,2.348658323287964,2.102405309677124,0.24625301361083984
1537,TH0022AV/viewpoint_simulated_120_surface1.pcd,Testing,2.5173606872558594,2.295799970626831,0.22156071662902832
1538,TH0022AV/viewpoint_simulated_121_surface1.pcd,Testing,2.327216625213623,2.2592732906341553,0.06794333457946777
1539,TH0022AV/viewpoint_simulated_122_surface1.pcd,Testing,2.262927770614624,2.232348918914795,0.0305788516998291
1540,TH0022AV/viewpoint_simulated_123_surface1.pcd,Testing,2.293178081512451,2.2272679805755615,0.06591010093688965
1541,TH0022AV/viewpoint_simulated_124_surface1.pcd,Testing,2.2283825874328613,2.138801097869873,0.08958148956298828
1542,TH0022AV/viewpoint_simulated_125_surface1.pcd,Testing,2.1945087909698486,2.189358711242676,0.0051500797271728516
1543,TH0022AV/viewpoint_simulated_126_surface1.pcd,Testing,2.3327107429504395,2.137984037399292,0.19472670555114746
1544,TH0022AV/viewpoint_simulated_127_surface1.pcd,Testing,2.3441050052642822,2.092541456222534,0.25156354904174805
1545,TH0022AV/viewpoint_simulated_128_surface1.pcd,Testing,2.3955764770507812,2.095783233642578,0.2997932434082031
1546,TH0022AV/viewpoint_simulated_129_surface1.pcd,Testing,2.2843430042266846,2.142136335372925,0.14220666885375977
1547,TH0022AV/viewpoint_simulated_13_surface1.pcd,Testing,2.271723508834839,2.1291391849517822,0.14258432388305664
1548,TH0022AV/viewpoint_simulated_130_surface1.pcd,Testing,2.2422373294830322,2.1998980045318604,0.042339324951171875
1549,TH0022AV/viewpoint_simulated_131_surface1.pcd,Testing,2.335242986679077,2.3817050457000732,0.046462059020996094
1550,TH0022AV/viewpoint_simulated_132_surface1.pcd,Testing,2.3364057540893555,2.5058846473693848,0.1694788932800293
1551,TH0022AV/viewpoint_simulated_133_surface1.pcd,Testing,2.3879177570343018,2.273918628692627,0.1139991283416748
1552,TH0022AV/viewpoint_simulated_134_surface1.pcd,Testing,2.280548095703125,2.2712337970733643,0.009314298629760742
1553,TH0022AV/viewpoint_simulated_135_surface1.pcd,Testing,2.243865966796875,2.167034387588501,0.07683157920837402
1554,TH0022AV/viewpoint_simulated_136_surface1.pcd,Testing,2.3277952671051025,2.041390895843506,0.2864043712615967
1555,TH0022AV/viewpoint_simulated_137_surface1.pcd,Testing,2.3181490898132324,2.134627342224121,0.18352174758911133
1556,TH0022AV/viewpoint_simulated_138_surface1.pcd,Testing,2.3936126232147217,2.1803863048553467,0.213226318359375
1557,TH0022AV/viewpoint_simulated_139_surface1.pcd,Testing,2.3031904697418213,2.0875179767608643,0.21567249298095703
1558,TH0022AV/viewpoint_simulated_14_surface1.pcd,Testing,2.400179624557495,2.142951726913452,0.25722789764404297
1559,TH0022AV/viewpoint_simulated_140_surface1.pcd,Testing,2.216595411300659,2.0864417552948,0.13015365600585938
1560,TH0022AV/viewpoint_simulated_141_surface1.pcd,Testing,2.192798137664795,2.1515259742736816,0.04127216339111328
1561,TH0022AV/viewpoint_simulated_142_surface1.pcd,Testing,2.3655450344085693,2.243419647216797,0.12212538719177246
1562,TH0022AV/viewpoint_simulated_143_surface1.pcd,Testing,2.2953882217407227,2.3523943424224854,0.057006120681762695
1563,TH0022AV/viewpoint_simulated_144_surface1.pcd,Testing,2.247997999191284,2.1514151096343994,0.09658288955688477
1564,TH0022AV/viewpoint_simulated_145_surface1.pcd,Testing,2.213263511657715,2.076090097427368,0.13717341423034668
1565,TH0022AV/viewpoint_simulated_146_surface1.pcd,Testing,2.2456047534942627,2.0515482425689697,0.19405651092529297
1566,TH0022AV/viewpoint_simulated_147_surface1.pcd,Testing,2.326456308364868,2.115504741668701,0.210951566696167
1567,TH0022AV/viewpoint_simulated_148_surface1.pcd,Testing,2.1062839031219482,2.177194356918335,0.07091045379638672
1568,TH0022AV/viewpoint_simulated_149_surface1.pcd,Testing,2.143096923828125,2.2451095581054688,0.10201263427734375
1569,TH0022AV/viewpoint_simulated_15_surface1.pcd,Testing,2.4096736907958984,2.233687162399292,0.17598652839660645
1570,TH0022AV/viewpoint_simulated_150_surface1.pcd,Testing,2.2304842472076416,2.280367374420166,0.049883127212524414
1571,TH0022AV/viewpoint_simulated_151_surface1.pcd,Testing,2.1467502117156982,2.3000380992889404,0.1532878875732422
1572,TH0022AV/viewpoint_simulated_152_surface1.pcd,Testing,2.102557897567749,2.271829843521118,0.16927194595336914
1573,TH0022AV/viewpoint_simulated_153_surface1.pcd,Testing,2.220487594604492,2.2867863178253174,0.0662987232208252
1574,TH0022AV/viewpoint_simulated_154_surface1.pcd,Testing,2.3159854412078857,2.122725248336792,0.19326019287109375
1575,TH0022AV/viewpoint_simulated_155_surface1.pcd,Testing,2.228015661239624,2.1816904544830322,0.0463252067565918
1576,TH0022AV/viewpoint_simulated_156_surface1.pcd,Testing,2.464392900466919,2.1353843212127686,0.3290085792541504
1577,TH0022AV/viewpoint_simulated_157_surface1.pcd,Testing,2.4679431915283203,2.07277512550354,0.3951680660247803
1578,TH0022AV/viewpoint_simulated_158_surface1.pcd,Testing,2.209275245666504,2.0821006298065186,0.12717461585998535
1579,TH0022AV/viewpoint_simulated_159_surface1.pcd,Testing,2.193835496902466,2.1190755367279053,0.07475996017456055
1580,TH0022AV/viewpoint_simulated_16_surface1.pcd,Testing,2.239499568939209,2.3002078533172607,0.06070828437805176
1581,TH0022AV/viewpoint_simulated_160_surface1.pcd,Testing,2.377444267272949,2.2036569118499756,0.17378735542297363
1582,TH0022AV/viewpoint_simulated_161_surface1.pcd,Testing,2.351374864578247,2.2050509452819824,0.14632391929626465
1583,TH0022AV/viewpoint_simulated_162_surface1.pcd,Testing,2.4156405925750732,2.232532262802124,0.18310832977294922
1584,TH0022AV/viewpoint_simulated_163_surface1.pcd,Testing,2.4214704036712646,2.2883429527282715,0.13312745094299316
1585,TH0022AV/viewpoint_simulated_164_surface1.pcd,Testing,2.2463955879211426,2.2122371196746826,0.03415846824645996
1586,TH0022AV/viewpoint_simulated_165_surface1.pcd,Testing,2.281122922897339,2.192204475402832,0.08891844749450684
1587,TH0022AV/viewpoint_simulated_166_surface1.pcd,Testing,2.1576039791107178,2.2111847400665283,0.05358076095581055
1588,TH0022AV/viewpoint_simulated_167_surface1.pcd,Testing,2.3262460231781006,2.156724452972412,0.16952157020568848
1589,TH0022AV/viewpoint_simulated_168_surface1.pcd,Testing,2.352046012878418,2.0643670558929443,0.28767895698547363
1590,TH0022AV/viewpoint_simulated_169_surface1.pcd,Testing,2.2707901000976562,2.09726619720459,0.1735239028930664
1591,TH0022AV/viewpoint_simulated_17_surface1.pcd,Testing,2.340867042541504,2.2384936809539795,0.10237336158752441
1592,TH0022AV/viewpoint_simulated_170_surface1.pcd,Testing,2.275322437286377,2.190904378890991,0.08441805839538574
1593,TH0022AV/viewpoint_simulated_171_surface1.pcd,Testing,2.1227190494537354,2.2375729084014893,0.1148538589477539
1594,TH0022AV/viewpoint_simulated_172_surface1.pcd,Testing,2.3093056678771973,2.2514028549194336,0.05790281295776367
1595,TH0022AV/viewpoint_simulated_173_surface1.pcd,Testing,2.10251784324646,2.311171770095825,0.20865392684936523
1596,TH0022AV/viewpoint_simulated_174_surface1.pcd,Testing,2.2769596576690674,2.1646809577941895,0.11227869987487793
1597,TH0022AV/viewpoint_simulated_175_surface1.pcd,Testing,2.187941074371338,2.158338785171509,0.0296022891998291
1598,TH0022AV/viewpoint_simulated_176_surface1.pcd,Testing,2.3240549564361572,2.339665174484253,0.015610218048095703
1599,TH0022AV/viewpoint_simulated_177_surface1.pcd,Testing,2.245853900909424,2.139867067337036,0.1059868335723877
1600,TH0022AV/viewpoint_simulated_178_surface1.pcd,Testing,2.208552360534668,2.266657590866089,0.0581052303314209
1601,TH0022AV/viewpoint_simulated_179_surface1.pcd,Testing,2.318416118621826,2.1503536701202393,0.16806244850158691
1602,TH0022AV/viewpoint_simulated_18_surface1.pcd,Testing,2.4180290699005127,2.277930974960327,0.14009809494018555
1603,TH0022AV/viewpoint_simulated_180_surface1.pcd,Testing,2.2417571544647217,2.0931646823883057,0.14859247207641602
1604,TH0022AV/viewpoint_simulated_181_surface1.pcd,Testing,2.263336181640625,2.1854512691497803,0.07788491249084473
1605,TH0022AV/viewpoint_simulated_182_surface1.pcd,Testing,2.2956953048706055,2.2327163219451904,0.06297898292541504
1606,TH0022AV/viewpoint_simulated_183_surface1.pcd,Testing,2.389404296875,2.2723023891448975,0.11710190773010254
1607,TH0022AV/viewpoint_simulated_184_surface1.pcd,Testing,2.412048578262329,2.239497423171997,0.17255115509033203
1608,TH0022AV/viewpoint_simulated_185_surface1.pcd,Testing,2.2970213890075684,2.2614591121673584,0.03556227684020996
1609,TH0022AV/viewpoint_simulated_186_surface1.pcd,Testing,2.2831051349639893,2.04772686958313,0.23537826538085938
1610,TH0022AV/viewpoint_simulated_187_surface1.pcd,Testing,2.401540756225586,2.123897075653076,0.27764368057250977
1611,TH0022AV/viewpoint_simulated_188_surface1.pcd,Testing,2.340355157852173,2.1263086795806885,0.21404647827148438
1612,TH0022AV/viewpoint_simulated_189_surface1.pcd,Testing,2.4280805587768555,2.1221137046813965,0.305966854095459
1613,TH0022AV/viewpoint_simulated_19_surface1.pcd,Testing,2.339416027069092,2.254934072494507,0.08448195457458496
1614,TH0022AV/viewpoint_simulated_190_surface1.pcd,Testing,2.2256429195404053,2.193427324295044,0.03221559524536133
1615,TH0022AV/viewpoint_simulated_191_surface1.pcd,Testing,2.304654836654663,2.2592618465423584,0.04539299011230469
1616,TH0022AV/viewpoint_simulated_192_surface1.pcd,Testing,2.3093836307525635,2.2171812057495117,0.09220242500305176
1617,TH0022AV/viewpoint_simulated_193_surface1.pcd,Testing,2.2466933727264404,2.2523953914642334,0.005702018737792969
1618,TH0022AV/viewpoint_simulated_194_surface1.pcd,Testing,2.2924458980560303,2.2322494983673096,0.0601963996887207
1619,TH0022AV/viewpoint_simulated_195_surface1.pcd,Testing,2.400792360305786,2.237560987472534,0.16323137283325195
1620,TH0022AV/viewpoint_simulated_196_surface1.pcd,Testing,2.4368157386779785,2.157085657119751,0.27973008155822754
1621,TH0022AV/viewpoint_simulated_197_surface1.pcd,Testing,2.249234676361084,2.190455913543701,0.05877876281738281
1622,TH0022AV/viewpoint_simulated_198_surface1.pcd,Testing,2.426025867462158,2.0993731021881104,0.32665276527404785
1623,TH0022AV/viewpoint_simulated_199_surface1.pcd,Testing,2.537008285522461,2.060413360595703,0.4765949249267578
1624,TH0022AV/viewpoint_simulated_2_surface1.pcd,Testing,2.194321870803833,2.0903146266937256,0.10400724411010742
1625,TH0022AV/viewpoint_simulated_20_surface1.pcd,Testing,2.343189239501953,2.3902108669281006,0.04702162742614746
1626,TH0022AV/viewpoint_simulated_200_surface1.pcd,Testing,2.3220605850219727,2.0708250999450684,0.2512354850769043
1627,TH0022AV/viewpoint_simulated_201_surface1.pcd,Testing,2.165132761001587,2.1424858570098877,0.02264690399169922
1628,TH0022AV/viewpoint_simulated_202_surface1.pcd,Testing,2.360029458999634,2.1867401599884033,0.17328929901123047
1629,TH0022AV/viewpoint_simulated_203_surface1.pcd,Testing,2.3070266246795654,2.301333427429199,0.005693197250366211
1630,TH0022AV/viewpoint_simulated_204_surface1.pcd,Testing,2.4370312690734863,2.413640022277832,0.023391246795654297
1631,TH0022AV/viewpoint_simulated_205_surface1.pcd,Testing,2.3072285652160645,2.263753890991211,0.043474674224853516
1632,TH0022AV/viewpoint_simulated_206_surface1.pcd,Testing,2.351344347000122,2.230944871902466,0.12039947509765625
1633,TH0022AV/viewpoint_simulated_207_surface1.pcd,Testing,2.4072964191436768,2.192061185836792,0.21523523330688477
1634,TH0022AV/viewpoint_simulated_208_surface1.pcd,Testing,2.372943162918091,2.104112148284912,0.2688310146331787
1635,TH0022AV/viewpoint_simulated_209_surface1.pcd,Testing,2.23197078704834,2.1564085483551025,0.0755622386932373
1636,TH0022AV/viewpoint_simulated_21_surface1.pcd,Testing,2.4241809844970703,2.2142693996429443,0.20991158485412598
1637,TH0022AV/viewpoint_simulated_210_surface1.pcd,Testing,2.2378714084625244,2.1943607330322266,0.04351067543029785
1638,TH0022AV/viewpoint_simulated_211_surface1.pcd,Testing,2.277311325073242,2.0985360145568848,0.17877531051635742
1639,TH0022AV/viewpoint_simulated_212_surface1.pcd,Testing,2.344097852706909,2.1023788452148438,0.24171900749206543
1640,TH0022AV/viewpoint_simulated_213_surface1.pcd,Testing,2.1016275882720947,2.177109956741333,0.07548236846923828
1641,TH0022AV/viewpoint_simulated_214_surface1.pcd,Testing,2.387889862060547,2.2598788738250732,0.12801098823547363
1642,TH0022AV/viewpoint_simulated_215_surface1.pcd,Testing,2.1940829753875732,2.3471388816833496,0.15305590629577637
1643,TH0022AV/viewpoint_simulated_22_surface1.pcd,Testing,2.2259936332702637,2.1915900707244873,0.03440356254577637
1644,TH0022AV/viewpoint_simulated_23_surface1.pcd,Testing,2.1738131046295166,2.1959638595581055,0.022150754928588867
1645,TH0022AV/viewpoint_simulated_24_surface1.pcd,Testing,2.2230143547058105,2.1290526390075684,0.09396171569824219
1646,TH0022AV/viewpoint_simulated_25_surface1.pcd,Testing,2.284637451171875,2.1413981914520264,0.14323925971984863
1647,TH0022AV/viewpoint_simulated_26_surface1.pcd,Testing,2.4990737438201904,2.2702040672302246,0.22886967658996582
1648,TH0022AV/viewpoint_simulated_27_surface1.pcd,Testing,2.2999515533447266,2.2895336151123047,0.010417938232421875
1649,TH0022AV/viewpoint_simulated_28_surface1.pcd,Testing,2.2081668376922607,2.366361379623413,0.15819454193115234
1650,TH0022AV/viewpoint_simulated_29_surface1.pcd,Testing,2.269359827041626,2.3393614292144775,0.07000160217285156
1651,TH0022AV/viewpoint_simulated_3_surface1.pcd,Testing,1.9991648197174072,2.1917011737823486,0.1925363540649414
1652,TH0022AV/viewpoint_simulated_30_surface1.pcd,Testing,2.308706521987915,2.204180955886841,0.10452556610107422
1653,TH0022AV/viewpoint_simulated_31_surface1.pcd,Testing,2.4454081058502197,2.2158799171447754,0.22952818870544434
1654,TH0022AV/viewpoint_simulated_32_surface1.pcd,Testing,2.4424030780792236,2.3620479106903076,0.08035516738891602
1655,TH0022AV/viewpoint_simulated_33_surface1.pcd,Testing,2.2423763275146484,2.158090591430664,0.08428573608398438
1656,TH0022AV/viewpoint_simulated_34_surface1.pcd,Testing,2.3541109561920166,2.2474656105041504,0.10664534568786621
1657,TH0022AV/viewpoint_simulated_35_surface1.pcd,Testing,2.304889440536499,2.186009645462036,0.11887979507446289
1658,TH0022AV/viewpoint_simulated_36_surface1.pcd,Testing,2.3679840564727783,2.1303603649139404,0.2376236915588379
1659,TH0022AV/viewpoint_simulated_37_surface1.pcd,Testing,2.3228604793548584,2.1779887676239014,0.14487171173095703
1660,TH0022AV/viewpoint_simulated_38_surface1.pcd,Testing,2.2588133811950684,2.240981340408325,0.017832040786743164
1661,TH0022AV/viewpoint_simulated_39_surface1.pcd,Testing,2.2570629119873047,2.2429516315460205,0.01411128044128418
1662,TH0022AV/viewpoint_simulated_4_surface1.pcd,Testing,2.086116075515747,2.205977201461792,0.11986112594604492
1663,TH0022AV/viewpoint_simulated_40_surface1.pcd,Testing,2.2478537559509277,2.316068410873413,0.06821465492248535
1664,TH0022AV/viewpoint_simulated_41_surface1.pcd,Testing,2.3054256439208984,2.1549429893493652,0.1504826545715332
1665,TH0022AV/viewpoint_simulated_42_surface1.pcd,Testing,2.2709410190582275,2.107043504714966,0.16389751434326172
1666,TH0022AV/viewpoint_simulated_43_surface1.pcd,Testing,2.361860513687134,2.155306100845337,0.20655441284179688
1667,TH0022AV/viewpoint_simulated_44_surface1.pcd,Testing,2.226715087890625,2.183760404586792,0.04295468330383301
1668,TH0022AV/viewpoint_simulated_45_surface1.pcd,Testing,2.2695891857147217,2.1428778171539307,0.12671136856079102
1669,TH0022AV/viewpoint_simulated_46_surface1.pcd,Testing,2.3867053985595703,2.2079977989196777,0.17870759963989258
1670,TH0022AV/viewpoint_simulated_47_surface1.pcd,Testing,2.3424692153930664,2.269571304321289,0.07289791107177734
1671,TH0022AV/viewpoint_simulated_48_surface1.pcd,Testing,2.2073168754577637,2.3282363414764404,0.12091946601867676
1672,TH0022AV/viewpoint_simulated_49_surface1.pcd,Testing,2.3109209537506104,2.2601611614227295,0.05075979232788086
1673,TH0022AV/viewpoint_simulated_5_surface1.pcd,Testing,2.353100538253784,2.2782890796661377,0.07481145858764648
1674,TH0022AV/viewpoint_simulated_50_surface1.pcd,Testing,2.1754298210144043,2.236483335494995,0.06105351448059082
1675,TH0022AV/viewpoint_simulated_51_surface1.pcd,Testing,2.267616033554077,2.1252317428588867,0.14238429069519043
1676,TH0022AV/viewpoint_simulated_52_surface1.pcd,Testing,2.3129637241363525,2.2397830486297607,0.0731806755065918
1677,TH0022AV/viewpoint_simulated_53_surface1.pcd,Testing,2.329326629638672,2.171638011932373,0.15768861770629883
1678,TH0022AV/viewpoint_simulated_54_surface1.pcd,Testing,2.266014814376831,2.151170015335083,0.11484479904174805
1679,TH0022AV/viewpoint_simulated_55_surface1.pcd,Testing,2.361233949661255,2.0429747104644775,0.31825923919677734
1680,TH0022AV/viewpoint_simulated_56_surface1.pcd,Testing,2.354905128479004,2.284367799758911,0.07053732872009277
1681,TH0022AV/viewpoint_simulated_57_surface1.pcd,Testing,2.37636137008667,2.1612274646759033,0.2151339054107666
1682,TH0022AV/viewpoint_simulated_58_surface1.pcd,Testing,2.1608688831329346,2.16552472114563,0.0046558380126953125
1683,TH0022AV/viewpoint_simulated_59_surface1.pcd,Testing,2.478189706802368,2.3835136890411377,0.09467601776123047
1684,TH0022AV/viewpoint_simulated_6_surface1.pcd,Testing,2.2551779747009277,2.288602113723755,0.03342413902282715
1685,TH0022AV/viewpoint_simulated_60_surface1.pcd,Testing,2.2725560665130615,2.5378198623657227,0.26526379585266113
1686,TH0022AV/viewpoint_simulated_61_surface1.pcd,Testing,2.2717437744140625,2.3614203929901123,0.0896766185760498
1687,TH0022AV/viewpoint_simulated_62_surface1.pcd,Testing,2.3227620124816895,2.18904709815979,0.13371491432189941
1688,TH0022AV/viewpoint_simulated_63_surface1.pcd,Testing,2.475876808166504,2.1363987922668457,0.3394780158996582
1689,TH0022AV/viewpoint_simulated_64_surface1.pcd,Testing,2.346543073654175,2.2078421115875244,0.1387009620666504
1690,TH0022AV/viewpoint_simulated_65_surface1.pcd,Testing,2.433298349380493,2.1491453647613525,0.2841529846191406
1691,TH0022AV/viewpoint_simulated_66_surface1.pcd,Testing,2.479161500930786,2.2407939434051514,0.23836755752563477
1692,TH0022AV/viewpoint_simulated_67_surface1.pcd,Testing,2.2689826488494873,2.0760672092437744,0.1929154396057129
1693,TH0022AV/viewpoint_simulated_68_surface1.pcd,Testing,2.281834363937378,2.1215388774871826,0.1602954864501953
1694,TH0022AV/viewpoint_simulated_69_surface1.pcd,Testing,2.3498027324676514,2.167954683303833,0.18184804916381836
1695,TH0022AV/viewpoint_simulated_7_surface1.pcd,Testing,2.2718851566314697,2.273322343826294,0.0014371871948242188
1696,TH0022AV/viewpoint_simulated_70_surface1.pcd,Testing,2.3311681747436523,2.19827938079834,0.1328887939453125
1697,TH0022AV/viewpoint_simulated_71_surface1.pcd,Testing,2.334778308868408,2.414879083633423,0.08010077476501465
1698,TH0022AV/viewpoint_simulated_72_surface1.pcd,Testing,2.0966718196868896,2.0931315422058105,0.0035402774810791016
1699,TH0022AV/viewpoint_simulated_73_surface1.pcd,Testing,2.2484323978424072,2.0923163890838623,0.15611600875854492
1700,TH0022AV/viewpoint_simulated_74_surface1.pcd,Testing,2.033468008041382,2.054800510406494,0.021332502365112305
1701,TH0022AV/viewpoint_simulated_75_surface1.pcd,Testing,2.2454872131347656,2.162123918533325,0.08336329460144043
1702,TH0022AV/viewpoint_simulated_76_surface1.pcd,Testing,2.4756016731262207,2.1968185901641846,0.27878308296203613
1703,TH0022AV/viewpoint_simulated_77_surface1.pcd,Testing,2.244314432144165,2.276067018508911,0.031752586364746094
1704,TH0022AV/viewpoint_simulated_78_surface1.pcd,Testing,2.4201583862304688,2.2644622325897217,0.15569615364074707
1705,TH0022AV/viewpoint_simulated_79_surface1.pcd,Testing,2.3816494941711426,2.3422298431396484,0.03941965103149414
1706,TH0022AV/viewpoint_simulated_8_surface1.pcd,Testing,2.213517665863037,2.330810546875,0.11729288101196289
1707,TH0022AV/viewpoint_simulated_80_surface1.pcd,Testing,2.2539634704589844,2.2512712478637695,0.0026922225952148438
1708,TH0022AV/viewpoint_simulated_81_surface1.pcd,Testing,2.326594114303589,2.257643461227417,0.06895065307617188
1709,TH0022AV/viewpoint_simulated_82_surface1.pcd,Testing,2.1308770179748535,2.1345090866088867,0.003632068634033203
1710,TH0022AV/viewpoint_simulated_83_surface1.pcd,Testing,2.2511844635009766,2.1843888759613037,0.06679558753967285
1711,TH0022AV/viewpoint_simulated_84_surface1.pcd,Testing,2.1651289463043213,2.1303999423980713,0.03472900390625
1712,TH0022AV/viewpoint_simulated_85_surface1.pcd,Testing,2.156036138534546,2.1227924823760986,0.033243656158447266
1713,TH0022AV/viewpoint_simulated_86_surface1.pcd,Testing,2.1589345932006836,2.132990837097168,0.025943756103515625
1714,TH0022AV/viewpoint_simulated_87_surface1.pcd,Testing,2.246692180633545,2.1189467906951904,0.1277453899383545
1715,TH0022AV/viewpoint_simulated_88_surface1.pcd,Testing,2.2917556762695312,2.2471067905426025,0.04464888572692871
1716,TH0022AV/viewpoint_simulated_89_surface1.pcd,Testing,2.2022905349731445,2.2739052772521973,0.07161474227905273
1717,TH0022AV/viewpoint_simulated_9_surface1.pcd,Testing,2.3137638568878174,2.2932379245758057,0.02052593231201172
1718,TH0022AV/viewpoint_simulated_90_surface1.pcd,Testing,2.329035758972168,2.251868724822998,0.07716703414916992
1719,TH0022AV/viewpoint_simulated_91_surface1.pcd,Testing,2.19077205657959,2.277252197265625,0.08648014068603516
1720,TH0022AV/viewpoint_simulated_92_surface1.pcd,Testing,2.190343141555786,2.2886312007904053,0.09828805923461914
1721,TH0022AV/viewpoint_simulated_93_surface1.pcd,Testing,2.194082736968994,2.2276244163513184,0.03354167938232422
1722,TH0022AV/viewpoint_simulated_94_surface1.pcd,Testing,2.2572269439697266,2.194031000137329,0.06319594383239746
1723,TH0022AV/viewpoint_simulated_95_surface1.pcd,Testing,2.130518674850464,2.1854584217071533,0.05493974685668945
1724,TH0022AV/viewpoint_simulated_96_surface1.pcd,Testing,2.3473572731018066,2.101231575012207,0.2461256980895996
1725,TH0022AV/viewpoint_simulated_97_surface1.pcd,Testing,2.4401204586029053,2.0955114364624023,0.34460902214050293
1726,TH0022AV/viewpoint_simulated_98_surface1.pcd,Testing,2.2081704139709473,2.2646071910858154,0.056436777114868164
1727,TH0022AV/viewpoint_simulated_99_surface1.pcd,Testing,2.2247822284698486,2.3209760189056396,0.09619379043579102
1728,TH0031AV/viewpoint_simulated_0_surface0.pcd,Testing,1.9847520589828491,1.9601715803146362,0.02458047866821289
1729,TH0031AV/viewpoint_simulated_1_surface0.pcd,Testing,1.91378653049469,1.9555089473724365,0.04172241687774658
1730,TH0031AV/viewpoint_simulated_10_surface0.pcd,Testing,1.9922277927398682,2.0026566982269287,0.010428905487060547
1731,TH0031AV/viewpoint_simulated_100_surface0.pcd,Testing,1.9516178369522095,2.0257909297943115,0.07417309284210205
1732,TH0031AV/viewpoint_simulated_101_surface0.pcd,Testing,2.0222206115722656,1.915669560432434,0.10655105113983154
1733,TH0031AV/viewpoint_simulated_102_surface0.pcd,Testing,1.9665595293045044,1.9517364501953125,0.014823079109191895
1734,TH0031AV/viewpoint_simulated_103_surface0.pcd,Testing,1.9935239553451538,1.9962443113327026,0.002720355987548828
1735,TH0031AV/viewpoint_simulated_104_surface0.pcd,Testing,1.921066164970398,2.09234619140625,0.17128002643585205
1736,TH0031AV/viewpoint_simulated_105_surface0.pcd,Testing,2.054121494293213,2.077796697616577,0.023675203323364258
1737,TH0031AV/viewpoint_simulated_106_surface0.pcd,Testing,1.9054173231124878,2.211697578430176,0.306280255317688
1738,TH0031AV/viewpoint_simulated_107_surface0.pcd,Testing,2.1599953174591064,2.163182497024536,0.0031871795654296875
1739,TH0031AV/viewpoint_simulated_108_surface0.pcd,Testing,2.08864688873291,2.1324799060821533,0.043833017349243164
1740,TH0031AV/viewpoint_simulated_109_surface0.pcd,Testing,2.0069844722747803,2.0485281944274902,0.04154372215270996
1741,TH0031AV/viewpoint_simulated_11_surface0.pcd,Testing,2.060962677001953,2.00117826461792,0.0597844123840332
1742,TH0031AV/viewpoint_simulated_110_surface0.pcd,Testing,1.9007741212844849,2.108217477798462,0.20744335651397705
1743,TH0031AV/viewpoint_simulated_111_surface0.pcd,Testing,2.0332231521606445,2.1953072547912598,0.16208410263061523
1744,TH0031AV/viewpoint_simulated_112_surface0.pcd,Testing,2.029038429260254,2.0748450756073,0.0458066463470459
1745,TH0031AV/viewpoint_simulated_113_surface0.pcd,Testing,2.11535382270813,1.9252822399139404,0.19007158279418945
1746,TH0031AV/viewpoint_simulated_114_surface0.pcd,Testing,2.1855857372283936,1.970555305480957,0.21503043174743652
1747,TH0031AV/viewpoint_simulated_115_surface0.pcd,Testing,2.0746302604675293,1.9650448560714722,0.10958540439605713
1748,TH0031AV/viewpoint_simulated_116_surface0.pcd,Testing,2.0564844608306885,2.1449172496795654,0.08843278884887695
1749,TH0031AV/viewpoint_simulated_117_surface0.pcd,Testing,1.9922761917114258,2.1307291984558105,0.13845300674438477
1750,TH0031AV/viewpoint_simulated_118_surface0.pcd,Testing,1.9895747900009155,2.297693967819214,0.30811917781829834
1751,TH0031AV/viewpoint_simulated_119_surface0.pcd,Testing,1.9929155111312866,2.27474308013916,0.28182756900787354
1752,TH0031AV/viewpoint_simulated_12_surface0.pcd,Testing,1.932746171951294,1.9189053773880005,0.013840794563293457
1753,TH0031AV/viewpoint_simulated_120_surface0.pcd,Testing,1.9608296155929565,2.199378252029419,0.2385486364364624
1754,TH0031AV/viewpoint_simulated_121_surface0.pcd,Testing,2.0028975009918213,2.1495473384857178,0.14664983749389648
1755,TH0031AV/viewpoint_simulated_122_surface0.pcd,Testing,1.9630502462387085,2.1181304454803467,0.15508019924163818
1756,TH0031AV/viewpoint_simulated_123_surface0.pcd,Testing,2.067197799682617,2.1903717517852783,0.12317395210266113
1757,TH0031AV/viewpoint_simulated_124_surface0.pcd,Testing,2.1745615005493164,2.057072162628174,0.11748933792114258
1758,TH0031AV/viewpoint_simulated_125_surface0.pcd,Testing,1.9871841669082642,1.9185742139816284,0.06860995292663574
1759,TH0031AV/viewpoint_simulated_126_surface0.pcd,Testing,2.1435327529907227,1.985121488571167,0.15841126441955566
1760,TH0031AV/viewpoint_simulated_127_surface0.pcd,Testing,1.9091194868087769,1.9665565490722656,0.05743706226348877
1761,TH0031AV/viewpoint_simulated_128_surface0.pcd,Testing,2.0572218894958496,2.1838836669921875,0.1266617774963379
1762,TH0031AV/viewpoint_simulated_129_surface0.pcd,Testing,2.1019601821899414,2.1615583896636963,0.05959820747375488
1763,TH0031AV/viewpoint_simulated_13_surface0.pcd,Testing,2.063218355178833,1.9326659440994263,0.13055241107940674
1764,TH0031AV/viewpoint_simulated_130_surface0.pcd,Testing,2.014129638671875,2.3498194217681885,0.3356897830963135
1765,TH0031AV/viewpoint_simulated_131_surface0.pcd,Testing,2.0071213245391846,2.2728111743927,0.2656898498535156
1766,TH0031AV/viewpoint_simulated_132_surface0.pcd,Testing,2.098233461380005,2.2536001205444336,0.1553666591644287
1767,TH0031AV/viewpoint_simulated_133_surface0.pcd,Testing,2.1521968841552734,2.2283475399017334,0.07615065574645996
1768,TH0031AV/viewpoint_simulated_134_surface0.pcd,Testing,2.0923678874969482,2.1103413105010986,0.01797342300415039
1769,TH0031AV/viewpoint_simulated_135_surface0.pcd,Testing,2.0642783641815186,2.150095224380493,0.08581686019897461
1770,TH0031AV/viewpoint_simulated_136_surface0.pcd,Testing,2.1243538856506348,2.028355836868286,0.09599804878234863
1771,TH0031AV/viewpoint_simulated_137_surface0.pcd,Testing,2.087083101272583,1.9336754083633423,0.15340769290924072
1772,TH0031AV/viewpoint_simulated_138_surface0.pcd,Testing,2.027749538421631,1.9900791645050049,0.03767037391662598
1773,TH0031AV/viewpoint_simulated_139_surface0.pcd,Testing,1.89128577709198,2.001621961593628,0.11033618450164795
1774,TH0031AV/viewpoint_simulated_14_surface0.pcd,Testing,1.9168143272399902,1.9690967798233032,0.05228245258331299
1775,TH0031AV/viewpoint_simulated_140_surface0.pcd,Testing,2.0768826007843018,2.196873903274536,0.11999130249023438
1776,TH0031AV/viewpoint_simulated_141_surface0.pcd,Testing,2.051837921142578,2.195444345474243,0.14360642433166504
1777,TH0031AV/viewpoint_simulated_142_surface0.pcd,Testing,2.063422203063965,2.3851511478424072,0.3217289447784424
1778,TH0031AV/viewpoint_simulated_143_surface0.pcd,Testing,2.0586113929748535,2.3193817138671875,0.260770320892334
1779,TH0031AV/viewpoint_simulated_144_surface0.pcd,Testing,1.9726330041885376,1.9650359153747559,0.007597088813781738
1780,TH0031AV/viewpoint_simulated_145_surface0.pcd,Testing,1.9306261539459229,1.956827163696289,0.02620100975036621
1781,TH0031AV/viewpoint_simulated_146_surface0.pcd,Testing,1.922000765800476,1.9828779697418213,0.060877203941345215
1782,TH0031AV/viewpoint_simulated_147_surface0.pcd,Testing,2.0314269065856934,1.95200777053833,0.07941913604736328
1783,TH0031AV/viewpoint_simulated_148_surface0.pcd,Testing,1.99451744556427,1.9503852128982544,0.044132232666015625
1784,TH0031AV/viewpoint_simulated_149_surface0.pcd,Testing,2.1607892513275146,1.922160029411316,0.23862922191619873
1785,TH0031AV/viewpoint_simulated_15_surface0.pcd,Testing,1.93217134475708,1.9903185367584229,0.05814719200134277
1786,TH0031AV/viewpoint_simulated_150_surface0.pcd,Testing,1.9621446132659912,1.9719091653823853,0.009764552116394043
1787,TH0031AV/viewpoint_simulated_151_surface0.pcd,Testing,1.9926499128341675,1.9892195463180542,0.0034303665161132812
1788,TH0031AV/viewpoint_simulated_152_surface0.pcd,Testing,1.898386836051941,2.0348730087280273,0.13648617267608643
1789,TH0031AV/viewpoint_simulated_153_surface0.pcd,Testing,1.998908519744873,2.01188325881958,0.012974739074707031
1790,TH0031AV/viewpoint_simulated_154_surface0.pcd,Testing,2.013150215148926,1.998010516166687,0.01513969898223877
1791,TH0031AV/viewpoint_simulated_155_surface0.pcd,Testing,2.059976100921631,1.9899547100067139,0.07002139091491699
1792,TH0031AV/viewpoint_simulated_156_surface0.pcd,Testing,1.9420801401138306,1.92099130153656,0.021088838577270508
1793,TH0031AV/viewpoint_simulated_157_surface0.pcd,Testing,1.9704192876815796,1.9363716840744019,0.034047603607177734
1794,TH0031AV/viewpoint_simulated_158_surface0.pcd,Testing,2.0829572677612305,2.0034704208374023,0.07948684692382812
1795,TH0031AV/viewpoint_simulated_159_surface0.pcd,Testing,1.9896892309188843,2.0412185192108154,0.05152928829193115
1796,TH0031AV/viewpoint_simulated_16_surface0.pcd,Testing,2.0511324405670166,1.9751381874084473,0.07599425315856934
1797,TH0031AV/viewpoint_simulated_160_surface0.pcd,Testing,1.9720537662506104,1.997273564338684,0.02521979808807373
1798,TH0031AV/viewpoint_simulated_161_surface0.pcd,Testing,2.058931350708008,1.8937259912490845,0.16520535945892334
1799,TH0031AV/viewpoint_simulated_162_surface0.pcd,Testing,2.130007266998291,1.9534904956817627,0.17651677131652832
1800,TH0031AV/viewpoint_simulated_163_surface0.pcd,Testing,1.9410821199417114,2.0054738521575928,0.06439173221588135
1801,TH0031AV/viewpoint_simulated_164_surface0.pcd,Testing,1.94278883934021,2.06955885887146,0.12677001953125
1802,TH0031AV/viewpoint_simulated_165_surface0.pcd,Testing,1.9056905508041382,2.0825746059417725,0.17688405513763428
1803,TH0031AV/viewpoint_simulated_166_surface0.pcd,Testing,1.9654979705810547,2.030132293701172,0.06463432312011719
1804,TH0031AV/viewpoint_simulated_167_surface0.pcd,Testing,1.9844303131103516,2.0131583213806152,0.028728008270263672
1805,TH0031AV/viewpoint_simulated_168_surface0.pcd,Testing,1.9808591604232788,2.0059006214141846,0.02504146099090576
1806,TH0031AV/viewpoint_simulated_169_surface0.pcd,Testing,1.9711360931396484,1.9210021495819092,0.05013394355773926
1807,TH0031AV/viewpoint_simulated_17_surface0.pcd,Testing,1.9671448469161987,1.9222084283828735,0.044936418533325195
1808,TH0031AV/viewpoint_simulated_170_surface0.pcd,Testing,1.9972988367080688,2.066960334777832,0.06966149806976318
1809,TH0031AV/viewpoint_simulated_171_surface0.pcd,Testing,2.0267744064331055,2.1728813648223877,0.14610695838928223
1810,TH0031AV/viewpoint_simulated_172_surface0.pcd,Testing,2.0162556171417236,2.0198287963867188,0.003573179244995117
1811,TH0031AV/viewpoint_simulated_173_surface0.pcd,Testing,2.053091049194336,1.9300556182861328,0.12303543090820312
1812,TH0031AV/viewpoint_simulated_174_surface0.pcd,Testing,2.09965443611145,1.961775779724121,0.1378786563873291
1813,TH0031AV/viewpoint_simulated_175_surface0.pcd,Testing,2.0018792152404785,1.9942784309387207,0.0076007843017578125
1814,TH0031AV/viewpoint_simulated_176_surface0.pcd,Testing,1.989364743232727,2.106713056564331,0.117348313331604
1815,TH0031AV/viewpoint_simulated_177_surface0.pcd,Testing,2.021700859069824,2.0904855728149414,0.06878471374511719
1816,TH0031AV/viewpoint_simulated_178_surface0.pcd,Testing,2.061980724334717,2.2076685428619385,0.14568781852722168
1817,TH0031AV/viewpoint_simulated_179_surface0.pcd,Testing,2.0584399700164795,2.1662509441375732,0.10781097412109375
1818,TH0031AV/viewpoint_simulated_18_surface0.pcd,Testing,2.1010351181030273,1.9413641691207886,0.15967094898223877
1819,TH0031AV/viewpoint_simulated_180_surface0.pcd,Testing,2.0388259887695312,2.1279985904693604,0.0891726016998291
1820,TH0031AV/viewpoint_simulated_181_surface0.pcd,Testing,2.213096857070923,2.052757740020752,0.1603391170501709
1821,TH0031AV/viewpoint_simulated_182_surface0.pcd,Testing,2.0213398933410645,2.107560873031616,0.08622097969055176
1822,TH0031AV/viewpoint_simulated_183_surface0.pcd,Testing,2.0280659198760986,2.2078492641448975,0.17978334426879883
1823,TH0031AV/viewpoint_simulated_184_surface0.pcd,Testing,2.0632946491241455,2.0656445026397705,0.002349853515625
1824,TH0031AV/viewpoint_simulated_185_surface0.pcd,Testing,2.022012710571289,1.905747652053833,0.11626505851745605
1825,TH0031AV/viewpoint_simulated_186_surface0.pcd,Testing,1.952318549156189,1.957409381866455,0.005090832710266113
1826,TH0031AV/viewpoint_simulated_187_surface0.pcd,Testing,1.9800902605056763,1.9344415664672852,0.04564869403839111
1827,TH0031AV/viewpoint_simulated_188_surface0.pcd,Testing,2.0762293338775635,2.117389440536499,0.04116010665893555
1828,TH0031AV/viewpoint_simulated_189_surface0.pcd,Testing,2.148238182067871,2.14151930809021,0.006718873977661133
1829,TH0031AV/viewpoint_simulated_19_surface0.pcd,Testing,2.013655662536621,2.0071446895599365,0.00651097297668457
1830,TH0031AV/viewpoint_simulated_190_surface0.pcd,Testing,2.0683469772338867,2.306631326675415,0.23828434944152832
1831,TH0031AV/viewpoint_simulated_191_surface0.pcd,Testing,2.0552022457122803,2.255584716796875,0.20038247108459473
1832,TH0031AV/viewpoint_simulated_192_surface0.pcd,Testing,2.1377410888671875,2.182926654815674,0.04518556594848633
1833,TH0031AV/viewpoint_simulated_193_surface0.pcd,Testing,1.9929485321044922,2.12526535987854,0.13231682777404785
1834,TH0031AV/viewpoint_simulated_194_surface0.pcd,Testing,2.0699150562286377,2.102842092514038,0.03292703628540039
1835,TH0031AV/viewpoint_simulated_195_surface0.pcd,Testing,2.0764265060424805,2.180159330368042,0.10373282432556152
1836,TH0031AV/viewpoint_simulated_196_surface0.pcd,Testing,2.1256604194641113,2.0633692741394043,0.06229114532470703
1837,TH0031AV/viewpoint_simulated_197_surface0.pcd,Testing,1.9003995656967163,1.894901990890503,0.005497574806213379
1838,TH0031AV/viewpoint_simulated_198_surface0.pcd,Testing,2.1535391807556152,1.984452724456787,0.16908645629882812
1839,TH0031AV/viewpoint_simulated_199_surface0.pcd,Testing,2.0231380462646484,1.9926764965057373,0.030461549758911133
1840,TH0031AV/viewpoint_simulated_2_surface0.pcd,Testing,1.9379587173461914,1.9715123176574707,0.0335536003112793
1841,TH0031AV/viewpoint_simulated_20_surface0.pcd,Testing,1.8993092775344849,2.0920023918151855,0.19269311428070068
1842,TH0031AV/viewpoint_simulated_200_surface0.pcd,Testing,2.034256935119629,2.1670114994049072,0.13275456428527832
1843,TH0031AV/viewpoint_simulated_201_surface0.pcd,Testing,2.1699697971343994,2.160539388656616,0.009430408477783203
1844,TH0031AV/viewpoint_simulated_202_surface0.pcd,Testing,1.9645203351974487,2.3427116870880127,0.37819135189056396
1845,TH0031AV/viewpoint_simulated_203_surface0.pcd,Testing,2.0354418754577637,2.310795545578003,0.27535367012023926
1846,TH0031AV/viewpoint_simulated_204_surface0.pcd,Testing,2.000478506088257,2.2395243644714355,0.2390458583831787
1847,TH0031AV/viewpoint_simulated_205_surface0.pcd,Testing,2.0965428352355957,2.2155585289001465,0.11901569366455078
1848,TH0031AV/viewpoint_simulated_206_surface0.pcd,Testing,2.117178440093994,2.1328437328338623,0.015665292739868164
1849,TH0031AV/viewpoint_simulated_207_surface0.pcd,Testing,2.1245126724243164,2.1337263584136963,0.009213685989379883
1850,TH0031AV/viewpoint_simulated_208_surface0.pcd,Testing,2.065932512283325,2.0521090030670166,0.013823509216308594
1851,TH0031AV/viewpoint_simulated_209_surface0.pcd,Testing,2.0660648345947266,1.930811882019043,0.1352529525756836
1852,TH0031AV/viewpoint_simulated_21_surface0.pcd,Testing,1.8950223922729492,2.080202102661133,0.1851797103881836
1853,TH0031AV/viewpoint_simulated_210_surface0.pcd,Testing,2.0532445907592773,1.9766528606414795,0.07659173011779785
1854,TH0031AV/viewpoint_simulated_211_surface0.pcd,Testing,2.0009665489196777,2.022744655609131,0.021778106689453125
1855,TH0031AV/viewpoint_simulated_212_surface0.pcd,Testing,2.0802743434906006,2.1673829555511475,0.08710861206054688
1856,TH0031AV/viewpoint_simulated_213_surface0.pcd,Testing,2.074815273284912,2.19931960105896,0.12450432777404785
1857,TH0031AV/viewpoint_simulated_214_surface0.pcd,Testing,2.03416109085083,2.3739326000213623,0.3397715091705322
1858,TH0031AV/viewpoint_simulated_215_surface0.pcd,Testing,2.0519866943359375,2.300534725189209,0.24854803085327148
1859,TH0031AV/viewpoint_simulated_22_surface0.pcd,Testing,1.9349381923675537,2.039729118347168,0.10479092597961426
1860,TH0031AV/viewpoint_simulated_23_surface0.pcd,Testing,2.1460318565368652,1.9810882806777954,0.16494357585906982
1861,TH0031AV/viewpoint_simulated_24_surface0.pcd,Testing,2.0204875469207764,2.0078694820404053,0.012618064880371094
1862,TH0031AV/viewpoint_simulated_25_surface0.pcd,Testing,2.0177650451660156,1.9492666721343994,0.06849837303161621
1863,TH0031AV/viewpoint_simulated_26_surface0.pcd,Testing,2.101492166519165,2.1116976737976074,0.010205507278442383
1864,TH0031AV/viewpoint_simulated_27_surface0.pcd,Testing,1.8630732297897339,2.150597333908081,0.28752410411834717
1865,TH0031AV/viewpoint_simulated_28_surface0.pcd,Testing,2.0640780925750732,2.0145254135131836,0.04955267906188965
1866,TH0031AV/viewpoint_simulated_29_surface0.pcd,Testing,1.9987839460372925,1.9124078750610352,0.08637607097625732
1867,TH0031AV/viewpoint_simulated_3_surface0.pcd,Testing,1.9639843702316284,1.9749755859375,0.010991215705871582
1868,TH0031AV/viewpoint_simulated_30_surface0.pcd,Testing,2.035186767578125,1.9505698680877686,0.08461689949035645
1869,TH0031AV/viewpoint_simulated_31_surface0.pcd,Testing,2.000960111618042,1.9935007095336914,0.007459402084350586
1870,TH0031AV/viewpoint_simulated_32_surface0.pcd,Testing,2.0124855041503906,2.1070363521575928,0.09455084800720215
1871,TH0031AV/viewpoint_simulated_33_surface0.pcd,Testing,1.991862177848816,2.095782995223999,0.1039208173751831
1872,TH0031AV/viewpoint_simulated_34_surface0.pcd,Testing,2.037625312805176,2.2125251293182373,0.17489981651306152
1873,TH0031AV/viewpoint_simulated_35_surface0.pcd,Testing,2.041055917739868,2.1543476581573486,0.11329174041748047
1874,TH0031AV/viewpoint_simulated_36_surface0.pcd,Testing,2.056959867477417,2.106487512588501,0.049527645111083984
1875,TH0031AV/viewpoint_simulated_37_surface0.pcd,Testing,2.129593849182129,2.0362510681152344,0.09334278106689453
1876,TH0031AV/viewpoint_simulated_38_surface0.pcd,Testing,1.9737944602966309,2.1020545959472656,0.12826013565063477
1877,TH0031AV/viewpoint_simulated_39_surface0.pcd,Testing,2.0556650161743164,2.2104434967041016,0.15477848052978516
1878,TH0031AV/viewpoint_simulated_4_surface0.pcd,Testing,1.8875017166137695,1.898888111114502,0.011386394500732422
1879,TH0031AV/viewpoint_simulated_40_surface0.pcd,Testing,2.021374225616455,2.057814359664917,0.036440134048461914
1880,TH0031AV/viewpoint_simulated_41_surface0.pcd,Testing,1.975182294845581,1.9273982048034668,0.04778409004211426
1881,TH0031AV/viewpoint_simulated_42_surface0.pcd,Testing,2.023984670639038,1.9682022333145142,0.055782437324523926
1882,TH0031AV/viewpoint_simulated_43_surface0.pcd,Testing,2.0775396823883057,1.9622771739959717,0.11526250839233398
1883,TH0031AV/viewpoint_simulated_44_surface0.pcd,Testing,1.9678467512130737,2.151702880859375,0.18385612964630127
1884,TH0031AV/viewpoint_simulated_45_surface0.pcd,Testing,2.007960796356201,2.1209232807159424,0.11296248435974121
1885,TH0031AV/viewpoint_simulated_46_surface0.pcd,Testing,1.9255033731460571,2.319737672805786,0.394234299659729
1886,TH0031AV/viewpoint_simulated_47_surface0.pcd,Testing,1.9765441417694092,2.274278402328491,0.29773426055908203
1887,TH0031AV/viewpoint_simulated_48_surface0.pcd,Testing,2.005200147628784,2.2190351486206055,0.2138350009918213
1888,TH0031AV/viewpoint_simulated_49_surface0.pcd,Testing,2.0360615253448486,2.1595616340637207,0.12350010871887207
1889,TH0031AV/viewpoint_simulated_5_surface0.pcd,Testing,2.012385368347168,1.9353386163711548,0.07704675197601318
1890,TH0031AV/viewpoint_simulated_50_surface0.pcd,Testing,2.030012369155884,2.112746000289917,0.0827336311340332
1891,TH0031AV/viewpoint_simulated_51_surface0.pcd,Testing,2.0652542114257812,2.1841604709625244,0.11890625953674316
1892,TH0031AV/viewpoint_simulated_52_surface0.pcd,Testing,2.0489304065704346,2.0437839031219482,0.005146503448486328
1893,TH0031AV/viewpoint_simulated_53_surface0.pcd,Testing,2.0070295333862305,1.9083590507507324,0.09867048263549805
1894,TH0031AV/viewpoint_simulated_54_surface0.pcd,Testing,1.9710211753845215,1.9708465337753296,0.00017464160919189453
1895,TH0031AV/viewpoint_simulated_55_surface0.pcd,Testing,1.9481890201568604,2.003896474838257,0.055707454681396484
1896,TH0031AV/viewpoint_simulated_56_surface0.pcd,Testing,2.162593364715576,2.1752192974090576,0.012625932693481445
1897,TH0031AV/viewpoint_simulated_57_surface0.pcd,Testing,1.974107265472412,2.1636006832122803,0.18949341773986816
1898,TH0031AV/viewpoint_simulated_58_surface0.pcd,Testing,2.0558087825775146,2.3587441444396973,0.3029353618621826
1899,TH0031AV/viewpoint_simulated_59_surface0.pcd,Testing,2.0841000080108643,2.313300609588623,0.2292006015777588
1900,TH0031AV/viewpoint_simulated_6_surface0.pcd,Testing,2.0473461151123047,1.9462107419967651,0.10113537311553955
1901,TH0031AV/viewpoint_simulated_60_surface0.pcd,Testing,2.02083158493042,2.2599973678588867,0.2391657829284668
1902,TH0031AV/viewpoint_simulated_61_surface0.pcd,Testing,1.929389238357544,2.2207818031311035,0.29139256477355957
1903,TH0031AV/viewpoint_simulated_62_surface0.pcd,Testing,2.1335391998291016,2.125448226928711,0.008090972900390625
1904,TH0031AV/viewpoint_simulated_63_surface0.pcd,Testing,2.0045740604400635,2.1503729820251465,0.145798921585083
1905,TH0031AV/viewpoint_simulated_64_surface0.pcd,Testing,2.068117380142212,2.0337491035461426,0.034368276596069336
1906,TH0031AV/viewpoint_simulated_65_surface0.pcd,Testing,2.0607872009277344,1.9508668184280396,0.10992038249969482
1907,TH0031AV/viewpoint_simulated_66_surface0.pcd,Testing,1.9659518003463745,1.9712861776351929,0.005334377288818359
1908,TH0031AV/viewpoint_simulated_67_surface0.pcd,Testing,2.1606051921844482,2.013491153717041,0.14711403846740723
1909,TH0031AV/viewpoint_simulated_68_surface0.pcd,Testing,2.0094921588897705,2.157825231552124,0.14833307266235352
1910,TH0031AV/viewpoint_simulated_69_surface0.pcd,Testing,2.014134407043457,2.206798791885376,0.19266438484191895
1911,TH0031AV/viewpoint_simulated_7_surface0.pcd,Testing,1.9395771026611328,1.9874974489212036,0.0479203462600708
1912,TH0031AV/viewpoint_simulated_70_surface0.pcd,Testing,2.0709071159362793,2.3908536434173584,0.3199465274810791
1913,TH0031AV/viewpoint_simulated_71_surface0.pcd,Testing,1.9976651668548584,2.3081209659576416,0.3104557991027832
1914,TH0031AV/viewpoint_simulated_72_surface0.pcd,Testing,2.08195424079895,1.937778115272522,0.14417612552642822
1915,TH0031AV/viewpoint_simulated_73_surface0.pcd,Testing,2.161813735961914,1.9673664569854736,0.19444727897644043
1916,TH0031AV/viewpoint_simulated_74_surface0.pcd,Testing,1.9695348739624023,1.9470698833465576,0.022464990615844727
1917,TH0031AV/viewpoint_simulated_75_surface0.pcd,Testing,2.0465710163116455,1.9903215169906616,0.05624949932098389
1918,TH0031AV/viewpoint_simulated_76_surface0.pcd,Testing,2.0266804695129395,1.9372434616088867,0.08943700790405273
1919,TH0031AV/viewpoint_simulated_77_surface0.pcd,Testing,1.9534873962402344,1.9234052896499634,0.030082106590270996
1920,TH0031AV/viewpoint_simulated_78_surface0.pcd,Testing,1.9626922607421875,1.9569636583328247,0.005728602409362793
1921,TH0031AV/viewpoint_simulated_79_surface0.pcd,Testing,1.9675445556640625,1.971510410308838,0.003965854644775391
1922,TH0031AV/viewpoint_simulated_8_surface0.pcd,Testing,1.979168176651001,2.020839214324951,0.041671037673950195
1923,TH0031AV/viewpoint_simulated_80_surface0.pcd,Testing,2.0317208766937256,2.021195650100708,0.010525226593017578
1924,TH0031AV/viewpoint_simulated_81_surface0.pcd,Testing,1.8752692937850952,2.0081350803375244,0.1328657865524292
1925,TH0031AV/viewpoint_simulated_82_surface0.pcd,Testing,1.9241986274719238,1.9939167499542236,0.0697181224822998
1926,TH0031AV/viewpoint_simulated_83_surface0.pcd,Testing,1.9704011678695679,2.001840591430664,0.03143942356109619
1927,TH0031AV/viewpoint_simulated_84_surface0.pcd,Testing,1.8709845542907715,1.9313045740127563,0.06032001972198486
1928,TH0031AV/viewpoint_simulated_85_surface0.pcd,Testing,1.9980034828186035,1.9312996864318848,0.06670379638671875
1929,TH0031AV/viewpoint_simulated_86_surface0.pcd,Testing,1.9920995235443115,1.9902074337005615,0.00189208984375
1930,TH0031AV/viewpoint_simulated_87_surface0.pcd,Testing,2.0252623558044434,1.9992316961288452,0.026030659675598145
1931,TH0031AV/viewpoint_simulated_88_surface0.pcd,Testing,1.8532661199569702,1.9832239151000977,0.12995779514312744
1932,TH0031AV/viewpoint_simulated_89_surface0.pcd,Testing,2.030320644378662,1.9211299419403076,0.10919070243835449
1933,TH0031AV/viewpoint_simulated_9_surface0.pcd,Testing,1.969813585281372,1.996251106262207,0.02643752098083496
1934,TH0031AV/viewpoint_simulated_90_surface0.pcd,Testing,1.9450358152389526,1.9443602561950684,0.0006755590438842773
1935,TH0031AV/viewpoint_simulated_91_surface0.pcd,Testing,2.034621477127075,2.0038604736328125,0.030761003494262695
1936,TH0031AV/viewpoint_simulated_92_surface0.pcd,Testing,2.0558438301086426,2.070847272872925,0.015003442764282227
1937,TH0031AV/viewpoint_simulated_93_surface0.pcd,Testing,1.9434795379638672,2.0764148235321045,0.1329352855682373
1938,TH0031AV/viewpoint_simulated_94_surface0.pcd,Testing,2.0399084091186523,2.0924150943756104,0.05250668525695801
1939,TH0031AV/viewpoint_simulated_95_surface0.pcd,Testing,2.010436773300171,1.9941221475601196,0.01631462574005127
1940,TH0031AV/viewpoint_simulated_96_surface0.pcd,Testing,1.9619141817092896,1.9923746585845947,0.030460476875305176
1941,TH0031AV/viewpoint_simulated_97_surface0.pcd,Testing,1.9750880002975464,1.9466478824615479,0.028440117835998535
1942,TH0031AV/viewpoint_simulated_98_surface0.pcd,Testing,1.9723759889602661,2.073056936264038,0.10068094730377197
1943,TH0031AV/viewpoint_simulated_99_surface0.pcd,Testing,2.00067400932312,2.140446186065674,0.1397721767425537
1944,TH0031AV/viewpoint_simulated_0_surface1.pcd,Testing,2.1305835247039795,2.1310582160949707,0.00047469139099121094
1945,TH0031AV/viewpoint_simulated_1_surface1.pcd,Testing,2.1339540481567383,2.117922306060791,0.016031742095947266
1946,TH0031AV/viewpoint_simulated_10_surface1.pcd,Testing,1.9996470212936401,2.2228825092315674,0.22323548793792725
1947,TH0031AV/viewpoint_simulated_100_surface1.pcd,Testing,2.2510173320770264,2.1345698833465576,0.11644744873046875
1948,TH0031AV/viewpoint_simulated_101_surface1.pcd,Testing,2.0777719020843506,2.183209180831909,0.1054372787475586
1949,TH0031AV/viewpoint_simulated_102_surface1.pcd,Testing,2.1092793941497803,2.1341660022735596,0.024886608123779297
1950,TH0031AV/viewpoint_simulated_103_surface1.pcd,Testing,2.0792076587677,2.1929047107696533,0.11369705200195312
1951,TH0031AV/viewpoint_simulated_104_surface1.pcd,Testing,2.305724620819092,2.3664801120758057,0.06075549125671387
1952,TH0031AV/viewpoint_simulated_105_surface1.pcd,Testing,2.1910202503204346,2.1856231689453125,0.00539708137512207
1953,TH0031AV/viewpoint_simulated_106_surface1.pcd,Testing,2.135157585144043,2.224661111831665,0.08950352668762207
1954,TH0031AV/viewpoint_simulated_107_surface1.pcd,Testing,2.186967372894287,2.209507703781128,0.02254033088684082
1955,TH0031AV/viewpoint_simulated_108_surface1.pcd,Testing,2.095468759536743,2.1095407009124756,0.014071941375732422
1956,TH0031AV/viewpoint_simulated_109_surface1.pcd,Testing,2.0606637001037598,2.1603479385375977,0.09968423843383789
1957,TH0031AV/viewpoint_simulated_11_surface1.pcd,Testing,2.264651298522949,2.1988368034362793,0.06581449508666992
1958,TH0031AV/viewpoint_simulated_110_surface1.pcd,Testing,2.093108892440796,2.12579607963562,0.03268718719482422
1959,TH0031AV/viewpoint_simulated_111_surface1.pcd,Testing,2.226271867752075,2.185239553451538,0.04103231430053711
1960,TH0031AV/viewpoint_simulated_112_surface1.pcd,Testing,2.0818116664886475,2.103266954421997,0.02145528793334961
1961,TH0031AV/viewpoint_simulated_113_surface1.pcd,Testing,2.1915805339813232,2.2673139572143555,0.07573342323303223
1962,TH0031AV/viewpoint_simulated_114_surface1.pcd,Testing,2.16269850730896,2.063483238220215,0.09921526908874512
1963,TH0031AV/viewpoint_simulated_115_surface1.pcd,Testing,2.2293269634246826,2.1273865699768066,0.10194039344787598
1964,TH0031AV/viewpoint_simulated_116_surface1.pcd,Testing,2.1152331829071045,2.3089826107025146,0.19374942779541016
1965,TH0031AV/viewpoint_simulated_117_surface1.pcd,Testing,1.9933586120605469,2.191732883453369,0.19837427139282227
1966,TH0031AV/viewpoint_simulated_118_surface1.pcd,Testing,2.3886783123016357,2.1700241565704346,0.21865415573120117
1967,TH0031AV/viewpoint_simulated_119_surface1.pcd,Testing,2.230968952178955,2.2765610218048096,0.04559206962585449
1968,TH0031AV/viewpoint_simulated_12_surface1.pcd,Testing,2.127690553665161,2.133105993270874,0.005415439605712891
1969,TH0031AV/viewpoint_simulated_120_surface1.pcd,Testing,2.3188631534576416,2.1505424976348877,0.1683206558227539
1970,TH0031AV/viewpoint_simulated_121_surface1.pcd,Testing,2.1735143661499023,2.2324721813201904,0.058957815170288086
1971,TH0031AV/viewpoint_simulated_122_surface1.pcd,Testing,2.251770257949829,2.1689324378967285,0.08283782005310059
1972,TH0031AV/viewpoint_simulated_123_surface1.pcd,Testing,2.0853285789489746,2.1466286182403564,0.061300039291381836
1973,TH0031AV/viewpoint_simulated_124_surface1.pcd,Testing,2.184493064880371,2.128263235092163,0.05622982978820801
1974,TH0031AV/viewpoint_simulated_125_surface1.pcd,Testing,2.3095030784606934,2.149049997329712,0.16045308113098145
1975,TH0031AV/viewpoint_simulated_126_surface1.pcd,Testing,2.086989641189575,2.111022472381592,0.0240328311920166
1976,TH0031AV/viewpoint_simulated_127_surface1.pcd,Testing,2.1574313640594482,2.12188458442688,0.03554677963256836
1977,TH0031AV/viewpoint_simulated_128_surface1.pcd,Testing,2.2000269889831543,2.183408498764038,0.01661849021911621
1978,TH0031AV/viewpoint_simulated_129_surface1.pcd,Testing,2.1147406101226807,2.1885433197021484,0.07380270957946777
1979,TH0031AV/viewpoint_simulated_13_surface1.pcd,Testing,2.1840968132019043,2.041860580444336,0.14223623275756836
1980,TH0031AV/viewpoint_simulated_130_surface1.pcd,Testing,2.2264459133148193,2.135744094848633,0.09070181846618652
1981,TH0031AV/viewpoint_simulated_131_surface1.pcd,Testing,2.121870517730713,2.226248264312744,0.10437774658203125
1982,TH0031AV/viewpoint_simulated_132_surface1.pcd,Testing,2.0510778427124023,2.193924903869629,0.14284706115722656
1983,TH0031AV/viewpoint_simulated_133_surface1.pcd,Testing,2.1642796993255615,2.2448158264160156,0.0805361270904541
1984,TH0031AV/viewpoint_simulated_134_surface1.pcd,Testing,2.1756856441497803,2.2242963314056396,0.048610687255859375
1985,TH0031AV/viewpoint_simulated_135_surface1.pcd,Testing,2.2727603912353516,2.1161787509918213,0.15658164024353027
1986,TH0031AV/viewpoint_simulated_136_surface1.pcd,Testing,2.101217031478882,2.063199043273926,0.038017988204956055
1987,TH0031AV/viewpoint_simulated_137_surface1.pcd,Testing,2.2145097255706787,2.175476312637329,0.03903341293334961
1988,TH0031AV/viewpoint_simulated_138_surface1.pcd,Testing,2.0983381271362305,2.192657470703125,0.09431934356689453
1989,TH0031AV/viewpoint_simulated_139_surface1.pcd,Testing,2.256725549697876,2.06954288482666,0.18718266487121582
1990,TH0031AV/viewpoint_simulated_14_surface1.pcd,Testing,2.0362439155578613,2.1329915523529053,0.09674763679504395
1991,TH0031AV/viewpoint_simulated_140_surface1.pcd,Testing,2.2262983322143555,2.194707155227661,0.031591176986694336
1992,TH0031AV/viewpoint_simulated_141_surface1.pcd,Testing,2.0852150917053223,2.2230610847473145,0.1378459930419922
1993,TH0031AV/viewpoint_simulated_142_surface1.pcd,Testing,2.0790443420410156,2.192972421646118,0.11392807960510254
1994,TH0031AV/viewpoint_simulated_143_surface1.pcd,Testing,2.2318599224090576,2.206784963607788,0.02507495880126953
1995,TH0031AV/viewpoint_simulated_144_surface1.pcd,Testing,1.9045555591583252,2.1480963230133057,0.24354076385498047
1996,TH0031AV/viewpoint_simulated_145_surface1.pcd,Testing,2.0838875770568848,2.079294204711914,0.004593372344970703
1997,TH0031AV/viewpoint_simulated_146_surface1.pcd,Testing,1.9710841178894043,2.042813777923584,0.07172966003417969
1998,TH0031AV/viewpoint_simulated_147_surface1.pcd,Testing,2.1585428714752197,2.0970897674560547,0.06145310401916504
1999,TH0031AV/viewpoint_simulated_148_surface1.pcd,Testing,2.077932119369507,2.1029045581817627,0.02497243881225586
2000,TH0031AV/viewpoint_simulated_149_surface1.pcd,Testing,2.0490057468414307,2.191210985183716,0.14220523834228516
2001,TH0031AV/viewpoint_simulated_15_surface1.pcd,Testing,2.1569056510925293,2.0662832260131836,0.0906224250793457
2002,TH0031AV/viewpoint_simulated_150_surface1.pcd,Testing,2.0912811756134033,2.1947567462921143,0.10347557067871094
2003,TH0031AV/viewpoint_simulated_151_surface1.pcd,Testing,2.2426748275756836,2.182476758956909,0.060198068618774414
2004,TH0031AV/viewpoint_simulated_152_surface1.pcd,Testing,2.0044174194335938,2.182941436767578,0.17852401733398438
2005,TH0031AV/viewpoint_simulated_153_surface1.pcd,Testing,2.21795654296875,2.204641580581665,0.013314962387084961
2006,TH0031AV/viewpoint_simulated_154_surface1.pcd,Testing,2.260011672973633,2.1908118724823,0.06919980049133301
2007,TH0031AV/viewpoint_simulated_155_surface1.pcd,Testing,2.1348533630371094,2.179661512374878,0.044808149337768555
2008,TH0031AV/viewpoint_simulated_156_surface1.pcd,Testing,2.244478225708008,2.1227118968963623,0.12176632881164551
2009,TH0031AV/viewpoint_simulated_157_surface1.pcd,Testing,2.068416118621826,2.0421574115753174,0.02625870704650879
2010,TH0031AV/viewpoint_simulated_158_surface1.pcd,Testing,2.0605390071868896,2.0919177532196045,0.031378746032714844
2011,TH0031AV/viewpoint_simulated_159_surface1.pcd,Testing,2.1231677532196045,2.049766778945923,0.07340097427368164
2012,TH0031AV/viewpoint_simulated_16_surface1.pcd,Testing,2.099308490753174,2.087557554244995,0.011750936508178711
2013,TH0031AV/viewpoint_simulated_160_surface1.pcd,Testing,2.2329983711242676,2.0928738117218018,0.14012455940246582
2014,TH0031AV/viewpoint_simulated_161_surface1.pcd,Testing,2.258145809173584,2.1566708087921143,0.10147500038146973
2015,TH0031AV/viewpoint_simulated_162_surface1.pcd,Testing,2.0887701511383057,2.1533024311065674,0.06453227996826172
2016,TH0031AV/viewpoint_simulated_163_surface1.pcd,Testing,2.118285894393921,2.1479010581970215,0.029615163803100586
2017,TH0031AV/viewpoint_simulated_164_surface1.pcd,Testing,2.2189016342163086,2.188244104385376,0.030657529830932617
2018,TH0031AV/viewpoint_simulated_165_surface1.pcd,Testing,1.9775091409683228,2.2032527923583984,0.22574365139007568
2019,TH0031AV/viewpoint_simulated_166_surface1.pcd,Testing,2.0174810886383057,2.26080584526062,0.24332475662231445
2020,TH0031AV/viewpoint_simulated_167_surface1.pcd,Testing,2.3790688514709473,2.147068738937378,0.23200011253356934
2021,TH0031AV/viewpoint_simulated_168_surface1.pcd,Testing,2.1593716144561768,2.07629656791687,0.08307504653930664
2022,TH0031AV/viewpoint_simulated_169_surface1.pcd,Testing,1.9752753973007202,2.0621731281280518,0.08689773082733154
2023,TH0031AV/viewpoint_simulated_17_surface1.pcd,Testing,2.109384775161743,2.1666152477264404,0.057230472564697266
2024,TH0031AV/viewpoint_simulated_170_surface1.pcd,Testing,2.147888422012329,2.1985085010528564,0.050620079040527344
2025,TH0031AV/viewpoint_simulated_171_surface1.pcd,Testing,2.3080947399139404,2.180410623550415,0.1276841163635254
2026,TH0031AV/viewpoint_simulated_172_surface1.pcd,Testing,2.182870864868164,2.1985185146331787,0.01564764976501465
2027,TH0031AV/viewpoint_simulated_173_surface1.pcd,Testing,2.2207581996917725,2.118781805038452,0.10197639465332031
2028,TH0031AV/viewpoint_simulated_174_surface1.pcd,Testing,2.1522367000579834,2.114816427230835,0.03742027282714844
2029,TH0031AV/viewpoint_simulated_175_surface1.pcd,Testing,2.1435043811798096,2.132312536239624,0.011191844940185547
2030,TH0031AV/viewpoint_simulated_176_surface1.pcd,Testing,2.121859073638916,2.2294023036956787,0.1075432300567627
2031,TH0031AV/viewpoint_simulated_177_surface1.pcd,Testing,2.072821617126465,2.15808367729187,0.08526206016540527
2032,TH0031AV/viewpoint_simulated_178_surface1.pcd,Testing,2.060539484024048,2.2235472202301025,0.1630077362060547
2033,TH0031AV/viewpoint_simulated_179_surface1.pcd,Testing,2.072173833847046,2.1755945682525635,0.10342073440551758
2034,TH0031AV/viewpoint_simulated_18_surface1.pcd,Testing,1.9963724613189697,2.195571184158325,0.19919872283935547
2035,TH0031AV/viewpoint_simulated_180_surface1.pcd,Testing,2.257460355758667,2.0595531463623047,0.1979072093963623
2036,TH0031AV/viewpoint_simulated_181_surface1.pcd,Testing,2.2557523250579834,2.1523616313934326,0.10339069366455078
2037,TH0031AV/viewpoint_simulated_182_surface1.pcd,Testing,2.09818434715271,2.186920642852783,0.08873629570007324
2038,TH0031AV/viewpoint_simulated_183_surface1.pcd,Testing,2.183267593383789,2.148153066635132,0.03511452674865723
2039,TH0031AV/viewpoint_simulated_184_surface1.pcd,Testing,2.209353446960449,2.130573034286499,0.0787804126739502
2040,TH0031AV/viewpoint_simulated_185_surface1.pcd,Testing,2.194185495376587,2.142125368118286,0.05206012725830078
2041,TH0031AV/viewpoint_simulated_186_surface1.pcd,Testing,2.060039758682251,2.058710813522339,0.0013289451599121094
2042,TH0031AV/viewpoint_simulated_187_surface1.pcd,Testing,2.1791751384735107,2.105980157852173,0.07319498062133789
2043,TH0031AV/viewpoint_simulated_188_surface1.pcd,Testing,2.1275200843811035,2.198664426803589,0.07114434242248535
2044,TH0031AV/viewpoint_simulated_189_surface1.pcd,Testing,2.0886991024017334,2.1790242195129395,0.09032511711120605
2045,TH0031AV/viewpoint_simulated_19_surface1.pcd,Testing,2.2657084465026855,2.236738443374634,0.028970003128051758
2046,TH0031AV/viewpoint_simulated_190_surface1.pcd,Testing,2.137516498565674,2.1752593517303467,0.03774285316467285
2047,TH0031AV/viewpoint_simulated_191_surface1.pcd,Testing,2.2493679523468018,2.2524125576019287,0.003044605255126953
2048,TH0031AV/viewpoint_simulated_192_surface1.pcd,Testing,2.0837671756744385,2.1168153285980225,0.033048152923583984
2049,TH0031AV/viewpoint_simulated_193_surface1.pcd,Testing,2.2236874103546143,2.2332420349121094,0.009554624557495117
2050,TH0031AV/viewpoint_simulated_194_surface1.pcd,Testing,1.9028518199920654,2.1366384029388428,0.23378658294677734
2051,TH0031AV/viewpoint_simulated_195_surface1.pcd,Testing,2.2087838649749756,2.15480375289917,0.053980112075805664
2052,TH0031AV/viewpoint_simulated_196_surface1.pcd,Testing,2.22346568107605,2.1644983291625977,0.05896735191345215
2053,TH0031AV/viewpoint_simulated_197_surface1.pcd,Testing,2.162856101989746,2.1607930660247803,0.0020630359649658203
2054,TH0031AV/viewpoint_simulated_198_surface1.pcd,Testing,2.050137758255005,2.1371238231658936,0.08698606491088867
2055,TH0031AV/viewpoint_simulated_199_surface1.pcd,Testing,2.1261305809020996,2.112849235534668,0.01328134536743164
2056,TH0031AV/viewpoint_simulated_2_surface1.pcd,Testing,2.0922200679779053,2.096818208694458,0.004598140716552734
2057,TH0031AV/viewpoint_simulated_20_surface1.pcd,Testing,2.096379280090332,2.3100810050964355,0.21370172500610352
2058,TH0031AV/viewpoint_simulated_200_surface1.pcd,Testing,2.197457790374756,2.181248903274536,0.016208887100219727
2059,TH0031AV/viewpoint_simulated_201_surface1.pcd,Testing,2.194735288619995,2.1924996376037598,0.0022356510162353516
2060,TH0031AV/viewpoint_simulated_202_surface1.pcd,Testing,2.188004732131958,2.1451218128204346,0.04288291931152344
2061,TH0031AV/viewpoint_simulated_203_surface1.pcd,Testing,1.9866713285446167,2.2539710998535156,0.2672997713088989
2062,TH0031AV/viewpoint_simulated_204_surface1.pcd,Testing,2.1819794178009033,2.1116340160369873,0.07034540176391602
2063,TH0031AV/viewpoint_simulated_205_surface1.pcd,Testing,2.272806167602539,2.21964693069458,0.053159236907958984
2064,TH0031AV/viewpoint_simulated_206_surface1.pcd,Testing,2.2042298316955566,2.1520540714263916,0.05217576026916504
2065,TH0031AV/viewpoint_simulated_207_surface1.pcd,Testing,2.2584023475646973,2.1276423931121826,0.13075995445251465
2066,TH0031AV/viewpoint_simulated_208_surface1.pcd,Testing,2.2117109298706055,2.0722732543945312,0.13943767547607422
2067,TH0031AV/viewpoint_simulated_209_surface1.pcd,Testing,2.112487316131592,2.1952178478240967,0.08273053169250488
2068,TH0031AV/viewpoint_simulated_21_surface1.pcd,Testing,2.1893136501312256,2.185593366622925,0.0037202835083007812
2069,TH0031AV/viewpoint_simulated_210_surface1.pcd,Testing,2.2822299003601074,2.154083490371704,0.12814640998840332
2070,TH0031AV/viewpoint_simulated_211_surface1.pcd,Testing,2.0798957347869873,2.116663694381714,0.03676795959472656
2071,TH0031AV/viewpoint_simulated_212_surface1.pcd,Testing,2.0746185779571533,2.156104564666748,0.08148598670959473
2072,TH0031AV/viewpoint_simulated_213_surface1.pcd,Testing,2.0152065753936768,2.2198569774627686,0.2046504020690918
2073,TH0031AV/viewpoint_simulated_214_surface1.pcd,Testing,2.314237117767334,2.202336072921753,0.11190104484558105
2074,TH0031AV/viewpoint_simulated_215_surface1.pcd,Testing,2.1850850582122803,2.1882903575897217,0.0032052993774414062
2075,TH0031AV/viewpoint_simulated_22_surface1.pcd,Testing,2.067422389984131,2.284871816635132,0.21744942665100098
2076,TH0031AV/viewpoint_simulated_23_surface1.pcd,Testing,2.0508124828338623,2.1731984615325928,0.12238597869873047
2077,TH0031AV/viewpoint_simulated_24_surface1.pcd,Testing,2.132702112197876,2.137063980102539,0.004361867904663086
2078,TH0031AV/viewpoint_simulated_25_surface1.pcd,Testing,2.1365010738372803,2.0985682010650635,0.0379328727722168
2079,TH0031AV/viewpoint_simulated_26_surface1.pcd,Testing,2.1514198780059814,2.1658871173858643,0.014467239379882812
2080,TH0031AV/viewpoint_simulated_27_surface1.pcd,Testing,2.109752655029297,2.1505064964294434,0.040753841400146484
2081,TH0031AV/viewpoint_simulated_28_surface1.pcd,Testing,2.36881947517395,2.091660499572754,0.2771589756011963
2082,TH0031AV/viewpoint_simulated_29_surface1.pcd,Testing,2.1453280448913574,2.1804990768432617,0.0351710319519043
2083,TH0031AV/viewpoint_simulated_3_surface1.pcd,Testing,2.155174493789673,2.139533281326294,0.015641212463378906
2084,TH0031AV/viewpoint_simulated_30_surface1.pcd,Testing,2.2724609375,2.162872791290283,0.1095881462097168
2085,TH0031AV/viewpoint_simulated_31_surface1.pcd,Testing,2.28794264793396,2.2908682823181152,0.0029256343841552734
2086,TH0031AV/viewpoint_simulated_32_surface1.pcd,Testing,2.120966911315918,2.343900442123413,0.22293353080749512
2087,TH0031AV/viewpoint_simulated_33_surface1.pcd,Testing,2.011211395263672,2.254056930541992,0.2428455352783203
2088,TH0031AV/viewpoint_simulated_34_surface1.pcd,Testing,2.232017993927002,2.2090275287628174,0.02299046516418457
2089,TH0031AV/viewpoint_simulated_35_surface1.pcd,Testing,2.214063882827759,2.22088623046875,0.006822347640991211
2090,TH0031AV/viewpoint_simulated_36_surface1.pcd,Testing,2.2782745361328125,2.149343729019165,0.12893080711364746
2091,TH0031AV/viewpoint_simulated_37_surface1.pcd,Testing,2.1418840885162354,2.105590581893921,0.03629350662231445
2092,TH0031AV/viewpoint_simulated_38_surface1.pcd,Testing,2.0714612007141113,2.1135008335113525,0.04203963279724121
2093,TH0031AV/viewpoint_simulated_39_surface1.pcd,Testing,2.149378538131714,2.125933885574341,0.023444652557373047
2094,TH0031AV/viewpoint_simulated_4_surface1.pcd,Testing,1.9894734621047974,2.1184351444244385,0.1289616823196411
2095,TH0031AV/viewpoint_simulated_40_surface1.pcd,Testing,2.079292058944702,2.1680805683135986,0.08878850936889648
2096,TH0031AV/viewpoint_simulated_41_surface1.pcd,Testing,2.1804423332214355,2.201530933380127,0.021088600158691406
2097,TH0031AV/viewpoint_simulated_42_surface1.pcd,Testing,2.202840805053711,2.145496129989624,0.057344675064086914
2098,TH0031AV/viewpoint_simulated_43_surface1.pcd,Testing,2.159938335418701,2.1422383785247803,0.0176999568939209
2099,TH0031AV/viewpoint_simulated_44_surface1.pcd,Testing,2.046649694442749,2.3626770973205566,0.3160274028778076
2100,TH0031AV/viewpoint_simulated_45_surface1.pcd,Testing,2.147351026535034,2.1957149505615234,0.04836392402648926
2101,TH0031AV/viewpoint_simulated_46_surface1.pcd,Testing,2.181525230407715,2.174759864807129,0.0067653656005859375
2102,TH0031AV/viewpoint_simulated_47_surface1.pcd,Testing,2.191830635070801,2.2511234283447266,0.05929279327392578
2103,TH0031AV/viewpoint_simulated_48_surface1.pcd,Testing,2.1809096336364746,2.193657636642456,0.012748003005981445
2104,TH0031AV/viewpoint_simulated_49_surface1.pcd,Testing,2.093766450881958,2.233701705932617,0.13993525505065918
2105,TH0031AV/viewpoint_simulated_5_surface1.pcd,Testing,2.1361639499664307,2.1546764373779297,0.018512487411499023
2106,TH0031AV/viewpoint_simulated_50_surface1.pcd,Testing,2.1146938800811768,2.2053308486938477,0.0906369686126709
2107,TH0031AV/viewpoint_simulated_51_surface1.pcd,Testing,2.160850763320923,2.162738084793091,0.0018873214721679688
2108,TH0031AV/viewpoint_simulated_52_surface1.pcd,Testing,2.3929896354675293,2.113999605178833,0.2789900302886963
2109,TH0031AV/viewpoint_simulated_53_surface1.pcd,Testing,2.3038229942321777,2.101875066757202,0.20194792747497559
2110,TH0031AV/viewpoint_simulated_54_surface1.pcd,Testing,2.121070384979248,2.1853830814361572,0.06431269645690918
2111,TH0031AV/viewpoint_simulated_55_surface1.pcd,Testing,2.238396406173706,2.210167169570923,0.028229236602783203
2112,TH0031AV/viewpoint_simulated_56_surface1.pcd,Testing,2.295769691467285,2.184034585952759,0.11173510551452637
2113,TH0031AV/viewpoint_simulated_57_surface1.pcd,Testing,2.241954803466797,2.2067673206329346,0.035187482833862305
2114,TH0031AV/viewpoint_simulated_58_surface1.pcd,Testing,2.2709238529205322,2.1707332134246826,0.10019063949584961
2115,TH0031AV/viewpoint_simulated_59_surface1.pcd,Testing,2.2931509017944336,2.325998544692993,0.03284764289855957
2116,TH0031AV/viewpoint_simulated_6_surface1.pcd,Testing,1.984707236289978,2.1806368827819824,0.1959296464920044
2117,TH0031AV/viewpoint_simulated_60_surface1.pcd,Testing,2.0378100872039795,2.283433675765991,0.24562358856201172
2118,TH0031AV/viewpoint_simulated_61_surface1.pcd,Testing,2.188920259475708,2.141648530960083,0.047271728515625
2119,TH0031AV/viewpoint_simulated_62_surface1.pcd,Testing,2.2567062377929688,2.2345387935638428,0.022167444229125977
2120,TH0031AV/viewpoint_simulated_63_surface1.pcd,Testing,2.305560350418091,2.0461642742156982,0.2593960762023926
2121,TH0031AV/viewpoint_simulated_64_surface1.pcd,Testing,2.270402669906616,2.0983779430389404,0.17202472686767578
2122,TH0031AV/viewpoint_simulated_65_surface1.pcd,Testing,2.2498695850372314,2.1310126781463623,0.11885690689086914
2123,TH0031AV/viewpoint_simulated_66_surface1.pcd,Testing,2.1263928413391113,2.236877202987671,0.11048436164855957
2124,TH0031AV/viewpoint_simulated_67_surface1.pcd,Testing,2.1125071048736572,2.1105024814605713,0.0020046234130859375
2125,TH0031AV/viewpoint_simulated_68_surface1.pcd,Testing,2.104220151901245,2.166229248046875,0.06200909614562988
2126,TH0031AV/viewpoint_simulated_69_surface1.pcd,Testing,2.1991260051727295,2.1899545192718506,0.009171485900878906
2127,TH0031AV/viewpoint_simulated_7_surface1.pcd,Testing,2.182405471801758,2.226729154586792,0.04432368278503418
2128,TH0031AV/viewpoint_simulated_70_surface1.pcd,Testing,2.004547357559204,2.173121213912964,0.16857385635375977
2129,TH0031AV/viewpoint_simulated_71_surface1.pcd,Testing,2.2359883785247803,2.3126604557037354,0.07667207717895508
2130,TH0031AV/viewpoint_simulated_72_surface1.pcd,Testing,2.215029239654541,2.1501994132995605,0.06482982635498047
2131,TH0031AV/viewpoint_simulated_73_surface1.pcd,Testing,2.1319708824157715,2.0794832706451416,0.05248761177062988
2132,TH0031AV/viewpoint_simulated_74_surface1.pcd,Testing,2.0767457485198975,2.0755069255828857,0.0012388229370117188
2133,TH0031AV/viewpoint_simulated_75_surface1.pcd,Testing,2.2315008640289307,2.113109588623047,0.11839127540588379
2134,TH0031AV/viewpoint_simulated_76_surface1.pcd,Testing,2.179656744003296,2.112414836883545,0.06724190711975098
2135,TH0031AV/viewpoint_simulated_77_surface1.pcd,Testing,2.1697616577148438,2.1402065753936768,0.029555082321166992
2136,TH0031AV/viewpoint_simulated_78_surface1.pcd,Testing,2.2338316440582275,2.1850390434265137,0.04879260063171387
2137,TH0031AV/viewpoint_simulated_79_surface1.pcd,Testing,2.1498327255249023,2.2000186443328857,0.0501859188079834
2138,TH0031AV/viewpoint_simulated_8_surface1.pcd,Testing,2.048567771911621,2.1878926753997803,0.13932490348815918
2139,TH0031AV/viewpoint_simulated_80_surface1.pcd,Testing,2.1167032718658447,2.1598432064056396,0.04313993453979492
2140,TH0031AV/viewpoint_simulated_81_surface1.pcd,Testing,2.152589797973633,2.1736936569213867,0.021103858947753906
2141,TH0031AV/viewpoint_simulated_82_surface1.pcd,Testing,2.2003724575042725,2.2115097045898438,0.011137247085571289
2142,TH0031AV/viewpoint_simulated_83_surface1.pcd,Testing,2.0733940601348877,2.204190254211426,0.13079619407653809
2143,TH0031AV/viewpoint_simulated_84_surface1.pcd,Testing,2.094398021697998,2.1124308109283447,0.01803278923034668
2144,TH0031AV/viewpoint_simulated_85_surface1.pcd,Testing,2.0229086875915527,2.067963123321533,0.04505443572998047
2145,TH0031AV/viewpoint_simulated_86_surface1.pcd,Testing,1.9895321130752563,2.144915819168091,0.15538370609283447
2146,TH0031AV/viewpoint_simulated_87_surface1.pcd,Testing,1.9142440557479858,2.0703415870666504,0.15609753131866455
2147,TH0031AV/viewpoint_simulated_88_surface1.pcd,Testing,2.039552927017212,2.140517234802246,0.10096430778503418
2148,TH0031AV/viewpoint_simulated_89_surface1.pcd,Testing,2.1163220405578613,2.1711997985839844,0.05487775802612305
2149,TH0031AV/viewpoint_simulated_9_surface1.pcd,Testing,2.055088520050049,2.172642707824707,0.1175541877746582
2150,TH0031AV/viewpoint_simulated_90_surface1.pcd,Testing,2.2474923133850098,2.1873490810394287,0.060143232345581055
2151,TH0031AV/viewpoint_simulated_91_surface1.pcd,Testing,2.085569143295288,2.27820086479187,0.19263172149658203
2152,TH0031AV/viewpoint_simulated_92_surface1.pcd,Testing,2.133185386657715,2.2541792392730713,0.12099385261535645
2153,TH0031AV/viewpoint_simulated_93_surface1.pcd,Testing,2.094076156616211,2.212048053741455,0.11797189712524414
2154,TH0031AV/viewpoint_simulated_94_surface1.pcd,Testing,2.302300214767456,2.2660043239593506,0.03629589080810547
2155,TH0031AV/viewpoint_simulated_95_surface1.pcd,Testing,2.00064754486084,2.1768131256103516,0.17616558074951172
2156,TH0031AV/viewpoint_simulated_96_surface1.pcd,Testing,2.171424388885498,2.05950665473938,0.11191773414611816
2157,TH0031AV/viewpoint_simulated_97_surface1.pcd,Testing,2.0269830226898193,2.06329345703125,0.036310434341430664
2158,TH0031AV/viewpoint_simulated_98_surface1.pcd,Testing,2.092189311981201,2.153001308441162,0.06081199645996094
2159,TH0031AV/viewpoint_simulated_99_surface1.pcd,Testing,2.1581010818481445,2.193937063217163,0.035835981369018555
2160,TH0032AV/viewpoint_simulated_0_surface0.pcd,Testing,1.9270853996276855,1.9667198657989502,0.03963446617126465
2161,TH0032AV/viewpoint_simulated_1_surface0.pcd,Testing,2.0594444274902344,1.9631041288375854,0.09634029865264893
2162,TH0032AV/viewpoint_simulated_10_surface0.pcd,Testing,1.9641597270965576,1.9784798622131348,0.014320135116577148
2163,TH0032AV/viewpoint_simulated_100_surface0.pcd,Testing,2.0704293251037598,2.018303394317627,0.05212593078613281
2164,TH0032AV/viewpoint_simulated_101_surface0.pcd,Testing,1.927668571472168,1.9537445306777954,0.02607595920562744
2165,TH0032AV/viewpoint_simulated_102_surface0.pcd,Testing,2.0108234882354736,1.9630987644195557,0.04772472381591797
2166,TH0032AV/viewpoint_simulated_103_surface0.pcd,Testing,2.0309228897094727,2.0063443183898926,0.024578571319580078
2167,TH0032AV/viewpoint_simulated_104_surface0.pcd,Testing,1.9317049980163574,2.1277921199798584,0.19608712196350098
2168,TH0032AV/viewpoint_simulated_105_surface0.pcd,Testing,1.9084221124649048,2.094823122024536,0.18640100955963135
2169,TH0032AV/viewpoint_simulated_106_surface0.pcd,Testing,2.0437800884246826,2.1880786418914795,0.14429855346679688
2170,TH0032AV/viewpoint_simulated_107_surface0.pcd,Testing,1.9466335773468018,2.123321294784546,0.17668771743774414
2171,TH0032AV/viewpoint_simulated_108_surface0.pcd,Testing,1.9579932689666748,2.1532909870147705,0.1952977180480957
2172,TH0032AV/viewpoint_simulated_109_surface0.pcd,Testing,2.02781343460083,2.067164182662964,0.03935074806213379
2173,TH0032AV/viewpoint_simulated_11_surface0.pcd,Testing,1.927517294883728,2.0191431045532227,0.09162580966949463
2174,TH0032AV/viewpoint_simulated_110_surface0.pcd,Testing,2.012366771697998,2.1194818019866943,0.10711503028869629
2175,TH0032AV/viewpoint_simulated_111_surface0.pcd,Testing,2.0245797634124756,2.180386781692505,0.1558070182800293
2176,TH0032AV/viewpoint_simulated_112_surface0.pcd,Testing,2.1568777561187744,2.0348405838012695,0.12203717231750488
2177,TH0032AV/viewpoint_simulated_113_surface0.pcd,Testing,2.1831581592559814,1.9556677341461182,0.22749042510986328
2178,TH0032AV/viewpoint_simulated_114_surface0.pcd,Testing,1.9240299463272095,1.9742698669433594,0.0502399206161499
2179,TH0032AV/viewpoint_simulated_115_surface0.pcd,Testing,2.0004498958587646,2.075732469558716,0.07528257369995117
2180,TH0032AV/viewpoint_simulated_116_surface0.pcd,Testing,1.9378571510314941,2.154914617538452,0.217057466506958
2181,TH0032AV/viewpoint_simulated_117_surface0.pcd,Testing,1.9196350574493408,2.132995128631592,0.21336007118225098
2182,TH0032AV/viewpoint_simulated_118_surface0.pcd,Testing,2.0258798599243164,2.2824108600616455,0.2565310001373291
2183,TH0032AV/viewpoint_simulated_119_surface0.pcd,Testing,2.113304615020752,2.2533414363861084,0.14003682136535645
2184,TH0032AV/viewpoint_simulated_12_surface0.pcd,Testing,2.0504636764526367,1.9372248649597168,0.11323881149291992
2185,TH0032AV/viewpoint_simulated_120_surface0.pcd,Testing,2.1330106258392334,2.2087340354919434,0.07572340965270996
2186,TH0032AV/viewpoint_simulated_121_surface0.pcd,Testing,2.0753908157348633,2.1462881565093994,0.07089734077453613
2187,TH0032AV/viewpoint_simulated_122_surface0.pcd,Testing,2.132840394973755,2.1203830242156982,0.01245737075805664
2188,TH0032AV/viewpoint_simulated_123_surface0.pcd,Testing,1.9521420001983643,2.1872146129608154,0.23507261276245117
2189,TH0032AV/viewpoint_simulated_124_surface0.pcd,Testing,2.063359022140503,2.06723952293396,0.0038805007934570312
2190,TH0032AV/viewpoint_simulated_125_surface0.pcd,Testing,1.910561442375183,1.9456045627593994,0.03504312038421631
2191,TH0032AV/viewpoint_simulated_126_surface0.pcd,Testing,2.0284976959228516,1.9536902904510498,0.07480740547180176
2192,TH0032AV/viewpoint_simulated_127_surface0.pcd,Testing,1.9314674139022827,2.007786750793457,0.07631933689117432
2193,TH0032AV/viewpoint_simulated_128_surface0.pcd,Testing,2.068721055984497,2.1705052852630615,0.10178422927856445
2194,TH0032AV/viewpoint_simulated_129_surface0.pcd,Testing,2.0568463802337646,2.156784772872925,0.09993839263916016
2195,TH0032AV/viewpoint_simulated_13_surface0.pcd,Testing,2.0373411178588867,1.9548321962356567,0.08250892162322998
2196,TH0032AV/viewpoint_simulated_130_surface0.pcd,Testing,2.1182005405426025,2.3274319171905518,0.20923137664794922
2197,TH0032AV/viewpoint_simulated_131_surface0.pcd,Testing,2.0563974380493164,2.2790238857269287,0.2226264476776123
2198,TH0032AV/viewpoint_simulated_132_surface0.pcd,Testing,2.0233585834503174,2.2832400798797607,0.25988149642944336
2199,TH0032AV/viewpoint_simulated_133_surface0.pcd,Testing,1.9946552515029907,2.236276388168335,0.24162113666534424
2200,TH0032AV/viewpoint_simulated_134_surface0.pcd,Testing,2.0425143241882324,2.1232118606567383,0.08069753646850586
2201,TH0032AV/viewpoint_simulated_135_surface0.pcd,Testing,2.0814642906188965,2.14436411857605,0.06289982795715332
2202,TH0032AV/viewpoint_simulated_136_surface0.pcd,Testing,2.078578233718872,2.0145926475524902,0.06398558616638184
2203,TH0032AV/viewpoint_simulated_137_surface0.pcd,Testing,2.076215982437134,1.947721004486084,0.1284949779510498
2204,TH0032AV/viewpoint_simulated_138_surface0.pcd,Testing,1.9650914669036865,2.0075113773345947,0.0424199104309082
2205,TH0032AV/viewpoint_simulated_139_surface0.pcd,Testing,2.037522554397583,2.0454795360565186,0.007956981658935547
2206,TH0032AV/viewpoint_simulated_14_surface0.pcd,Testing,1.9480302333831787,2.0088436603546143,0.06081342697143555
2207,TH0032AV/viewpoint_simulated_140_surface0.pcd,Testing,2.03318452835083,2.145460367202759,0.11227583885192871
2208,TH0032AV/viewpoint_simulated_141_surface0.pcd,Testing,2.1485495567321777,2.1871707439422607,0.03862118721008301
2209,TH0032AV/viewpoint_simulated_142_surface0.pcd,Testing,2.1088857650756836,2.3894059658050537,0.2805202007293701
2210,TH0032AV/viewpoint_simulated_143_surface0.pcd,Testing,2.103886604309082,2.3030130863189697,0.1991264820098877
2211,TH0032AV/viewpoint_simulated_144_surface0.pcd,Testing,2.0428240299224854,1.9570668935775757,0.08575713634490967
2212,TH0032AV/viewpoint_simulated_145_surface0.pcd,Testing,1.9569807052612305,1.9685890674591064,0.011608362197875977
2213,TH0032AV/viewpoint_simulated_146_surface0.pcd,Testing,2.0734636783599854,1.9074785709381104,0.165985107421875
2214,TH0032AV/viewpoint_simulated_147_surface0.pcd,Testing,2.0445234775543213,1.9635069370269775,0.08101654052734375
2215,TH0032AV/viewpoint_simulated_148_surface0.pcd,Testing,2.0846426486968994,1.940833568572998,0.14380908012390137
2216,TH0032AV/viewpoint_simulated_149_surface0.pcd,Testing,1.8750277757644653,1.9258054494857788,0.05077767372131348
2217,TH0032AV/viewpoint_simulated_15_surface0.pcd,Testing,2.007159471511841,1.9652360677719116,0.0419234037399292
2218,TH0032AV/viewpoint_simulated_150_surface0.pcd,Testing,2.059135913848877,1.9652982950210571,0.09383761882781982
2219,TH0032AV/viewpoint_simulated_151_surface0.pcd,Testing,2.0069918632507324,1.978904366493225,0.028087496757507324
2220,TH0032AV/viewpoint_simulated_152_surface0.pcd,Testing,1.9570140838623047,2.0229127407073975,0.06589865684509277
2221,TH0032AV/viewpoint_simulated_153_surface0.pcd,Testing,1.972235083580017,1.997380018234253,0.02514493465423584
2222,TH0032AV/viewpoint_simulated_154_surface0.pcd,Testing,2.004227876663208,1.9843884706497192,0.01983940601348877
2223,TH0032AV/viewpoint_simulated_155_surface0.pcd,Testing,1.900151014328003,1.9962146282196045,0.09606361389160156
2224,TH0032AV/viewpoint_simulated_156_surface0.pcd,Testing,1.9248040914535522,1.9148826599121094,0.009921431541442871
2225,TH0032AV/viewpoint_simulated_157_surface0.pcd,Testing,2.034528970718384,1.922389268875122,0.11213970184326172
2226,TH0032AV/viewpoint_simulated_158_surface0.pcd,Testing,1.936882734298706,1.9622162580490112,0.025333523750305176
2227,TH0032AV/viewpoint_simulated_159_surface0.pcd,Testing,2.0100111961364746,1.9584627151489258,0.05154848098754883
2228,TH0032AV/viewpoint_simulated_16_surface0.pcd,Testing,1.9888906478881836,1.9821476936340332,0.006742954254150391
2229,TH0032AV/viewpoint_simulated_160_surface0.pcd,Testing,1.9333443641662598,1.949845552444458,0.016501188278198242
2230,TH0032AV/viewpoint_simulated_161_surface0.pcd,Testing,1.916601538658142,1.9293408393859863,0.012739300727844238
2231,TH0032AV/viewpoint_simulated_162_surface0.pcd,Testing,2.0633764266967773,1.9825263023376465,0.08085012435913086
2232,TH0032AV/viewpoint_simulated_163_surface0.pcd,Testing,2.0514631271362305,2.020899772644043,0.0305633544921875
2233,TH0032AV/viewpoint_simulated_164_surface0.pcd,Testing,1.8987377882003784,2.0847585201263428,0.18602073192596436
2234,TH0032AV/viewpoint_simulated_165_surface0.pcd,Testing,2.079338312149048,2.074794292449951,0.00454401969909668
2235,TH0032AV/viewpoint_simulated_166_surface0.pcd,Testing,1.952817678451538,2.07120680809021,0.11838912963867188
2236,TH0032AV/viewpoint_simulated_167_surface0.pcd,Testing,1.9332722425460815,1.9922716617584229,0.05899941921234131
2237,TH0032AV/viewpoint_simulated_168_surface0.pcd,Testing,2.070512294769287,1.989189863204956,0.08132243156433105
2238,TH0032AV/viewpoint_simulated_169_surface0.pcd,Testing,2.0469465255737305,1.9805188179016113,0.06642770767211914
2239,TH0032AV/viewpoint_simulated_17_surface0.pcd,Testing,2.0253546237945557,1.9642568826675415,0.06109774112701416
2240,TH0032AV/viewpoint_simulated_170_surface0.pcd,Testing,2.018078565597534,2.06392502784729,0.04584646224975586
2241,TH0032AV/viewpoint_simulated_171_surface0.pcd,Testing,1.9167293310165405,2.0314040184020996,0.11467468738555908
2242,TH0032AV/viewpoint_simulated_172_surface0.pcd,Testing,2.012382745742798,2.016383409500122,0.004000663757324219
2243,TH0032AV/viewpoint_simulated_173_surface0.pcd,Testing,2.1354713439941406,1.9561045169830322,0.1793668270111084
2244,TH0032AV/viewpoint_simulated_174_surface0.pcd,Testing,1.9826583862304688,1.9702484607696533,0.01240992546081543
2245,TH0032AV/viewpoint_simulated_175_surface0.pcd,Testing,2.0104799270629883,2.0077106952667236,0.0027692317962646484
2246,TH0032AV/viewpoint_simulated_176_surface0.pcd,Testing,2.033827543258667,2.122549295425415,0.08872175216674805
2247,TH0032AV/viewpoint_simulated_177_surface0.pcd,Testing,2.1319751739501953,2.086913585662842,0.045061588287353516
2248,TH0032AV/viewpoint_simulated_178_surface0.pcd,Testing,1.9842277765274048,2.199129581451416,0.21490180492401123
2249,TH0032AV/viewpoint_simulated_179_surface0.pcd,Testing,2.138995885848999,2.149444103240967,0.010448217391967773
2250,TH0032AV/viewpoint_simulated_18_surface0.pcd,Testing,1.962739109992981,1.971362590789795,0.008623480796813965
2251,TH0032AV/viewpoint_simulated_180_surface0.pcd,Testing,1.959349274635315,2.1349923610687256,0.17564308643341064
2252,TH0032AV/viewpoint_simulated_181_surface0.pcd,Testing,2.0241894721984863,2.0582780838012695,0.0340886116027832
2253,TH0032AV/viewpoint_simulated_182_surface0.pcd,Testing,2.0609261989593506,2.131855010986328,0.07092881202697754
2254,TH0032AV/viewpoint_simulated_183_surface0.pcd,Testing,1.9343050718307495,2.188873529434204,0.2545684576034546
2255,TH0032AV/viewpoint_simulated_184_surface0.pcd,Testing,2.1268866062164307,2.0429699420928955,0.08391666412353516
2256,TH0032AV/viewpoint_simulated_185_surface0.pcd,Testing,2.0382766723632812,1.9505923986434937,0.0876842737197876
2257,TH0032AV/viewpoint_simulated_186_surface0.pcd,Testing,1.9331583976745605,1.9768933057785034,0.04373490810394287
2258,TH0032AV/viewpoint_simulated_187_surface0.pcd,Testing,1.9885640144348145,1.9978597164154053,0.00929570198059082
2259,TH0032AV/viewpoint_simulated_188_surface0.pcd,Testing,2.0248382091522217,2.165161371231079,0.14032316207885742
2260,TH0032AV/viewpoint_simulated_189_surface0.pcd,Testing,2.000969171524048,2.1209609508514404,0.11999177932739258
2261,TH0032AV/viewpoint_simulated_19_surface0.pcd,Testing,1.9553842544555664,2.0089492797851562,0.053565025329589844
2262,TH0032AV/viewpoint_simulated_190_surface0.pcd,Testing,1.9365824460983276,2.295814275741577,0.3592318296432495
2263,TH0032AV/viewpoint_simulated_191_surface0.pcd,Testing,2.0870165824890137,2.244472026824951,0.1574554443359375
2264,TH0032AV/viewpoint_simulated_192_surface0.pcd,Testing,2.104400157928467,2.226166248321533,0.1217660903930664
2265,TH0032AV/viewpoint_simulated_193_surface0.pcd,Testing,1.9916305541992188,2.1431188583374023,0.1514883041381836
2266,TH0032AV/viewpoint_simulated_194_surface0.pcd,Testing,1.980262041091919,2.12095046043396,0.14068841934204102
2267,TH0032AV/viewpoint_simulated_195_surface0.pcd,Testing,2.0376384258270264,2.1908068656921387,0.1531684398651123
2268,TH0032AV/viewpoint_simulated_196_surface0.pcd,Testing,2.1017825603485107,2.0676581859588623,0.03412437438964844
2269,TH0032AV/viewpoint_simulated_197_surface0.pcd,Testing,1.9998594522476196,1.9441876411437988,0.0556718111038208
2270,TH0032AV/viewpoint_simulated_198_surface0.pcd,Testing,2.0719070434570312,1.9885621070861816,0.08334493637084961
2271,TH0032AV/viewpoint_simulated_199_surface0.pcd,Testing,1.9594709873199463,1.999427080154419,0.039956092834472656
2272,TH0032AV/viewpoint_simulated_2_surface0.pcd,Testing,1.907649278640747,1.9498367309570312,0.04218745231628418
2273,TH0032AV/viewpoint_simulated_20_surface0.pcd,Testing,2.0363805294036865,2.0748658180236816,0.03848528861999512
2274,TH0032AV/viewpoint_simulated_200_surface0.pcd,Testing,2.083029270172119,2.1637675762176514,0.08073830604553223
2275,TH0032AV/viewpoint_simulated_201_surface0.pcd,Testing,1.8566848039627075,2.1552436351776123,0.2985588312149048
2276,TH0032AV/viewpoint_simulated_202_surface0.pcd,Testing,2.1534805297851562,2.304492950439453,0.15101242065429688
2277,TH0032AV/viewpoint_simulated_203_surface0.pcd,Testing,1.9236751794815063,2.2902934551239014,0.366618275642395
2278,TH0032AV/viewpoint_simulated_204_surface0.pcd,Testing,2.04902982711792,2.282447338104248,0.23341751098632812
2279,TH0032AV/viewpoint_simulated_205_surface0.pcd,Testing,2.1659672260284424,2.2257802486419678,0.05981302261352539
2280,TH0032AV/viewpoint_simulated_206_surface0.pcd,Testing,2.0940816402435303,2.113508462905884,0.019426822662353516
2281,TH0032AV/viewpoint_simulated_207_surface0.pcd,Testing,2.047114133834839,2.148498773574829,0.10138463973999023
2282,TH0032AV/viewpoint_simulated_208_surface0.pcd,Testing,2.135234832763672,2.0329084396362305,0.1023263931274414
2283,TH0032AV/viewpoint_simulated_209_surface0.pcd,Testing,1.9420443773269653,1.9400255680084229,0.0020188093185424805
2284,TH0032AV/viewpoint_simulated_21_surface0.pcd,Testing,1.985804796218872,2.085306167602539,0.09950137138366699
2285,TH0032AV/viewpoint_simulated_210_surface0.pcd,Testing,2.0982184410095215,1.989332914352417,0.10888552665710449
2286,TH0032AV/viewpoint_simulated_211_surface0.pcd,Testing,2.0626332759857178,2.051633596420288,0.010999679565429688
2287,TH0032AV/viewpoint_simulated_212_surface0.pcd,Testing,2.0413334369659424,2.1416280269622803,0.10029458999633789
2288,TH0032AV/viewpoint_simulated_213_surface0.pcd,Testing,2.0819101333618164,2.1709117889404297,0.08900165557861328
2289,TH0032AV/viewpoint_simulated_214_surface0.pcd,Testing,2.067110776901245,2.359618902206421,0.2925081253051758
2290,TH0032AV/viewpoint_simulated_215_surface0.pcd,Testing,1.8917350769042969,2.312350034713745,0.42061495780944824
2291,TH0032AV/viewpoint_simulated_22_surface0.pcd,Testing,2.0443856716156006,2.1045892238616943,0.06020355224609375
2292,TH0032AV/viewpoint_simulated_23_surface0.pcd,Testing,1.8515552282333374,1.9813976287841797,0.12984240055084229
2293,TH0032AV/viewpoint_simulated_24_surface0.pcd,Testing,1.9047507047653198,1.9782966375350952,0.07354593276977539
2294,TH0032AV/viewpoint_simulated_25_surface0.pcd,Testing,1.9750298261642456,1.9822869300842285,0.00725710391998291
2295,TH0032AV/viewpoint_simulated_26_surface0.pcd,Testing,1.9237509965896606,2.0853216648101807,0.16157066822052002
2296,TH0032AV/viewpoint_simulated_27_surface0.pcd,Testing,2.12378191947937,2.0410046577453613,0.08277726173400879
2297,TH0032AV/viewpoint_simulated_28_surface0.pcd,Testing,2.0400800704956055,2.029975175857544,0.010104894638061523
2298,TH0032AV/viewpoint_simulated_29_surface0.pcd,Testing,2.162442922592163,1.9681522846221924,0.1942906379699707
2299,TH0032AV/viewpoint_simulated_3_surface0.pcd,Testing,2.0796539783477783,1.9379138946533203,0.141740083694458
2300,TH0032AV/viewpoint_simulated_30_surface0.pcd,Testing,1.99552583694458,1.9513661861419678,0.044159650802612305
2301,TH0032AV/viewpoint_simulated_31_surface0.pcd,Testing,1.909503698348999,1.9948780536651611,0.08537435531616211
2302,TH0032AV/viewpoint_simulated_32_surface0.pcd,Testing,2.028974771499634,2.1279590129852295,0.0989842414855957
2303,TH0032AV/viewpoint_simulated_33_surface0.pcd,Testing,1.927683711051941,2.094961404800415,0.16727769374847412
2304,TH0032AV/viewpoint_simulated_34_surface0.pcd,Testing,2.041496753692627,2.2171664237976074,0.17566967010498047
2305,TH0032AV/viewpoint_simulated_35_surface0.pcd,Testing,2.032823324203491,2.1244499683380127,0.09162664413452148
2306,TH0032AV/viewpoint_simulated_36_surface0.pcd,Testing,2.036107063293457,2.1413629055023193,0.1052558422088623
2307,TH0032AV/viewpoint_simulated_37_surface0.pcd,Testing,1.9726399183273315,2.0757462978363037,0.10310637950897217
2308,TH0032AV/viewpoint_simulated_38_surface0.pcd,Testing,2.1109237670898438,2.1435678005218506,0.032644033432006836
2309,TH0032AV/viewpoint_simulated_39_surface0.pcd,Testing,2.105619430541992,2.1636130809783936,0.05799365043640137
2310,TH0032AV/viewpoint_simulated_4_surface0.pcd,Testing,1.8712586164474487,1.938654899597168,0.06739628314971924
2311,TH0032AV/viewpoint_simulated_40_surface0.pcd,Testing,2.0302562713623047,2.02935791015625,0.0008983612060546875
2312,TH0032AV/viewpoint_simulated_41_surface0.pcd,Testing,1.998744010925293,1.939760684967041,0.05898332595825195
2313,TH0032AV/viewpoint_simulated_42_surface0.pcd,Testing,1.9387438297271729,1.9590187072753906,0.020274877548217773
2314,TH0032AV/viewpoint_simulated_43_surface0.pcd,Testing,2.021179437637329,2.007528066635132,0.013651371002197266
2315,TH0032AV/viewpoint_simulated_44_surface0.pcd,Testing,2.06998610496521,2.171765089035034,0.10177898406982422
2316,TH0032AV/viewpoint_simulated_45_surface0.pcd,Testing,2.016428232192993,2.1253671646118164,0.10893893241882324
2317,TH0032AV/viewpoint_simulated_46_surface0.pcd,Testing,2.0211524963378906,2.2968826293945312,0.2757301330566406
2318,TH0032AV/viewpoint_simulated_47_surface0.pcd,Testing,2.0774543285369873,2.2675857543945312,0.19013142585754395
2319,TH0032AV/viewpoint_simulated_48_surface0.pcd,Testing,2.1140828132629395,2.223158836364746,0.10907602310180664
2320,TH0032AV/viewpoint_simulated_49_surface0.pcd,Testing,1.9289227724075317,2.1571314334869385,0.22820866107940674
2321,TH0032AV/viewpoint_simulated_5_surface0.pcd,Testing,1.9659042358398438,1.9587206840515137,0.007183551788330078
2322,TH0032AV/viewpoint_simulated_50_surface0.pcd,Testing,1.9800176620483398,2.1035730838775635,0.12355542182922363
2323,TH0032AV/viewpoint_simulated_51_surface0.pcd,Testing,1.9938132762908936,2.18821382522583,0.19440054893493652
2324,TH0032AV/viewpoint_simulated_52_surface0.pcd,Testing,1.864919900894165,2.043353796005249,0.17843389511108398
2325,TH0032AV/viewpoint_simulated_53_surface0.pcd,Testing,2.206559658050537,1.9578771591186523,0.24868249893188477
2326,TH0032AV/viewpoint_simulated_54_surface0.pcd,Testing,2.0140013694763184,1.985574722290039,0.028426647186279297
2327,TH0032AV/viewpoint_simulated_55_surface0.pcd,Testing,1.9797563552856445,2.0159225463867188,0.03616619110107422
2328,TH0032AV/viewpoint_simulated_56_surface0.pcd,Testing,1.9725086688995361,2.166391611099243,0.19388294219970703
2329,TH0032AV/viewpoint_simulated_57_surface0.pcd,Testing,2.095003843307495,2.1506378650665283,0.0556340217590332
2330,TH0032AV/viewpoint_simulated_58_surface0.pcd,Testing,2.1329026222229004,2.3385536670684814,0.20565104484558105
2331,TH0032AV/viewpoint_simulated_59_surface0.pcd,Testing,2.072242498397827,2.3126494884490967,0.24040699005126953
2332,TH0032AV/viewpoint_simulated_6_surface0.pcd,Testing,2.066619634628296,1.9713056087493896,0.09531402587890625
2333,TH0032AV/viewpoint_simulated_60_surface0.pcd,Testing,2.0342917442321777,2.2635538578033447,0.229262113571167
2334,TH0032AV/viewpoint_simulated_61_surface0.pcd,Testing,1.977293848991394,2.224508047103882,0.2472141981124878
2335,TH0032AV/viewpoint_simulated_62_surface0.pcd,Testing,2.0663275718688965,2.1238110065460205,0.05748343467712402
2336,TH0032AV/viewpoint_simulated_63_surface0.pcd,Testing,2.1036336421966553,2.1519582271575928,0.0483245849609375
2337,TH0032AV/viewpoint_simulated_64_surface0.pcd,Testing,2.0515928268432617,2.0159590244293213,0.03563380241394043
2338,TH0032AV/viewpoint_simulated_65_surface0.pcd,Testing,1.9897531270980835,1.9614572525024414,0.02829587459564209
2339,TH0032AV/viewpoint_simulated_66_surface0.pcd,Testing,2.0734965801239014,1.9982564449310303,0.0752401351928711
2340,TH0032AV/viewpoint_simulated_67_surface0.pcd,Testing,2.0234458446502686,2.032379150390625,0.008933305740356445
2341,TH0032AV/viewpoint_simulated_68_surface0.pcd,Testing,2.077847480773926,2.142449140548706,0.06460165977478027
2342,TH0032AV/viewpoint_simulated_69_surface0.pcd,Testing,2.071199417114258,2.2147293090820312,0.14352989196777344
2343,TH0032AV/viewpoint_simulated_7_surface0.pcd,Testing,2.092489719390869,2.0112149715423584,0.08127474784851074
2344,TH0032AV/viewpoint_simulated_70_surface0.pcd,Testing,2.001305341720581,2.370587110519409,0.3692817687988281
2345,TH0032AV/viewpoint_simulated_71_surface0.pcd,Testing,2.082228660583496,2.314495086669922,0.23226642608642578
2346,TH0032AV/viewpoint_simulated_72_surface0.pcd,Testing,2.103257894515991,1.9535064697265625,0.1497514247894287
2347,TH0032AV/viewpoint_simulated_73_surface0.pcd,Testing,1.9268704652786255,1.9541336297988892,0.027263164520263672
2348,TH0032AV/viewpoint_simulated_74_surface0.pcd,Testing,1.87544846534729,1.959200382232666,0.08375191688537598
2349,TH0032AV/viewpoint_simulated_75_surface0.pcd,Testing,2.022728443145752,1.9457114934921265,0.07701694965362549
2350,TH0032AV/viewpoint_simulated_76_surface0.pcd,Testing,2.1134092807769775,1.9558947086334229,0.1575145721435547
2351,TH0032AV/viewpoint_simulated_77_surface0.pcd,Testing,1.9084361791610718,1.9343743324279785,0.02593815326690674
2352,TH0032AV/viewpoint_simulated_78_surface0.pcd,Testing,1.9842997789382935,1.9572317600250244,0.027068018913269043
2353,TH0032AV/viewpoint_simulated_79_surface0.pcd,Testing,1.9902350902557373,2.0022506713867188,0.012015581130981445
2354,TH0032AV/viewpoint_simulated_8_surface0.pcd,Testing,2.119391918182373,2.0359139442443848,0.08347797393798828
2355,TH0032AV/viewpoint_simulated_80_surface0.pcd,Testing,2.0186383724212646,2.0187933444976807,0.00015497207641601562
2356,TH0032AV/viewpoint_simulated_81_surface0.pcd,Testing,1.9234892129898071,1.997238278388977,0.07374906539916992
2357,TH0032AV/viewpoint_simulated_82_surface0.pcd,Testing,2.007272720336914,2.000169515609741,0.0071032047271728516
2358,TH0032AV/viewpoint_simulated_83_surface0.pcd,Testing,1.9857574701309204,1.983059287071228,0.002698183059692383
2359,TH0032AV/viewpoint_simulated_84_surface0.pcd,Testing,1.9390285015106201,1.9127397537231445,0.026288747787475586
2360,TH0032AV/viewpoint_simulated_85_surface0.pcd,Testing,2.0218710899353027,1.931905746459961,0.0899653434753418
2361,TH0032AV/viewpoint_simulated_86_surface0.pcd,Testing,1.9056097269058228,1.9893617630004883,0.08375203609466553
2362,TH0032AV/viewpoint_simulated_87_surface0.pcd,Testing,1.9159364700317383,1.9597163200378418,0.043779850006103516
2363,TH0032AV/viewpoint_simulated_88_surface0.pcd,Testing,1.920642375946045,1.9536463022232056,0.033003926277160645
2364,TH0032AV/viewpoint_simulated_89_surface0.pcd,Testing,2.0507497787475586,1.9439393281936646,0.10681045055389404
2365,TH0032AV/viewpoint_simulated_9_surface0.pcd,Testing,2.096176862716675,2.027198314666748,0.06897854804992676
2366,TH0032AV/viewpoint_simulated_90_surface0.pcd,Testing,2.0347840785980225,1.9586743116378784,0.07610976696014404
2367,TH0032AV/viewpoint_simulated_91_surface0.pcd,Testing,2.0586793422698975,2.0424304008483887,0.01624894142150879
2368,TH0032AV/viewpoint_simulated_92_surface0.pcd,Testing,1.9474587440490723,2.0847408771514893,0.137282133102417
2369,TH0032AV/viewpoint_simulated_93_surface0.pcd,Testing,2.0498878955841064,2.0725784301757812,0.022690534591674805
2370,TH0032AV/viewpoint_simulated_94_surface0.pcd,Testing,1.9886773824691772,2.0667827129364014,0.07810533046722412
2371,TH0032AV/viewpoint_simulated_95_surface0.pcd,Testing,2.19282865524292,1.9925715923309326,0.2002570629119873
2372,TH0032AV/viewpoint_simulated_96_surface0.pcd,Testing,1.996811866760254,1.9763456583023071,0.020466208457946777
2373,TH0032AV/viewpoint_simulated_97_surface0.pcd,Testing,2.0901803970336914,1.962360143661499,0.12782025337219238
2374,TH0032AV/viewpoint_simulated_98_surface0.pcd,Testing,2.0301194190979004,2.0777666568756104,0.04764723777770996
2375,TH0032AV/viewpoint_simulated_99_surface0.pcd,Testing,2.012476921081543,2.050696611404419,0.03821969032287598
2376,TH0032AV/viewpoint_simulated_0_surface1.pcd,Testing,2.3123910427093506,2.2102346420288086,0.10215640068054199
2377,TH0032AV/viewpoint_simulated_1_surface1.pcd,Testing,2.216520309448242,2.1430583000183105,0.07346200942993164
2378,TH0032AV/viewpoint_simulated_10_surface1.pcd,Testing,2.229513168334961,2.30522084236145,0.07570767402648926
2379,TH0032AV/viewpoint_simulated_100_surface1.pcd,Testing,2.2236030101776123,2.24098801612854,0.017385005950927734
2380,TH0032AV/viewpoint_simulated_101_surface1.pcd,Testing,2.2462656497955322,2.38392972946167,0.1376640796661377
2381,TH0032AV/viewpoint_simulated_102_surface1.pcd,Testing,2.273721694946289,2.277843713760376,0.004122018814086914
2382,TH0032AV/viewpoint_simulated_103_surface1.pcd,Testing,2.3329427242279053,2.344766616821289,0.011823892593383789
2383,TH0032AV/viewpoint_simulated_104_surface1.pcd,Testing,2.291411876678467,2.3678791522979736,0.07646727561950684
2384,TH0032AV/viewpoint_simulated_105_surface1.pcd,Testing,2.2212400436401367,2.256848096847534,0.03560805320739746
2385,TH0032AV/viewpoint_simulated_106_surface1.pcd,Testing,2.235936403274536,2.2904012203216553,0.05446481704711914
2386,TH0032AV/viewpoint_simulated_107_surface1.pcd,Testing,2.19352650642395,2.224874258041382,0.03134775161743164
2387,TH0032AV/viewpoint_simulated_108_surface1.pcd,Testing,2.120694875717163,2.2306034564971924,0.1099085807800293
2388,TH0032AV/viewpoint_simulated_109_surface1.pcd,Testing,2.2677481174468994,2.2159407138824463,0.051807403564453125
2389,TH0032AV/viewpoint_simulated_11_surface1.pcd,Testing,2.0963118076324463,2.2603838443756104,0.16407203674316406
2390,TH0032AV/viewpoint_simulated_110_surface1.pcd,Testing,2.26936936378479,2.2281363010406494,0.041233062744140625
2391,TH0032AV/viewpoint_simulated_111_surface1.pcd,Testing,2.3017337322235107,2.253175973892212,0.04855775833129883
2392,TH0032AV/viewpoint_simulated_112_surface1.pcd,Testing,2.2927074432373047,2.1732397079467773,0.11946773529052734
2393,TH0032AV/viewpoint_simulated_113_surface1.pcd,Testing,2.1513898372650146,2.2492902278900146,0.097900390625
2394,TH0032AV/viewpoint_simulated_114_surface1.pcd,Testing,2.3045451641082764,2.295391798019409,0.009153366088867188
2395,TH0032AV/viewpoint_simulated_115_surface1.pcd,Testing,2.246678590774536,2.2948920726776123,0.04821348190307617
2396,TH0032AV/viewpoint_simulated_116_surface1.pcd,Testing,2.3784563541412354,2.3683226108551025,0.010133743286132812
2397,TH0032AV/viewpoint_simulated_117_surface1.pcd,Testing,2.103644609451294,2.1895384788513184,0.08589386940002441
2398,TH0032AV/viewpoint_simulated_118_surface1.pcd,Testing,2.257850170135498,2.266129970550537,0.008279800415039062
2399,TH0032AV/viewpoint_simulated_119_surface1.pcd,Testing,2.154371976852417,2.3551456928253174,0.2007737159729004
2400,TH0032AV/viewpoint_simulated_12_surface1.pcd,Testing,2.1573004722595215,2.190863847732544,0.03356337547302246
2401,TH0032AV/viewpoint_simulated_120_surface1.pcd,Testing,2.372527837753296,2.3247745037078857,0.047753334045410156
2402,TH0032AV/viewpoint_simulated_121_surface1.pcd,Testing,2.2929489612579346,2.296703577041626,0.0037546157836914062
2403,TH0032AV/viewpoint_simulated_122_surface1.pcd,Testing,2.317190408706665,2.2366573810577393,0.08053302764892578
2404,TH0032AV/viewpoint_simulated_123_surface1.pcd,Testing,2.2104811668395996,2.250563383102417,0.04008221626281738
2405,TH0032AV/viewpoint_simulated_124_surface1.pcd,Testing,2.2351160049438477,2.2605884075164795,0.025472402572631836
2406,TH0032AV/viewpoint_simulated_125_surface1.pcd,Testing,2.3760523796081543,2.2581260204315186,0.11792635917663574
2407,TH0032AV/viewpoint_simulated_126_surface1.pcd,Testing,2.3653433322906494,2.3095664978027344,0.05577683448791504
2408,TH0032AV/viewpoint_simulated_127_surface1.pcd,Testing,2.2815616130828857,2.228865146636963,0.05269646644592285
2409,TH0032AV/viewpoint_simulated_128_surface1.pcd,Testing,2.198780059814453,2.2062461376190186,0.00746607780456543
2410,TH0032AV/viewpoint_simulated_129_surface1.pcd,Testing,2.1856894493103027,2.186659574508667,0.0009701251983642578
2411,TH0032AV/viewpoint_simulated_13_surface1.pcd,Testing,2.1339659690856934,2.1514055728912354,0.017439603805541992
2412,TH0032AV/viewpoint_simulated_130_surface1.pcd,Testing,2.385913372039795,2.292701005935669,0.09321236610412598
2413,TH0032AV/viewpoint_simulated_131_surface1.pcd,Testing,2.268388032913208,2.4357168674468994,0.1673288345336914
2414,TH0032AV/viewpoint_simulated_132_surface1.pcd,Testing,2.228775978088379,2.1628472805023193,0.06592869758605957
2415,TH0032AV/viewpoint_simulated_133_surface1.pcd,Testing,2.165536642074585,2.2871344089508057,0.1215977668762207
2416,TH0032AV/viewpoint_simulated_134_surface1.pcd,Testing,2.2481555938720703,2.280230760574341,0.03207516670227051
2417,TH0032AV/viewpoint_simulated_135_surface1.pcd,Testing,2.279095411300659,2.1408345699310303,0.1382608413696289
2418,TH0032AV/viewpoint_simulated_136_surface1.pcd,Testing,2.2872421741485596,2.229560136795044,0.057682037353515625
2419,TH0032AV/viewpoint_simulated_137_surface1.pcd,Testing,2.324286937713623,2.2681431770324707,0.056143760681152344
2420,TH0032AV/viewpoint_simulated_138_surface1.pcd,Testing,2.2078044414520264,2.2822015285491943,0.07439708709716797
2421,TH0032AV/viewpoint_simulated_139_surface1.pcd,Testing,2.2970142364501953,2.249873161315918,0.047141075134277344
2422,TH0032AV/viewpoint_simulated_14_surface1.pcd,Testing,2.21683669090271,2.126296043395996,0.09054064750671387
2423,TH0032AV/viewpoint_simulated_140_surface1.pcd,Testing,2.163239002227783,2.2067418098449707,0.0435028076171875
2424,TH0032AV/viewpoint_simulated_141_surface1.pcd,Testing,2.338730812072754,2.229861259460449,0.10886955261230469
2425,TH0032AV/viewpoint_simulated_142_surface1.pcd,Testing,2.2559330463409424,2.2907819747924805,0.034848928451538086
2426,TH0032AV/viewpoint_simulated_143_surface1.pcd,Testing,2.3479321002960205,2.333503484725952,0.01442861557006836
2427,TH0032AV/viewpoint_simulated_144_surface1.pcd,Testing,2.1625540256500244,2.1711995601654053,0.00864553451538086
2428,TH0032AV/viewpoint_simulated_145_surface1.pcd,Testing,2.080681800842285,2.1165757179260254,0.035893917083740234
2429,TH0032AV/viewpoint_simulated_146_surface1.pcd,Testing,2.263780355453491,2.0868113040924072,0.17696905136108398
2430,TH0032AV/viewpoint_simulated_147_surface1.pcd,Testing,2.419154405593872,2.08832049369812,0.33083391189575195
2431,TH0032AV/viewpoint_simulated_148_surface1.pcd,Testing,2.0128090381622314,2.0925662517547607,0.0797572135925293
2432,TH0032AV/viewpoint_simulated_149_surface1.pcd,Testing,2.1977908611297607,2.1567065715789795,0.04108428955078125
2433,TH0032AV/viewpoint_simulated_15_surface1.pcd,Testing,2.2848658561706543,2.2472903728485107,0.037575483322143555
2434,TH0032AV/viewpoint_simulated_150_surface1.pcd,Testing,2.2921371459960938,2.312384605407715,0.020247459411621094
2435,TH0032AV/viewpoint_simulated_151_surface1.pcd,Testing,2.268226385116577,2.3131470680236816,0.04492068290710449
2436,TH0032AV/viewpoint_simulated_152_surface1.pcd,Testing,2.2119739055633545,2.3044888973236084,0.0925149917602539
2437,TH0032AV/viewpoint_simulated_153_surface1.pcd,Testing,2.4225029945373535,2.354071855545044,0.06843113899230957
2438,TH0032AV/viewpoint_simulated_154_surface1.pcd,Testing,2.350796937942505,2.3100945949554443,0.04070234298706055
2439,TH0032AV/viewpoint_simulated_155_surface1.pcd,Testing,2.122307777404785,2.2112457752227783,0.08893799781799316
2440,TH0032AV/viewpoint_simulated_156_surface1.pcd,Testing,2.1413464546203613,2.1287643909454346,0.012582063674926758
2441,TH0032AV/viewpoint_simulated_157_surface1.pcd,Testing,2.2271180152893066,2.1109375953674316,0.116180419921875
2442,TH0032AV/viewpoint_simulated_158_surface1.pcd,Testing,2.091275215148926,2.057072162628174,0.03420305252075195
2443,TH0032AV/viewpoint_simulated_159_surface1.pcd,Testing,1.9786332845687866,1.9591593742370605,0.019473910331726074
2444,TH0032AV/viewpoint_simulated_16_surface1.pcd,Testing,2.1917779445648193,2.2959964275360107,0.1042184829711914
2445,TH0032AV/viewpoint_simulated_160_surface1.pcd,Testing,2.1168320178985596,2.1120107173919678,0.004821300506591797
2446,TH0032AV/viewpoint_simulated_161_surface1.pcd,Testing,2.2330682277679443,2.23256254196167,0.0005056858062744141
2447,TH0032AV/viewpoint_simulated_162_surface1.pcd,Testing,2.100565195083618,2.2762832641601562,0.17571806907653809
2448,TH0032AV/viewpoint_simulated_163_surface1.pcd,Testing,2.37854266166687,2.283566951751709,0.09497570991516113
2449,TH0032AV/viewpoint_simulated_164_surface1.pcd,Testing,2.1215031147003174,2.19240140914917,0.07089829444885254
2450,TH0032AV/viewpoint_simulated_165_surface1.pcd,Testing,2.191636323928833,2.2561044692993164,0.0644681453704834
2451,TH0032AV/viewpoint_simulated_166_surface1.pcd,Testing,2.3269121646881104,2.2953317165374756,0.031580448150634766
2452,TH0032AV/viewpoint_simulated_167_surface1.pcd,Testing,2.2419559955596924,2.2015507221221924,0.0404052734375
2453,TH0032AV/viewpoint_simulated_168_surface1.pcd,Testing,2.3029472827911377,2.185490846633911,0.11745643615722656
2454,TH0032AV/viewpoint_simulated_169_surface1.pcd,Testing,2.1900413036346436,2.12463116645813,0.06541013717651367
2455,TH0032AV/viewpoint_simulated_17_surface1.pcd,Testing,2.2735676765441895,2.251615285873413,0.021952390670776367
2456,TH0032AV/viewpoint_simulated_170_surface1.pcd,Testing,2.2682888507843018,2.2297844886779785,0.03850436210632324
2457,TH0032AV/viewpoint_simulated_171_surface1.pcd,Testing,2.1515188217163086,2.240812301635742,0.0892934799194336
2458,TH0032AV/viewpoint_simulated_172_surface1.pcd,Testing,2.1730079650878906,2.2234418392181396,0.05043387413024902
2459,TH0032AV/viewpoint_simulated_173_surface1.pcd,Testing,2.3276631832122803,2.3472259044647217,0.019562721252441406
2460,TH0032AV/viewpoint_simulated_174_surface1.pcd,Testing,2.1159257888793945,2.2486789226531982,0.1327531337738037
2461,TH0032AV/viewpoint_simulated_175_surface1.pcd,Testing,2.1225857734680176,2.3233931064605713,0.2008073329925537
2462,TH0032AV/viewpoint_simulated_176_surface1.pcd,Testing,2.2408177852630615,2.355963945388794,0.11514616012573242
2463,TH0032AV/viewpoint_simulated_177_surface1.pcd,Testing,2.1837997436523438,2.2647361755371094,0.08093643188476562
2464,TH0032AV/viewpoint_simulated_178_surface1.pcd,Testing,2.3381476402282715,2.304034948348999,0.03411269187927246
2465,TH0032AV/viewpoint_simulated_179_surface1.pcd,Testing,2.1838700771331787,2.2201645374298096,0.03629446029663086
2466,TH0032AV/viewpoint_simulated_18_surface1.pcd,Testing,2.354731321334839,2.2816522121429443,0.07307910919189453
2467,TH0032AV/viewpoint_simulated_180_surface1.pcd,Testing,2.3760128021240234,2.1946206092834473,0.18139219284057617
2468,TH0032AV/viewpoint_simulated_181_surface1.pcd,Testing,2.38956880569458,2.1855218410491943,0.20404696464538574
2469,TH0032AV/viewpoint_simulated_182_surface1.pcd,Testing,2.135493755340576,2.1715338230133057,0.03604006767272949
2470,TH0032AV/viewpoint_simulated_183_surface1.pcd,Testing,2.3433547019958496,2.275730609893799,0.06762409210205078
2471,TH0032AV/viewpoint_simulated_184_surface1.pcd,Testing,2.2007410526275635,2.320636510848999,0.11989545822143555
2472,TH0032AV/viewpoint_simulated_185_surface1.pcd,Testing,2.3157083988189697,2.2446203231811523,0.07108807563781738
2473,TH0032AV/viewpoint_simulated_186_surface1.pcd,Testing,2.207467794418335,2.2310750484466553,0.023607254028320312
2474,TH0032AV/viewpoint_simulated_187_surface1.pcd,Testing,2.297696113586426,2.297508955001831,0.00018715858459472656
2475,TH0032AV/viewpoint_simulated_188_surface1.pcd,Testing,2.446842908859253,2.2560465335845947,0.1907963752746582
2476,TH0032AV/viewpoint_simulated_189_surface1.pcd,Testing,2.170639753341675,2.164537191390991,0.006102561950683594
2477,TH0032AV/viewpoint_simulated_19_surface1.pcd,Testing,2.245610475540161,2.2499375343322754,0.004327058792114258
2478,TH0032AV/viewpoint_simulated_190_surface1.pcd,Testing,2.2181169986724854,2.2653372287750244,0.04722023010253906
2479,TH0032AV/viewpoint_simulated_191_surface1.pcd,Testing,2.3956966400146484,2.368298292160034,0.027398347854614258
2480,TH0032AV/viewpoint_simulated_192_surface1.pcd,Testing,2.3327689170837402,2.2924115657806396,0.040357351303100586
2481,TH0032AV/viewpoint_simulated_193_surface1.pcd,Testing,2.342547655105591,2.248892068862915,0.09365558624267578
2482,TH0032AV/viewpoint_simulated_194_surface1.pcd,Testing,2.20666766166687,2.221947431564331,0.015279769897460938
2483,TH0032AV/viewpoint_simulated_195_surface1.pcd,Testing,2.2714667320251465,2.2563822269439697,0.015084505081176758
2484,TH0032AV/viewpoint_simulated_196_surface1.pcd,Testing,2.2989907264709473,2.270562171936035,0.02842855453491211
2485,TH0032AV/viewpoint_simulated_197_surface1.pcd,Testing,2.281933546066284,2.2731146812438965,0.008818864822387695
2486,TH0032AV/viewpoint_simulated_198_surface1.pcd,Testing,2.38742733001709,2.2395083904266357,0.1479189395904541
2487,TH0032AV/viewpoint_simulated_199_surface1.pcd,Testing,2.127267599105835,2.182839870452881,0.0555722713470459
2488,TH0032AV/viewpoint_simulated_2_surface1.pcd,Testing,2.115312337875366,2.1043457984924316,0.01096653938293457
2489,TH0032AV/viewpoint_simulated_20_surface1.pcd,Testing,2.381380081176758,2.3660573959350586,0.015322685241699219
2490,TH0032AV/viewpoint_simulated_200_surface1.pcd,Testing,2.1622209548950195,2.1727569103240967,0.010535955429077148
2491,TH0032AV/viewpoint_simulated_201_surface1.pcd,Testing,2.2414710521698,2.2086150646209717,0.032855987548828125
2492,TH0032AV/viewpoint_simulated_202_surface1.pcd,Testing,2.1451988220214844,2.2900140285491943,0.14481520652770996
2493,TH0032AV/viewpoint_simulated_203_surface1.pcd,Testing,2.4895994663238525,2.4171197414398193,0.0724797248840332
2494,TH0032AV/viewpoint_simulated_204_surface1.pcd,Testing,2.1442084312438965,2.1274025440216064,0.01680588722229004
2495,TH0032AV/viewpoint_simulated_205_surface1.pcd,Testing,2.3529396057128906,2.232741355895996,0.12019824981689453
2496,TH0032AV/viewpoint_simulated_206_surface1.pcd,Testing,2.3775832653045654,2.2522411346435547,0.12534213066101074
2497,TH0032AV/viewpoint_simulated_207_surface1.pcd,Testing,2.266009569168091,2.206812620162964,0.05919694900512695
2498,TH0032AV/viewpoint_simulated_208_surface1.pcd,Testing,2.3281960487365723,2.282611846923828,0.04558420181274414
2499,TH0032AV/viewpoint_simulated_209_surface1.pcd,Testing,2.2984514236450195,2.266531467437744,0.03191995620727539
2500,TH0032AV/viewpoint_simulated_21_surface1.pcd,Testing,2.1869571208953857,2.27469539642334,0.0877382755279541
2501,TH0032AV/viewpoint_simulated_210_surface1.pcd,Testing,2.181269884109497,2.2639167308807373,0.08264684677124023
2502,TH0032AV/viewpoint_simulated_211_surface1.pcd,Testing,2.207285165786743,2.214110851287842,0.006825685501098633
2503,TH0032AV/viewpoint_simulated_212_surface1.pcd,Testing,2.272040843963623,2.1729071140289307,0.09913372993469238
2504,TH0032AV/viewpoint_simulated_213_surface1.pcd,Testing,2.3306946754455566,2.2320950031280518,0.09859967231750488
2505,TH0032AV/viewpoint_simulated_214_surface1.pcd,Testing,2.333749532699585,2.3071165084838867,0.026633024215698242
2506,TH0032AV/viewpoint_simulated_215_surface1.pcd,Testing,2.3998191356658936,2.354264736175537,0.045554399490356445
2507,TH0032AV/viewpoint_simulated_22_surface1.pcd,Testing,2.2582132816314697,2.2897164821624756,0.03150320053100586
2508,TH0032AV/viewpoint_simulated_23_surface1.pcd,Testing,2.18027663230896,2.210859537124634,0.030582904815673828
2509,TH0032AV/viewpoint_simulated_24_surface1.pcd,Testing,2.184847354888916,2.2270238399505615,0.04217648506164551
2510,TH0032AV/viewpoint_simulated_25_surface1.pcd,Testing,2.208533763885498,2.128021240234375,0.08051252365112305
2511,TH0032AV/viewpoint_simulated_26_surface1.pcd,Testing,2.281405448913574,2.2640230655670166,0.017382383346557617
2512,TH0032AV/viewpoint_simulated_27_surface1.pcd,Testing,2.1365556716918945,2.246962308883667,0.11040663719177246
2513,TH0032AV/viewpoint_simulated_28_surface1.pcd,Testing,2.3044071197509766,2.2697184085845947,0.034688711166381836
2514,TH0032AV/viewpoint_simulated_29_surface1.pcd,Testing,2.443310499191284,2.400770902633667,0.04253959655761719
2515,TH0032AV/viewpoint_simulated_3_surface1.pcd,Testing,2.238769769668579,2.1585464477539062,0.08022332191467285
2516,TH0032AV/viewpoint_simulated_30_surface1.pcd,Testing,2.212639808654785,2.251826286315918,0.03918647766113281
2517,TH0032AV/viewpoint_simulated_31_surface1.pcd,Testing,2.428635835647583,2.397888660430908,0.030747175216674805
2518,TH0032AV/viewpoint_simulated_32_surface1.pcd,Testing,2.3173182010650635,2.4177286624908447,0.10041046142578125
2519,TH0032AV/viewpoint_simulated_33_surface1.pcd,Testing,2.3826467990875244,2.2845537662506104,0.09809303283691406
2520,TH0032AV/viewpoint_simulated_34_surface1.pcd,Testing,2.178701162338257,2.2690436840057373,0.09034252166748047
2521,TH0032AV/viewpoint_simulated_35_surface1.pcd,Testing,2.2542996406555176,2.2131574153900146,0.04114222526550293
2522,TH0032AV/viewpoint_simulated_36_surface1.pcd,Testing,2.2544424533843994,2.2215402126312256,0.03290224075317383
2523,TH0032AV/viewpoint_simulated_37_surface1.pcd,Testing,2.3596556186676025,2.229112386703491,0.13054323196411133
2524,TH0032AV/viewpoint_simulated_38_surface1.pcd,Testing,2.266385316848755,2.2606563568115234,0.005728960037231445
2525,TH0032AV/viewpoint_simulated_39_surface1.pcd,Testing,2.2062337398529053,2.216064691543579,0.009830951690673828
2526,TH0032AV/viewpoint_simulated_4_surface1.pcd,Testing,2.2957427501678467,2.1175739765167236,0.17816877365112305
2527,TH0032AV/viewpoint_simulated_40_surface1.pcd,Testing,2.3515465259552,2.2513654232025146,0.10018110275268555
2528,TH0032AV/viewpoint_simulated_41_surface1.pcd,Testing,2.284986734390259,2.2336618900299072,0.05132484436035156
2529,TH0032AV/viewpoint_simulated_42_surface1.pcd,Testing,2.3249056339263916,2.2900238037109375,0.0348818302154541
2530,TH0032AV/viewpoint_simulated_43_surface1.pcd,Testing,2.2782044410705566,2.2982308864593506,0.020026445388793945
2531,TH0032AV/viewpoint_simulated_44_surface1.pcd,Testing,2.3820555210113525,2.4161624908447266,0.03410696983337402
2532,TH0032AV/viewpoint_simulated_45_surface1.pcd,Testing,2.2457001209259033,2.2199251651763916,0.02577495574951172
2533,TH0032AV/viewpoint_simulated_46_surface1.pcd,Testing,2.3327064514160156,2.2634756565093994,0.06923079490661621
2534,TH0032AV/viewpoint_simulated_47_surface1.pcd,Testing,2.4205029010772705,2.3664090633392334,0.05409383773803711
2535,TH0032AV/viewpoint_simulated_48_surface1.pcd,Testing,2.2310945987701416,2.3163020610809326,0.08520746231079102
2536,TH0032AV/viewpoint_simulated_49_surface1.pcd,Testing,2.265371561050415,2.1933162212371826,0.07205533981323242
2537,TH0032AV/viewpoint_simulated_5_surface1.pcd,Testing,2.2877581119537354,2.2856109142303467,0.002147197723388672
2538,TH0032AV/viewpoint_simulated_50_surface1.pcd,Testing,2.29561185836792,2.2238872051239014,0.07172465324401855
2539,TH0032AV/viewpoint_simulated_51_surface1.pcd,Testing,2.316535472869873,2.179924488067627,0.1366109848022461
2540,TH0032AV/viewpoint_simulated_52_surface1.pcd,Testing,2.3010120391845703,2.222057580947876,0.07895445823669434
2541,TH0032AV/viewpoint_simulated_53_surface1.pcd,Testing,2.2621116638183594,2.1532318592071533,0.10887980461120605
2542,TH0032AV/viewpoint_simulated_54_surface1.pcd,Testing,2.3178722858428955,2.3426265716552734,0.02475428581237793
2543,TH0032AV/viewpoint_simulated_55_surface1.pcd,Testing,2.2176156044006348,2.2370564937591553,0.019440889358520508
2544,TH0032AV/viewpoint_simulated_56_surface1.pcd,Testing,2.219670057296753,2.2731239795684814,0.053453922271728516
2545,TH0032AV/viewpoint_simulated_57_surface1.pcd,Testing,2.127856492996216,2.1946065425872803,0.06675004959106445
2546,TH0032AV/viewpoint_simulated_58_surface1.pcd,Testing,2.2836661338806152,2.2647430896759033,0.018923044204711914
2547,TH0032AV/viewpoint_simulated_59_surface1.pcd,Testing,2.3749642372131348,2.404750347137451,0.029786109924316406
2548,TH0032AV/viewpoint_simulated_6_surface1.pcd,Testing,2.168808698654175,2.3084864616394043,0.1396777629852295
2549,TH0032AV/viewpoint_simulated_60_surface1.pcd,Testing,2.312502145767212,2.2186696529388428,0.09383249282836914
2550,TH0032AV/viewpoint_simulated_61_surface1.pcd,Testing,2.2259836196899414,2.261742115020752,0.03575849533081055
2551,TH0032AV/viewpoint_simulated_62_surface1.pcd,Testing,2.3174471855163574,2.2778732776641846,0.03957390785217285
2552,TH0032AV/viewpoint_simulated_63_surface1.pcd,Testing,2.293436288833618,2.1458821296691895,0.1475541591644287
2553,TH0032AV/viewpoint_simulated_64_surface1.pcd,Testing,2.3193373680114746,2.2057697772979736,0.11356759071350098
2554,TH0032AV/viewpoint_simulated_65_surface1.pcd,Testing,2.1600539684295654,2.1257317066192627,0.034322261810302734
2555,TH0032AV/viewpoint_simulated_66_surface1.pcd,Testing,2.225940227508545,2.2983577251434326,0.0724174976348877
2556,TH0032AV/viewpoint_simulated_67_surface1.pcd,Testing,2.3194339275360107,2.2633464336395264,0.056087493896484375
2557,TH0032AV/viewpoint_simulated_68_surface1.pcd,Testing,2.2656986713409424,2.2057807445526123,0.05991792678833008
2558,TH0032AV/viewpoint_simulated_69_surface1.pcd,Testing,2.2583396434783936,2.2300102710723877,0.02832937240600586
2559,TH0032AV/viewpoint_simulated_7_surface1.pcd,Testing,2.297084093093872,2.320098638534546,0.023014545440673828
2560,TH0032AV/viewpoint_simulated_70_surface1.pcd,Testing,2.1493704319000244,2.2476603984832764,0.09828996658325195
2561,TH0032AV/viewpoint_simulated_71_surface1.pcd,Testing,2.2924892902374268,2.3643009662628174,0.07181167602539062
2562,TH0032AV/viewpoint_simulated_72_surface1.pcd,Testing,2.1208574771881104,2.194148063659668,0.07329058647155762
2563,TH0032AV/viewpoint_simulated_73_surface1.pcd,Testing,2.2458460330963135,2.1402981281280518,0.10554790496826172
2564,TH0032AV/viewpoint_simulated_74_surface1.pcd,Testing,2.1684250831604004,2.0915162563323975,0.07690882682800293
2565,TH0032AV/viewpoint_simulated_75_surface1.pcd,Testing,2.2525084018707275,2.1106088161468506,0.14189958572387695
2566,TH0032AV/viewpoint_simulated_76_surface1.pcd,Testing,2.2281007766723633,2.0914146900177,0.13668608665466309
2567,TH0032AV/viewpoint_simulated_77_surface1.pcd,Testing,2.3417530059814453,2.2813427448272705,0.060410261154174805
2568,TH0032AV/viewpoint_simulated_78_surface1.pcd,Testing,2.2050156593322754,2.295010566711426,0.08999490737915039
2569,TH0032AV/viewpoint_simulated_79_surface1.pcd,Testing,2.130244731903076,2.328533411026001,0.1982886791229248
2570,TH0032AV/viewpoint_simulated_8_surface1.pcd,Testing,2.3260087966918945,2.3143486976623535,0.011660099029541016
2571,TH0032AV/viewpoint_simulated_80_surface1.pcd,Testing,2.362363338470459,2.2942066192626953,0.06815671920776367
2572,TH0032AV/viewpoint_simulated_81_surface1.pcd,Testing,2.384193181991577,2.3437764644622803,0.040416717529296875
2573,TH0032AV/viewpoint_simulated_82_surface1.pcd,Testing,2.1600615978240967,2.336615562438965,0.17655396461486816
2574,TH0032AV/viewpoint_simulated_83_surface1.pcd,Testing,2.19746470451355,2.261212110519409,0.06374740600585938
2575,TH0032AV/viewpoint_simulated_84_surface1.pcd,Testing,2.3781580924987793,2.194126844406128,0.18403124809265137
2576,TH0032AV/viewpoint_simulated_85_surface1.pcd,Testing,2.2206242084503174,2.1453945636749268,0.07522964477539062
2577,TH0032AV/viewpoint_simulated_86_surface1.pcd,Testing,2.1844725608825684,2.1009814739227295,0.08349108695983887
2578,TH0032AV/viewpoint_simulated_87_surface1.pcd,Testing,2.194805145263672,2.1752712726593018,0.019533872604370117
2579,TH0032AV/viewpoint_simulated_88_surface1.pcd,Testing,2.139195680618286,2.2225191593170166,0.08332347869873047
2580,TH0032AV/viewpoint_simulated_89_surface1.pcd,Testing,2.1137888431549072,2.2150681018829346,0.10127925872802734
2581,TH0032AV/viewpoint_simulated_9_surface1.pcd,Testing,2.201282501220703,2.2953102588653564,0.09402775764465332
2582,TH0032AV/viewpoint_simulated_90_surface1.pcd,Testing,2.232248544692993,2.2763969898223877,0.04414844512939453
2583,TH0032AV/viewpoint_simulated_91_surface1.pcd,Testing,2.1969146728515625,2.26589035987854,0.06897568702697754
2584,TH0032AV/viewpoint_simulated_92_surface1.pcd,Testing,2.2772483825683594,2.352527379989624,0.07527899742126465
2585,TH0032AV/viewpoint_simulated_93_surface1.pcd,Testing,2.246788501739502,2.254997968673706,0.008209466934204102
2586,TH0032AV/viewpoint_simulated_94_surface1.pcd,Testing,2.258662462234497,2.30230975151062,0.04364728927612305
2587,TH0032AV/viewpoint_simulated_95_surface1.pcd,Testing,2.2699031829833984,2.2157466411590576,0.05415654182434082
2588,TH0032AV/viewpoint_simulated_96_surface1.pcd,Testing,2.3912088871002197,2.191493511199951,0.19971537590026855
2589,TH0032AV/viewpoint_simulated_97_surface1.pcd,Testing,2.1754720211029053,2.103642702102661,0.07182931900024414
2590,TH0032AV/viewpoint_simulated_98_surface1.pcd,Testing,2.3231611251831055,2.268714189529419,0.05444693565368652
2591,TH0032AV/viewpoint_simulated_99_surface1.pcd,Testing,2.3181517124176025,2.2365071773529053,0.08164453506469727
