Original_Index,Filename,Split,GroundTruth_CD,Predicted_CD,Error
0,TH0011AV/viewpoint_simulated_0_surface0.pcd,Testing,1.9355298280715942,2.034679651260376,0.09914982318878174
1,TH0011AV/viewpoint_simulated_1_surface0.pcd,Testing,1.9770139455795288,2.0067784786224365,0.029764533042907715
2,TH0011AV/viewpoint_simulated_10_surface0.pcd,Testing,1.9674052000045776,2.0904428958892822,0.12303769588470459
3,TH0011AV/viewpoint_simulated_100_surface0.pcd,Testing,1.8672890663146973,2.09045147895813,0.22316241264343262
4,TH0011AV/viewpoint_simulated_101_surface0.pcd,Testing,2.117499351501465,2.120252847671509,0.0027534961700439453
5,TH0011AV/viewpoint_simulated_102_surface0.pcd,Testing,1.8861879110336304,2.1722631454467773,0.286075234413147
6,TH0011AV/viewpoint_simulated_103_surface0.pcd,Testing,2.034348726272583,2.1698546409606934,0.13550591468811035
7,TH0011AV/viewpoint_simulated_104_surface0.pcd,Testing,1.9759246110916138,2.1461570262908936,0.17023241519927979
8,TH0011AV/viewpoint_simulated_105_surface0.pcd,Testing,2.0318539142608643,2.1327672004699707,0.10091328620910645
9,TH0011AV/viewpoint_simulated_106_surface0.pcd,Testing,1.931296706199646,2.0704433917999268,0.13914668560028076
10,TH0011AV/viewpoint_simulated_107_surface0.pcd,Testing,2.0434515476226807,2.0602705478668213,0.016819000244140625
11,TH0011AV/viewpoint_simulated_108_surface0.pcd,Testing,1.9618196487426758,2.0311193466186523,0.06929969787597656
12,TH0011AV/viewpoint_simulated_109_surface0.pcd,Testing,2.0251455307006836,2.0199668407440186,0.005178689956665039
13,TH0011AV/viewpoint_simulated_11_surface0.pcd,Testing,1.875463604927063,2.0659902095794678,0.19052660465240479
14,TH0011AV/viewpoint_simulated_110_surface0.pcd,Testing,2.001664400100708,2.0277061462402344,0.026041746139526367
15,TH0011AV/viewpoint_simulated_111_surface0.pcd,Testing,1.8420504331588745,2.1084697246551514,0.26641929149627686
16,TH0011AV/viewpoint_simulated_112_surface0.pcd,Testing,2.0406370162963867,2.1152894496917725,0.07465243339538574
17,TH0011AV/viewpoint_simulated_113_surface0.pcd,Testing,1.9109210968017578,2.1768555641174316,0.26593446731567383
18,TH0011AV/viewpoint_simulated_114_surface0.pcd,Testing,2.0433013439178467,2.2220609188079834,0.17875957489013672
19,TH0011AV/viewpoint_simulated_115_surface0.pcd,Testing,1.8807566165924072,2.1740241050720215,0.29326748847961426
20,TH0011AV/viewpoint_simulated_116_surface0.pcd,Testing,1.8776887655258179,2.1967575550079346,0.3190687894821167
21,TH0011AV/viewpoint_simulated_117_surface0.pcd,Testing,2.0316989421844482,2.156039237976074,0.12434029579162598
22,TH0011AV/viewpoint_simulated_118_surface0.pcd,Testing,2.084805965423584,2.084169626235962,0.0006363391876220703
23,TH0011AV/viewpoint_simulated_119_surface0.pcd,Testing,1.947702407836914,2.0721569061279297,0.12445449829101562
24,TH0011AV/viewpoint_simulated_12_surface0.pcd,Testing,2.0848960876464844,2.047558546066284,0.037337541580200195
25,TH0011AV/viewpoint_simulated_120_surface0.pcd,Testing,2.050997734069824,2.0312159061431885,0.019781827926635742
26,TH0011AV/viewpoint_simulated_121_surface0.pcd,Testing,2.108799457550049,2.0323140621185303,0.07648539543151855
27,TH0011AV/viewpoint_simulated_122_surface0.pcd,Testing,2.0006039142608643,2.0130670070648193,0.012463092803955078
28,TH0011AV/viewpoint_simulated_123_surface0.pcd,Testing,1.9685859680175781,2.1136443614959717,0.14505839347839355
29,TH0011AV/viewpoint_simulated_124_surface0.pcd,Testing,2.0277163982391357,2.123281717300415,0.0955653190612793
30,TH0011AV/viewpoint_simulated_125_surface0.pcd,Testing,2.0990817546844482,2.1979000568389893,0.09881830215454102
31,TH0011AV/viewpoint_simulated_126_surface0.pcd,Testing,1.9572714567184448,2.2037479877471924,0.24647653102874756
32,TH0011AV/viewpoint_simulated_127_surface0.pcd,Testing,2.074323892593384,2.1857450008392334,0.11142110824584961
33,TH0011AV/viewpoint_simulated_128_surface0.pcd,Testing,1.935192584991455,2.240264654159546,0.3050720691680908
34,TH0011AV/viewpoint_simulated_129_surface0.pcd,Testing,2.1946349143981934,2.1545233726501465,0.040111541748046875
35,TH0011AV/viewpoint_simulated_13_surface0.pcd,Testing,1.9700278043746948,1.985724687576294,0.01569688320159912
36,TH0011AV/viewpoint_simulated_130_surface0.pcd,Testing,2.0540623664855957,2.0678913593292236,0.01382899284362793
37,TH0011AV/viewpoint_simulated_131_surface0.pcd,Testing,2.049192190170288,2.039771318435669,0.00942087173461914
38,TH0011AV/viewpoint_simulated_132_surface0.pcd,Testing,2.1159286499023438,2.047229766845703,0.06869888305664062
39,TH0011AV/viewpoint_simulated_133_surface0.pcd,Testing,2.058534622192383,2.0375328063964844,0.021001815795898438
40,TH0011AV/viewpoint_simulated_134_surface0.pcd,Testing,2.1514079570770264,2.04184889793396,0.1095590591430664
41,TH0011AV/viewpoint_simulated_135_surface0.pcd,Testing,2.0168585777282715,2.1379668712615967,0.1211082935333252
42,TH0011AV/viewpoint_simulated_136_surface0.pcd,Testing,1.9913688898086548,2.115779161453247,0.12441027164459229
43,TH0011AV/viewpoint_simulated_137_surface0.pcd,Testing,2.0655453205108643,2.1947805881500244,0.12923526763916016
44,TH0011AV/viewpoint_simulated_138_surface0.pcd,Testing,2.0022099018096924,2.162079334259033,0.15986943244934082
45,TH0011AV/viewpoint_simulated_139_surface0.pcd,Testing,2.2533915042877197,2.1008031368255615,0.1525883674621582
46,TH0011AV/viewpoint_simulated_14_surface0.pcd,Testing,1.892008900642395,1.9760479927062988,0.08403909206390381
47,TH0011AV/viewpoint_simulated_140_surface0.pcd,Testing,1.9695346355438232,2.2355947494506836,0.26606011390686035
48,TH0011AV/viewpoint_simulated_141_surface0.pcd,Testing,2.042698860168457,2.162506341934204,0.11980748176574707
49,TH0011AV/viewpoint_simulated_142_surface0.pcd,Testing,2.0102336406707764,2.0933034420013428,0.0830698013305664
50,TH0011AV/viewpoint_simulated_143_surface0.pcd,Testing,2.1004676818847656,2.0407392978668213,0.059728384017944336
51,TH0011AV/viewpoint_simulated_144_surface0.pcd,Testing,2.006131649017334,2.0181798934936523,0.01204824447631836
52,TH0011AV/viewpoint_simulated_145_surface0.pcd,Testing,1.9514628648757935,2.0050206184387207,0.053557753562927246
53,TH0011AV/viewpoint_simulated_146_surface0.pcd,Testing,2.113335609436035,2.017993927001953,0.09534168243408203
54,TH0011AV/viewpoint_simulated_147_surface0.pcd,Testing,1.9165773391723633,2.044853925704956,0.12827658653259277
55,TH0011AV/viewpoint_simulated_148_surface0.pcd,Testing,2.0958950519561768,2.060366153717041,0.03552889823913574
56,TH0011AV/viewpoint_simulated_149_surface0.pcd,Testing,1.9667502641677856,2.09863543510437,0.13188517093658447
57,TH0011AV/viewpoint_simulated_15_surface0.pcd,Testing,1.9356595277786255,2.0632853507995605,0.12762582302093506
58,TH0011AV/viewpoint_simulated_150_surface0.pcd,Testing,1.9940435886383057,2.093898057937622,0.0998544692993164
59,TH0011AV/viewpoint_simulated_151_surface0.pcd,Testing,1.9984447956085205,2.1129751205444336,0.11453032493591309
60,TH0011AV/viewpoint_simulated_152_surface0.pcd,Testing,1.799974799156189,2.106893301010132,0.30691850185394287
61,TH0011AV/viewpoint_simulated_153_surface0.pcd,Testing,1.9991445541381836,2.105778217315674,0.10663366317749023
62,TH0011AV/viewpoint_simulated_154_surface0.pcd,Testing,2.15869402885437,2.092440366744995,0.066253662109375
63,TH0011AV/viewpoint_simulated_155_surface0.pcd,Testing,1.8978264331817627,2.0513784885406494,0.15355205535888672
64,TH0011AV/viewpoint_simulated_156_surface0.pcd,Testing,2.036184549331665,2.0471279621124268,0.010943412780761719
65,TH0011AV/viewpoint_simulated_157_surface0.pcd,Testing,1.9893946647644043,1.973505973815918,0.015888690948486328
66,TH0011AV/viewpoint_simulated_158_surface0.pcd,Testing,1.9742357730865479,1.9882152080535889,0.013979434967041016
67,TH0011AV/viewpoint_simulated_159_surface0.pcd,Testing,1.8869266510009766,2.0407650470733643,0.1538383960723877
68,TH0011AV/viewpoint_simulated_16_surface0.pcd,Testing,2.065858840942383,2.075620651245117,0.009761810302734375
69,TH0011AV/viewpoint_simulated_160_surface0.pcd,Testing,2.072878837585449,2.0554864406585693,0.017392396926879883
70,TH0011AV/viewpoint_simulated_161_surface0.pcd,Testing,1.9847068786621094,2.1157398223876953,0.13103294372558594
71,TH0011AV/viewpoint_simulated_162_surface0.pcd,Testing,1.9177618026733398,2.122872829437256,0.20511102676391602
72,TH0011AV/viewpoint_simulated_163_surface0.pcd,Testing,2.035057544708252,2.1265881061553955,0.09153056144714355
73,TH0011AV/viewpoint_simulated_164_surface0.pcd,Testing,1.936188817024231,2.140909433364868,0.2047206163406372
74,TH0011AV/viewpoint_simulated_165_surface0.pcd,Testing,2.0421383380889893,2.123861789703369,0.08172345161437988
75,TH0011AV/viewpoint_simulated_166_surface0.pcd,Testing,2.0322389602661133,2.074737310409546,0.04249835014343262
76,TH0011AV/viewpoint_simulated_167_surface0.pcd,Testing,1.9527426958084106,2.053521156311035,0.10077846050262451
77,TH0011AV/viewpoint_simulated_168_surface0.pcd,Testing,1.938265323638916,2.0251550674438477,0.08688974380493164
78,TH0011AV/viewpoint_simulated_169_surface0.pcd,Testing,1.9961490631103516,1.9567780494689941,0.03937101364135742
79,TH0011AV/viewpoint_simulated_17_surface0.pcd,Testing,2.027589797973633,2.102947950363159,0.07535815238952637
80,TH0011AV/viewpoint_simulated_170_surface0.pcd,Testing,2.028001546859741,1.9536831378936768,0.07431840896606445
81,TH0011AV/viewpoint_simulated_171_surface0.pcd,Testing,2.06778883934021,2.0656206607818604,0.0021681785583496094
82,TH0011AV/viewpoint_simulated_172_surface0.pcd,Testing,1.9702318906784058,2.0924015045166016,0.1221696138381958
83,TH0011AV/viewpoint_simulated_173_surface0.pcd,Testing,2.046069860458374,2.1148858070373535,0.06881594657897949
84,TH0011AV/viewpoint_simulated_174_surface0.pcd,Testing,2.1173288822174072,2.1489851474761963,0.03165626525878906
85,TH0011AV/viewpoint_simulated_175_surface0.pcd,Testing,1.9745155572891235,2.1389124393463135,0.16439688205718994
86,TH0011AV/viewpoint_simulated_176_surface0.pcd,Testing,2.033698320388794,2.1540472507476807,0.12034893035888672
87,TH0011AV/viewpoint_simulated_177_surface0.pcd,Testing,2.0332834720611572,2.1429154872894287,0.10963201522827148
88,TH0011AV/viewpoint_simulated_178_surface0.pcd,Testing,1.9826925992965698,2.0881974697113037,0.10550487041473389
89,TH0011AV/viewpoint_simulated_179_surface0.pcd,Testing,1.991429328918457,2.0713584423065186,0.07992911338806152
90,TH0011AV/viewpoint_simulated_18_surface0.pcd,Testing,2.0397801399230957,2.1120455265045166,0.0722653865814209
91,TH0011AV/viewpoint_simulated_180_surface0.pcd,Testing,1.9265965223312378,2.0334672927856445,0.10687077045440674
92,TH0011AV/viewpoint_simulated_181_surface0.pcd,Testing,2.016444683074951,1.9781906604766846,0.0382540225982666
93,TH0011AV/viewpoint_simulated_182_surface0.pcd,Testing,1.9737446308135986,1.9930477142333984,0.019303083419799805
94,TH0011AV/viewpoint_simulated_183_surface0.pcd,Testing,1.8805410861968994,2.112252950668335,0.23171186447143555
95,TH0011AV/viewpoint_simulated_184_surface0.pcd,Testing,2.029280662536621,2.0852489471435547,0.055968284606933594
96,TH0011AV/viewpoint_simulated_185_surface0.pcd,Testing,2.076019287109375,2.204010486602783,0.1279911994934082
97,TH0011AV/viewpoint_simulated_186_surface0.pcd,Testing,1.976700782775879,2.2185113430023193,0.24181056022644043
98,TH0011AV/viewpoint_simulated_187_surface0.pcd,Testing,1.9098095893859863,2.234236478805542,0.32442688941955566
99,TH0011AV/viewpoint_simulated_188_surface0.pcd,Testing,1.9717700481414795,2.1469027996063232,0.17513275146484375
100,TH0011AV/viewpoint_simulated_189_surface0.pcd,Testing,1.860074758529663,2.1532509326934814,0.29317617416381836
101,TH0011AV/viewpoint_simulated_19_surface0.pcd,Testing,1.8666603565216064,2.1234707832336426,0.25681042671203613
102,TH0011AV/viewpoint_simulated_190_surface0.pcd,Testing,1.9866222143173218,2.063563108444214,0.07694089412689209
103,TH0011AV/viewpoint_simulated_191_surface0.pcd,Testing,1.9579150676727295,2.0789127349853516,0.12099766731262207
104,TH0011AV/viewpoint_simulated_192_surface0.pcd,Testing,2.09057354927063,2.046834945678711,0.043738603591918945
105,TH0011AV/viewpoint_simulated_193_surface0.pcd,Testing,2.1304380893707275,2.008526563644409,0.12191152572631836
106,TH0011AV/viewpoint_simulated_194_surface0.pcd,Testing,2.1427323818206787,2.057542562484741,0.0851898193359375
107,TH0011AV/viewpoint_simulated_195_surface0.pcd,Testing,2.002973794937134,2.1208276748657227,0.11785387992858887
108,TH0011AV/viewpoint_simulated_196_surface0.pcd,Testing,2.05670428276062,2.1074717044830322,0.05076742172241211
109,TH0011AV/viewpoint_simulated_197_surface0.pcd,Testing,2.0355918407440186,2.196199417114258,0.16060757637023926
110,TH0011AV/viewpoint_simulated_198_surface0.pcd,Testing,1.9544174671173096,2.2124533653259277,0.25803589820861816
111,TH0011AV/viewpoint_simulated_199_surface0.pcd,Testing,2.053032636642456,2.1831257343292236,0.13009309768676758
112,TH0011AV/viewpoint_simulated_2_surface0.pcd,Testing,1.9316109418869019,2.0348989963531494,0.10328805446624756
113,TH0011AV/viewpoint_simulated_20_surface0.pcd,Testing,1.9720864295959473,2.154299020767212,0.18221259117126465
114,TH0011AV/viewpoint_simulated_200_surface0.pcd,Testing,2.025935411453247,2.1875503063201904,0.16161489486694336
115,TH0011AV/viewpoint_simulated_201_surface0.pcd,Testing,2.075834274291992,2.120961904525757,0.04512763023376465
116,TH0011AV/viewpoint_simulated_202_surface0.pcd,Testing,2.0480713844299316,2.087061882019043,0.03899049758911133
117,TH0011AV/viewpoint_simulated_203_surface0.pcd,Testing,2.009272336959839,2.0372912883758545,0.028018951416015625
118,TH0011AV/viewpoint_simulated_204_surface0.pcd,Testing,2.0782055854797363,2.061793327331543,0.01641225814819336
119,TH0011AV/viewpoint_simulated_205_surface0.pcd,Testing,2.135572671890259,2.0402352809906006,0.0953373908996582
120,TH0011AV/viewpoint_simulated_206_surface0.pcd,Testing,2.088799238204956,2.0416228771209717,0.047176361083984375
121,TH0011AV/viewpoint_simulated_207_surface0.pcd,Testing,2.0899319648742676,2.132477283477783,0.042545318603515625
122,TH0011AV/viewpoint_simulated_208_surface0.pcd,Testing,2.0499417781829834,2.1042959690093994,0.054354190826416016
123,TH0011AV/viewpoint_simulated_209_surface0.pcd,Testing,2.0432958602905273,2.195568323135376,0.15227246284484863
124,TH0011AV/viewpoint_simulated_21_surface0.pcd,Testing,1.9265815019607544,2.110873222351074,0.18429172039031982
125,TH0011AV/viewpoint_simulated_210_surface0.pcd,Testing,2.0226776599884033,2.19220232963562,0.1695246696472168
126,TH0011AV/viewpoint_simulated_211_surface0.pcd,Testing,1.9939100742340088,2.1458399295806885,0.1519298553466797
127,TH0011AV/viewpoint_simulated_212_surface0.pcd,Testing,1.9598342180252075,2.235785722732544,0.2759515047073364
128,TH0011AV/viewpoint_simulated_213_surface0.pcd,Testing,1.9810093641281128,2.1526849269866943,0.17167556285858154
129,TH0011AV/viewpoint_simulated_214_surface0.pcd,Testing,2.0404341220855713,2.0751922130584717,0.03475809097290039
130,TH0011AV/viewpoint_simulated_215_surface0.pcd,Testing,1.9452091455459595,2.050729751586914,0.10552060604095459
131,TH0011AV/viewpoint_simulated_22_surface0.pcd,Testing,2.0086653232574463,2.063291311264038,0.0546259880065918
132,TH0011AV/viewpoint_simulated_23_surface0.pcd,Testing,1.9978793859481812,2.0595757961273193,0.061696410179138184
133,TH0011AV/viewpoint_simulated_24_surface0.pcd,Testing,1.9318149089813232,2.030104398727417,0.09828948974609375
134,TH0011AV/viewpoint_simulated_25_surface0.pcd,Testing,2.0681405067443848,1.9564149379730225,0.1117255687713623
135,TH0011AV/viewpoint_simulated_26_surface0.pcd,Testing,1.93267822265625,1.9713099002838135,0.03863167762756348
136,TH0011AV/viewpoint_simulated_27_surface0.pcd,Testing,1.9185250997543335,2.0785512924194336,0.1600261926651001
137,TH0011AV/viewpoint_simulated_28_surface0.pcd,Testing,1.9956303834915161,2.0967469215393066,0.10111653804779053
138,TH0011AV/viewpoint_simulated_29_surface0.pcd,Testing,2.137822389602661,2.117715358734131,0.020107030868530273
139,TH0011AV/viewpoint_simulated_3_surface0.pcd,Testing,2.089190721511841,2.0469157695770264,0.04227495193481445
140,TH0011AV/viewpoint_simulated_30_surface0.pcd,Testing,1.9705578088760376,2.182131767272949,0.21157395839691162
141,TH0011AV/viewpoint_simulated_31_surface0.pcd,Testing,1.9694494009017944,2.132927179336548,0.16347777843475342
142,TH0011AV/viewpoint_simulated_32_surface0.pcd,Testing,2.0439445972442627,2.17411732673645,0.1301727294921875
143,TH0011AV/viewpoint_simulated_33_surface0.pcd,Testing,2.084184169769287,2.152723550796509,0.06853938102722168
144,TH0011AV/viewpoint_simulated_34_surface0.pcd,Testing,2.0326550006866455,2.089292287826538,0.05663728713989258
145,TH0011AV/viewpoint_simulated_35_surface0.pcd,Testing,2.0723042488098145,2.1046712398529053,0.03236699104309082
146,TH0011AV/viewpoint_simulated_36_surface0.pcd,Testing,2.2304654121398926,2.0364396572113037,0.19402575492858887
147,TH0011AV/viewpoint_simulated_37_surface0.pcd,Testing,1.9722025394439697,1.9837590456008911,0.011556506156921387
148,TH0011AV/viewpoint_simulated_38_surface0.pcd,Testing,1.9836384057998657,2.0184288024902344,0.03479039669036865
149,TH0011AV/viewpoint_simulated_39_surface0.pcd,Testing,1.940015196800232,2.117767572402954,0.17775237560272217
150,TH0011AV/viewpoint_simulated_4_surface0.pcd,Testing,1.9515924453735352,2.0783276557922363,0.12673521041870117
151,TH0011AV/viewpoint_simulated_40_surface0.pcd,Testing,1.9279308319091797,2.1077897548675537,0.17985892295837402
152,TH0011AV/viewpoint_simulated_41_surface0.pcd,Testing,1.9171202182769775,2.173363447189331,0.2562432289123535
153,TH0011AV/viewpoint_simulated_42_surface0.pcd,Testing,1.9798917770385742,2.187394380569458,0.2075026035308838
154,TH0011AV/viewpoint_simulated_43_surface0.pcd,Testing,1.9644438028335571,2.1883063316345215,0.22386252880096436
155,TH0011AV/viewpoint_simulated_44_surface0.pcd,Testing,2.085979700088501,2.195638418197632,0.10965871810913086
156,TH0011AV/viewpoint_simulated_45_surface0.pcd,Testing,1.9218014478683472,2.167327404022217,0.24552595615386963
157,TH0011AV/viewpoint_simulated_46_surface0.pcd,Testing,2.030545234680176,2.077361583709717,0.046816349029541016
158,TH0011AV/viewpoint_simulated_47_surface0.pcd,Testing,1.953160285949707,2.0644285678863525,0.11126828193664551
159,TH0011AV/viewpoint_simulated_48_surface0.pcd,Testing,2.008021116256714,2.0412445068359375,0.03322339057922363
160,TH0011AV/viewpoint_simulated_49_surface0.pcd,Testing,2.0251145362854004,2.020108938217163,0.005005598068237305
161,TH0011AV/viewpoint_simulated_5_surface0.pcd,Testing,1.8803107738494873,2.0930981636047363,0.21278738975524902
162,TH0011AV/viewpoint_simulated_50_surface0.pcd,Testing,1.9349572658538818,2.0422518253326416,0.10729455947875977
163,TH0011AV/viewpoint_simulated_51_surface0.pcd,Testing,2.0698368549346924,2.1087114810943604,0.03887462615966797
164,TH0011AV/viewpoint_simulated_52_surface0.pcd,Testing,2.0417096614837646,2.114393949508667,0.07268428802490234
165,TH0011AV/viewpoint_simulated_53_surface0.pcd,Testing,2.0558605194091797,2.2209231853485107,0.16506266593933105
166,TH0011AV/viewpoint_simulated_54_surface0.pcd,Testing,1.904602289199829,2.2091386318206787,0.3045363426208496
167,TH0011AV/viewpoint_simulated_55_surface0.pcd,Testing,2.0924322605133057,2.1859166622161865,0.09348440170288086
168,TH0011AV/viewpoint_simulated_56_surface0.pcd,Testing,1.9165009260177612,2.22603178024292,0.3095308542251587
169,TH0011AV/viewpoint_simulated_57_surface0.pcd,Testing,1.9335535764694214,2.1334872245788574,0.19993364810943604
170,TH0011AV/viewpoint_simulated_58_surface0.pcd,Testing,2.0044381618499756,2.071751832962036,0.06731367111206055
171,TH0011AV/viewpoint_simulated_59_surface0.pcd,Testing,2.023759126663208,2.044719934463501,0.02096080780029297
172,TH0011AV/viewpoint_simulated_6_surface0.pcd,Testing,1.9616607427597046,2.1104657649993896,0.14880502223968506
173,TH0011AV/viewpoint_simulated_60_surface0.pcd,Testing,2.0883092880249023,2.0674378871917725,0.020871400833129883
174,TH0011AV/viewpoint_simulated_61_surface0.pcd,Testing,2.044757127761841,2.056840658187866,0.01208353042602539
175,TH0011AV/viewpoint_simulated_62_surface0.pcd,Testing,2.0747814178466797,2.0425069332122803,0.032274484634399414
176,TH0011AV/viewpoint_simulated_63_surface0.pcd,Testing,2.1458616256713867,2.1527812480926514,0.0069196224212646484
177,TH0011AV/viewpoint_simulated_64_surface0.pcd,Testing,2.124051809310913,2.14459490776062,0.02054309844970703
178,TH0011AV/viewpoint_simulated_65_surface0.pcd,Testing,1.8762989044189453,2.192877769470215,0.31657886505126953
179,TH0011AV/viewpoint_simulated_66_surface0.pcd,Testing,2.054567575454712,2.1502699851989746,0.0957024097442627
180,TH0011AV/viewpoint_simulated_67_surface0.pcd,Testing,2.0024971961975098,2.1159894466400146,0.11349225044250488
181,TH0011AV/viewpoint_simulated_68_surface0.pcd,Testing,2.0676498413085938,2.277853012084961,0.2102031707763672
182,TH0011AV/viewpoint_simulated_69_surface0.pcd,Testing,2.0326666831970215,2.169635534286499,0.13696885108947754
183,TH0011AV/viewpoint_simulated_7_surface0.pcd,Testing,1.8497097492218018,2.1152756214141846,0.2655658721923828
184,TH0011AV/viewpoint_simulated_70_surface0.pcd,Testing,1.9914592504501343,2.0806386470794678,0.0891793966293335
185,TH0011AV/viewpoint_simulated_71_surface0.pcd,Testing,1.9814586639404297,2.0722248554229736,0.09076619148254395
186,TH0011AV/viewpoint_simulated_72_surface0.pcd,Testing,1.8540823459625244,2.027520179748535,0.17343783378601074
187,TH0011AV/viewpoint_simulated_73_surface0.pcd,Testing,1.981850504875183,2.0119757652282715,0.03012526035308838
188,TH0011AV/viewpoint_simulated_74_surface0.pcd,Testing,1.9850715398788452,2.0164897441864014,0.03141820430755615
189,TH0011AV/viewpoint_simulated_75_surface0.pcd,Testing,1.8670138120651245,2.034921407699585,0.16790759563446045
190,TH0011AV/viewpoint_simulated_76_surface0.pcd,Testing,1.9379768371582031,2.0869383811950684,0.14896154403686523
191,TH0011AV/viewpoint_simulated_77_surface0.pcd,Testing,2.081779718399048,2.098447322845459,0.016667604446411133
192,TH0011AV/viewpoint_simulated_78_surface0.pcd,Testing,2.0226213932037354,2.0918772220611572,0.06925582885742188
193,TH0011AV/viewpoint_simulated_79_surface0.pcd,Testing,1.9952510595321655,2.139195442199707,0.1439443826675415
194,TH0011AV/viewpoint_simulated_8_surface0.pcd,Testing,1.9647074937820435,2.092203140258789,0.1274956464767456
195,TH0011AV/viewpoint_simulated_80_surface0.pcd,Testing,1.9990620613098145,2.096189260482788,0.09712719917297363
196,TH0011AV/viewpoint_simulated_81_surface0.pcd,Testing,2.041126012802124,2.103346109390259,0.062220096588134766
197,TH0011AV/viewpoint_simulated_82_surface0.pcd,Testing,2.0651214122772217,2.0791754722595215,0.014054059982299805
198,TH0011AV/viewpoint_simulated_83_surface0.pcd,Testing,1.9687294960021973,2.053062915802002,0.08433341979980469
199,TH0011AV/viewpoint_simulated_84_surface0.pcd,Testing,2.118514060974121,2.0581672191619873,0.06034684181213379
200,TH0011AV/viewpoint_simulated_85_surface0.pcd,Testing,1.9665179252624512,1.967853307723999,0.0013353824615478516
201,TH0011AV/viewpoint_simulated_86_surface0.pcd,Testing,1.9720628261566162,1.9886927604675293,0.016629934310913086
202,TH0011AV/viewpoint_simulated_87_surface0.pcd,Testing,1.964191198348999,2.0517566204071045,0.08756542205810547
203,TH0011AV/viewpoint_simulated_88_surface0.pcd,Testing,1.9798356294631958,2.0703485012054443,0.09051287174224854
204,TH0011AV/viewpoint_simulated_89_surface0.pcd,Testing,1.9563591480255127,2.1011455059051514,0.14478635787963867
205,TH0011AV/viewpoint_simulated_9_surface0.pcd,Testing,1.984969973564148,2.0925610065460205,0.10759103298187256
206,TH0011AV/viewpoint_simulated_90_surface0.pcd,Testing,1.9928370714187622,2.1197280883789062,0.12689101696014404
207,TH0011AV/viewpoint_simulated_91_surface0.pcd,Testing,2.0018599033355713,2.1501598358154297,0.1482999324798584
208,TH0011AV/viewpoint_simulated_92_surface0.pcd,Testing,2.002796173095703,2.139030694961548,0.13623452186584473
209,TH0011AV/viewpoint_simulated_93_surface0.pcd,Testing,2.0275847911834717,2.1400883197784424,0.1125035285949707
210,TH0011AV/viewpoint_simulated_94_surface0.pcd,Testing,1.9472159147262573,2.0857551097869873,0.13853919506072998
211,TH0011AV/viewpoint_simulated_95_surface0.pcd,Testing,1.859683871269226,2.0492827892303467,0.1895989179611206
212,TH0011AV/viewpoint_simulated_96_surface0.pcd,Testing,2.0808842182159424,2.0386431217193604,0.04224109649658203
213,TH0011AV/viewpoint_simulated_97_surface0.pcd,Testing,2.0958311557769775,1.9659318923950195,0.129899263381958
214,TH0011AV/viewpoint_simulated_98_surface0.pcd,Testing,2.186371088027954,2.006925582885742,0.17944550514221191
215,TH0011AV/viewpoint_simulated_99_surface0.pcd,Testing,2.022965908050537,2.073370933532715,0.050405025482177734
216,TH0011AV/viewpoint_simulated_0_surface1.pcd,Testing,2.128265380859375,2.1330525875091553,0.0047872066497802734
217,TH0011AV/viewpoint_simulated_1_surface1.pcd,Testing,2.131209135055542,2.138227701187134,0.007018566131591797
218,TH0011AV/viewpoint_simulated_10_surface1.pcd,Testing,2.212401866912842,2.098649740219116,0.11375212669372559
219,TH0011AV/viewpoint_simulated_100_surface1.pcd,Testing,2.146007776260376,2.251798391342163,0.10579061508178711
220,TH0011AV/viewpoint_simulated_101_surface1.pcd,Testing,2.1212058067321777,2.242985963821411,0.1217801570892334
221,TH0011AV/viewpoint_simulated_102_surface1.pcd,Testing,2.165198564529419,2.2885048389434814,0.1233062744140625
222,TH0011AV/viewpoint_simulated_103_surface1.pcd,Testing,2.1959822177886963,2.2728545665740967,0.07687234878540039
223,TH0011AV/viewpoint_simulated_104_surface1.pcd,Testing,2.113966703414917,2.3005530834198,0.1865863800048828
224,TH0011AV/viewpoint_simulated_105_surface1.pcd,Testing,2.1620240211486816,2.2912724018096924,0.12924838066101074
225,TH0011AV/viewpoint_simulated_106_surface1.pcd,Testing,2.0805349349975586,2.1862633228302,0.1057283878326416
226,TH0011AV/viewpoint_simulated_107_surface1.pcd,Testing,2.123145341873169,2.1169111728668213,0.006234169006347656
227,TH0011AV/viewpoint_simulated_108_surface1.pcd,Testing,2.198530673980713,2.1301963329315186,0.06833434104919434
228,TH0011AV/viewpoint_simulated_109_surface1.pcd,Testing,2.138434886932373,2.196739912033081,0.05830502510070801
229,TH0011AV/viewpoint_simulated_11_surface1.pcd,Testing,2.085387945175171,2.1115167140960693,0.026128768920898438
230,TH0011AV/viewpoint_simulated_110_surface1.pcd,Testing,2.1659786701202393,2.157505512237549,0.00847315788269043
231,TH0011AV/viewpoint_simulated_111_surface1.pcd,Testing,2.273636817932129,2.2432079315185547,0.03042888641357422
232,TH0011AV/viewpoint_simulated_112_surface1.pcd,Testing,2.1734619140625,2.261115312576294,0.08765339851379395
233,TH0011AV/viewpoint_simulated_113_surface1.pcd,Testing,2.1029818058013916,2.3124797344207764,0.20949792861938477
234,TH0011AV/viewpoint_simulated_114_surface1.pcd,Testing,2.1463022232055664,2.3868682384490967,0.24056601524353027
235,TH0011AV/viewpoint_simulated_115_surface1.pcd,Testing,2.119218587875366,2.447540521621704,0.3283219337463379
236,TH0011AV/viewpoint_simulated_116_surface1.pcd,Testing,2.2038590908050537,2.321812391281128,0.11795330047607422
237,TH0011AV/viewpoint_simulated_117_surface1.pcd,Testing,2.036015748977661,2.321042060852051,0.28502631187438965
238,TH0011AV/viewpoint_simulated_118_surface1.pcd,Testing,2.0614631175994873,2.2049098014831543,0.143446683883667
239,TH0011AV/viewpoint_simulated_119_surface1.pcd,Testing,2.3395798206329346,2.139263391494751,0.2003164291381836
240,TH0011AV/viewpoint_simulated_12_surface1.pcd,Testing,2.230900287628174,2.086540460586548,0.14435982704162598
241,TH0011AV/viewpoint_simulated_120_surface1.pcd,Testing,2.2577996253967285,2.2003462314605713,0.05745339393615723
242,TH0011AV/viewpoint_simulated_121_surface1.pcd,Testing,2.1517879962921143,2.1712234020233154,0.019435405731201172
243,TH0011AV/viewpoint_simulated_122_surface1.pcd,Testing,2.3015949726104736,2.212324857711792,0.08927011489868164
244,TH0011AV/viewpoint_simulated_123_surface1.pcd,Testing,2.13057541847229,2.290919780731201,0.16034436225891113
245,TH0011AV/viewpoint_simulated_124_surface1.pcd,Testing,2.1393818855285645,2.2824156284332275,0.14303374290466309
246,TH0011AV/viewpoint_simulated_125_surface1.pcd,Testing,2.1304643154144287,2.3081417083740234,0.17767739295959473
247,TH0011AV/viewpoint_simulated_126_surface1.pcd,Testing,2.1313490867614746,2.4052937030792236,0.273944616317749
248,TH0011AV/viewpoint_simulated_127_surface1.pcd,Testing,2.160454034805298,2.5010874271392822,0.3406333923339844
249,TH0011AV/viewpoint_simulated_128_surface1.pcd,Testing,2.2233526706695557,2.42045259475708,0.19709992408752441
250,TH0011AV/viewpoint_simulated_129_surface1.pcd,Testing,2.2151105403900146,2.267028570175171,0.05191802978515625
251,TH0011AV/viewpoint_simulated_13_surface1.pcd,Testing,2.089681386947632,2.1256697177886963,0.03598833084106445
252,TH0011AV/viewpoint_simulated_130_surface1.pcd,Testing,2.003007411956787,2.152261972427368,0.14925456047058105
253,TH0011AV/viewpoint_simulated_131_surface1.pcd,Testing,2.1502256393432617,2.1631386280059814,0.012912988662719727
254,TH0011AV/viewpoint_simulated_132_surface1.pcd,Testing,2.211101770401001,2.105026960372925,0.10607481002807617
255,TH0011AV/viewpoint_simulated_133_surface1.pcd,Testing,2.450852870941162,2.229407548904419,0.22144532203674316
256,TH0011AV/viewpoint_simulated_134_surface1.pcd,Testing,2.108729839324951,2.234950065612793,0.1262202262878418
257,TH0011AV/viewpoint_simulated_135_surface1.pcd,Testing,2.184128761291504,2.362684488296509,0.17855572700500488
258,TH0011AV/viewpoint_simulated_136_surface1.pcd,Testing,2.0904324054718018,2.379422426223755,0.2889900207519531
259,TH0011AV/viewpoint_simulated_137_surface1.pcd,Testing,2.223862886428833,2.210728645324707,0.013134241104125977
260,TH0011AV/viewpoint_simulated_138_surface1.pcd,Testing,2.2598979473114014,2.3266475200653076,0.06674957275390625
261,TH0011AV/viewpoint_simulated_139_surface1.pcd,Testing,2.105032205581665,2.4937632083892822,0.3887310028076172
262,TH0011AV/viewpoint_simulated_14_surface1.pcd,Testing,2.1290481090545654,2.059305191040039,0.06974291801452637
263,TH0011AV/viewpoint_simulated_140_surface1.pcd,Testing,2.273948907852173,2.4294605255126953,0.15551161766052246
264,TH0011AV/viewpoint_simulated_141_surface1.pcd,Testing,2.160475730895996,2.2486085891723633,0.08813285827636719
265,TH0011AV/viewpoint_simulated_142_surface1.pcd,Testing,2.142395496368408,2.2105047702789307,0.06810927391052246
266,TH0011AV/viewpoint_simulated_143_surface1.pcd,Testing,2.2157599925994873,2.159994125366211,0.05576586723327637
267,TH0011AV/viewpoint_simulated_144_surface1.pcd,Testing,2.216135263442993,2.08315110206604,0.13298416137695312
268,TH0011AV/viewpoint_simulated_145_surface1.pcd,Testing,2.0107622146606445,2.0993564128875732,0.08859419822692871
269,TH0011AV/viewpoint_simulated_146_surface1.pcd,Testing,2.1533334255218506,2.126448154449463,0.026885271072387695
270,TH0011AV/viewpoint_simulated_147_surface1.pcd,Testing,2.0754590034484863,2.1182477474212646,0.04278874397277832
271,TH0011AV/viewpoint_simulated_148_surface1.pcd,Testing,2.148822069168091,2.0803561210632324,0.0684659481048584
272,TH0011AV/viewpoint_simulated_149_surface1.pcd,Testing,2.1202569007873535,2.093391180038452,0.026865720748901367
273,TH0011AV/viewpoint_simulated_15_surface1.pcd,Testing,2.0516133308410645,2.1343038082122803,0.08269047737121582
274,TH0011AV/viewpoint_simulated_150_surface1.pcd,Testing,2.052278757095337,2.0978734493255615,0.04559469223022461
275,TH0011AV/viewpoint_simulated_151_surface1.pcd,Testing,2.230623483657837,2.12933611869812,0.1012873649597168
276,TH0011AV/viewpoint_simulated_152_surface1.pcd,Testing,2.232792615890503,2.1421258449554443,0.0906667709350586
277,TH0011AV/viewpoint_simulated_153_surface1.pcd,Testing,2.210880994796753,2.1707074642181396,0.04017353057861328
278,TH0011AV/viewpoint_simulated_154_surface1.pcd,Testing,2.1417620182037354,2.0701346397399902,0.07162737846374512
279,TH0011AV/viewpoint_simulated_155_surface1.pcd,Testing,2.011185884475708,2.104782819747925,0.0935969352722168
280,TH0011AV/viewpoint_simulated_156_surface1.pcd,Testing,2.2667219638824463,2.105705976486206,0.16101598739624023
281,TH0011AV/viewpoint_simulated_157_surface1.pcd,Testing,2.0979506969451904,2.1636226177215576,0.06567192077636719
282,TH0011AV/viewpoint_simulated_158_surface1.pcd,Testing,2.256802797317505,2.114342212677002,0.14246058464050293
283,TH0011AV/viewpoint_simulated_159_surface1.pcd,Testing,2.1284019947052,2.13769268989563,0.009290695190429688
284,TH0011AV/viewpoint_simulated_16_surface1.pcd,Testing,2.0381767749786377,2.1618258953094482,0.12364912033081055
285,TH0011AV/viewpoint_simulated_160_surface1.pcd,Testing,2.0907344818115234,2.179537534713745,0.08880305290222168
286,TH0011AV/viewpoint_simulated_161_surface1.pcd,Testing,2.1375555992126465,2.1697843074798584,0.032228708267211914
287,TH0011AV/viewpoint_simulated_162_surface1.pcd,Testing,2.060419797897339,2.194871425628662,0.13445162773132324
288,TH0011AV/viewpoint_simulated_163_surface1.pcd,Testing,2.010655641555786,2.1988508701324463,0.18819522857666016
289,TH0011AV/viewpoint_simulated_164_surface1.pcd,Testing,2.1044657230377197,2.2088184356689453,0.10435271263122559
290,TH0011AV/viewpoint_simulated_165_surface1.pcd,Testing,2.054051399230957,2.212564706802368,0.15851330757141113
291,TH0011AV/viewpoint_simulated_166_surface1.pcd,Testing,2.041137933731079,2.147960901260376,0.10682296752929688
292,TH0011AV/viewpoint_simulated_167_surface1.pcd,Testing,2.196462631225586,2.091804265975952,0.10465836524963379
293,TH0011AV/viewpoint_simulated_168_surface1.pcd,Testing,2.1786298751831055,2.107553720474243,0.0710761547088623
294,TH0011AV/viewpoint_simulated_169_surface1.pcd,Testing,2.0029006004333496,2.141566514968872,0.13866591453552246
295,TH0011AV/viewpoint_simulated_17_surface1.pcd,Testing,2.1857244968414307,2.1699604988098145,0.01576399803161621
296,TH0011AV/viewpoint_simulated_170_surface1.pcd,Testing,2.184394359588623,2.145477771759033,0.038916587829589844
297,TH0011AV/viewpoint_simulated_171_surface1.pcd,Testing,2.206857681274414,2.2181613445281982,0.01130366325378418
298,TH0011AV/viewpoint_simulated_172_surface1.pcd,Testing,2.1736106872558594,2.1940486431121826,0.020437955856323242
299,TH0011AV/viewpoint_simulated_173_surface1.pcd,Testing,2.0431277751922607,2.240931987762451,0.19780421257019043
300,TH0011AV/viewpoint_simulated_174_surface1.pcd,Testing,2.150425434112549,2.2772884368896484,0.1268630027770996
301,TH0011AV/viewpoint_simulated_175_surface1.pcd,Testing,2.0422286987304688,2.2841548919677734,0.2419261932373047
302,TH0011AV/viewpoint_simulated_176_surface1.pcd,Testing,2.192394256591797,2.2498981952667236,0.05750393867492676
303,TH0011AV/viewpoint_simulated_177_surface1.pcd,Testing,2.2468903064727783,2.2472786903381348,0.0003883838653564453
304,TH0011AV/viewpoint_simulated_178_surface1.pcd,Testing,2.1442818641662598,2.1242494583129883,0.020032405853271484
305,TH0011AV/viewpoint_simulated_179_surface1.pcd,Testing,2.219944477081299,2.061182737350464,0.15876173973083496
306,TH0011AV/viewpoint_simulated_18_surface1.pcd,Testing,2.266300678253174,2.185842514038086,0.08045816421508789
307,TH0011AV/viewpoint_simulated_180_surface1.pcd,Testing,2.0617258548736572,2.135657787322998,0.07393193244934082
308,TH0011AV/viewpoint_simulated_181_surface1.pcd,Testing,2.3197200298309326,2.2148149013519287,0.1049051284790039
309,TH0011AV/viewpoint_simulated_182_surface1.pcd,Testing,2.0948824882507324,2.186014175415039,0.09113168716430664
310,TH0011AV/viewpoint_simulated_183_surface1.pcd,Testing,2.192725658416748,2.202409029006958,0.009683370590209961
311,TH0011AV/viewpoint_simulated_184_surface1.pcd,Testing,2.0991501808166504,2.2863657474517822,0.18721556663513184
312,TH0011AV/viewpoint_simulated_185_surface1.pcd,Testing,2.130869150161743,2.3396859169006348,0.2088167667388916
313,TH0011AV/viewpoint_simulated_186_surface1.pcd,Testing,2.003338098526001,2.3712456226348877,0.3679075241088867
314,TH0011AV/viewpoint_simulated_187_surface1.pcd,Testing,2.215916633605957,2.413640260696411,0.1977236270904541
315,TH0011AV/viewpoint_simulated_188_surface1.pcd,Testing,2.1481282711029053,2.2992660999298096,0.1511378288269043
316,TH0011AV/viewpoint_simulated_189_surface1.pcd,Testing,2.230193853378296,2.254883050918579,0.024689197540283203
317,TH0011AV/viewpoint_simulated_19_surface1.pcd,Testing,2.2492520809173584,2.2524824142456055,0.0032303333282470703
318,TH0011AV/viewpoint_simulated_190_surface1.pcd,Testing,2.049405574798584,2.129870653152466,0.08046507835388184
319,TH0011AV/viewpoint_simulated_191_surface1.pcd,Testing,2.2623300552368164,2.128950834274292,0.13337922096252441
320,TH0011AV/viewpoint_simulated_192_surface1.pcd,Testing,2.2470862865448,2.118541955947876,0.12854433059692383
321,TH0011AV/viewpoint_simulated_193_surface1.pcd,Testing,2.156919240951538,2.1972267627716064,0.04030752182006836
322,TH0011AV/viewpoint_simulated_194_surface1.pcd,Testing,2.0699570178985596,2.229421377182007,0.15946435928344727
323,TH0011AV/viewpoint_simulated_195_surface1.pcd,Testing,2.2652740478515625,2.277926206588745,0.012652158737182617
324,TH0011AV/viewpoint_simulated_196_surface1.pcd,Testing,2.106006622314453,2.383880853652954,0.277874231338501
325,TH0011AV/viewpoint_simulated_197_surface1.pcd,Testing,2.07612943649292,2.38651442527771,0.31038498878479004
326,TH0011AV/viewpoint_simulated_198_surface1.pcd,Testing,2.1348085403442383,2.4486496448516846,0.3138411045074463
327,TH0011AV/viewpoint_simulated_199_surface1.pcd,Testing,2.2041592597961426,2.5575919151306152,0.35343265533447266
328,TH0011AV/viewpoint_simulated_2_surface1.pcd,Testing,2.082557439804077,2.1170103549957275,0.03445291519165039
329,TH0011AV/viewpoint_simulated_20_surface1.pcd,Testing,2.227741241455078,2.316932201385498,0.08919095993041992
330,TH0011AV/viewpoint_simulated_200_surface1.pcd,Testing,2.280627727508545,2.3179428577423096,0.03731513023376465
331,TH0011AV/viewpoint_simulated_201_surface1.pcd,Testing,2.292663097381592,2.281738519668579,0.010924577713012695
332,TH0011AV/viewpoint_simulated_202_surface1.pcd,Testing,2.1561691761016846,2.1253726482391357,0.030796527862548828
333,TH0011AV/viewpoint_simulated_203_surface1.pcd,Testing,2.2238399982452393,2.101102113723755,0.12273788452148438
334,TH0011AV/viewpoint_simulated_204_surface1.pcd,Testing,2.1009411811828613,2.1700642108917236,0.0691230297088623
335,TH0011AV/viewpoint_simulated_205_surface1.pcd,Testing,2.184000015258789,2.2400310039520264,0.056030988693237305
336,TH0011AV/viewpoint_simulated_206_surface1.pcd,Testing,2.1512303352355957,2.2527596950531006,0.10152935981750488
337,TH0011AV/viewpoint_simulated_207_surface1.pcd,Testing,2.094428300857544,2.375417709350586,0.280989408493042
338,TH0011AV/viewpoint_simulated_208_surface1.pcd,Testing,1.9791995286941528,2.389755964279175,0.410556435585022
339,TH0011AV/viewpoint_simulated_209_surface1.pcd,Testing,2.2969326972961426,2.3055779933929443,0.008645296096801758
340,TH0011AV/viewpoint_simulated_21_surface1.pcd,Testing,2.13454532623291,2.286593198776245,0.15204787254333496
341,TH0011AV/viewpoint_simulated_210_surface1.pcd,Testing,2.1034302711486816,2.4175565242767334,0.31412625312805176
342,TH0011AV/viewpoint_simulated_211_surface1.pcd,Testing,2.2399332523345947,2.4996490478515625,0.2597157955169678
343,TH0011AV/viewpoint_simulated_212_surface1.pcd,Testing,2.2425830364227295,2.3987669944763184,0.15618395805358887
344,TH0011AV/viewpoint_simulated_213_surface1.pcd,Testing,2.067472219467163,2.229701280593872,0.16222906112670898
345,TH0011AV/viewpoint_simulated_214_surface1.pcd,Testing,2.21688175201416,2.1781160831451416,0.038765668869018555
346,TH0011AV/viewpoint_simulated_215_surface1.pcd,Testing,2.0717194080352783,2.127526044845581,0.055806636810302734
347,TH0011AV/viewpoint_simulated_22_surface1.pcd,Testing,2.2060887813568115,2.179823637008667,0.02626514434814453
348,TH0011AV/viewpoint_simulated_23_surface1.pcd,Testing,2.0777475833892822,2.1167104244232178,0.03896284103393555
349,TH0011AV/viewpoint_simulated_24_surface1.pcd,Testing,2.225424289703369,2.1385977268218994,0.08682656288146973
350,TH0011AV/viewpoint_simulated_25_surface1.pcd,Testing,2.1070797443389893,2.184563398361206,0.0774836540222168
351,TH0011AV/viewpoint_simulated_26_surface1.pcd,Testing,2.1658413410186768,2.100778341293335,0.0650629997253418
352,TH0011AV/viewpoint_simulated_27_surface1.pcd,Testing,2.1091482639312744,2.1889398097991943,0.07979154586791992
353,TH0011AV/viewpoint_simulated_28_surface1.pcd,Testing,2.2555477619171143,2.2593700885772705,0.00382232666015625
354,TH0011AV/viewpoint_simulated_29_surface1.pcd,Testing,2.157567024230957,2.2583467960357666,0.10077977180480957
355,TH0011AV/viewpoint_simulated_3_surface1.pcd,Testing,2.0379040241241455,2.153369188308716,0.11546516418457031
356,TH0011AV/viewpoint_simulated_30_surface1.pcd,Testing,2.13580584526062,2.262139320373535,0.12633347511291504
357,TH0011AV/viewpoint_simulated_31_surface1.pcd,Testing,2.159146547317505,2.3369338512420654,0.17778730392456055
358,TH0011AV/viewpoint_simulated_32_surface1.pcd,Testing,2.271247148513794,2.2765872478485107,0.005340099334716797
359,TH0011AV/viewpoint_simulated_33_surface1.pcd,Testing,2.2050557136535645,2.2621238231658936,0.0570681095123291
360,TH0011AV/viewpoint_simulated_34_surface1.pcd,Testing,2.2109735012054443,2.1888492107391357,0.022124290466308594
361,TH0011AV/viewpoint_simulated_35_surface1.pcd,Testing,2.1493701934814453,2.1348085403442383,0.014561653137207031
362,TH0011AV/viewpoint_simulated_36_surface1.pcd,Testing,2.2233614921569824,2.1252834796905518,0.09807801246643066
363,TH0011AV/viewpoint_simulated_37_surface1.pcd,Testing,2.1426146030426025,2.185344696044922,0.042730093002319336
364,TH0011AV/viewpoint_simulated_38_surface1.pcd,Testing,2.0787954330444336,2.185405731201172,0.10661029815673828
365,TH0011AV/viewpoint_simulated_39_surface1.pcd,Testing,2.181842803955078,2.19401216506958,0.012169361114501953
366,TH0011AV/viewpoint_simulated_4_surface1.pcd,Testing,2.2050914764404297,2.117678165435791,0.08741331100463867
367,TH0011AV/viewpoint_simulated_40_surface1.pcd,Testing,2.1764018535614014,2.266383647918701,0.0899817943572998
368,TH0011AV/viewpoint_simulated_41_surface1.pcd,Testing,2.1651458740234375,2.285444736480713,0.12029886245727539
369,TH0011AV/viewpoint_simulated_42_surface1.pcd,Testing,2.0969135761260986,2.3706648349761963,0.27375125885009766
370,TH0011AV/viewpoint_simulated_43_surface1.pcd,Testing,2.2261524200439453,2.4644081592559814,0.23825573921203613
371,TH0011AV/viewpoint_simulated_44_surface1.pcd,Testing,2.0632855892181396,2.426539421081543,0.3632538318634033
372,TH0011AV/viewpoint_simulated_45_surface1.pcd,Testing,2.2462589740753174,2.334061861038208,0.08780288696289062
373,TH0011AV/viewpoint_simulated_46_surface1.pcd,Testing,2.1202609539031982,2.2345192432403564,0.1142582893371582
374,TH0011AV/viewpoint_simulated_47_surface1.pcd,Testing,2.1152267456054688,2.181424856185913,0.06619811058044434
375,TH0011AV/viewpoint_simulated_48_surface1.pcd,Testing,2.1665852069854736,2.105348825454712,0.06123638153076172
376,TH0011AV/viewpoint_simulated_49_surface1.pcd,Testing,2.0247642993927,2.147789239883423,0.12302494049072266
377,TH0011AV/viewpoint_simulated_5_surface1.pcd,Testing,2.0331668853759766,2.1029412746429443,0.06977438926696777
378,TH0011AV/viewpoint_simulated_50_surface1.pcd,Testing,2.0891213417053223,2.1837775707244873,0.09465622901916504
379,TH0011AV/viewpoint_simulated_51_surface1.pcd,Testing,2.2345376014709473,2.2157649993896484,0.018772602081298828
380,TH0011AV/viewpoint_simulated_52_surface1.pcd,Testing,2.2363240718841553,2.2791168689727783,0.04279279708862305
381,TH0011AV/viewpoint_simulated_53_surface1.pcd,Testing,2.2064380645751953,2.263633966445923,0.05719590187072754
382,TH0011AV/viewpoint_simulated_54_surface1.pcd,Testing,2.193399429321289,2.3498172760009766,0.1564178466796875
383,TH0011AV/viewpoint_simulated_55_surface1.pcd,Testing,2.259211540222168,2.5130093097686768,0.2537977695465088
384,TH0011AV/viewpoint_simulated_56_surface1.pcd,Testing,2.1149990558624268,2.4087209701538086,0.29372191429138184
385,TH0011AV/viewpoint_simulated_57_surface1.pcd,Testing,2.1827566623687744,2.3072495460510254,0.12449288368225098
386,TH0011AV/viewpoint_simulated_58_surface1.pcd,Testing,2.2517223358154297,2.157052755355835,0.09466958045959473
387,TH0011AV/viewpoint_simulated_59_surface1.pcd,Testing,2.2660834789276123,2.1889710426330566,0.07711243629455566
388,TH0011AV/viewpoint_simulated_6_surface1.pcd,Testing,2.171018362045288,2.084465265274048,0.08655309677124023
389,TH0011AV/viewpoint_simulated_60_surface1.pcd,Testing,2.237335205078125,2.1201794147491455,0.11715579032897949
390,TH0011AV/viewpoint_simulated_61_surface1.pcd,Testing,2.1641018390655518,2.2564516067504883,0.09234976768493652
391,TH0011AV/viewpoint_simulated_62_surface1.pcd,Testing,2.401526689529419,2.249108076095581,0.1524186134338379
392,TH0011AV/viewpoint_simulated_63_surface1.pcd,Testing,2.0864639282226562,2.3088173866271973,0.22235345840454102
393,TH0011AV/viewpoint_simulated_64_surface1.pcd,Testing,2.2404868602752686,2.3678250312805176,0.12733817100524902
394,TH0011AV/viewpoint_simulated_65_surface1.pcd,Testing,2.144279956817627,2.1918208599090576,0.047540903091430664
395,TH0011AV/viewpoint_simulated_66_surface1.pcd,Testing,2.1603708267211914,2.26971173286438,0.10934090614318848
396,TH0011AV/viewpoint_simulated_67_surface1.pcd,Testing,2.14784836769104,2.469968557357788,0.32212018966674805
397,TH0011AV/viewpoint_simulated_68_surface1.pcd,Testing,2.1207542419433594,2.4833202362060547,0.3625659942626953
398,TH0011AV/viewpoint_simulated_69_surface1.pcd,Testing,2.093841314315796,2.3034117221832275,0.20957040786743164
399,TH0011AV/viewpoint_simulated_7_surface1.pcd,Testing,2.034449815750122,2.135939598083496,0.10148978233337402
400,TH0011AV/viewpoint_simulated_70_surface1.pcd,Testing,2.2231502532958984,2.1732075214385986,0.049942731857299805
401,TH0011AV/viewpoint_simulated_71_surface1.pcd,Testing,2.164416551589966,2.168651819229126,0.004235267639160156
402,TH0011AV/viewpoint_simulated_72_surface1.pcd,Testing,2.1103649139404297,2.121277332305908,0.010912418365478516
403,TH0011AV/viewpoint_simulated_73_surface1.pcd,Testing,2.0554583072662354,2.137253999710083,0.08179569244384766
404,TH0011AV/viewpoint_simulated_74_surface1.pcd,Testing,2.130803346633911,2.12882924079895,0.0019741058349609375
405,TH0011AV/viewpoint_simulated_75_surface1.pcd,Testing,2.0454888343811035,2.115198850631714,0.06971001625061035
406,TH0011AV/viewpoint_simulated_76_surface1.pcd,Testing,2.163252592086792,2.1236300468444824,0.03962254524230957
407,TH0011AV/viewpoint_simulated_77_surface1.pcd,Testing,2.0621485710144043,2.1135175228118896,0.05136895179748535
408,TH0011AV/viewpoint_simulated_78_surface1.pcd,Testing,2.1052098274230957,2.085258722305298,0.01995110511779785
409,TH0011AV/viewpoint_simulated_79_surface1.pcd,Testing,2.064241886138916,2.0975677967071533,0.033325910568237305
410,TH0011AV/viewpoint_simulated_8_surface1.pcd,Testing,2.196697950363159,2.1403844356536865,0.056313514709472656
411,TH0011AV/viewpoint_simulated_80_surface1.pcd,Testing,2.1896204948425293,2.0930402278900146,0.09658026695251465
412,TH0011AV/viewpoint_simulated_81_surface1.pcd,Testing,2.1031367778778076,2.1783878803253174,0.07525110244750977
413,TH0011AV/viewpoint_simulated_82_surface1.pcd,Testing,2.1336865425109863,2.113557815551758,0.020128726959228516
414,TH0011AV/viewpoint_simulated_83_surface1.pcd,Testing,2.103111982345581,2.1215453147888184,0.018433332443237305
415,TH0011AV/viewpoint_simulated_84_surface1.pcd,Testing,2.1394131183624268,2.0907139778137207,0.048699140548706055
416,TH0011AV/viewpoint_simulated_85_surface1.pcd,Testing,2.1859934329986572,2.089006185531616,0.09698724746704102
417,TH0011AV/viewpoint_simulated_86_surface1.pcd,Testing,2.0472941398620605,2.0911009311676025,0.04380679130554199
418,TH0011AV/viewpoint_simulated_87_surface1.pcd,Testing,2.189892530441284,2.166025161743164,0.023867368698120117
419,TH0011AV/viewpoint_simulated_88_surface1.pcd,Testing,2.191833734512329,2.097144842147827,0.09468889236450195
420,TH0011AV/viewpoint_simulated_89_surface1.pcd,Testing,2.0516858100891113,2.1423180103302,0.09063220024108887
421,TH0011AV/viewpoint_simulated_9_surface1.pcd,Testing,2.208043098449707,2.203141927719116,0.00490117073059082
422,TH0011AV/viewpoint_simulated_90_surface1.pcd,Testing,2.0756051540374756,2.177079916000366,0.10147476196289062
423,TH0011AV/viewpoint_simulated_91_surface1.pcd,Testing,2.0422003269195557,2.2353670597076416,0.19316673278808594
424,TH0011AV/viewpoint_simulated_92_surface1.pcd,Testing,2.0491933822631836,2.194010019302368,0.14481663703918457
425,TH0011AV/viewpoint_simulated_93_surface1.pcd,Testing,2.1216955184936523,2.2183845043182373,0.09668898582458496
426,TH0011AV/viewpoint_simulated_94_surface1.pcd,Testing,2.250593423843384,2.182908296585083,0.06768512725830078
427,TH0011AV/viewpoint_simulated_95_surface1.pcd,Testing,2.1970109939575195,2.1042990684509277,0.0927119255065918
428,TH0011AV/viewpoint_simulated_96_surface1.pcd,Testing,2.152330160140991,2.1017425060272217,0.05058765411376953
429,TH0011AV/viewpoint_simulated_97_surface1.pcd,Testing,2.178673028945923,2.1925036907196045,0.01383066177368164
430,TH0011AV/viewpoint_simulated_98_surface1.pcd,Testing,2.254410743713379,2.121230363845825,0.1331803798675537
431,TH0011AV/viewpoint_simulated_99_surface1.pcd,Testing,2.2213408946990967,2.1785659790039062,0.04277491569519043
432,TH0012AV/viewpoint_simulated_0_surface0.pcd,Testing,1.9259791374206543,2.0512707233428955,0.1252915859222412
433,TH0012AV/viewpoint_simulated_1_surface0.pcd,Testing,1.9877233505249023,1.9949588775634766,0.007235527038574219
434,TH0012AV/viewpoint_simulated_10_surface0.pcd,Testing,2.0824904441833496,2.0455143451690674,0.03697609901428223
435,TH0012AV/viewpoint_simulated_100_surface0.pcd,Testing,1.9662419557571411,2.065469980239868,0.09922802448272705
436,TH0012AV/viewpoint_simulated_101_surface0.pcd,Testing,1.9829802513122559,2.091336965560913,0.10835671424865723
437,TH0012AV/viewpoint_simulated_102_surface0.pcd,Testing,1.9782536029815674,2.1123433113098145,0.13408970832824707
438,TH0012AV/viewpoint_simulated_103_surface0.pcd,Testing,2.021815299987793,2.1607143878936768,0.1388990879058838
439,TH0012AV/viewpoint_simulated_104_surface0.pcd,Testing,2.062898635864258,2.181324005126953,0.11842536926269531
440,TH0012AV/viewpoint_simulated_105_surface0.pcd,Testing,2.051703929901123,2.1376984119415283,0.08599448204040527
441,TH0012AV/viewpoint_simulated_106_surface0.pcd,Testing,1.9106673002243042,2.106886148452759,0.1962188482284546
442,TH0012AV/viewpoint_simulated_107_surface0.pcd,Testing,2.0153491497039795,2.0522243976593018,0.036875247955322266
443,TH0012AV/viewpoint_simulated_108_surface0.pcd,Testing,2.080624580383301,1.9667320251464844,0.1138925552368164
444,TH0012AV/viewpoint_simulated_109_surface0.pcd,Testing,2.106436014175415,1.9470939636230469,0.15934205055236816
445,TH0012AV/viewpoint_simulated_11_surface0.pcd,Testing,1.927385926246643,2.088031530380249,0.16064560413360596
446,TH0012AV/viewpoint_simulated_110_surface0.pcd,Testing,2.067739725112915,2.049036741256714,0.018702983856201172
447,TH0012AV/viewpoint_simulated_111_surface0.pcd,Testing,1.9901766777038574,2.1265969276428223,0.13642024993896484
448,TH0012AV/viewpoint_simulated_112_surface0.pcd,Testing,2.010408878326416,2.0749833583831787,0.0645744800567627
449,TH0012AV/viewpoint_simulated_113_surface0.pcd,Testing,2.082979440689087,2.1363885402679443,0.05340909957885742
450,TH0012AV/viewpoint_simulated_114_surface0.pcd,Testing,1.9351598024368286,2.193514823913574,0.2583550214767456
451,TH0012AV/viewpoint_simulated_115_surface0.pcd,Testing,2.017470359802246,2.216240644454956,0.19877028465270996
452,TH0012AV/viewpoint_simulated_116_surface0.pcd,Testing,2.048133611679077,2.2167418003082275,0.1686081886291504
453,TH0012AV/viewpoint_simulated_117_surface0.pcd,Testing,2.148111581802368,2.150951385498047,0.002839803695678711
454,TH0012AV/viewpoint_simulated_118_surface0.pcd,Testing,1.9592126607894897,2.057943820953369,0.0987311601638794
455,TH0012AV/viewpoint_simulated_119_surface0.pcd,Testing,1.982837438583374,2.026573657989502,0.04373621940612793
456,TH0012AV/viewpoint_simulated_12_surface0.pcd,Testing,1.9700392484664917,2.031041383743286,0.061002135276794434
457,TH0012AV/viewpoint_simulated_120_surface0.pcd,Testing,2.143881320953369,2.000903844833374,0.14297747611999512
458,TH0012AV/viewpoint_simulated_121_surface0.pcd,Testing,2.1045584678649902,1.9560577869415283,0.14850068092346191
459,TH0012AV/viewpoint_simulated_122_surface0.pcd,Testing,2.0581271648406982,2.0635716915130615,0.005444526672363281
460,TH0012AV/viewpoint_simulated_123_surface0.pcd,Testing,1.9759480953216553,2.1128718852996826,0.13692378997802734
461,TH0012AV/viewpoint_simulated_124_surface0.pcd,Testing,2.090810775756836,2.1207683086395264,0.02995753288269043
462,TH0012AV/viewpoint_simulated_125_surface0.pcd,Testing,2.023026943206787,2.1952836513519287,0.1722567081451416
463,TH0012AV/viewpoint_simulated_126_surface0.pcd,Testing,2.0078818798065186,2.2548890113830566,0.24700713157653809
464,TH0012AV/viewpoint_simulated_127_surface0.pcd,Testing,2.0498645305633545,2.288813829421997,0.23894929885864258
465,TH0012AV/viewpoint_simulated_128_surface0.pcd,Testing,2.002976894378662,2.232722520828247,0.22974562644958496
466,TH0012AV/viewpoint_simulated_129_surface0.pcd,Testing,2.042607069015503,2.12976336479187,0.08715629577636719
467,TH0012AV/viewpoint_simulated_13_surface0.pcd,Testing,2.0266377925872803,2.0045506954193115,0.02208709716796875
468,TH0012AV/viewpoint_simulated_130_surface0.pcd,Testing,2.0846188068389893,2.0520970821380615,0.032521724700927734
469,TH0012AV/viewpoint_simulated_131_surface0.pcd,Testing,2.0493860244750977,2.0424344539642334,0.006951570510864258
470,TH0012AV/viewpoint_simulated_132_surface0.pcd,Testing,2.0299277305603027,2.030142307281494,0.00021457672119140625
471,TH0012AV/viewpoint_simulated_133_surface0.pcd,Testing,2.10508394241333,1.9756073951721191,0.12947654724121094
472,TH0012AV/viewpoint_simulated_134_surface0.pcd,Testing,2.070194721221924,2.069242238998413,0.0009524822235107422
473,TH0012AV/viewpoint_simulated_135_surface0.pcd,Testing,2.1009626388549805,2.121546745300293,0.0205841064453125
474,TH0012AV/viewpoint_simulated_136_surface0.pcd,Testing,2.073953628540039,2.1352202892303467,0.06126666069030762
475,TH0012AV/viewpoint_simulated_137_surface0.pcd,Testing,2.093383550643921,2.2032053470611572,0.10982179641723633
476,TH0012AV/viewpoint_simulated_138_surface0.pcd,Testing,2.004432439804077,2.1844916343688965,0.18005919456481934
477,TH0012AV/viewpoint_simulated_139_surface0.pcd,Testing,2.0455570220947266,2.2050139904022217,0.15945696830749512
478,TH0012AV/viewpoint_simulated_14_surface0.pcd,Testing,2.006021499633789,1.9988172054290771,0.007204294204711914
479,TH0012AV/viewpoint_simulated_140_surface0.pcd,Testing,2.1282804012298584,2.2551538944244385,0.12687349319458008
480,TH0012AV/viewpoint_simulated_141_surface0.pcd,Testing,2.1210756301879883,2.1539499759674072,0.032874345779418945
481,TH0012AV/viewpoint_simulated_142_surface0.pcd,Testing,2.0770270824432373,2.041564464569092,0.03546261787414551
482,TH0012AV/viewpoint_simulated_143_surface0.pcd,Testing,1.9717937707901,2.056851625442505,0.08505785465240479
483,TH0012AV/viewpoint_simulated_144_surface0.pcd,Testing,2.003861904144287,2.013819932937622,0.009958028793334961
484,TH0012AV/viewpoint_simulated_145_surface0.pcd,Testing,2.1218552589416504,2.0169079303741455,0.10494732856750488
485,TH0012AV/viewpoint_simulated_146_surface0.pcd,Testing,1.9770196676254272,2.024437189102173,0.047417521476745605
486,TH0012AV/viewpoint_simulated_147_surface0.pcd,Testing,1.968275547027588,2.036297082901001,0.06802153587341309
487,TH0012AV/viewpoint_simulated_148_surface0.pcd,Testing,1.918310284614563,2.016374349594116,0.09806406497955322
488,TH0012AV/viewpoint_simulated_149_surface0.pcd,Testing,1.9713753461837769,2.0496127605438232,0.07823741436004639
489,TH0012AV/viewpoint_simulated_15_surface0.pcd,Testing,1.958433747291565,2.0063021183013916,0.04786837100982666
490,TH0012AV/viewpoint_simulated_150_surface0.pcd,Testing,1.9438174962997437,2.0688130855560303,0.12499558925628662
491,TH0012AV/viewpoint_simulated_151_surface0.pcd,Testing,1.926223635673523,2.071671724319458,0.14544808864593506
492,TH0012AV/viewpoint_simulated_152_surface0.pcd,Testing,2.0238258838653564,2.09049391746521,0.06666803359985352
493,TH0012AV/viewpoint_simulated_153_surface0.pcd,Testing,1.8973562717437744,2.0698838233947754,0.17252755165100098
494,TH0012AV/viewpoint_simulated_154_surface0.pcd,Testing,2.0259039402008057,2.078409194946289,0.0525052547454834
495,TH0012AV/viewpoint_simulated_155_surface0.pcd,Testing,2.0509870052337646,2.0759012699127197,0.024914264678955078
496,TH0012AV/viewpoint_simulated_156_surface0.pcd,Testing,2.146754503250122,2.0608999729156494,0.08585453033447266
497,TH0012AV/viewpoint_simulated_157_surface0.pcd,Testing,2.0756418704986572,1.9989972114562988,0.0766446590423584
498,TH0012AV/viewpoint_simulated_158_surface0.pcd,Testing,2.0370049476623535,1.988786220550537,0.048218727111816406
499,TH0012AV/viewpoint_simulated_159_surface0.pcd,Testing,1.9903850555419922,2.011655569076538,0.0212705135345459
500,TH0012AV/viewpoint_simulated_16_surface0.pcd,Testing,2.043973207473755,2.0292792320251465,0.014693975448608398
501,TH0012AV/viewpoint_simulated_160_surface0.pcd,Testing,2.056379556655884,2.033734083175659,0.02264547348022461
502,TH0012AV/viewpoint_simulated_161_surface0.pcd,Testing,2.0958030223846436,2.046942949295044,0.04886007308959961
503,TH0012AV/viewpoint_simulated_162_surface0.pcd,Testing,2.0601727962493896,2.098076105117798,0.0379033088684082
504,TH0012AV/viewpoint_simulated_163_surface0.pcd,Testing,1.9747209548950195,2.136723518371582,0.1620025634765625
505,TH0012AV/viewpoint_simulated_164_surface0.pcd,Testing,2.0001277923583984,2.1204795837402344,0.12035179138183594
506,TH0012AV/viewpoint_simulated_165_surface0.pcd,Testing,2.040837049484253,2.083467960357666,0.042630910873413086
507,TH0012AV/viewpoint_simulated_166_surface0.pcd,Testing,2.009965181350708,2.070791482925415,0.06082630157470703
508,TH0012AV/viewpoint_simulated_167_surface0.pcd,Testing,2.0276973247528076,2.03167462348938,0.003977298736572266
509,TH0012AV/viewpoint_simulated_168_surface0.pcd,Testing,1.9184221029281616,1.997063398361206,0.07864129543304443
510,TH0012AV/viewpoint_simulated_169_surface0.pcd,Testing,1.9850893020629883,1.9947726726531982,0.009683370590209961
511,TH0012AV/viewpoint_simulated_17_surface0.pcd,Testing,1.9403833150863647,2.0510406494140625,0.11065733432769775
512,TH0012AV/viewpoint_simulated_170_surface0.pcd,Testing,2.167485237121582,2.007312059402466,0.1601731777191162
513,TH0012AV/viewpoint_simulated_171_surface0.pcd,Testing,2.0621237754821777,2.082341194152832,0.020217418670654297
514,TH0012AV/viewpoint_simulated_172_surface0.pcd,Testing,2.0493650436401367,2.0957350730895996,0.04637002944946289
515,TH0012AV/viewpoint_simulated_173_surface0.pcd,Testing,2.103534698486328,2.0765175819396973,0.02701711654663086
516,TH0012AV/viewpoint_simulated_174_surface0.pcd,Testing,2.0185158252716064,2.1245028972625732,0.1059870719909668
517,TH0012AV/viewpoint_simulated_175_surface0.pcd,Testing,1.9365644454956055,2.158175468444824,0.22161102294921875
518,TH0012AV/viewpoint_simulated_176_surface0.pcd,Testing,1.9586496353149414,2.17697811126709,0.21832847595214844
519,TH0012AV/viewpoint_simulated_177_surface0.pcd,Testing,1.9798176288604736,2.1432228088378906,0.163405179977417
520,TH0012AV/viewpoint_simulated_178_surface0.pcd,Testing,1.98542320728302,2.089136838912964,0.10371363162994385
521,TH0012AV/viewpoint_simulated_179_surface0.pcd,Testing,1.9698318243026733,2.046382188796997,0.07655036449432373
522,TH0012AV/viewpoint_simulated_18_surface0.pcd,Testing,2.0333402156829834,2.098325729370117,0.06498551368713379
523,TH0012AV/viewpoint_simulated_180_surface0.pcd,Testing,1.9652053117752075,1.9821488857269287,0.01694357395172119
524,TH0012AV/viewpoint_simulated_181_surface0.pcd,Testing,1.958429217338562,1.957031488418579,0.0013977289199829102
525,TH0012AV/viewpoint_simulated_182_surface0.pcd,Testing,2.017834186553955,2.0463032722473145,0.028469085693359375
526,TH0012AV/viewpoint_simulated_183_surface0.pcd,Testing,2.0587894916534424,2.1471457481384277,0.08835625648498535
527,TH0012AV/viewpoint_simulated_184_surface0.pcd,Testing,2.017294406890869,2.103846549987793,0.08655214309692383
528,TH0012AV/viewpoint_simulated_185_surface0.pcd,Testing,2.110595226287842,2.1402108669281006,0.02961564064025879
529,TH0012AV/viewpoint_simulated_186_surface0.pcd,Testing,2.0159051418304443,2.1795778274536133,0.16367268562316895
530,TH0012AV/viewpoint_simulated_187_surface0.pcd,Testing,1.8979531526565552,2.206003189086914,0.3080500364303589
531,TH0012AV/viewpoint_simulated_188_surface0.pcd,Testing,2.009305953979492,2.2078874111175537,0.19858145713806152
532,TH0012AV/viewpoint_simulated_189_surface0.pcd,Testing,2.094778299331665,2.157961130142212,0.06318283081054688
533,TH0012AV/viewpoint_simulated_19_surface0.pcd,Testing,2.092219591140747,2.1424295902252197,0.050209999084472656
534,TH0012AV/viewpoint_simulated_190_surface0.pcd,Testing,2.1375818252563477,2.0691888332366943,0.06839299201965332
535,TH0012AV/viewpoint_simulated_191_surface0.pcd,Testing,1.8469797372817993,2.0427486896514893,0.19576895236968994
536,TH0012AV/viewpoint_simulated_192_surface0.pcd,Testing,2.0095813274383545,1.987844467163086,0.021736860275268555
537,TH0012AV/viewpoint_simulated_193_surface0.pcd,Testing,2.0489115715026855,1.9476938247680664,0.10121774673461914
538,TH0012AV/viewpoint_simulated_194_surface0.pcd,Testing,2.0292046070098877,2.0616724491119385,0.03246784210205078
539,TH0012AV/viewpoint_simulated_195_surface0.pcd,Testing,2.082625389099121,2.1085710525512695,0.025945663452148438
540,TH0012AV/viewpoint_simulated_196_surface0.pcd,Testing,1.9588342905044556,2.099972724914551,0.14113843441009521
541,TH0012AV/viewpoint_simulated_197_surface0.pcd,Testing,2.015281915664673,2.183547258377075,0.16826534271240234
542,TH0012AV/viewpoint_simulated_198_surface0.pcd,Testing,1.9543246030807495,2.2284960746765137,0.27417147159576416
543,TH0012AV/viewpoint_simulated_199_surface0.pcd,Testing,1.9353079795837402,2.246246099472046,0.31093811988830566
544,TH0012AV/viewpoint_simulated_2_surface0.pcd,Testing,2.011104106903076,2.000002145767212,0.011101961135864258
545,TH0012AV/viewpoint_simulated_20_surface0.pcd,Testing,1.992570161819458,2.1230080127716064,0.13043785095214844
546,TH0012AV/viewpoint_simulated_200_surface0.pcd,Testing,2.088574171066284,2.245313882827759,0.1567397117614746
547,TH0012AV/viewpoint_simulated_201_surface0.pcd,Testing,1.9909615516662598,2.142467498779297,0.1515059471130371
548,TH0012AV/viewpoint_simulated_202_surface0.pcd,Testing,2.0903894901275635,2.0478107929229736,0.042578697204589844
549,TH0012AV/viewpoint_simulated_203_surface0.pcd,Testing,2.047168016433716,2.0492100715637207,0.002042055130004883
550,TH0012AV/viewpoint_simulated_204_surface0.pcd,Testing,2.1053264141082764,2.0287532806396484,0.07657313346862793
551,TH0012AV/viewpoint_simulated_205_surface0.pcd,Testing,2.0259883403778076,2.0017764568328857,0.024211883544921875
552,TH0012AV/viewpoint_simulated_206_surface0.pcd,Testing,2.1925930976867676,2.0741536617279053,0.1184394359588623
553,TH0012AV/viewpoint_simulated_207_surface0.pcd,Testing,2.3027610778808594,2.117807626724243,0.1849534511566162
554,TH0012AV/viewpoint_simulated_208_surface0.pcd,Testing,2.097834587097168,2.1681950092315674,0.07036042213439941
555,TH0012AV/viewpoint_simulated_209_surface0.pcd,Testing,2.027169704437256,2.209829568862915,0.18265986442565918
556,TH0012AV/viewpoint_simulated_21_surface0.pcd,Testing,2.104191780090332,2.075432300567627,0.028759479522705078
557,TH0012AV/viewpoint_simulated_210_surface0.pcd,Testing,2.0500717163085938,2.236599922180176,0.18652820587158203
558,TH0012AV/viewpoint_simulated_211_surface0.pcd,Testing,2.10664701461792,2.251481533050537,0.1448345184326172
559,TH0012AV/viewpoint_simulated_212_surface0.pcd,Testing,2.081014394760132,2.2450625896453857,0.1640481948852539
560,TH0012AV/viewpoint_simulated_213_surface0.pcd,Testing,2.096784830093384,2.152193307876587,0.055408477783203125
561,TH0012AV/viewpoint_simulated_214_surface0.pcd,Testing,2.035421848297119,2.040538787841797,0.005116939544677734
562,TH0012AV/viewpoint_simulated_215_surface0.pcd,Testing,2.11578369140625,2.047339916229248,0.06844377517700195
563,TH0012AV/viewpoint_simulated_22_surface0.pcd,Testing,1.9115713834762573,2.0833280086517334,0.17175662517547607
564,TH0012AV/viewpoint_simulated_23_surface0.pcd,Testing,1.9594992399215698,2.055475950241089,0.09597671031951904
565,TH0012AV/viewpoint_simulated_24_surface0.pcd,Testing,2.03277587890625,1.9887163639068604,0.04405951499938965
566,TH0012AV/viewpoint_simulated_25_surface0.pcd,Testing,1.9221668243408203,2.0153067111968994,0.0931398868560791
567,TH0012AV/viewpoint_simulated_26_surface0.pcd,Testing,1.9325116872787476,2.0160915851593018,0.0835798978805542
568,TH0012AV/viewpoint_simulated_27_surface0.pcd,Testing,1.952591061592102,2.0421717166900635,0.08958065509796143
569,TH0012AV/viewpoint_simulated_28_surface0.pcd,Testing,1.954513430595398,2.1004230976104736,0.14590966701507568
570,TH0012AV/viewpoint_simulated_29_surface0.pcd,Testing,1.9955514669418335,2.0758602619171143,0.08030879497528076
571,TH0012AV/viewpoint_simulated_3_surface0.pcd,Testing,1.9516007900238037,2.039292573928833,0.0876917839050293
572,TH0012AV/viewpoint_simulated_30_surface0.pcd,Testing,1.933882236480713,2.1217172145843506,0.1878349781036377
573,TH0012AV/viewpoint_simulated_31_surface0.pcd,Testing,1.9674025774002075,2.1506502628326416,0.18324768543243408
574,TH0012AV/viewpoint_simulated_32_surface0.pcd,Testing,1.896821141242981,2.1784374713897705,0.28161633014678955
575,TH0012AV/viewpoint_simulated_33_surface0.pcd,Testing,2.10330867767334,2.12917423248291,0.025865554809570312
576,TH0012AV/viewpoint_simulated_34_surface0.pcd,Testing,2.0971839427948,2.079357385635376,0.017826557159423828
577,TH0012AV/viewpoint_simulated_35_surface0.pcd,Testing,1.9137593507766724,2.06204891204834,0.14828956127166748
578,TH0012AV/viewpoint_simulated_36_surface0.pcd,Testing,1.9890310764312744,1.9527711868286133,0.03625988960266113
579,TH0012AV/viewpoint_simulated_37_surface0.pcd,Testing,2.0751492977142334,1.9857261180877686,0.08942317962646484
580,TH0012AV/viewpoint_simulated_38_surface0.pcd,Testing,2.0123367309570312,2.0879409313201904,0.07560420036315918
581,TH0012AV/viewpoint_simulated_39_surface0.pcd,Testing,2.1267035007476807,2.1213223934173584,0.005381107330322266
582,TH0012AV/viewpoint_simulated_4_surface0.pcd,Testing,1.9110684394836426,2.048701524734497,0.1376330852508545
583,TH0012AV/viewpoint_simulated_40_surface0.pcd,Testing,2.0932562351226807,2.0862576961517334,0.006998538970947266
584,TH0012AV/viewpoint_simulated_41_surface0.pcd,Testing,1.9690592288970947,2.155593156814575,0.18653392791748047
585,TH0012AV/viewpoint_simulated_42_surface0.pcd,Testing,2.1210286617279053,2.195939779281616,0.07491111755371094
586,TH0012AV/viewpoint_simulated_43_surface0.pcd,Testing,2.021073818206787,2.2267024517059326,0.2056286334991455
587,TH0012AV/viewpoint_simulated_44_surface0.pcd,Testing,2.0442416667938232,2.247453451156616,0.20321178436279297
588,TH0012AV/viewpoint_simulated_45_surface0.pcd,Testing,2.0737059116363525,2.1415884494781494,0.06788253784179688
589,TH0012AV/viewpoint_simulated_46_surface0.pcd,Testing,1.9943082332611084,2.0864617824554443,0.09215354919433594
590,TH0012AV/viewpoint_simulated_47_surface0.pcd,Testing,1.9753968715667725,2.0492103099823,0.07381343841552734
591,TH0012AV/viewpoint_simulated_48_surface0.pcd,Testing,2.0188260078430176,1.9936161041259766,0.025209903717041016
592,TH0012AV/viewpoint_simulated_49_surface0.pcd,Testing,2.1368865966796875,1.9463099241256714,0.1905766725540161
593,TH0012AV/viewpoint_simulated_5_surface0.pcd,Testing,1.9003714323043823,2.0507545471191406,0.1503831148147583
594,TH0012AV/viewpoint_simulated_50_surface0.pcd,Testing,2.0000033378601074,2.0712759494781494,0.07127261161804199
595,TH0012AV/viewpoint_simulated_51_surface0.pcd,Testing,1.9979394674301147,2.0976369380950928,0.09969747066497803
596,TH0012AV/viewpoint_simulated_52_surface0.pcd,Testing,2.0878729820251465,2.110159158706665,0.022286176681518555
597,TH0012AV/viewpoint_simulated_53_surface0.pcd,Testing,2.001075029373169,2.18888783454895,0.18781280517578125
598,TH0012AV/viewpoint_simulated_54_surface0.pcd,Testing,2.111616611480713,2.240931272506714,0.12931466102600098
599,TH0012AV/viewpoint_simulated_55_surface0.pcd,Testing,1.9934426546096802,2.2895727157592773,0.29613006114959717
600,TH0012AV/viewpoint_simulated_56_surface0.pcd,Testing,2.0962750911712646,2.2559075355529785,0.15963244438171387
601,TH0012AV/viewpoint_simulated_57_surface0.pcd,Testing,1.9818495512008667,2.1275649070739746,0.1457153558731079
602,TH0012AV/viewpoint_simulated_58_surface0.pcd,Testing,2.0070624351501465,2.0550544261932373,0.04799199104309082
603,TH0012AV/viewpoint_simulated_59_surface0.pcd,Testing,2.1009483337402344,2.077288866043091,0.023659467697143555
604,TH0012AV/viewpoint_simulated_6_surface0.pcd,Testing,2.0195062160491943,2.0662577152252197,0.04675149917602539
605,TH0012AV/viewpoint_simulated_60_surface0.pcd,Testing,2.0105926990509033,2.016866445541382,0.006273746490478516
606,TH0012AV/viewpoint_simulated_61_surface0.pcd,Testing,2.0004611015319824,2.0001790523529053,0.00028204917907714844
607,TH0012AV/viewpoint_simulated_62_surface0.pcd,Testing,1.9393303394317627,2.05859637260437,0.11926603317260742
608,TH0012AV/viewpoint_simulated_63_surface0.pcd,Testing,2.0362279415130615,2.1312248706817627,0.09499692916870117
609,TH0012AV/viewpoint_simulated_64_surface0.pcd,Testing,2.1672110557556152,2.1520068645477295,0.015204191207885742
610,TH0012AV/viewpoint_simulated_65_surface0.pcd,Testing,2.1923937797546387,2.2193892002105713,0.026995420455932617
611,TH0012AV/viewpoint_simulated_66_surface0.pcd,Testing,2.0158989429473877,2.2281429767608643,0.21224403381347656
612,TH0012AV/viewpoint_simulated_67_surface0.pcd,Testing,2.046726942062378,2.2328927516937256,0.18616580963134766
613,TH0012AV/viewpoint_simulated_68_surface0.pcd,Testing,1.9402658939361572,2.2682759761810303,0.32801008224487305
614,TH0012AV/viewpoint_simulated_69_surface0.pcd,Testing,1.9862313270568848,2.164123296737671,0.17789196968078613
615,TH0012AV/viewpoint_simulated_7_surface0.pcd,Testing,2.004305124282837,2.0895867347717285,0.0852816104888916
616,TH0012AV/viewpoint_simulated_70_surface0.pcd,Testing,2.1181223392486572,2.0513195991516113,0.0668027400970459
617,TH0012AV/viewpoint_simulated_71_surface0.pcd,Testing,2.1324946880340576,2.045027494430542,0.08746719360351562
618,TH0012AV/viewpoint_simulated_72_surface0.pcd,Testing,2.1681041717529297,2.0502378940582275,0.11786627769470215
619,TH0012AV/viewpoint_simulated_73_surface0.pcd,Testing,1.9632704257965088,2.0150136947631836,0.051743268966674805
620,TH0012AV/viewpoint_simulated_74_surface0.pcd,Testing,1.9738095998764038,2.0020246505737305,0.02821505069732666
621,TH0012AV/viewpoint_simulated_75_surface0.pcd,Testing,2.055957794189453,2.0595905780792236,0.003632783889770508
622,TH0012AV/viewpoint_simulated_76_surface0.pcd,Testing,1.99386465549469,2.04801082611084,0.0541461706161499
623,TH0012AV/viewpoint_simulated_77_surface0.pcd,Testing,1.906822919845581,2.05904221534729,0.15221929550170898
624,TH0012AV/viewpoint_simulated_78_surface0.pcd,Testing,2.0202271938323975,2.060795783996582,0.04056859016418457
625,TH0012AV/viewpoint_simulated_79_surface0.pcd,Testing,2.1151998043060303,2.0793583393096924,0.03584146499633789
626,TH0012AV/viewpoint_simulated_8_surface0.pcd,Testing,2.0885207653045654,2.092989444732666,0.004468679428100586
627,TH0012AV/viewpoint_simulated_80_surface0.pcd,Testing,1.9398242235183716,2.0610971450805664,0.12127292156219482
628,TH0012AV/viewpoint_simulated_81_surface0.pcd,Testing,1.9209340810775757,2.0578811168670654,0.13694703578948975
629,TH0012AV/viewpoint_simulated_82_surface0.pcd,Testing,2.003499746322632,2.0784881114959717,0.07498836517333984
630,TH0012AV/viewpoint_simulated_83_surface0.pcd,Testing,2.072371244430542,2.0861713886260986,0.01380014419555664
631,TH0012AV/viewpoint_simulated_84_surface0.pcd,Testing,2.0307278633117676,2.0419113636016846,0.011183500289916992
632,TH0012AV/viewpoint_simulated_85_surface0.pcd,Testing,2.0384600162506104,1.9958782196044922,0.042581796646118164
633,TH0012AV/viewpoint_simulated_86_surface0.pcd,Testing,2.0146169662475586,2.010535478591919,0.0040814876556396484
634,TH0012AV/viewpoint_simulated_87_surface0.pcd,Testing,2.0195095539093018,2.0053608417510986,0.014148712158203125
635,TH0012AV/viewpoint_simulated_88_surface0.pcd,Testing,2.0411720275878906,2.055110454559326,0.013938426971435547
636,TH0012AV/viewpoint_simulated_89_surface0.pcd,Testing,1.9696910381317139,2.067291021347046,0.09759998321533203
637,TH0012AV/viewpoint_simulated_9_surface0.pcd,Testing,1.9018205404281616,2.0749828815460205,0.1731623411178589
638,TH0012AV/viewpoint_simulated_90_surface0.pcd,Testing,2.0021204948425293,2.087693214416504,0.08557271957397461
639,TH0012AV/viewpoint_simulated_91_surface0.pcd,Testing,1.9682347774505615,2.1210505962371826,0.1528158187866211
640,TH0012AV/viewpoint_simulated_92_surface0.pcd,Testing,2.0317723751068115,2.096278667449951,0.06450629234313965
641,TH0012AV/viewpoint_simulated_93_surface0.pcd,Testing,2.038559913635254,2.0850348472595215,0.04647493362426758
642,TH0012AV/viewpoint_simulated_94_surface0.pcd,Testing,2.0617387294769287,2.0531444549560547,0.008594274520874023
643,TH0012AV/viewpoint_simulated_95_surface0.pcd,Testing,1.9293230772018433,2.0410516262054443,0.11172854900360107
644,TH0012AV/viewpoint_simulated_96_surface0.pcd,Testing,2.015258550643921,1.994474172592163,0.020784378051757812
645,TH0012AV/viewpoint_simulated_97_surface0.pcd,Testing,2.0277395248413086,1.9883832931518555,0.039356231689453125
646,TH0012AV/viewpoint_simulated_98_surface0.pcd,Testing,1.9858442544937134,2.0132322311401367,0.02738797664642334
647,TH0012AV/viewpoint_simulated_99_surface0.pcd,Testing,1.91963791847229,2.063416004180908,0.14377808570861816
648,TH0012AV/viewpoint_simulated_0_surface1.pcd,Testing,2.2450833320617676,2.129145383834839,0.11593794822692871
649,TH0012AV/viewpoint_simulated_1_surface1.pcd,Testing,2.2304186820983887,2.1529879570007324,0.07743072509765625
650,TH0012AV/viewpoint_simulated_10_surface1.pcd,Testing,2.25040864944458,2.2272796630859375,0.023128986358642578
651,TH0012AV/viewpoint_simulated_100_surface1.pcd,Testing,2.284881830215454,2.269566774368286,0.015315055847167969
652,TH0012AV/viewpoint_simulated_101_surface1.pcd,Testing,2.3237924575805664,2.282435655593872,0.041356801986694336
653,TH0012AV/viewpoint_simulated_102_surface1.pcd,Testing,2.239672899246216,2.2888343334198,0.049161434173583984
654,TH0012AV/viewpoint_simulated_103_surface1.pcd,Testing,2.1765265464782715,2.387127161026001,0.2106006145477295
655,TH0012AV/viewpoint_simulated_104_surface1.pcd,Testing,2.1616148948669434,2.310302972793579,0.14868807792663574
656,TH0012AV/viewpoint_simulated_105_surface1.pcd,Testing,2.18892765045166,2.3779358863830566,0.18900823593139648
657,TH0012AV/viewpoint_simulated_106_surface1.pcd,Testing,2.310201406478882,2.2511050701141357,0.059096336364746094
658,TH0012AV/viewpoint_simulated_107_surface1.pcd,Testing,2.242192268371582,2.1751463413238525,0.06704592704772949
659,TH0012AV/viewpoint_simulated_108_surface1.pcd,Testing,2.2930266857147217,2.147404909133911,0.14562177658081055
660,TH0012AV/viewpoint_simulated_109_surface1.pcd,Testing,2.2844948768615723,2.195197343826294,0.08929753303527832
661,TH0012AV/viewpoint_simulated_11_surface1.pcd,Testing,2.394214630126953,2.1913838386535645,0.20283079147338867
662,TH0012AV/viewpoint_simulated_110_surface1.pcd,Testing,2.245770215988159,2.178370952606201,0.06739926338195801
663,TH0012AV/viewpoint_simulated_111_surface1.pcd,Testing,2.2320635318756104,2.239996910095215,0.007933378219604492
664,TH0012AV/viewpoint_simulated_112_surface1.pcd,Testing,2.420562267303467,2.3167073726654053,0.10385489463806152
665,TH0012AV/viewpoint_simulated_113_surface1.pcd,Testing,2.288104295730591,2.2475697994232178,0.04053449630737305
666,TH0012AV/viewpoint_simulated_114_surface1.pcd,Testing,2.1892807483673096,2.2928104400634766,0.10352969169616699
667,TH0012AV/viewpoint_simulated_115_surface1.pcd,Testing,2.2586960792541504,2.4833741188049316,0.22467803955078125
668,TH0012AV/viewpoint_simulated_116_surface1.pcd,Testing,2.3047966957092285,2.3636462688446045,0.05884957313537598
669,TH0012AV/viewpoint_simulated_117_surface1.pcd,Testing,2.27142596244812,2.33512806892395,0.06370210647583008
670,TH0012AV/viewpoint_simulated_118_surface1.pcd,Testing,2.322876453399658,2.261904716491699,0.060971736907958984
671,TH0012AV/viewpoint_simulated_119_surface1.pcd,Testing,2.3803162574768066,2.2336840629577637,0.14663219451904297
672,TH0012AV/viewpoint_simulated_12_surface1.pcd,Testing,2.168691873550415,2.1966845989227295,0.027992725372314453
673,TH0012AV/viewpoint_simulated_120_surface1.pcd,Testing,2.206394672393799,2.1244051456451416,0.08198952674865723
674,TH0012AV/viewpoint_simulated_121_surface1.pcd,Testing,2.2183451652526855,2.1979172229766846,0.020427942276000977
675,TH0012AV/viewpoint_simulated_122_surface1.pcd,Testing,2.280745506286621,2.207170248031616,0.07357525825500488
676,TH0012AV/viewpoint_simulated_123_surface1.pcd,Testing,2.171269178390503,2.2237136363983154,0.0524444580078125
677,TH0012AV/viewpoint_simulated_124_surface1.pcd,Testing,2.3418872356414795,2.29181170463562,0.050075531005859375
678,TH0012AV/viewpoint_simulated_125_surface1.pcd,Testing,2.32562255859375,2.2324671745300293,0.0931553840637207
679,TH0012AV/viewpoint_simulated_126_surface1.pcd,Testing,2.2727949619293213,2.2530760765075684,0.01971888542175293
680,TH0012AV/viewpoint_simulated_127_surface1.pcd,Testing,2.3155689239501953,2.4808504581451416,0.1652815341949463
681,TH0012AV/viewpoint_simulated_128_surface1.pcd,Testing,2.231938362121582,2.3864479064941406,0.1545095443725586
682,TH0012AV/viewpoint_simulated_129_surface1.pcd,Testing,2.1918842792510986,2.3525822162628174,0.16069793701171875
683,TH0012AV/viewpoint_simulated_13_surface1.pcd,Testing,2.127767562866211,2.1883552074432373,0.06058764457702637
684,TH0012AV/viewpoint_simulated_130_surface1.pcd,Testing,2.2948641777038574,2.3120768070220947,0.017212629318237305
685,TH0012AV/viewpoint_simulated_131_surface1.pcd,Testing,2.3114748001098633,2.259629487991333,0.05184531211853027
686,TH0012AV/viewpoint_simulated_132_surface1.pcd,Testing,2.179734468460083,2.1704492568969727,0.009285211563110352
687,TH0012AV/viewpoint_simulated_133_surface1.pcd,Testing,2.3007895946502686,2.240462064743042,0.06032752990722656
688,TH0012AV/viewpoint_simulated_134_surface1.pcd,Testing,2.276073694229126,2.268657922744751,0.007415771484375
689,TH0012AV/viewpoint_simulated_135_surface1.pcd,Testing,2.285525321960449,2.3411102294921875,0.05558490753173828
690,TH0012AV/viewpoint_simulated_136_surface1.pcd,Testing,2.2850422859191895,2.3053815364837646,0.020339250564575195
691,TH0012AV/viewpoint_simulated_137_surface1.pcd,Testing,2.2163279056549072,2.1469309329986572,0.06939697265625
692,TH0012AV/viewpoint_simulated_138_surface1.pcd,Testing,2.2033960819244385,2.213434934616089,0.01003885269165039
693,TH0012AV/viewpoint_simulated_139_surface1.pcd,Testing,2.2806670665740967,2.4896256923675537,0.20895862579345703
694,TH0012AV/viewpoint_simulated_14_surface1.pcd,Testing,2.1915061473846436,2.1776235103607178,0.013882637023925781
695,TH0012AV/viewpoint_simulated_140_surface1.pcd,Testing,2.369278907775879,2.450329065322876,0.08105015754699707
696,TH0012AV/viewpoint_simulated_141_surface1.pcd,Testing,2.178312063217163,2.2404048442840576,0.06209278106689453
697,TH0012AV/viewpoint_simulated_142_surface1.pcd,Testing,2.340982675552368,2.235780954360962,0.10520172119140625
698,TH0012AV/viewpoint_simulated_143_surface1.pcd,Testing,2.2675085067749023,2.292931318283081,0.02542281150817871
699,TH0012AV/viewpoint_simulated_144_surface1.pcd,Testing,2.241760730743408,2.1577110290527344,0.08404970169067383
700,TH0012AV/viewpoint_simulated_145_surface1.pcd,Testing,2.2848610877990723,2.161155939102173,0.12370514869689941
701,TH0012AV/viewpoint_simulated_146_surface1.pcd,Testing,2.186616897583008,2.166372537612915,0.020244359970092773
702,TH0012AV/viewpoint_simulated_147_surface1.pcd,Testing,2.235874652862549,2.224491596221924,0.011383056640625
703,TH0012AV/viewpoint_simulated_148_surface1.pcd,Testing,2.1956076622009277,2.2121567726135254,0.016549110412597656
704,TH0012AV/viewpoint_simulated_149_surface1.pcd,Testing,2.1339328289031982,2.168536424636841,0.03460359573364258
705,TH0012AV/viewpoint_simulated_15_surface1.pcd,Testing,2.2758049964904785,2.182420015335083,0.09338498115539551
706,TH0012AV/viewpoint_simulated_150_surface1.pcd,Testing,2.213505744934082,2.1839754581451416,0.02953028678894043
707,TH0012AV/viewpoint_simulated_151_surface1.pcd,Testing,2.235642194747925,2.193352460861206,0.04228973388671875
708,TH0012AV/viewpoint_simulated_152_surface1.pcd,Testing,2.2529492378234863,2.213334321975708,0.03961491584777832
709,TH0012AV/viewpoint_simulated_153_surface1.pcd,Testing,2.203904151916504,2.2825753688812256,0.07867121696472168
710,TH0012AV/viewpoint_simulated_154_surface1.pcd,Testing,2.3078341484069824,2.2260468006134033,0.0817873477935791
711,TH0012AV/viewpoint_simulated_155_surface1.pcd,Testing,2.2387287616729736,2.193429470062256,0.04529929161071777
712,TH0012AV/viewpoint_simulated_156_surface1.pcd,Testing,2.191744089126587,2.1486833095550537,0.0430607795715332
713,TH0012AV/viewpoint_simulated_157_surface1.pcd,Testing,2.171858310699463,2.1849753856658936,0.013117074966430664
714,TH0012AV/viewpoint_simulated_158_surface1.pcd,Testing,2.1571097373962402,2.173870325088501,0.016760587692260742
715,TH0012AV/viewpoint_simulated_159_surface1.pcd,Testing,2.274526357650757,2.2399744987487793,0.03455185890197754
716,TH0012AV/viewpoint_simulated_16_surface1.pcd,Testing,2.3197274208068848,2.199669599533081,0.12005782127380371
717,TH0012AV/viewpoint_simulated_160_surface1.pcd,Testing,2.225832939147949,2.1974189281463623,0.028414011001586914
718,TH0012AV/viewpoint_simulated_161_surface1.pcd,Testing,2.269770383834839,2.1567580699920654,0.11301231384277344
719,TH0012AV/viewpoint_simulated_162_surface1.pcd,Testing,2.2934939861297607,2.2295095920562744,0.06398439407348633
720,TH0012AV/viewpoint_simulated_163_surface1.pcd,Testing,2.2165920734405518,2.2760932445526123,0.05950117111206055
721,TH0012AV/viewpoint_simulated_164_surface1.pcd,Testing,2.1231818199157715,2.269366502761841,0.14618468284606934
722,TH0012AV/viewpoint_simulated_165_surface1.pcd,Testing,2.158247470855713,2.2946901321411133,0.1364426612854004
723,TH0012AV/viewpoint_simulated_166_surface1.pcd,Testing,2.098287582397461,2.2177610397338867,0.11947345733642578
724,TH0012AV/viewpoint_simulated_167_surface1.pcd,Testing,2.334714412689209,2.142486333847046,0.19222807884216309
725,TH0012AV/viewpoint_simulated_168_surface1.pcd,Testing,2.1106784343719482,2.0984063148498535,0.012272119522094727
726,TH0012AV/viewpoint_simulated_169_surface1.pcd,Testing,2.1735782623291016,2.211106061935425,0.03752779960632324
727,TH0012AV/viewpoint_simulated_17_surface1.pcd,Testing,2.1985104084014893,2.1685121059417725,0.029998302459716797
728,TH0012AV/viewpoint_simulated_170_surface1.pcd,Testing,2.239025115966797,2.1761271953582764,0.06289792060852051
729,TH0012AV/viewpoint_simulated_171_surface1.pcd,Testing,2.0936076641082764,2.154310464859009,0.06070280075073242
730,TH0012AV/viewpoint_simulated_172_surface1.pcd,Testing,2.227327823638916,2.27290415763855,0.04557633399963379
731,TH0012AV/viewpoint_simulated_173_surface1.pcd,Testing,2.2221946716308594,2.276906728744507,0.05471205711364746
732,TH0012AV/viewpoint_simulated_174_surface1.pcd,Testing,2.1779098510742188,2.3152835369110107,0.137373685836792
733,TH0012AV/viewpoint_simulated_175_surface1.pcd,Testing,2.2894651889801025,2.3550407886505127,0.06557559967041016
734,TH0012AV/viewpoint_simulated_176_surface1.pcd,Testing,2.1974411010742188,2.349454641342163,0.15201354026794434
735,TH0012AV/viewpoint_simulated_177_surface1.pcd,Testing,2.307126998901367,2.3695785999298096,0.06245160102844238
736,TH0012AV/viewpoint_simulated_178_surface1.pcd,Testing,2.2659285068511963,2.25435471534729,0.01157379150390625
737,TH0012AV/viewpoint_simulated_179_surface1.pcd,Testing,2.2056007385253906,2.1508560180664062,0.054744720458984375
738,TH0012AV/viewpoint_simulated_18_surface1.pcd,Testing,2.2105424404144287,2.204726457595825,0.005815982818603516
739,TH0012AV/viewpoint_simulated_180_surface1.pcd,Testing,2.2087769508361816,2.1209185123443604,0.08785843849182129
740,TH0012AV/viewpoint_simulated_181_surface1.pcd,Testing,2.208933115005493,2.2048404216766357,0.004092693328857422
741,TH0012AV/viewpoint_simulated_182_surface1.pcd,Testing,2.301420211791992,2.1916537284851074,0.10976648330688477
742,TH0012AV/viewpoint_simulated_183_surface1.pcd,Testing,2.2594337463378906,2.197143316268921,0.06229043006896973
743,TH0012AV/viewpoint_simulated_184_surface1.pcd,Testing,2.3768727779388428,2.3521177768707275,0.024755001068115234
744,TH0012AV/viewpoint_simulated_185_surface1.pcd,Testing,2.2107181549072266,2.3203256130218506,0.10960745811462402
745,TH0012AV/viewpoint_simulated_186_surface1.pcd,Testing,2.3848953247070312,2.377016305923462,0.007879018783569336
746,TH0012AV/viewpoint_simulated_187_surface1.pcd,Testing,2.1384434700012207,2.449676275253296,0.3112328052520752
747,TH0012AV/viewpoint_simulated_188_surface1.pcd,Testing,2.3494818210601807,2.3144986629486084,0.034983158111572266
748,TH0012AV/viewpoint_simulated_189_surface1.pcd,Testing,2.1307177543640137,2.313025951385498,0.18230819702148438
749,TH0012AV/viewpoint_simulated_19_surface1.pcd,Testing,2.249458074569702,2.276540994644165,0.02708292007446289
750,TH0012AV/viewpoint_simulated_190_surface1.pcd,Testing,2.3037288188934326,2.232788562774658,0.07094025611877441
751,TH0012AV/viewpoint_simulated_191_surface1.pcd,Testing,2.4099698066711426,2.2179181575775146,0.19205164909362793
752,TH0012AV/viewpoint_simulated_192_surface1.pcd,Testing,2.131767988204956,2.0594027042388916,0.07236528396606445
753,TH0012AV/viewpoint_simulated_193_surface1.pcd,Testing,2.4402315616607666,2.2026021480560303,0.23762941360473633
754,TH0012AV/viewpoint_simulated_194_surface1.pcd,Testing,2.180649518966675,2.211082935333252,0.03043341636657715
755,TH0012AV/viewpoint_simulated_195_surface1.pcd,Testing,2.2980594635009766,2.26188588142395,0.03617358207702637
756,TH0012AV/viewpoint_simulated_196_surface1.pcd,Testing,2.4094595909118652,2.3201587200164795,0.08930087089538574
757,TH0012AV/viewpoint_simulated_197_surface1.pcd,Testing,2.370966672897339,2.306162118911743,0.0648045539855957
758,TH0012AV/viewpoint_simulated_198_surface1.pcd,Testing,2.2141411304473877,2.299684762954712,0.08554363250732422
759,TH0012AV/viewpoint_simulated_199_surface1.pcd,Testing,2.2318878173828125,2.484231472015381,0.25234365463256836
760,TH0012AV/viewpoint_simulated_2_surface1.pcd,Testing,2.2371747493743896,2.186063766479492,0.05111098289489746
761,TH0012AV/viewpoint_simulated_20_surface1.pcd,Testing,2.1828420162200928,2.3311445713043213,0.14830255508422852
762,TH0012AV/viewpoint_simulated_200_surface1.pcd,Testing,2.250868558883667,2.349111318588257,0.09824275970458984
763,TH0012AV/viewpoint_simulated_201_surface1.pcd,Testing,2.3647360801696777,2.27390456199646,0.09083151817321777
764,TH0012AV/viewpoint_simulated_202_surface1.pcd,Testing,2.303948163986206,2.262159585952759,0.041788578033447266
765,TH0012AV/viewpoint_simulated_203_surface1.pcd,Testing,2.163141965866089,2.2398717403411865,0.07672977447509766
766,TH0012AV/viewpoint_simulated_204_surface1.pcd,Testing,2.1884050369262695,2.1649444103240967,0.02346062660217285
767,TH0012AV/viewpoint_simulated_205_surface1.pcd,Testing,2.2675588130950928,2.2243382930755615,0.04322052001953125
768,TH0012AV/viewpoint_simulated_206_surface1.pcd,Testing,2.157364845275879,2.262873411178589,0.10550856590270996
769,TH0012AV/viewpoint_simulated_207_surface1.pcd,Testing,2.1703176498413086,2.331467866897583,0.16115021705627441
770,TH0012AV/viewpoint_simulated_208_surface1.pcd,Testing,2.341485023498535,2.3217437267303467,0.019741296768188477
771,TH0012AV/viewpoint_simulated_209_surface1.pcd,Testing,2.201831102371216,2.262230634689331,0.060399532318115234
772,TH0012AV/viewpoint_simulated_21_surface1.pcd,Testing,2.1588451862335205,2.3574390411376953,0.1985938549041748
773,TH0012AV/viewpoint_simulated_210_surface1.pcd,Testing,2.209129810333252,2.2308766841888428,0.02174687385559082
774,TH0012AV/viewpoint_simulated_211_surface1.pcd,Testing,2.2865164279937744,2.477818250656128,0.19130182266235352
775,TH0012AV/viewpoint_simulated_212_surface1.pcd,Testing,2.3476645946502686,2.412713050842285,0.0650484561920166
776,TH0012AV/viewpoint_simulated_213_surface1.pcd,Testing,2.225167989730835,2.2665083408355713,0.04134035110473633
777,TH0012AV/viewpoint_simulated_214_surface1.pcd,Testing,2.3156590461730957,2.217341184616089,0.09831786155700684
778,TH0012AV/viewpoint_simulated_215_surface1.pcd,Testing,2.3035855293273926,2.2492096424102783,0.05437588691711426
779,TH0012AV/viewpoint_simulated_22_surface1.pcd,Testing,2.3110251426696777,2.223240852355957,0.0877842903137207
780,TH0012AV/viewpoint_simulated_23_surface1.pcd,Testing,2.1018221378326416,2.2386672496795654,0.13684511184692383
781,TH0012AV/viewpoint_simulated_24_surface1.pcd,Testing,2.321923017501831,2.1834044456481934,0.1385185718536377
782,TH0012AV/viewpoint_simulated_25_surface1.pcd,Testing,2.1506431102752686,2.23664927482605,0.08600616455078125
783,TH0012AV/viewpoint_simulated_26_surface1.pcd,Testing,2.262977361679077,2.146573781967163,0.11640357971191406
784,TH0012AV/viewpoint_simulated_27_surface1.pcd,Testing,2.195552349090576,2.161616563796997,0.0339357852935791
785,TH0012AV/viewpoint_simulated_28_surface1.pcd,Testing,2.179619550704956,2.215810537338257,0.03619098663330078
786,TH0012AV/viewpoint_simulated_29_surface1.pcd,Testing,2.2943224906921387,2.2232863903045654,0.07103610038757324
787,TH0012AV/viewpoint_simulated_3_surface1.pcd,Testing,2.265110492706299,2.2343811988830566,0.030729293823242188
788,TH0012AV/viewpoint_simulated_30_surface1.pcd,Testing,2.1787431240081787,2.195289373397827,0.016546249389648438
789,TH0012AV/viewpoint_simulated_31_surface1.pcd,Testing,2.1861469745635986,2.4042317867279053,0.21808481216430664
790,TH0012AV/viewpoint_simulated_32_surface1.pcd,Testing,2.429375410079956,2.3804092407226562,0.048966169357299805
791,TH0012AV/viewpoint_simulated_33_surface1.pcd,Testing,2.2565457820892334,2.381693124771118,0.12514734268188477
792,TH0012AV/viewpoint_simulated_34_surface1.pcd,Testing,2.2483484745025635,2.269213914871216,0.020865440368652344
793,TH0012AV/viewpoint_simulated_35_surface1.pcd,Testing,2.2443301677703857,2.2442305088043213,9.965896606445312e-05
794,TH0012AV/viewpoint_simulated_36_surface1.pcd,Testing,2.2813336849212646,2.127868175506592,0.15346550941467285
795,TH0012AV/viewpoint_simulated_37_surface1.pcd,Testing,2.281867265701294,2.2057652473449707,0.07610201835632324
796,TH0012AV/viewpoint_simulated_38_surface1.pcd,Testing,2.2947826385498047,2.1666011810302734,0.12818145751953125
797,TH0012AV/viewpoint_simulated_39_surface1.pcd,Testing,2.2215452194213867,2.17030930519104,0.05123591423034668
798,TH0012AV/viewpoint_simulated_4_surface1.pcd,Testing,2.290578603744507,2.2167489528656006,0.07382965087890625
799,TH0012AV/viewpoint_simulated_40_surface1.pcd,Testing,2.2398087978363037,2.2049951553344727,0.034813642501831055
800,TH0012AV/viewpoint_simulated_41_surface1.pcd,Testing,2.3172338008880615,2.17958927154541,0.13764452934265137
801,TH0012AV/viewpoint_simulated_42_surface1.pcd,Testing,2.1039092540740967,2.296631336212158,0.19272208213806152
802,TH0012AV/viewpoint_simulated_43_surface1.pcd,Testing,2.227313280105591,2.408378839492798,0.18106555938720703
803,TH0012AV/viewpoint_simulated_44_surface1.pcd,Testing,2.2584774494171143,2.4130003452301025,0.15452289581298828
804,TH0012AV/viewpoint_simulated_45_surface1.pcd,Testing,2.3299505710601807,2.362009286880493,0.0320587158203125
805,TH0012AV/viewpoint_simulated_46_surface1.pcd,Testing,2.2765676975250244,2.240037679672241,0.0365300178527832
806,TH0012AV/viewpoint_simulated_47_surface1.pcd,Testing,2.252272129058838,2.2530059814453125,0.0007338523864746094
807,TH0012AV/viewpoint_simulated_48_surface1.pcd,Testing,2.2313477993011475,2.129486322402954,0.10186147689819336
808,TH0012AV/viewpoint_simulated_49_surface1.pcd,Testing,2.2745773792266846,2.1890265941619873,0.08555078506469727
809,TH0012AV/viewpoint_simulated_5_surface1.pcd,Testing,2.235198736190796,2.1604678630828857,0.07473087310791016
810,TH0012AV/viewpoint_simulated_50_surface1.pcd,Testing,2.235877275466919,2.231585741043091,0.004291534423828125
811,TH0012AV/viewpoint_simulated_51_surface1.pcd,Testing,2.2670207023620605,2.2707669734954834,0.0037462711334228516
812,TH0012AV/viewpoint_simulated_52_surface1.pcd,Testing,2.1377458572387695,2.210702657699585,0.07295680046081543
813,TH0012AV/viewpoint_simulated_53_surface1.pcd,Testing,2.3372676372528076,2.1897971630096436,0.14747047424316406
814,TH0012AV/viewpoint_simulated_54_surface1.pcd,Testing,2.382748603820801,2.2123939990997314,0.17035460472106934
815,TH0012AV/viewpoint_simulated_55_surface1.pcd,Testing,2.2510721683502197,2.4178388118743896,0.16676664352416992
816,TH0012AV/viewpoint_simulated_56_surface1.pcd,Testing,2.231172561645508,2.3862292766571045,0.15505671501159668
817,TH0012AV/viewpoint_simulated_57_surface1.pcd,Testing,2.1159842014312744,2.3399505615234375,0.22396636009216309
818,TH0012AV/viewpoint_simulated_58_surface1.pcd,Testing,2.233839511871338,2.3031883239746094,0.06934881210327148
819,TH0012AV/viewpoint_simulated_59_surface1.pcd,Testing,2.2454872131347656,2.2827131748199463,0.037225961685180664
820,TH0012AV/viewpoint_simulated_6_surface1.pcd,Testing,2.237898111343384,2.1880688667297363,0.04982924461364746
821,TH0012AV/viewpoint_simulated_60_surface1.pcd,Testing,2.181274890899658,2.1617848873138428,0.01949000358581543
822,TH0012AV/viewpoint_simulated_61_surface1.pcd,Testing,2.2678253650665283,2.1518943309783936,0.11593103408813477
823,TH0012AV/viewpoint_simulated_62_surface1.pcd,Testing,2.3111538887023926,2.2369961738586426,0.07415771484375
824,TH0012AV/viewpoint_simulated_63_surface1.pcd,Testing,2.363140106201172,2.294281005859375,0.06885910034179688
825,TH0012AV/viewpoint_simulated_64_surface1.pcd,Testing,2.3420188426971436,2.2322983741760254,0.10972046852111816
826,TH0012AV/viewpoint_simulated_65_surface1.pcd,Testing,2.228052854537964,2.1036875247955322,0.12436532974243164
827,TH0012AV/viewpoint_simulated_66_surface1.pcd,Testing,2.4417314529418945,2.1973910331726074,0.2443404197692871
828,TH0012AV/viewpoint_simulated_67_surface1.pcd,Testing,2.371528148651123,2.4390251636505127,0.06749701499938965
829,TH0012AV/viewpoint_simulated_68_surface1.pcd,Testing,2.1763083934783936,2.444896936416626,0.2685885429382324
830,TH0012AV/viewpoint_simulated_69_surface1.pcd,Testing,2.3062167167663574,2.3248989582061768,0.018682241439819336
831,TH0012AV/viewpoint_simulated_7_surface1.pcd,Testing,2.259816884994507,2.1615147590637207,0.09830212593078613
832,TH0012AV/viewpoint_simulated_70_surface1.pcd,Testing,2.2628579139709473,2.254565954208374,0.008291959762573242
833,TH0012AV/viewpoint_simulated_71_surface1.pcd,Testing,2.249680757522583,2.3026161193847656,0.05293536186218262
834,TH0012AV/viewpoint_simulated_72_surface1.pcd,Testing,2.2496068477630615,2.158828020095825,0.09077882766723633
835,TH0012AV/viewpoint_simulated_73_surface1.pcd,Testing,2.1285204887390137,2.1854336261749268,0.056913137435913086
836,TH0012AV/viewpoint_simulated_74_surface1.pcd,Testing,2.2713205814361572,2.1765329837799072,0.09478759765625
837,TH0012AV/viewpoint_simulated_75_surface1.pcd,Testing,2.1921510696411133,2.2122867107391357,0.02013564109802246
838,TH0012AV/viewpoint_simulated_76_surface1.pcd,Testing,2.1785728931427,2.190443515777588,0.011870622634887695
839,TH0012AV/viewpoint_simulated_77_surface1.pcd,Testing,2.1638948917388916,2.1756720542907715,0.011777162551879883
840,TH0012AV/viewpoint_simulated_78_surface1.pcd,Testing,2.317079782485962,2.273329973220825,0.04374980926513672
841,TH0012AV/viewpoint_simulated_79_surface1.pcd,Testing,2.3551523685455322,2.20561146736145,0.14954090118408203
842,TH0012AV/viewpoint_simulated_8_surface1.pcd,Testing,2.20025634765625,2.271071195602417,0.07081484794616699
843,TH0012AV/viewpoint_simulated_80_surface1.pcd,Testing,2.1821136474609375,2.2351717948913574,0.05305814743041992
844,TH0012AV/viewpoint_simulated_81_surface1.pcd,Testing,2.29915452003479,2.2644150257110596,0.03473949432373047
845,TH0012AV/viewpoint_simulated_82_surface1.pcd,Testing,2.250614643096924,2.2148022651672363,0.0358123779296875
846,TH0012AV/viewpoint_simulated_83_surface1.pcd,Testing,2.1831603050231934,2.1834018230438232,0.0002415180206298828
847,TH0012AV/viewpoint_simulated_84_surface1.pcd,Testing,2.195178508758545,2.1857125759124756,0.009465932846069336
848,TH0012AV/viewpoint_simulated_85_surface1.pcd,Testing,2.1276016235351562,2.1817452907562256,0.054143667221069336
849,TH0012AV/viewpoint_simulated_86_surface1.pcd,Testing,2.2504615783691406,2.174042224884033,0.07641935348510742
850,TH0012AV/viewpoint_simulated_87_surface1.pcd,Testing,2.17873215675354,2.2419493198394775,0.0632171630859375
851,TH0012AV/viewpoint_simulated_88_surface1.pcd,Testing,2.3228955268859863,2.20587158203125,0.11702394485473633
852,TH0012AV/viewpoint_simulated_89_surface1.pcd,Testing,2.313697576522827,2.1807305812835693,0.1329669952392578
853,TH0012AV/viewpoint_simulated_9_surface1.pcd,Testing,2.256150007247925,2.3054821491241455,0.0493321418762207
854,TH0012AV/viewpoint_simulated_90_surface1.pcd,Testing,2.275803804397583,2.170290470123291,0.10551333427429199
855,TH0012AV/viewpoint_simulated_91_surface1.pcd,Testing,2.1386892795562744,2.272217035293579,0.1335277557373047
856,TH0012AV/viewpoint_simulated_92_surface1.pcd,Testing,2.2540605068206787,2.310931921005249,0.05687141418457031
857,TH0012AV/viewpoint_simulated_93_surface1.pcd,Testing,2.2229251861572266,2.3331010341644287,0.11017584800720215
858,TH0012AV/viewpoint_simulated_94_surface1.pcd,Testing,2.234022378921509,2.2437360286712646,0.00971364974975586
859,TH0012AV/viewpoint_simulated_95_surface1.pcd,Testing,2.275562286376953,2.1649231910705566,0.11063909530639648
860,TH0012AV/viewpoint_simulated_96_surface1.pcd,Testing,2.3509418964385986,2.1713669300079346,0.17957496643066406
861,TH0012AV/viewpoint_simulated_97_surface1.pcd,Testing,2.1532559394836426,2.2190842628479004,0.06582832336425781
862,TH0012AV/viewpoint_simulated_98_surface1.pcd,Testing,2.209808111190796,2.1465609073638916,0.0632472038269043
863,TH0012AV/viewpoint_simulated_99_surface1.pcd,Testing,2.294574737548828,2.197812795639038,0.09676194190979004
864,TH0021AV/viewpoint_simulated_0_surface0.pcd,Testing,1.9409763813018799,2.046658515930176,0.1056821346282959
865,TH0021AV/viewpoint_simulated_1_surface0.pcd,Testing,1.917659044265747,2.05944561958313,0.1417865753173828
866,TH0021AV/viewpoint_simulated_10_surface0.pcd,Testing,1.9192532300949097,2.089930772781372,0.1706775426864624
867,TH0021AV/viewpoint_simulated_100_surface0.pcd,Testing,2.0346643924713135,2.1568989753723145,0.12223458290100098
868,TH0021AV/viewpoint_simulated_101_surface0.pcd,Testing,1.97542142868042,2.1213386058807373,0.14591717720031738
869,TH0021AV/viewpoint_simulated_102_surface0.pcd,Testing,1.97860848903656,2.16445255279541,0.1858440637588501
870,TH0021AV/viewpoint_simulated_103_surface0.pcd,Testing,1.9528114795684814,2.1792633533477783,0.22645187377929688
871,TH0021AV/viewpoint_simulated_104_surface0.pcd,Testing,2.136975049972534,2.1536805629730225,0.01670551300048828
872,TH0021AV/viewpoint_simulated_105_surface0.pcd,Testing,1.9920814037322998,2.1202752590179443,0.12819385528564453
873,TH0021AV/viewpoint_simulated_106_surface0.pcd,Testing,1.992478370666504,2.073530435562134,0.08105206489562988
874,TH0021AV/viewpoint_simulated_107_surface0.pcd,Testing,1.9651168584823608,2.057922601699829,0.09280574321746826
875,TH0021AV/viewpoint_simulated_108_surface0.pcd,Testing,2.091740608215332,2.0234081745147705,0.06833243370056152
876,TH0021AV/viewpoint_simulated_109_surface0.pcd,Testing,1.9749939441680908,2.0701682567596436,0.09517431259155273
877,TH0021AV/viewpoint_simulated_11_surface0.pcd,Testing,2.02254319190979,2.0557303428649902,0.033187150955200195
878,TH0021AV/viewpoint_simulated_110_surface0.pcd,Testing,2.015535593032837,2.072600841522217,0.05706524848937988
879,TH0021AV/viewpoint_simulated_111_surface0.pcd,Testing,2.0951337814331055,2.14414644241333,0.04901266098022461
880,TH0021AV/viewpoint_simulated_112_surface0.pcd,Testing,2.037811756134033,2.1084516048431396,0.07063984870910645
881,TH0021AV/viewpoint_simulated_113_surface0.pcd,Testing,2.0484230518341064,2.204786539077759,0.15636348724365234
882,TH0021AV/viewpoint_simulated_114_surface0.pcd,Testing,2.0780463218688965,2.2612464427948,0.18320012092590332
883,TH0021AV/viewpoint_simulated_115_surface0.pcd,Testing,1.9480652809143066,2.243023157119751,0.29495787620544434
884,TH0021AV/viewpoint_simulated_116_surface0.pcd,Testing,2.113673210144043,2.2044918537139893,0.09081864356994629
885,TH0021AV/viewpoint_simulated_117_surface0.pcd,Testing,2.087601900100708,2.129720449447632,0.04211854934692383
886,TH0021AV/viewpoint_simulated_118_surface0.pcd,Testing,2.022090435028076,2.0587069988250732,0.03661656379699707
887,TH0021AV/viewpoint_simulated_119_surface0.pcd,Testing,2.0430521965026855,2.0488088130950928,0.0057566165924072266
888,TH0021AV/viewpoint_simulated_12_surface0.pcd,Testing,1.94987952709198,2.0638463497161865,0.11396682262420654
889,TH0021AV/viewpoint_simulated_120_surface0.pcd,Testing,1.9498916864395142,2.0315074920654297,0.08161580562591553
890,TH0021AV/viewpoint_simulated_121_surface0.pcd,Testing,1.9404929876327515,2.0464370250701904,0.10594403743743896
891,TH0021AV/viewpoint_simulated_122_surface0.pcd,Testing,2.017195463180542,2.0639123916625977,0.046716928482055664
892,TH0021AV/viewpoint_simulated_123_surface0.pcd,Testing,1.9760217666625977,2.1461970806121826,0.17017531394958496
893,TH0021AV/viewpoint_simulated_124_surface0.pcd,Testing,2.0624022483825684,2.1532323360443115,0.09083008766174316
894,TH0021AV/viewpoint_simulated_125_surface0.pcd,Testing,2.068577289581299,2.3066868782043457,0.23810958862304688
895,TH0021AV/viewpoint_simulated_126_surface0.pcd,Testing,2.044257879257202,2.329474925994873,0.2852170467376709
896,TH0021AV/viewpoint_simulated_127_surface0.pcd,Testing,1.9263986349105835,2.256554126739502,0.33015549182891846
897,TH0021AV/viewpoint_simulated_128_surface0.pcd,Testing,2.111811399459839,2.2412803173065186,0.1294689178466797
898,TH0021AV/viewpoint_simulated_129_surface0.pcd,Testing,2.017490863800049,2.120917558670044,0.10342669486999512
899,TH0021AV/viewpoint_simulated_13_surface0.pcd,Testing,2.0545313358306885,2.036820411682129,0.01771092414855957
900,TH0021AV/viewpoint_simulated_130_surface0.pcd,Testing,2.0442652702331543,2.081434965133667,0.037169694900512695
901,TH0021AV/viewpoint_simulated_131_surface0.pcd,Testing,1.965766191482544,2.075202226638794,0.10943603515625
902,TH0021AV/viewpoint_simulated_132_surface0.pcd,Testing,2.004694938659668,2.0270166397094727,0.022321701049804688
903,TH0021AV/viewpoint_simulated_133_surface0.pcd,Testing,2.0856716632843018,2.0507166385650635,0.03495502471923828
904,TH0021AV/viewpoint_simulated_134_surface0.pcd,Testing,2.028291702270508,2.05932354927063,0.03103184700012207
905,TH0021AV/viewpoint_simulated_135_surface0.pcd,Testing,2.0665979385375977,2.1616203784942627,0.09502243995666504
906,TH0021AV/viewpoint_simulated_136_surface0.pcd,Testing,2.057051181793213,2.2354702949523926,0.1784191131591797
907,TH0021AV/viewpoint_simulated_137_surface0.pcd,Testing,2.038393974304199,2.2635281085968018,0.22513413429260254
908,TH0021AV/viewpoint_simulated_138_surface0.pcd,Testing,2.0250868797302246,2.168522596359253,0.14343571662902832
909,TH0021AV/viewpoint_simulated_139_surface0.pcd,Testing,1.96077561378479,2.2825095653533936,0.3217339515686035
910,TH0021AV/viewpoint_simulated_14_surface0.pcd,Testing,1.9106677770614624,2.0823190212249756,0.17165124416351318
911,TH0021AV/viewpoint_simulated_140_surface0.pcd,Testing,2.0527563095092773,2.26998233795166,0.2172260284423828
912,TH0021AV/viewpoint_simulated_141_surface0.pcd,Testing,2.110926866531372,2.1580536365509033,0.04712677001953125
913,TH0021AV/viewpoint_simulated_142_surface0.pcd,Testing,2.036007881164551,2.08697247505188,0.0509645938873291
914,TH0021AV/viewpoint_simulated_143_surface0.pcd,Testing,1.8945882320404053,2.0984485149383545,0.20386028289794922
915,TH0021AV/viewpoint_simulated_144_surface0.pcd,Testing,1.965940237045288,2.0393686294555664,0.07342839241027832
916,TH0021AV/viewpoint_simulated_145_surface0.pcd,Testing,1.958670973777771,2.042743444442749,0.08407247066497803
917,TH0021AV/viewpoint_simulated_146_surface0.pcd,Testing,2.0774264335632324,2.035210371017456,0.04221606254577637
918,TH0021AV/viewpoint_simulated_147_surface0.pcd,Testing,1.9369502067565918,2.058318853378296,0.1213686466217041
919,TH0021AV/viewpoint_simulated_148_surface0.pcd,Testing,1.972402811050415,2.0969626903533936,0.12455987930297852
920,TH0021AV/viewpoint_simulated_149_surface0.pcd,Testing,2.1505374908447266,2.1085305213928223,0.0420069694519043
921,TH0021AV/viewpoint_simulated_15_surface0.pcd,Testing,1.8689862489700317,2.1142914295196533,0.24530518054962158
922,TH0021AV/viewpoint_simulated_150_surface0.pcd,Testing,1.958708643913269,2.111309051513672,0.15260040760040283
923,TH0021AV/viewpoint_simulated_151_surface0.pcd,Testing,1.9613564014434814,2.1252079010009766,0.16385149955749512
924,TH0021AV/viewpoint_simulated_152_surface0.pcd,Testing,1.9363775253295898,2.1052796840667725,0.16890215873718262
925,TH0021AV/viewpoint_simulated_153_surface0.pcd,Testing,2.0968260765075684,2.0895984172821045,0.007227659225463867
926,TH0021AV/viewpoint_simulated_154_surface0.pcd,Testing,1.900105357170105,2.0604310035705566,0.16032564640045166
927,TH0021AV/viewpoint_simulated_155_surface0.pcd,Testing,1.918887734413147,2.0452919006347656,0.12640416622161865
928,TH0021AV/viewpoint_simulated_156_surface0.pcd,Testing,2.0306777954101562,2.060285806655884,0.02960801124572754
929,TH0021AV/viewpoint_simulated_157_surface0.pcd,Testing,1.9426605701446533,2.039142608642578,0.0964820384979248
930,TH0021AV/viewpoint_simulated_158_surface0.pcd,Testing,2.0678062438964844,2.0539822578430176,0.013823986053466797
931,TH0021AV/viewpoint_simulated_159_surface0.pcd,Testing,1.9259189367294312,2.105090379714966,0.17917144298553467
932,TH0021AV/viewpoint_simulated_16_surface0.pcd,Testing,1.9726245403289795,2.119386911392212,0.14676237106323242
933,TH0021AV/viewpoint_simulated_160_surface0.pcd,Testing,1.9596034288406372,2.1071736812591553,0.14757025241851807
934,TH0021AV/viewpoint_simulated_161_surface0.pcd,Testing,1.8915432691574097,2.1066434383392334,0.21510016918182373
935,TH0021AV/viewpoint_simulated_162_surface0.pcd,Testing,1.9597232341766357,2.1277294158935547,0.16800618171691895
936,TH0021AV/viewpoint_simulated_163_surface0.pcd,Testing,1.9923158884048462,2.130213499069214,0.13789761066436768
937,TH0021AV/viewpoint_simulated_164_surface0.pcd,Testing,2.0521187782287598,2.1500401496887207,0.09792137145996094
938,TH0021AV/viewpoint_simulated_165_surface0.pcd,Testing,1.954237699508667,2.102548599243164,0.14831089973449707
939,TH0021AV/viewpoint_simulated_166_surface0.pcd,Testing,2.1122939586639404,2.091247797012329,0.021046161651611328
940,TH0021AV/viewpoint_simulated_167_surface0.pcd,Testing,1.9584391117095947,2.0711781978607178,0.11273908615112305
941,TH0021AV/viewpoint_simulated_168_surface0.pcd,Testing,2.006756067276001,2.0317108631134033,0.024954795837402344
942,TH0021AV/viewpoint_simulated_169_surface0.pcd,Testing,1.9994534254074097,2.046067953109741,0.04661452770233154
943,TH0021AV/viewpoint_simulated_17_surface0.pcd,Testing,1.9554613828659058,2.1103312969207764,0.1548699140548706
944,TH0021AV/viewpoint_simulated_170_surface0.pcd,Testing,1.9365090131759644,2.046992540359497,0.11048352718353271
945,TH0021AV/viewpoint_simulated_171_surface0.pcd,Testing,2.031635046005249,2.1300301551818848,0.09839510917663574
946,TH0021AV/viewpoint_simulated_172_surface0.pcd,Testing,1.980952501296997,2.163757085800171,0.18280458450317383
947,TH0021AV/viewpoint_simulated_173_surface0.pcd,Testing,1.9443833827972412,2.1170079708099365,0.1726245880126953
948,TH0021AV/viewpoint_simulated_174_surface0.pcd,Testing,2.0023133754730225,2.18137526512146,0.1790618896484375
949,TH0021AV/viewpoint_simulated_175_surface0.pcd,Testing,2.168391227722168,2.1486661434173584,0.01972508430480957
950,TH0021AV/viewpoint_simulated_176_surface0.pcd,Testing,2.0878658294677734,2.1646173000335693,0.0767514705657959
951,TH0021AV/viewpoint_simulated_177_surface0.pcd,Testing,1.977910041809082,2.1359808444976807,0.15807080268859863
952,TH0021AV/viewpoint_simulated_178_surface0.pcd,Testing,1.985445499420166,2.0764639377593994,0.0910184383392334
953,TH0021AV/viewpoint_simulated_179_surface0.pcd,Testing,1.9111857414245605,2.0584027767181396,0.1472170352935791
954,TH0021AV/viewpoint_simulated_18_surface0.pcd,Testing,2.0084104537963867,2.1399521827697754,0.13154172897338867
955,TH0021AV/viewpoint_simulated_180_surface0.pcd,Testing,1.976438045501709,2.037132978439331,0.06069493293762207
956,TH0021AV/viewpoint_simulated_181_surface0.pcd,Testing,2.0208120346069336,2.043348550796509,0.022536516189575195
957,TH0021AV/viewpoint_simulated_182_surface0.pcd,Testing,1.9746686220169067,2.0482301712036133,0.07356154918670654
958,TH0021AV/viewpoint_simulated_183_surface0.pcd,Testing,1.9708455801010132,2.1355531215667725,0.16470754146575928
959,TH0021AV/viewpoint_simulated_184_surface0.pcd,Testing,1.9504870176315308,2.1057028770446777,0.15521585941314697
960,TH0021AV/viewpoint_simulated_185_surface0.pcd,Testing,2.1081886291503906,2.232893705368042,0.12470507621765137
961,TH0021AV/viewpoint_simulated_186_surface0.pcd,Testing,2.004274845123291,2.262057065963745,0.2577822208404541
962,TH0021AV/viewpoint_simulated_187_surface0.pcd,Testing,2.0400965213775635,2.2146589756011963,0.1745624542236328
963,TH0021AV/viewpoint_simulated_188_surface0.pcd,Testing,1.9154119491577148,2.2011196613311768,0.2857077121734619
964,TH0021AV/viewpoint_simulated_189_surface0.pcd,Testing,1.9324549436569214,2.1169240474700928,0.1844691038131714
965,TH0021AV/viewpoint_simulated_19_surface0.pcd,Testing,1.9130796194076538,2.1416943073272705,0.2286146879196167
966,TH0021AV/viewpoint_simulated_190_surface0.pcd,Testing,2.0422608852386475,2.061837911605835,0.0195770263671875
967,TH0021AV/viewpoint_simulated_191_surface0.pcd,Testing,2.0742111206054688,2.05005145072937,0.024159669876098633
968,TH0021AV/viewpoint_simulated_192_surface0.pcd,Testing,2.092111349105835,2.037278413772583,0.05483293533325195
969,TH0021AV/viewpoint_simulated_193_surface0.pcd,Testing,2.0336081981658936,2.0582733154296875,0.024665117263793945
970,TH0021AV/viewpoint_simulated_194_surface0.pcd,Testing,2.0852317810058594,2.0510292053222656,0.03420257568359375
971,TH0021AV/viewpoint_simulated_195_surface0.pcd,Testing,2.04939341545105,2.1311562061309814,0.08176279067993164
972,TH0021AV/viewpoint_simulated_196_surface0.pcd,Testing,1.9199950695037842,2.169032335281372,0.2490372657775879
973,TH0021AV/viewpoint_simulated_197_surface0.pcd,Testing,1.987913966178894,2.2843949794769287,0.29648101329803467
974,TH0021AV/viewpoint_simulated_198_surface0.pcd,Testing,2.1240522861480713,2.3001627922058105,0.17611050605773926
975,TH0021AV/viewpoint_simulated_199_surface0.pcd,Testing,2.07206392288208,2.2871172428131104,0.21505331993103027
976,TH0021AV/viewpoint_simulated_2_surface0.pcd,Testing,2.10330867767334,2.0737760066986084,0.029532670974731445
977,TH0021AV/viewpoint_simulated_20_surface0.pcd,Testing,1.9316866397857666,2.1237924098968506,0.19210577011108398
978,TH0021AV/viewpoint_simulated_200_surface0.pcd,Testing,2.0674455165863037,2.2452828884124756,0.17783737182617188
979,TH0021AV/viewpoint_simulated_201_surface0.pcd,Testing,2.0819034576416016,2.1405282020568848,0.0586247444152832
980,TH0021AV/viewpoint_simulated_202_surface0.pcd,Testing,1.9550120830535889,2.071227788925171,0.11621570587158203
981,TH0021AV/viewpoint_simulated_203_surface0.pcd,Testing,1.9642574787139893,2.0875751972198486,0.12331771850585938
982,TH0021AV/viewpoint_simulated_204_surface0.pcd,Testing,2.109226703643799,2.0264508724212646,0.08277583122253418
983,TH0021AV/viewpoint_simulated_205_surface0.pcd,Testing,2.0778896808624268,2.033640146255493,0.044249534606933594
984,TH0021AV/viewpoint_simulated_206_surface0.pcd,Testing,2.0571279525756836,2.0548641681671143,0.002263784408569336
985,TH0021AV/viewpoint_simulated_207_surface0.pcd,Testing,2.015573501586914,2.142326831817627,0.1267533302307129
986,TH0021AV/viewpoint_simulated_208_surface0.pcd,Testing,2.0328192710876465,2.2253119945526123,0.19249272346496582
987,TH0021AV/viewpoint_simulated_209_surface0.pcd,Testing,2.0712087154388428,2.310119390487671,0.23891067504882812
988,TH0021AV/viewpoint_simulated_21_surface0.pcd,Testing,1.9554580450057983,2.1093640327453613,0.153905987739563
989,TH0021AV/viewpoint_simulated_210_surface0.pcd,Testing,2.0636584758758545,2.177234649658203,0.11357617378234863
990,TH0021AV/viewpoint_simulated_211_surface0.pcd,Testing,1.9959157705307007,2.260118246078491,0.2642024755477905
991,TH0021AV/viewpoint_simulated_212_surface0.pcd,Testing,2.040315866470337,2.29790997505188,0.25759410858154297
992,TH0021AV/viewpoint_simulated_213_surface0.pcd,Testing,2.050727367401123,2.1578643321990967,0.10713696479797363
993,TH0021AV/viewpoint_simulated_214_surface0.pcd,Testing,2.0845532417297363,2.0841214656829834,0.0004317760467529297
994,TH0021AV/viewpoint_simulated_215_surface0.pcd,Testing,2.0839433670043945,2.1015243530273438,0.01758098602294922
995,TH0021AV/viewpoint_simulated_22_surface0.pcd,Testing,2.012815237045288,2.0850534439086914,0.07223820686340332
996,TH0021AV/viewpoint_simulated_23_surface0.pcd,Testing,1.946535348892212,2.066321611404419,0.11978626251220703
997,TH0021AV/viewpoint_simulated_24_surface0.pcd,Testing,2.081576347351074,2.0316076278686523,0.049968719482421875
998,TH0021AV/viewpoint_simulated_25_surface0.pcd,Testing,2.0631840229034424,2.03535532951355,0.027828693389892578
999,TH0021AV/viewpoint_simulated_26_surface0.pcd,Testing,1.9745733737945557,2.1023499965667725,0.1277766227722168
1000,TH0021AV/viewpoint_simulated_27_surface0.pcd,Testing,2.041293144226074,2.1687233448028564,0.12743020057678223
1001,TH0021AV/viewpoint_simulated_28_surface0.pcd,Testing,1.944818139076233,2.1672894954681396,0.22247135639190674
1002,TH0021AV/viewpoint_simulated_29_surface0.pcd,Testing,1.994264006614685,2.1286966800689697,0.13443267345428467
1003,TH0021AV/viewpoint_simulated_3_surface0.pcd,Testing,1.986494779586792,2.077226161956787,0.09073138236999512
1004,TH0021AV/viewpoint_simulated_30_surface0.pcd,Testing,2.0333051681518555,2.1646745204925537,0.13136935234069824
1005,TH0021AV/viewpoint_simulated_31_surface0.pcd,Testing,1.9692949056625366,2.1775314807891846,0.20823657512664795
1006,TH0021AV/viewpoint_simulated_32_surface0.pcd,Testing,1.9461617469787598,2.1725096702575684,0.2263479232788086
1007,TH0021AV/viewpoint_simulated_33_surface0.pcd,Testing,1.9020105600357056,2.1103458404541016,0.208335280418396
1008,TH0021AV/viewpoint_simulated_34_surface0.pcd,Testing,1.9591957330703735,2.0772037506103516,0.11800801753997803
1009,TH0021AV/viewpoint_simulated_35_surface0.pcd,Testing,2.019491672515869,2.057034492492676,0.03754281997680664
1010,TH0021AV/viewpoint_simulated_36_surface0.pcd,Testing,1.9159079790115356,2.0267035961151123,0.11079561710357666
1011,TH0021AV/viewpoint_simulated_37_surface0.pcd,Testing,2.0924243927001953,2.037152051925659,0.05527234077453613
1012,TH0021AV/viewpoint_simulated_38_surface0.pcd,Testing,1.9974502325057983,2.0679266452789307,0.07047641277313232
1013,TH0021AV/viewpoint_simulated_39_surface0.pcd,Testing,1.989264965057373,2.1672933101654053,0.17802834510803223
1014,TH0021AV/viewpoint_simulated_4_surface0.pcd,Testing,1.920914649963379,2.0968401432037354,0.17592549324035645
1015,TH0021AV/viewpoint_simulated_40_surface0.pcd,Testing,1.9915651082992554,2.1062698364257812,0.11470472812652588
1016,TH0021AV/viewpoint_simulated_41_surface0.pcd,Testing,2.0301268100738525,2.214472770690918,0.18434596061706543
1017,TH0021AV/viewpoint_simulated_42_surface0.pcd,Testing,2.0904321670532227,2.255988121032715,0.1655559539794922
1018,TH0021AV/viewpoint_simulated_43_surface0.pcd,Testing,2.0510761737823486,2.211068868637085,0.15999269485473633
1019,TH0021AV/viewpoint_simulated_44_surface0.pcd,Testing,1.9727473258972168,2.2198474407196045,0.2471001148223877
1020,TH0021AV/viewpoint_simulated_45_surface0.pcd,Testing,1.961453914642334,2.108478307723999,0.14702439308166504
1021,TH0021AV/viewpoint_simulated_46_surface0.pcd,Testing,2.0258948802948,2.055711507797241,0.029816627502441406
1022,TH0021AV/viewpoint_simulated_47_surface0.pcd,Testing,2.0182576179504395,2.049619436264038,0.03136181831359863
1023,TH0021AV/viewpoint_simulated_48_surface0.pcd,Testing,1.9414522647857666,2.029240608215332,0.08778834342956543
1024,TH0021AV/viewpoint_simulated_49_surface0.pcd,Testing,2.0333878993988037,2.0441224575042725,0.01073455810546875
1025,TH0021AV/viewpoint_simulated_5_surface0.pcd,Testing,1.941063404083252,2.1071488857269287,0.16608548164367676
1026,TH0021AV/viewpoint_simulated_50_surface0.pcd,Testing,2.1360886096954346,2.0709269046783447,0.06516170501708984
1027,TH0021AV/viewpoint_simulated_51_surface0.pcd,Testing,2.00811767578125,2.175043821334839,0.16692614555358887
1028,TH0021AV/viewpoint_simulated_52_surface0.pcd,Testing,2.0715978145599365,2.1667912006378174,0.09519338607788086
1029,TH0021AV/viewpoint_simulated_53_surface0.pcd,Testing,2.106186866760254,2.33100962638855,0.2248227596282959
1030,TH0021AV/viewpoint_simulated_54_surface0.pcd,Testing,2.044865846633911,2.3094983100891113,0.2646324634552002
1031,TH0021AV/viewpoint_simulated_55_surface0.pcd,Testing,2.0803651809692383,2.3115735054016113,0.23120832443237305
1032,TH0021AV/viewpoint_simulated_56_surface0.pcd,Testing,2.0653624534606934,2.2288243770599365,0.16346192359924316
1033,TH0021AV/viewpoint_simulated_57_surface0.pcd,Testing,2.0616471767425537,2.142346143722534,0.08069896697998047
1034,TH0021AV/viewpoint_simulated_58_surface0.pcd,Testing,1.967652678489685,2.078223943710327,0.11057126522064209
1035,TH0021AV/viewpoint_simulated_59_surface0.pcd,Testing,2.0153520107269287,2.0757510662078857,0.06039905548095703
1036,TH0021AV/viewpoint_simulated_6_surface0.pcd,Testing,2.0206449031829834,2.1244752407073975,0.10383033752441406
1037,TH0021AV/viewpoint_simulated_60_surface0.pcd,Testing,2.1639561653137207,2.018340826034546,0.1456153392791748
1038,TH0021AV/viewpoint_simulated_61_surface0.pcd,Testing,1.9462450742721558,2.094921350479126,0.14867627620697021
1039,TH0021AV/viewpoint_simulated_62_surface0.pcd,Testing,2.053434371948242,2.0767924785614014,0.02335810661315918
1040,TH0021AV/viewpoint_simulated_63_surface0.pcd,Testing,2.0802693367004395,2.1461870670318604,0.0659177303314209
1041,TH0021AV/viewpoint_simulated_64_surface0.pcd,Testing,1.9847488403320312,2.2366302013397217,0.25188136100769043
1042,TH0021AV/viewpoint_simulated_65_surface0.pcd,Testing,2.027438163757324,2.302800178527832,0.2753620147705078
1043,TH0021AV/viewpoint_simulated_66_surface0.pcd,Testing,2.0552525520324707,2.118734121322632,0.06348156929016113
1044,TH0021AV/viewpoint_simulated_67_surface0.pcd,Testing,2.064014196395874,2.2439863681793213,0.17997217178344727
1045,TH0021AV/viewpoint_simulated_68_surface0.pcd,Testing,2.075669050216675,2.303318977355957,0.22764992713928223
1046,TH0021AV/viewpoint_simulated_69_surface0.pcd,Testing,2.002105712890625,2.154108762741089,0.15200304985046387
1047,TH0021AV/viewpoint_simulated_7_surface0.pcd,Testing,1.917687177658081,2.1106433868408203,0.19295620918273926
1048,TH0021AV/viewpoint_simulated_70_surface0.pcd,Testing,2.136733293533325,2.088078022003174,0.04865527153015137
1049,TH0021AV/viewpoint_simulated_71_surface0.pcd,Testing,1.9618407487869263,2.0947964191436768,0.1329556703567505
1050,TH0021AV/viewpoint_simulated_72_surface0.pcd,Testing,2.083573818206787,2.0257961750030518,0.05777764320373535
1051,TH0021AV/viewpoint_simulated_73_surface0.pcd,Testing,2.056783676147461,2.0597352981567383,0.0029516220092773438
1052,TH0021AV/viewpoint_simulated_74_surface0.pcd,Testing,1.9514377117156982,2.040027379989624,0.08858966827392578
1053,TH0021AV/viewpoint_simulated_75_surface0.pcd,Testing,2.0153989791870117,2.078612804412842,0.06321382522583008
1054,TH0021AV/viewpoint_simulated_76_surface0.pcd,Testing,2.0352704524993896,2.111621856689453,0.07635140419006348
1055,TH0021AV/viewpoint_simulated_77_surface0.pcd,Testing,1.9597961902618408,2.115525960922241,0.1557297706604004
1056,TH0021AV/viewpoint_simulated_78_surface0.pcd,Testing,2.05989670753479,2.125455617904663,0.06555891036987305
1057,TH0021AV/viewpoint_simulated_79_surface0.pcd,Testing,2.0603537559509277,2.1145217418670654,0.054167985916137695
1058,TH0021AV/viewpoint_simulated_8_surface0.pcd,Testing,1.9223697185516357,2.1195991039276123,0.19722938537597656
1059,TH0021AV/viewpoint_simulated_80_surface0.pcd,Testing,1.9530692100524902,2.123804807662964,0.17073559761047363
1060,TH0021AV/viewpoint_simulated_81_surface0.pcd,Testing,1.9879224300384521,2.0971786975860596,0.10925626754760742
1061,TH0021AV/viewpoint_simulated_82_surface0.pcd,Testing,1.96621835231781,2.0750606060028076,0.10884225368499756
1062,TH0021AV/viewpoint_simulated_83_surface0.pcd,Testing,2.020902395248413,2.0672447681427,0.04634237289428711
1063,TH0021AV/viewpoint_simulated_84_surface0.pcd,Testing,2.0650949478149414,2.0470268726348877,0.01806807518005371
1064,TH0021AV/viewpoint_simulated_85_surface0.pcd,Testing,1.9794057607650757,2.025696039199829,0.04629027843475342
1065,TH0021AV/viewpoint_simulated_86_surface0.pcd,Testing,1.985962986946106,2.083613395690918,0.09765040874481201
1066,TH0021AV/viewpoint_simulated_87_surface0.pcd,Testing,1.9372754096984863,2.1378133296966553,0.20053791999816895
1067,TH0021AV/viewpoint_simulated_88_surface0.pcd,Testing,1.8835349082946777,2.1242258548736572,0.2406909465789795
1068,TH0021AV/viewpoint_simulated_89_surface0.pcd,Testing,2.046699285507202,2.1192095279693604,0.0725102424621582
1069,TH0021AV/viewpoint_simulated_9_surface0.pcd,Testing,1.9850709438323975,2.0879523754119873,0.10288143157958984
1070,TH0021AV/viewpoint_simulated_90_surface0.pcd,Testing,1.896153450012207,2.1229631900787354,0.22680974006652832
1071,TH0021AV/viewpoint_simulated_91_surface0.pcd,Testing,1.947793960571289,2.1261324882507324,0.17833852767944336
1072,TH0021AV/viewpoint_simulated_92_surface0.pcd,Testing,2.08010196685791,2.128168821334839,0.04806685447692871
1073,TH0021AV/viewpoint_simulated_93_surface0.pcd,Testing,2.0122275352478027,2.1169626712799072,0.10473513603210449
1074,TH0021AV/viewpoint_simulated_94_surface0.pcd,Testing,1.9263590574264526,2.0995969772338867,0.17323791980743408
1075,TH0021AV/viewpoint_simulated_95_surface0.pcd,Testing,1.9530457258224487,2.0622289180755615,0.10918319225311279
1076,TH0021AV/viewpoint_simulated_96_surface0.pcd,Testing,2.089155435562134,2.0254876613616943,0.06366777420043945
1077,TH0021AV/viewpoint_simulated_97_surface0.pcd,Testing,1.9560112953186035,2.0331337451934814,0.07712244987487793
1078,TH0021AV/viewpoint_simulated_98_surface0.pcd,Testing,2.0560011863708496,2.067993402481079,0.011992216110229492
1079,TH0021AV/viewpoint_simulated_99_surface0.pcd,Testing,1.9411602020263672,2.1482560634613037,0.20709586143493652
1080,TH0021AV/viewpoint_simulated_0_surface1.pcd,Testing,1.9590559005737305,2.1584222316741943,0.19936633110046387
1081,TH0021AV/viewpoint_simulated_1_surface1.pcd,Testing,2.0821382999420166,2.1389007568359375,0.0567624568939209
1082,TH0021AV/viewpoint_simulated_10_surface1.pcd,Testing,2.138134002685547,2.1863863468170166,0.04825234413146973
1083,TH0021AV/viewpoint_simulated_100_surface1.pcd,Testing,2.1003451347351074,2.140254020690918,0.03990888595581055
1084,TH0021AV/viewpoint_simulated_101_surface1.pcd,Testing,2.3569679260253906,2.0547144412994385,0.30225348472595215
1085,TH0021AV/viewpoint_simulated_102_surface1.pcd,Testing,2.1435630321502686,2.082420825958252,0.0611422061920166
1086,TH0021AV/viewpoint_simulated_103_surface1.pcd,Testing,2.304028034210205,2.194654941558838,0.10937309265136719
1087,TH0021AV/viewpoint_simulated_104_surface1.pcd,Testing,2.345306873321533,2.366445779800415,0.021138906478881836
1088,TH0021AV/viewpoint_simulated_105_surface1.pcd,Testing,2.2591392993927,2.3033149242401123,0.04417562484741211
1089,TH0021AV/viewpoint_simulated_106_surface1.pcd,Testing,2.116093635559082,2.18276309967041,0.06666946411132812
1090,TH0021AV/viewpoint_simulated_107_surface1.pcd,Testing,2.2870326042175293,2.240041494369507,0.04699110984802246
1091,TH0021AV/viewpoint_simulated_108_surface1.pcd,Testing,1.925577163696289,2.183614730834961,0.2580375671386719
1092,TH0021AV/viewpoint_simulated_109_surface1.pcd,Testing,2.2792673110961914,2.23490834236145,0.04435896873474121
1093,TH0021AV/viewpoint_simulated_11_surface1.pcd,Testing,2.3321855068206787,2.1692893505096436,0.16289615631103516
1094,TH0021AV/viewpoint_simulated_110_surface1.pcd,Testing,2.138807773590088,2.173367500305176,0.03455972671508789
1095,TH0021AV/viewpoint_simulated_111_surface1.pcd,Testing,2.203474283218384,2.1599838733673096,0.04349040985107422
1096,TH0021AV/viewpoint_simulated_112_surface1.pcd,Testing,1.971767783164978,2.0427744388580322,0.0710066556930542
1097,TH0021AV/viewpoint_simulated_113_surface1.pcd,Testing,2.264219284057617,2.0023446083068848,0.2618746757507324
1098,TH0021AV/viewpoint_simulated_114_surface1.pcd,Testing,1.924725890159607,2.084383726119995,0.15965783596038818
1099,TH0021AV/viewpoint_simulated_115_surface1.pcd,Testing,2.1361982822418213,2.2844207286834717,0.1482224464416504
1100,TH0021AV/viewpoint_simulated_116_surface1.pcd,Testing,2.1687405109405518,2.32330584526062,0.15456533432006836
1101,TH0021AV/viewpoint_simulated_117_surface1.pcd,Testing,2.3303892612457275,2.3185417652130127,0.011847496032714844
1102,TH0021AV/viewpoint_simulated_118_surface1.pcd,Testing,2.2739741802215576,2.2150564193725586,0.05891776084899902
1103,TH0021AV/viewpoint_simulated_119_surface1.pcd,Testing,2.3732569217681885,2.1846556663513184,0.18860125541687012
1104,TH0021AV/viewpoint_simulated_12_surface1.pcd,Testing,2.168273687362671,2.100853681564331,0.06742000579833984
1105,TH0021AV/viewpoint_simulated_120_surface1.pcd,Testing,2.219228506088257,2.1784002780914307,0.04082822799682617
1106,TH0021AV/viewpoint_simulated_121_surface1.pcd,Testing,2.1263647079467773,2.283644437789917,0.15727972984313965
1107,TH0021AV/viewpoint_simulated_122_surface1.pcd,Testing,2.223005771636963,2.2217166423797607,0.0012891292572021484
1108,TH0021AV/viewpoint_simulated_123_surface1.pcd,Testing,2.2511041164398193,2.2190942764282227,0.03200984001159668
1109,TH0021AV/viewpoint_simulated_124_surface1.pcd,Testing,2.2994115352630615,2.11018705368042,0.1892244815826416
1110,TH0021AV/viewpoint_simulated_125_surface1.pcd,Testing,2.02658748626709,1.9978077411651611,0.02877974510192871
1111,TH0021AV/viewpoint_simulated_126_surface1.pcd,Testing,2.264958143234253,2.0245230197906494,0.24043512344360352
1112,TH0021AV/viewpoint_simulated_127_surface1.pcd,Testing,2.2120301723480225,2.146305561065674,0.06572461128234863
1113,TH0021AV/viewpoint_simulated_128_surface1.pcd,Testing,2.2852585315704346,2.3738582134246826,0.08859968185424805
1114,TH0021AV/viewpoint_simulated_129_surface1.pcd,Testing,2.190150260925293,2.297642469406128,0.10749220848083496
1115,TH0021AV/viewpoint_simulated_13_surface1.pcd,Testing,2.199934959411621,2.1756796836853027,0.02425527572631836
1116,TH0021AV/viewpoint_simulated_130_surface1.pcd,Testing,2.243908643722534,2.224443197250366,0.01946544647216797
1117,TH0021AV/viewpoint_simulated_131_surface1.pcd,Testing,2.133700132369995,2.227268695831299,0.09356856346130371
1118,TH0021AV/viewpoint_simulated_132_surface1.pcd,Testing,2.1733336448669434,2.3146936893463135,0.14136004447937012
1119,TH0021AV/viewpoint_simulated_133_surface1.pcd,Testing,2.3514487743377686,2.3250269889831543,0.026421785354614258
1120,TH0021AV/viewpoint_simulated_134_surface1.pcd,Testing,2.2927117347717285,2.2108397483825684,0.08187198638916016
1121,TH0021AV/viewpoint_simulated_135_surface1.pcd,Testing,2.076227903366089,2.3230297565460205,0.24680185317993164
1122,TH0021AV/viewpoint_simulated_136_surface1.pcd,Testing,2.11869478225708,2.061528444290161,0.057166337966918945
1123,TH0021AV/viewpoint_simulated_137_surface1.pcd,Testing,2.2239365577697754,1.9400091171264648,0.28392744064331055
1124,TH0021AV/viewpoint_simulated_138_surface1.pcd,Testing,2.330458164215088,1.9937694072723389,0.336688756942749
1125,TH0021AV/viewpoint_simulated_139_surface1.pcd,Testing,2.096717119216919,2.1590726375579834,0.06235551834106445
1126,TH0021AV/viewpoint_simulated_14_surface1.pcd,Testing,2.139702081680298,2.14147686958313,0.0017747879028320312
1127,TH0021AV/viewpoint_simulated_140_surface1.pcd,Testing,2.090024471282959,2.3792481422424316,0.28922367095947266
1128,TH0021AV/viewpoint_simulated_141_surface1.pcd,Testing,2.220317840576172,2.241541862487793,0.021224021911621094
1129,TH0021AV/viewpoint_simulated_142_surface1.pcd,Testing,2.1915783882141113,2.3048646450042725,0.11328625679016113
1130,TH0021AV/viewpoint_simulated_143_surface1.pcd,Testing,2.416302442550659,2.278611660003662,0.13769078254699707
1131,TH0021AV/viewpoint_simulated_144_surface1.pcd,Testing,2.1547904014587402,2.1528875827789307,0.0019028186798095703
1132,TH0021AV/viewpoint_simulated_145_surface1.pcd,Testing,2.244389295578003,2.158663511276245,0.08572578430175781
1133,TH0021AV/viewpoint_simulated_146_surface1.pcd,Testing,2.1202809810638428,2.1357126235961914,0.015431642532348633
1134,TH0021AV/viewpoint_simulated_147_surface1.pcd,Testing,2.078611135482788,2.105483055114746,0.026871919631958008
1135,TH0021AV/viewpoint_simulated_148_surface1.pcd,Testing,2.220160484313965,2.1085288524627686,0.11163163185119629
1136,TH0021AV/viewpoint_simulated_149_surface1.pcd,Testing,2.2257702350616455,2.1339495182037354,0.09182071685791016
1137,TH0021AV/viewpoint_simulated_15_surface1.pcd,Testing,2.2073779106140137,2.108598232269287,0.09877967834472656
1138,TH0021AV/viewpoint_simulated_150_surface1.pcd,Testing,2.0164897441864014,2.059544801712036,0.043055057525634766
1139,TH0021AV/viewpoint_simulated_151_surface1.pcd,Testing,2.150989532470703,2.1925923824310303,0.04160284996032715
1140,TH0021AV/viewpoint_simulated_152_surface1.pcd,Testing,2.324441909790039,2.238621950149536,0.08581995964050293
1141,TH0021AV/viewpoint_simulated_153_surface1.pcd,Testing,2.140921115875244,2.1913459300994873,0.050424814224243164
1142,TH0021AV/viewpoint_simulated_154_surface1.pcd,Testing,1.9546641111373901,2.1416823863983154,0.1870182752609253
1143,TH0021AV/viewpoint_simulated_155_surface1.pcd,Testing,2.078644275665283,2.1707651615142822,0.09212088584899902
1144,TH0021AV/viewpoint_simulated_156_surface1.pcd,Testing,2.2365331649780273,2.1418304443359375,0.09470272064208984
1145,TH0021AV/viewpoint_simulated_157_surface1.pcd,Testing,2.1985890865325928,2.1288578510284424,0.06973123550415039
1146,TH0021AV/viewpoint_simulated_158_surface1.pcd,Testing,2.223153591156006,2.129218339920044,0.09393525123596191
1147,TH0021AV/viewpoint_simulated_159_surface1.pcd,Testing,2.096952199935913,2.1834323406219482,0.08648014068603516
1148,TH0021AV/viewpoint_simulated_16_surface1.pcd,Testing,2.144881010055542,2.041257619857788,0.1036233901977539
1149,TH0021AV/viewpoint_simulated_160_surface1.pcd,Testing,2.2010624408721924,2.1374804973602295,0.06358194351196289
1150,TH0021AV/viewpoint_simulated_161_surface1.pcd,Testing,2.2350521087646484,2.091435670852661,0.1436164379119873
1151,TH0021AV/viewpoint_simulated_162_surface1.pcd,Testing,2.1002085208892822,2.1281936168670654,0.027985095977783203
1152,TH0021AV/viewpoint_simulated_163_surface1.pcd,Testing,2.126506805419922,2.21923565864563,0.09272885322570801
1153,TH0021AV/viewpoint_simulated_164_surface1.pcd,Testing,2.1784591674804688,2.2474353313446045,0.06897616386413574
1154,TH0021AV/viewpoint_simulated_165_surface1.pcd,Testing,2.1459171772003174,2.213230609893799,0.06731343269348145
1155,TH0021AV/viewpoint_simulated_166_surface1.pcd,Testing,2.1190505027770996,2.1904094219207764,0.07135891914367676
1156,TH0021AV/viewpoint_simulated_167_surface1.pcd,Testing,2.2118263244628906,2.1999967098236084,0.011829614639282227
1157,TH0021AV/viewpoint_simulated_168_surface1.pcd,Testing,2.1796507835388184,2.1554453372955322,0.024205446243286133
1158,TH0021AV/viewpoint_simulated_169_surface1.pcd,Testing,2.0148565769195557,2.209162712097168,0.1943061351776123
1159,TH0021AV/viewpoint_simulated_17_surface1.pcd,Testing,2.1057019233703613,2.1291186809539795,0.023416757583618164
1160,TH0021AV/viewpoint_simulated_170_surface1.pcd,Testing,2.274507999420166,2.1583456993103027,0.11616230010986328
1161,TH0021AV/viewpoint_simulated_171_surface1.pcd,Testing,2.1212902069091797,2.161299705505371,0.040009498596191406
1162,TH0021AV/viewpoint_simulated_172_surface1.pcd,Testing,2.14643931388855,2.140969753265381,0.005469560623168945
1163,TH0021AV/viewpoint_simulated_173_surface1.pcd,Testing,2.0992980003356934,2.0946996212005615,0.004598379135131836
1164,TH0021AV/viewpoint_simulated_174_surface1.pcd,Testing,2.246492862701416,2.1714417934417725,0.07505106925964355
1165,TH0021AV/viewpoint_simulated_175_surface1.pcd,Testing,2.1579980850219727,2.2135910987854004,0.055593013763427734
1166,TH0021AV/viewpoint_simulated_176_surface1.pcd,Testing,2.1831417083740234,2.3557522296905518,0.17261052131652832
1167,TH0021AV/viewpoint_simulated_177_surface1.pcd,Testing,2.062131404876709,2.2615163326263428,0.1993849277496338
1168,TH0021AV/viewpoint_simulated_178_surface1.pcd,Testing,2.243885040283203,2.216731071472168,0.027153968811035156
1169,TH0021AV/viewpoint_simulated_179_surface1.pcd,Testing,2.1876370906829834,2.1869475841522217,0.0006895065307617188
1170,TH0021AV/viewpoint_simulated_18_surface1.pcd,Testing,2.0892655849456787,2.1038293838500977,0.014563798904418945
1171,TH0021AV/viewpoint_simulated_180_surface1.pcd,Testing,2.0110063552856445,2.163717269897461,0.1527109146118164
1172,TH0021AV/viewpoint_simulated_181_surface1.pcd,Testing,1.9730243682861328,2.2431833744049072,0.2701590061187744
1173,TH0021AV/viewpoint_simulated_182_surface1.pcd,Testing,2.234849452972412,2.1937644481658936,0.041085004806518555
1174,TH0021AV/viewpoint_simulated_183_surface1.pcd,Testing,2.3195955753326416,2.14518141746521,0.17441415786743164
1175,TH0021AV/viewpoint_simulated_184_surface1.pcd,Testing,2.1904590129852295,2.148425579071045,0.04203343391418457
1176,TH0021AV/viewpoint_simulated_185_surface1.pcd,Testing,2.3243682384490967,2.0755069255828857,0.24886131286621094
1177,TH0021AV/viewpoint_simulated_186_surface1.pcd,Testing,2.0584731101989746,2.1062238216400146,0.04775071144104004
1178,TH0021AV/viewpoint_simulated_187_surface1.pcd,Testing,1.9937996864318848,2.281742811203003,0.28794312477111816
1179,TH0021AV/viewpoint_simulated_188_surface1.pcd,Testing,2.0068960189819336,2.31825852394104,0.31136250495910645
1180,TH0021AV/viewpoint_simulated_189_surface1.pcd,Testing,2.1050965785980225,2.3235526084899902,0.21845602989196777
1181,TH0021AV/viewpoint_simulated_19_surface1.pcd,Testing,2.2430050373077393,2.196289300918579,0.046715736389160156
1182,TH0021AV/viewpoint_simulated_190_surface1.pcd,Testing,2.079688549041748,2.2300736904144287,0.15038514137268066
1183,TH0021AV/viewpoint_simulated_191_surface1.pcd,Testing,2.194974899291992,2.2153828144073486,0.020407915115356445
1184,TH0021AV/viewpoint_simulated_192_surface1.pcd,Testing,2.212942361831665,2.2147505283355713,0.00180816650390625
1185,TH0021AV/viewpoint_simulated_193_surface1.pcd,Testing,2.3943450450897217,2.296185255050659,0.0981597900390625
1186,TH0021AV/viewpoint_simulated_194_surface1.pcd,Testing,2.2774624824523926,2.244274854660034,0.0331876277923584
1187,TH0021AV/viewpoint_simulated_195_surface1.pcd,Testing,2.227916717529297,2.231473207473755,0.003556489944458008
1188,TH0021AV/viewpoint_simulated_196_surface1.pcd,Testing,2.036247968673706,2.0873327255249023,0.05108475685119629
1189,TH0021AV/viewpoint_simulated_197_surface1.pcd,Testing,2.0056214332580566,1.984445333480835,0.02117609977722168
1190,TH0021AV/viewpoint_simulated_198_surface1.pcd,Testing,2.278358221054077,2.0642282962799072,0.21412992477416992
1191,TH0021AV/viewpoint_simulated_199_surface1.pcd,Testing,2.118992328643799,2.2239949703216553,0.10500264167785645
1192,TH0021AV/viewpoint_simulated_2_surface1.pcd,Testing,2.305751323699951,2.142564058303833,0.16318726539611816
1193,TH0021AV/viewpoint_simulated_20_surface1.pcd,Testing,2.1683802604675293,2.241117238998413,0.07273697853088379
1194,TH0021AV/viewpoint_simulated_200_surface1.pcd,Testing,2.291790246963501,2.3383688926696777,0.04657864570617676
1195,TH0021AV/viewpoint_simulated_201_surface1.pcd,Testing,2.273930311203003,2.248304843902588,0.02562546730041504
1196,TH0021AV/viewpoint_simulated_202_surface1.pcd,Testing,2.218397855758667,2.261402130126953,0.04300427436828613
1197,TH0021AV/viewpoint_simulated_203_surface1.pcd,Testing,2.1853039264678955,2.2418010234832764,0.05649709701538086
1198,TH0021AV/viewpoint_simulated_204_surface1.pcd,Testing,2.2387282848358154,2.260329484939575,0.021601200103759766
1199,TH0021AV/viewpoint_simulated_205_surface1.pcd,Testing,2.0418648719787598,2.313588857650757,0.27172398567199707
1200,TH0021AV/viewpoint_simulated_206_surface1.pcd,Testing,2.308398962020874,2.1983635425567627,0.11003541946411133
1201,TH0021AV/viewpoint_simulated_207_surface1.pcd,Testing,2.311185598373413,2.292238473892212,0.018947124481201172
1202,TH0021AV/viewpoint_simulated_208_surface1.pcd,Testing,2.1433303356170654,2.116746187210083,0.026584148406982422
1203,TH0021AV/viewpoint_simulated_209_surface1.pcd,Testing,2.1136603355407715,1.9439046382904053,0.1697556972503662
1204,TH0021AV/viewpoint_simulated_21_surface1.pcd,Testing,2.2307636737823486,2.215773820877075,0.014989852905273438
1205,TH0021AV/viewpoint_simulated_210_surface1.pcd,Testing,2.2513844966888428,2.0022337436676025,0.24915075302124023
1206,TH0021AV/viewpoint_simulated_211_surface1.pcd,Testing,2.2075209617614746,2.227983236312866,0.0204622745513916
1207,TH0021AV/viewpoint_simulated_212_surface1.pcd,Testing,2.1614909172058105,2.3726634979248047,0.21117258071899414
1208,TH0021AV/viewpoint_simulated_213_surface1.pcd,Testing,2.1998238563537598,2.227348566055298,0.027524709701538086
1209,TH0021AV/viewpoint_simulated_214_surface1.pcd,Testing,2.1397705078125,2.317187786102295,0.17741727828979492
1210,TH0021AV/viewpoint_simulated_215_surface1.pcd,Testing,2.24875807762146,2.29010272026062,0.041344642639160156
1211,TH0021AV/viewpoint_simulated_22_surface1.pcd,Testing,2.3304202556610107,2.1773526668548584,0.15306758880615234
1212,TH0021AV/viewpoint_simulated_23_surface1.pcd,Testing,2.2058379650115967,2.215893030166626,0.010055065155029297
1213,TH0021AV/viewpoint_simulated_24_surface1.pcd,Testing,2.3387718200683594,2.179410219192505,0.1593616008758545
1214,TH0021AV/viewpoint_simulated_25_surface1.pcd,Testing,2.0750391483306885,2.2166748046875,0.14163565635681152
1215,TH0021AV/viewpoint_simulated_26_surface1.pcd,Testing,2.2065963745117188,2.143717050552368,0.06287932395935059
1216,TH0021AV/viewpoint_simulated_27_surface1.pcd,Testing,2.0630977153778076,2.1132185459136963,0.05012083053588867
1217,TH0021AV/viewpoint_simulated_28_surface1.pcd,Testing,2.3047983646392822,2.0954396724700928,0.20935869216918945
1218,TH0021AV/viewpoint_simulated_29_surface1.pcd,Testing,2.1813242435455322,1.9377682209014893,0.24355602264404297
1219,TH0021AV/viewpoint_simulated_3_surface1.pcd,Testing,2.171328067779541,2.129929780960083,0.04139828681945801
1220,TH0021AV/viewpoint_simulated_30_surface1.pcd,Testing,2.0327377319335938,2.0723187923431396,0.0395810604095459
1221,TH0021AV/viewpoint_simulated_31_surface1.pcd,Testing,2.3501787185668945,2.152735948562622,0.19744277000427246
1222,TH0021AV/viewpoint_simulated_32_surface1.pcd,Testing,2.280869960784912,2.271402359008789,0.009467601776123047
1223,TH0021AV/viewpoint_simulated_33_surface1.pcd,Testing,2.2185261249542236,2.331716775894165,0.1131906509399414
1224,TH0021AV/viewpoint_simulated_34_surface1.pcd,Testing,2.0944137573242188,2.230912446975708,0.13649868965148926
1225,TH0021AV/viewpoint_simulated_35_surface1.pcd,Testing,2.1441574096679688,2.219515085220337,0.07535767555236816
1226,TH0021AV/viewpoint_simulated_36_surface1.pcd,Testing,2.2361385822296143,2.168459177017212,0.06767940521240234
1227,TH0021AV/viewpoint_simulated_37_surface1.pcd,Testing,2.1438703536987305,2.275602102279663,0.13173174858093262
1228,TH0021AV/viewpoint_simulated_38_surface1.pcd,Testing,2.2749693393707275,2.1469075679779053,0.12806177139282227
1229,TH0021AV/viewpoint_simulated_39_surface1.pcd,Testing,2.0992772579193115,2.1247546672821045,0.02547740936279297
1230,TH0021AV/viewpoint_simulated_4_surface1.pcd,Testing,2.1188583374023438,2.126091241836548,0.0072329044342041016
1231,TH0021AV/viewpoint_simulated_40_surface1.pcd,Testing,2.078646659851074,2.1012227535247803,0.022576093673706055
1232,TH0021AV/viewpoint_simulated_41_surface1.pcd,Testing,2.4084415435791016,1.9604663848876953,0.44797515869140625
1233,TH0021AV/viewpoint_simulated_42_surface1.pcd,Testing,2.101044178009033,2.0084455013275146,0.09259867668151855
1234,TH0021AV/viewpoint_simulated_43_surface1.pcd,Testing,2.2894976139068604,2.1194069385528564,0.1700906753540039
1235,TH0021AV/viewpoint_simulated_44_surface1.pcd,Testing,2.420332193374634,2.3579916954040527,0.062340497970581055
1236,TH0021AV/viewpoint_simulated_45_surface1.pcd,Testing,2.1531243324279785,2.3013248443603516,0.14820051193237305
1237,TH0021AV/viewpoint_simulated_46_surface1.pcd,Testing,2.2354519367218018,2.1909546852111816,0.04449725151062012
1238,TH0021AV/viewpoint_simulated_47_surface1.pcd,Testing,2.2410643100738525,2.210426092147827,0.03063821792602539
1239,TH0021AV/viewpoint_simulated_48_surface1.pcd,Testing,2.403686285018921,2.1636338233947754,0.2400524616241455
1240,TH0021AV/viewpoint_simulated_49_surface1.pcd,Testing,2.1475491523742676,2.238893747329712,0.09134459495544434
1241,TH0021AV/viewpoint_simulated_5_surface1.pcd,Testing,2.17913556098938,2.0690953731536865,0.11004018783569336
1242,TH0021AV/viewpoint_simulated_50_surface1.pcd,Testing,2.2671914100646973,2.1745119094848633,0.09267950057983398
1243,TH0021AV/viewpoint_simulated_51_surface1.pcd,Testing,1.9027807712554932,2.224384069442749,0.32160329818725586
1244,TH0021AV/viewpoint_simulated_52_surface1.pcd,Testing,2.15781307220459,2.0146238803863525,0.1431891918182373
1245,TH0021AV/viewpoint_simulated_53_surface1.pcd,Testing,2.315052032470703,1.9273676872253418,0.38768434524536133
1246,TH0021AV/viewpoint_simulated_54_surface1.pcd,Testing,2.2127153873443604,2.0188190937042236,0.19389629364013672
1247,TH0021AV/viewpoint_simulated_55_surface1.pcd,Testing,2.2490100860595703,2.1274826526641846,0.12152743339538574
1248,TH0021AV/viewpoint_simulated_56_surface1.pcd,Testing,2.1487250328063965,2.277208089828491,0.12848305702209473
1249,TH0021AV/viewpoint_simulated_57_surface1.pcd,Testing,2.140591859817505,2.3091323375701904,0.16854047775268555
1250,TH0021AV/viewpoint_simulated_58_surface1.pcd,Testing,2.107614278793335,2.251011610031128,0.14339733123779297
1251,TH0021AV/viewpoint_simulated_59_surface1.pcd,Testing,2.3960235118865967,2.253382921218872,0.1426405906677246
1252,TH0021AV/viewpoint_simulated_6_surface1.pcd,Testing,2.1660053730010986,2.107187032699585,0.05881834030151367
1253,TH0021AV/viewpoint_simulated_60_surface1.pcd,Testing,2.592360734939575,2.2904508113861084,0.3019099235534668
1254,TH0021AV/viewpoint_simulated_61_surface1.pcd,Testing,2.4106662273406982,2.279709577560425,0.13095664978027344
1255,TH0021AV/viewpoint_simulated_62_surface1.pcd,Testing,2.088031768798828,2.229058265686035,0.14102649688720703
1256,TH0021AV/viewpoint_simulated_63_surface1.pcd,Testing,2.183537244796753,2.257580041885376,0.07404279708862305
1257,TH0021AV/viewpoint_simulated_64_surface1.pcd,Testing,2.3790206909179688,2.0410921573638916,0.33792853355407715
1258,TH0021AV/viewpoint_simulated_65_surface1.pcd,Testing,2.1286299228668213,1.9401618242263794,0.1884680986404419
1259,TH0021AV/viewpoint_simulated_66_surface1.pcd,Testing,2.2610435485839844,2.000554323196411,0.26048922538757324
1260,TH0021AV/viewpoint_simulated_67_surface1.pcd,Testing,2.2251696586608887,2.0572540760040283,0.16791558265686035
1261,TH0021AV/viewpoint_simulated_68_surface1.pcd,Testing,2.2374391555786133,2.3455193042755127,0.10808014869689941
1262,TH0021AV/viewpoint_simulated_69_surface1.pcd,Testing,2.230130672454834,2.2698047161102295,0.03967404365539551
1263,TH0021AV/viewpoint_simulated_7_surface1.pcd,Testing,2.1829395294189453,2.164067506790161,0.01887202262878418
1264,TH0021AV/viewpoint_simulated_70_surface1.pcd,Testing,2.2456278800964355,2.2269742488861084,0.01865363121032715
1265,TH0021AV/viewpoint_simulated_71_surface1.pcd,Testing,2.3053717613220215,2.304785966873169,0.0005857944488525391
1266,TH0021AV/viewpoint_simulated_72_surface1.pcd,Testing,2.3125531673431396,2.1791207790374756,0.13343238830566406
1267,TH0021AV/viewpoint_simulated_73_surface1.pcd,Testing,1.9955848455429077,2.1242377758026123,0.1286529302597046
1268,TH0021AV/viewpoint_simulated_74_surface1.pcd,Testing,2.0345003604888916,2.1326193809509277,0.09811902046203613
1269,TH0021AV/viewpoint_simulated_75_surface1.pcd,Testing,2.3296258449554443,2.1420114040374756,0.18761444091796875
1270,TH0021AV/viewpoint_simulated_76_surface1.pcd,Testing,2.1687135696411133,2.133530378341675,0.03518319129943848
1271,TH0021AV/viewpoint_simulated_77_surface1.pcd,Testing,2.067492723464966,2.1180872917175293,0.05059456825256348
1272,TH0021AV/viewpoint_simulated_78_surface1.pcd,Testing,2.2986106872558594,2.083575963973999,0.21503472328186035
1273,TH0021AV/viewpoint_simulated_79_surface1.pcd,Testing,2.264500379562378,2.087933301925659,0.17656707763671875
1274,TH0021AV/viewpoint_simulated_8_surface1.pcd,Testing,2.158940315246582,2.1256818771362305,0.03325843811035156
1275,TH0021AV/viewpoint_simulated_80_surface1.pcd,Testing,2.233248233795166,2.2262446880340576,0.0070035457611083984
1276,TH0021AV/viewpoint_simulated_81_surface1.pcd,Testing,2.1494433879852295,2.1597273349761963,0.010283946990966797
1277,TH0021AV/viewpoint_simulated_82_surface1.pcd,Testing,2.233865737915039,2.1540560722351074,0.07980966567993164
1278,TH0021AV/viewpoint_simulated_83_surface1.pcd,Testing,2.167790412902832,2.112093448638916,0.055696964263916016
1279,TH0021AV/viewpoint_simulated_84_surface1.pcd,Testing,2.039616823196411,2.157245397567749,0.11762857437133789
1280,TH0021AV/viewpoint_simulated_85_surface1.pcd,Testing,2.2844643592834473,2.1732659339904785,0.11119842529296875
1281,TH0021AV/viewpoint_simulated_86_surface1.pcd,Testing,2.1417627334594727,2.15108323097229,0.009320497512817383
1282,TH0021AV/viewpoint_simulated_87_surface1.pcd,Testing,2.134460926055908,2.1569883823394775,0.022527456283569336
1283,TH0021AV/viewpoint_simulated_88_surface1.pcd,Testing,2.1034109592437744,2.080920457839966,0.022490501403808594
1284,TH0021AV/viewpoint_simulated_89_surface1.pcd,Testing,2.1043975353240967,2.118006706237793,0.013609170913696289
1285,TH0021AV/viewpoint_simulated_9_surface1.pcd,Testing,2.3048925399780273,2.2448253631591797,0.060067176818847656
1286,TH0021AV/viewpoint_simulated_90_surface1.pcd,Testing,2.2158713340759277,2.1742446422576904,0.041626691818237305
1287,TH0021AV/viewpoint_simulated_91_surface1.pcd,Testing,2.3492233753204346,2.235475540161133,0.11374783515930176
1288,TH0021AV/viewpoint_simulated_92_surface1.pcd,Testing,2.2555582523345947,2.2223193645477295,0.033238887786865234
1289,TH0021AV/viewpoint_simulated_93_surface1.pcd,Testing,2.1822798252105713,2.208455801010132,0.026175975799560547
1290,TH0021AV/viewpoint_simulated_94_surface1.pcd,Testing,2.06425404548645,2.1892576217651367,0.12500357627868652
1291,TH0021AV/viewpoint_simulated_95_surface1.pcd,Testing,2.2286019325256348,2.2494819164276123,0.02087998390197754
1292,TH0021AV/viewpoint_simulated_96_surface1.pcd,Testing,2.10489559173584,2.1743271350860596,0.06943154335021973
1293,TH0021AV/viewpoint_simulated_97_surface1.pcd,Testing,2.058959722518921,2.2110557556152344,0.15209603309631348
1294,TH0021AV/viewpoint_simulated_98_surface1.pcd,Testing,2.0674819946289062,2.155085802078247,0.08760380744934082
1295,TH0021AV/viewpoint_simulated_99_surface1.pcd,Testing,2.2401950359344482,2.1642346382141113,0.07596039772033691
1296,TH0022AV/viewpoint_simulated_0_surface0.pcd,Testing,1.9898277521133423,2.063239574432373,0.07341182231903076
1297,TH0022AV/viewpoint_simulated_1_surface0.pcd,Testing,1.9788943529129028,2.0430521965026855,0.06415784358978271
1298,TH0022AV/viewpoint_simulated_10_surface0.pcd,Testing,2.0345277786254883,2.084650754928589,0.050122976303100586
1299,TH0022AV/viewpoint_simulated_100_surface0.pcd,Testing,2.0674474239349365,2.137843370437622,0.07039594650268555
1300,TH0022AV/viewpoint_simulated_101_surface0.pcd,Testing,2.0645151138305664,2.137101650238037,0.0725865364074707
1301,TH0022AV/viewpoint_simulated_102_surface0.pcd,Testing,1.9535552263259888,2.1526947021484375,0.19913947582244873
1302,TH0022AV/viewpoint_simulated_103_surface0.pcd,Testing,1.928181529045105,2.1860742568969727,0.2578927278518677
1303,TH0022AV/viewpoint_simulated_104_surface0.pcd,Testing,1.9346866607666016,2.1324422359466553,0.1977555751800537
1304,TH0022AV/viewpoint_simulated_105_surface0.pcd,Testing,2.0294439792633057,2.1200597286224365,0.09061574935913086
1305,TH0022AV/viewpoint_simulated_106_surface0.pcd,Testing,1.9372097253799438,2.072889566421509,0.13567984104156494
1306,TH0022AV/viewpoint_simulated_107_surface0.pcd,Testing,2.004964590072632,2.0718719959259033,0.06690740585327148
1307,TH0022AV/viewpoint_simulated_108_surface0.pcd,Testing,2.040449857711792,2.0434253215789795,0.0029754638671875
1308,TH0022AV/viewpoint_simulated_109_surface0.pcd,Testing,1.9326822757720947,2.009533166885376,0.07685089111328125
1309,TH0022AV/viewpoint_simulated_11_surface0.pcd,Testing,2.012817621231079,2.092827796936035,0.08001017570495605
1310,TH0022AV/viewpoint_simulated_110_surface0.pcd,Testing,2.0712192058563232,2.059563159942627,0.011656045913696289
1311,TH0022AV/viewpoint_simulated_111_surface0.pcd,Testing,1.9766731262207031,2.121366262435913,0.14469313621520996
1312,TH0022AV/viewpoint_simulated_112_surface0.pcd,Testing,2.1035726070404053,2.137833833694458,0.034261226654052734
1313,TH0022AV/viewpoint_simulated_113_surface0.pcd,Testing,2.012315511703491,2.1997857093811035,0.1874701976776123
1314,TH0022AV/viewpoint_simulated_114_surface0.pcd,Testing,2.1513426303863525,2.2980597019195557,0.14671707153320312
1315,TH0022AV/viewpoint_simulated_115_surface0.pcd,Testing,2.007767915725708,2.2320938110351562,0.22432589530944824
1316,TH0022AV/viewpoint_simulated_116_surface0.pcd,Testing,1.961233377456665,2.2031075954437256,0.24187421798706055
1317,TH0022AV/viewpoint_simulated_117_surface0.pcd,Testing,1.9898751974105835,2.117326021194458,0.1274508237838745
1318,TH0022AV/viewpoint_simulated_118_surface0.pcd,Testing,2.0572681427001953,2.075725793838501,0.018457651138305664
1319,TH0022AV/viewpoint_simulated_119_surface0.pcd,Testing,2.0408008098602295,2.0615899562835693,0.020789146423339844
1320,TH0022AV/viewpoint_simulated_12_surface0.pcd,Testing,1.9778802394866943,2.059570550918579,0.08169031143188477
1321,TH0022AV/viewpoint_simulated_120_surface0.pcd,Testing,2.0156571865081787,2.035181760787964,0.019524574279785156
1322,TH0022AV/viewpoint_simulated_121_surface0.pcd,Testing,2.099721670150757,2.0331132411956787,0.06660842895507812
1323,TH0022AV/viewpoint_simulated_122_surface0.pcd,Testing,2.01886248588562,2.0824594497680664,0.06359696388244629
1324,TH0022AV/viewpoint_simulated_123_surface0.pcd,Testing,1.9111775159835815,2.1142213344573975,0.20304381847381592
1325,TH0022AV/viewpoint_simulated_124_surface0.pcd,Testing,2.0965099334716797,2.1337785720825195,0.037268638610839844
1326,TH0022AV/viewpoint_simulated_125_surface0.pcd,Testing,2.0178377628326416,2.2316744327545166,0.213836669921875
1327,TH0022AV/viewpoint_simulated_126_surface0.pcd,Testing,1.984980821609497,2.250009298324585,0.2650284767150879
1328,TH0022AV/viewpoint_simulated_127_surface0.pcd,Testing,2.063676595687866,2.294307231903076,0.23063063621520996
1329,TH0022AV/viewpoint_simulated_128_surface0.pcd,Testing,2.0037848949432373,2.249061346054077,0.24527645111083984
1330,TH0022AV/viewpoint_simulated_129_surface0.pcd,Testing,2.048506736755371,2.1060526371002197,0.05754590034484863
1331,TH0022AV/viewpoint_simulated_13_surface0.pcd,Testing,2.0177550315856934,2.0432894229888916,0.025534391403198242
1332,TH0022AV/viewpoint_simulated_130_surface0.pcd,Testing,1.9774982929229736,2.0809144973754883,0.10341620445251465
1333,TH0022AV/viewpoint_simulated_131_surface0.pcd,Testing,1.9990739822387695,2.0907645225524902,0.0916905403137207
1334,TH0022AV/viewpoint_simulated_132_surface0.pcd,Testing,2.0737173557281494,2.0120365619659424,0.06168079376220703
1335,TH0022AV/viewpoint_simulated_133_surface0.pcd,Testing,2.076854944229126,2.0725815296173096,0.004273414611816406
1336,TH0022AV/viewpoint_simulated_134_surface0.pcd,Testing,2.108703136444092,2.0625345706939697,0.04616856575012207
1337,TH0022AV/viewpoint_simulated_135_surface0.pcd,Testing,1.9851577281951904,2.1019647121429443,0.1168069839477539
1338,TH0022AV/viewpoint_simulated_136_surface0.pcd,Testing,2.017220973968506,2.20713210105896,0.1899111270904541
1339,TH0022AV/viewpoint_simulated_137_surface0.pcd,Testing,2.0802829265594482,2.27575945854187,0.19547653198242188
1340,TH0022AV/viewpoint_simulated_138_surface0.pcd,Testing,2.080096483230591,2.202500820159912,0.12240433692932129
1341,TH0022AV/viewpoint_simulated_139_surface0.pcd,Testing,2.0675342082977295,2.228746175765991,0.16121196746826172
1342,TH0022AV/viewpoint_simulated_14_surface0.pcd,Testing,2.0615410804748535,2.0416147708892822,0.01992630958557129
1343,TH0022AV/viewpoint_simulated_140_surface0.pcd,Testing,2.085803508758545,2.3050954341888428,0.21929192543029785
1344,TH0022AV/viewpoint_simulated_141_surface0.pcd,Testing,2.0941076278686523,2.152024030685425,0.05791640281677246
1345,TH0022AV/viewpoint_simulated_142_surface0.pcd,Testing,2.079392433166504,2.091844320297241,0.012451887130737305
1346,TH0022AV/viewpoint_simulated_143_surface0.pcd,Testing,1.9878032207489014,2.085812568664551,0.09800934791564941
1347,TH0022AV/viewpoint_simulated_144_surface0.pcd,Testing,1.954689621925354,2.064431667327881,0.10974204540252686
1348,TH0022AV/viewpoint_simulated_145_surface0.pcd,Testing,1.9778727293014526,2.0451302528381348,0.06725752353668213
1349,TH0022AV/viewpoint_simulated_146_surface0.pcd,Testing,1.9350149631500244,2.0528812408447266,0.11786627769470215
1350,TH0022AV/viewpoint_simulated_147_surface0.pcd,Testing,2.0839223861694336,2.078669309616089,0.0052530765533447266
1351,TH0022AV/viewpoint_simulated_148_surface0.pcd,Testing,1.9033384323120117,2.0675742626190186,0.16423583030700684
1352,TH0022AV/viewpoint_simulated_149_surface0.pcd,Testing,2.014814853668213,2.092175245285034,0.07736039161682129
1353,TH0022AV/viewpoint_simulated_15_surface0.pcd,Testing,2.095325231552124,2.0498318672180176,0.045493364334106445
1354,TH0022AV/viewpoint_simulated_150_surface0.pcd,Testing,2.035465955734253,2.086308002471924,0.0508420467376709
1355,TH0022AV/viewpoint_simulated_151_surface0.pcd,Testing,1.999305009841919,2.118565797805786,0.11926078796386719
1356,TH0022AV/viewpoint_simulated_152_surface0.pcd,Testing,2.1160295009613037,2.11381196975708,0.002217531204223633
1357,TH0022AV/viewpoint_simulated_153_surface0.pcd,Testing,2.0199456214904785,2.113355875015259,0.09341025352478027
1358,TH0022AV/viewpoint_simulated_154_surface0.pcd,Testing,1.9612311124801636,2.091514825820923,0.13028371334075928
1359,TH0022AV/viewpoint_simulated_155_surface0.pcd,Testing,2.028299331665039,2.081489324569702,0.053189992904663086
1360,TH0022AV/viewpoint_simulated_156_surface0.pcd,Testing,2.001065492630005,2.052161931991577,0.051096439361572266
1361,TH0022AV/viewpoint_simulated_157_surface0.pcd,Testing,1.9529942274093628,2.0446393489837646,0.09164512157440186
1362,TH0022AV/viewpoint_simulated_158_surface0.pcd,Testing,1.9364029169082642,2.0566558837890625,0.12025296688079834
1363,TH0022AV/viewpoint_simulated_159_surface0.pcd,Testing,2.0447885990142822,2.1059954166412354,0.061206817626953125
1364,TH0022AV/viewpoint_simulated_16_surface0.pcd,Testing,1.9458776712417603,2.0843822956085205,0.13850462436676025
1365,TH0022AV/viewpoint_simulated_160_surface0.pcd,Testing,1.9028280973434448,2.0864150524139404,0.1835869550704956
1366,TH0022AV/viewpoint_simulated_161_surface0.pcd,Testing,2.0354533195495605,2.0830771923065186,0.04762387275695801
1367,TH0022AV/viewpoint_simulated_162_surface0.pcd,Testing,1.946329116821289,2.0979526042938232,0.15162348747253418
1368,TH0022AV/viewpoint_simulated_163_surface0.pcd,Testing,2.0743250846862793,2.1495158672332764,0.07519078254699707
1369,TH0022AV/viewpoint_simulated_164_surface0.pcd,Testing,1.9442012310028076,2.1016626358032227,0.15746140480041504
1370,TH0022AV/viewpoint_simulated_165_surface0.pcd,Testing,1.9701523780822754,2.1187117099761963,0.1485593318939209
1371,TH0022AV/viewpoint_simulated_166_surface0.pcd,Testing,1.923094391822815,2.0913069248199463,0.16821253299713135
1372,TH0022AV/viewpoint_simulated_167_surface0.pcd,Testing,2.000929594039917,2.0876846313476562,0.08675503730773926
1373,TH0022AV/viewpoint_simulated_168_surface0.pcd,Testing,2.003053665161133,2.054232120513916,0.0511784553527832
1374,TH0022AV/viewpoint_simulated_169_surface0.pcd,Testing,2.032691717147827,2.0185019969940186,0.014189720153808594
1375,TH0022AV/viewpoint_simulated_17_surface0.pcd,Testing,1.9493929147720337,2.088961362838745,0.13956844806671143
1376,TH0022AV/viewpoint_simulated_170_surface0.pcd,Testing,2.048555850982666,2.0697944164276123,0.02123856544494629
1377,TH0022AV/viewpoint_simulated_171_surface0.pcd,Testing,2.0738680362701416,2.096081256866455,0.022213220596313477
1378,TH0022AV/viewpoint_simulated_172_surface0.pcd,Testing,1.977797269821167,2.1064536571502686,0.12865638732910156
1379,TH0022AV/viewpoint_simulated_173_surface0.pcd,Testing,1.9321247339248657,2.1197731494903564,0.18764841556549072
1380,TH0022AV/viewpoint_simulated_174_surface0.pcd,Testing,1.9093097448349,2.172816514968872,0.26350677013397217
1381,TH0022AV/viewpoint_simulated_175_surface0.pcd,Testing,2.0894899368286133,2.1662518978118896,0.07676196098327637
1382,TH0022AV/viewpoint_simulated_176_surface0.pcd,Testing,2.0014214515686035,2.1395061016082764,0.13808465003967285
1383,TH0022AV/viewpoint_simulated_177_surface0.pcd,Testing,2.0064280033111572,2.11330246925354,0.10687446594238281
1384,TH0022AV/viewpoint_simulated_178_surface0.pcd,Testing,2.021101236343384,2.0566625595092773,0.035561323165893555
1385,TH0022AV/viewpoint_simulated_179_surface0.pcd,Testing,2.0739798545837402,2.0746538639068604,0.0006740093231201172
1386,TH0022AV/viewpoint_simulated_18_surface0.pcd,Testing,1.9762698411941528,2.1380136013031006,0.16174376010894775
1387,TH0022AV/viewpoint_simulated_180_surface0.pcd,Testing,2.0552899837493896,2.038794755935669,0.016495227813720703
1388,TH0022AV/viewpoint_simulated_181_surface0.pcd,Testing,1.9971745014190674,1.9954354763031006,0.0017390251159667969
1389,TH0022AV/viewpoint_simulated_182_surface0.pcd,Testing,2.067795753479004,2.079017162322998,0.01122140884399414
1390,TH0022AV/viewpoint_simulated_183_surface0.pcd,Testing,1.9599274396896362,2.106484889984131,0.14655745029449463
1391,TH0022AV/viewpoint_simulated_184_surface0.pcd,Testing,2.132296085357666,2.1242713928222656,0.00802469253540039
1392,TH0022AV/viewpoint_simulated_185_surface0.pcd,Testing,1.9152065515518188,2.1966941356658936,0.2814875841140747
1393,TH0022AV/viewpoint_simulated_186_surface0.pcd,Testing,1.9805805683135986,2.229419708251953,0.2488391399383545
1394,TH0022AV/viewpoint_simulated_187_surface0.pcd,Testing,2.0721631050109863,2.2286136150360107,0.15645051002502441
1395,TH0022AV/viewpoint_simulated_188_surface0.pcd,Testing,1.9952960014343262,2.1947121620178223,0.1994161605834961
1396,TH0022AV/viewpoint_simulated_189_surface0.pcd,Testing,1.982645869255066,2.103968381881714,0.12132251262664795
1397,TH0022AV/viewpoint_simulated_19_surface0.pcd,Testing,2.146406888961792,2.149862051010132,0.0034551620483398438
1398,TH0022AV/viewpoint_simulated_190_surface0.pcd,Testing,1.9508428573608398,2.069464921951294,0.1186220645904541
1399,TH0022AV/viewpoint_simulated_191_surface0.pcd,Testing,1.9682142734527588,2.03764271736145,0.0694284439086914
1400,TH0022AV/viewpoint_simulated_192_surface0.pcd,Testing,2.0743532180786133,2.057072401046753,0.01728081703186035
1401,TH0022AV/viewpoint_simulated_193_surface0.pcd,Testing,2.138111114501953,2.0346906185150146,0.10342049598693848
1402,TH0022AV/viewpoint_simulated_194_surface0.pcd,Testing,2.1602284908294678,2.0800890922546387,0.0801393985748291
1403,TH0022AV/viewpoint_simulated_195_surface0.pcd,Testing,2.0833311080932617,2.1205244064331055,0.03719329833984375
1404,TH0022AV/viewpoint_simulated_196_surface0.pcd,Testing,1.9828460216522217,2.149662733078003,0.16681671142578125
1405,TH0022AV/viewpoint_simulated_197_surface0.pcd,Testing,1.9921671152114868,2.2611584663391113,0.2689913511276245
1406,TH0022AV/viewpoint_simulated_198_surface0.pcd,Testing,2.0268592834472656,2.2900938987731934,0.26323461532592773
1407,TH0022AV/viewpoint_simulated_199_surface0.pcd,Testing,1.9830236434936523,2.312307357788086,0.3292837142944336
1408,TH0022AV/viewpoint_simulated_2_surface0.pcd,Testing,1.9215137958526611,2.0440165996551514,0.12250280380249023
1409,TH0022AV/viewpoint_simulated_20_surface0.pcd,Testing,1.9578391313552856,2.1243109703063965,0.16647183895111084
1410,TH0022AV/viewpoint_simulated_200_surface0.pcd,Testing,2.0331497192382812,2.2316644191741943,0.19851469993591309
1411,TH0022AV/viewpoint_simulated_201_surface0.pcd,Testing,1.9912666082382202,2.128880739212036,0.13761413097381592
1412,TH0022AV/viewpoint_simulated_202_surface0.pcd,Testing,2.0129454135894775,2.071392059326172,0.058446645736694336
1413,TH0022AV/viewpoint_simulated_203_surface0.pcd,Testing,1.942129135131836,2.076399087905884,0.13426995277404785
1414,TH0022AV/viewpoint_simulated_204_surface0.pcd,Testing,2.076336145401001,2.020228624343872,0.056107521057128906
1415,TH0022AV/viewpoint_simulated_205_surface0.pcd,Testing,2.0858535766601562,2.0526340007781982,0.03321957588195801
1416,TH0022AV/viewpoint_simulated_206_surface0.pcd,Testing,1.981562614440918,2.0728251934051514,0.0912625789642334
1417,TH0022AV/viewpoint_simulated_207_surface0.pcd,Testing,2.121239423751831,2.089607000350952,0.031632423400878906
1418,TH0022AV/viewpoint_simulated_208_surface0.pcd,Testing,2.1347320079803467,2.2069597244262695,0.07222771644592285
1419,TH0022AV/viewpoint_simulated_209_surface0.pcd,Testing,2.076143741607666,2.281863212585449,0.2057194709777832
1420,TH0022AV/viewpoint_simulated_21_surface0.pcd,Testing,2.0272655487060547,2.1073801517486572,0.08011460304260254
1421,TH0022AV/viewpoint_simulated_210_surface0.pcd,Testing,2.0365066528320312,2.2390925884246826,0.20258593559265137
1422,TH0022AV/viewpoint_simulated_211_surface0.pcd,Testing,2.034623146057129,2.2278945446014404,0.19327139854431152
1423,TH0022AV/viewpoint_simulated_212_surface0.pcd,Testing,2.102414608001709,2.2907333374023438,0.18831872940063477
1424,TH0022AV/viewpoint_simulated_213_surface0.pcd,Testing,2.0827667713165283,2.13622784614563,0.05346107482910156
1425,TH0022AV/viewpoint_simulated_214_surface0.pcd,Testing,2.0323703289031982,2.0755302906036377,0.04315996170043945
1426,TH0022AV/viewpoint_simulated_215_surface0.pcd,Testing,2.071652412414551,2.0994575023651123,0.027805089950561523
1427,TH0022AV/viewpoint_simulated_22_surface0.pcd,Testing,2.0239577293395996,2.0892319679260254,0.06527423858642578
1428,TH0022AV/viewpoint_simulated_23_surface0.pcd,Testing,1.9696829319000244,2.0844922065734863,0.11480927467346191
1429,TH0022AV/viewpoint_simulated_24_surface0.pcd,Testing,2.0124075412750244,2.0512311458587646,0.038823604583740234
1430,TH0022AV/viewpoint_simulated_25_surface0.pcd,Testing,2.0310208797454834,2.0220842361450195,0.008936643600463867
1431,TH0022AV/viewpoint_simulated_26_surface0.pcd,Testing,1.9090847969055176,2.072840452194214,0.1637556552886963
1432,TH0022AV/viewpoint_simulated_27_surface0.pcd,Testing,1.9440922737121582,2.1140613555908203,0.1699690818786621
1433,TH0022AV/viewpoint_simulated_28_surface0.pcd,Testing,1.898882269859314,2.140289783477783,0.24140751361846924
1434,TH0022AV/viewpoint_simulated_29_surface0.pcd,Testing,2.1074411869049072,2.1474153995513916,0.039974212646484375
1435,TH0022AV/viewpoint_simulated_3_surface0.pcd,Testing,1.9910565614700317,2.0310208797454834,0.03996431827545166
1436,TH0022AV/viewpoint_simulated_30_surface0.pcd,Testing,1.9543408155441284,2.1620380878448486,0.20769727230072021
1437,TH0022AV/viewpoint_simulated_31_surface0.pcd,Testing,2.0717880725860596,2.178969144821167,0.10718107223510742
1438,TH0022AV/viewpoint_simulated_32_surface0.pcd,Testing,2.018324851989746,2.1611669063568115,0.14284205436706543
1439,TH0022AV/viewpoint_simulated_33_surface0.pcd,Testing,1.9597890377044678,2.1034975051879883,0.1437084674835205
1440,TH0022AV/viewpoint_simulated_34_surface0.pcd,Testing,2.015949010848999,2.0560901165008545,0.04014110565185547
1441,TH0022AV/viewpoint_simulated_35_surface0.pcd,Testing,1.8796706199645996,2.0866596698760986,0.20698904991149902
1442,TH0022AV/viewpoint_simulated_36_surface0.pcd,Testing,1.9356061220169067,2.0514514446258545,0.11584532260894775
1443,TH0022AV/viewpoint_simulated_37_surface0.pcd,Testing,2.0199711322784424,2.009706735610962,0.010264396667480469
1444,TH0022AV/viewpoint_simulated_38_surface0.pcd,Testing,2.084059715270996,2.056101083755493,0.02795863151550293
1445,TH0022AV/viewpoint_simulated_39_surface0.pcd,Testing,2.023379325866699,2.1250159740448,0.10163664817810059
1446,TH0022AV/viewpoint_simulated_4_surface0.pcd,Testing,2.0282857418060303,2.0758445262908936,0.04755878448486328
1447,TH0022AV/viewpoint_simulated_40_surface0.pcd,Testing,1.8989399671554565,2.1066277027130127,0.20768773555755615
1448,TH0022AV/viewpoint_simulated_41_surface0.pcd,Testing,1.8878731727600098,2.192986488342285,0.3051133155822754
1449,TH0022AV/viewpoint_simulated_42_surface0.pcd,Testing,2.03163743019104,2.2651050090789795,0.23346757888793945
1450,TH0022AV/viewpoint_simulated_43_surface0.pcd,Testing,2.0133252143859863,2.2590324878692627,0.24570727348327637
1451,TH0022AV/viewpoint_simulated_44_surface0.pcd,Testing,1.9445639848709106,2.191178798675537,0.24661481380462646
1452,TH0022AV/viewpoint_simulated_45_surface0.pcd,Testing,2.096473217010498,2.109323024749756,0.012849807739257812
1453,TH0022AV/viewpoint_simulated_46_surface0.pcd,Testing,1.9476933479309082,2.0785114765167236,0.13081812858581543
1454,TH0022AV/viewpoint_simulated_47_surface0.pcd,Testing,2.023439884185791,2.0528600215911865,0.029420137405395508
1455,TH0022AV/viewpoint_simulated_48_surface0.pcd,Testing,2.0938332080841064,2.0219509601593018,0.07188224792480469
1456,TH0022AV/viewpoint_simulated_49_surface0.pcd,Testing,2.07289719581604,2.0346641540527344,0.038233041763305664
1457,TH0022AV/viewpoint_simulated_5_surface0.pcd,Testing,2.106163740158081,2.076862096786499,0.02930164337158203
1458,TH0022AV/viewpoint_simulated_50_surface0.pcd,Testing,1.980360984802246,2.0744147300720215,0.09405374526977539
1459,TH0022AV/viewpoint_simulated_51_surface0.pcd,Testing,2.1060829162597656,2.121385097503662,0.015302181243896484
1460,TH0022AV/viewpoint_simulated_52_surface0.pcd,Testing,2.106882095336914,2.1376006603240967,0.030718564987182617
1461,TH0022AV/viewpoint_simulated_53_surface0.pcd,Testing,1.9930188655853271,2.282268762588501,0.28924989700317383
1462,TH0022AV/viewpoint_simulated_54_surface0.pcd,Testing,2.0392065048217773,2.2481977939605713,0.20899128913879395
1463,TH0022AV/viewpoint_simulated_55_surface0.pcd,Testing,2.050157308578491,2.3178250789642334,0.2676677703857422
1464,TH0022AV/viewpoint_simulated_56_surface0.pcd,Testing,1.9457069635391235,2.2328104972839355,0.287103533744812
1465,TH0022AV/viewpoint_simulated_57_surface0.pcd,Testing,2.0067741870880127,2.104997396469116,0.09822320938110352
1466,TH0022AV/viewpoint_simulated_58_surface0.pcd,Testing,1.9272531270980835,2.087815046310425,0.1605619192123413
1467,TH0022AV/viewpoint_simulated_59_surface0.pcd,Testing,2.0913569927215576,2.0880448818206787,0.0033121109008789062
1468,TH0022AV/viewpoint_simulated_6_surface0.pcd,Testing,1.9934619665145874,2.1041715145111084,0.110709547996521
1469,TH0022AV/viewpoint_simulated_60_surface0.pcd,Testing,2.0878467559814453,2.029437780380249,0.05840897560119629
1470,TH0022AV/viewpoint_simulated_61_surface0.pcd,Testing,1.9530727863311768,2.0509278774261475,0.0978550910949707
1471,TH0022AV/viewpoint_simulated_62_surface0.pcd,Testing,2.2325119972229004,2.0783016681671143,0.15421032905578613
1472,TH0022AV/viewpoint_simulated_63_surface0.pcd,Testing,2.053213119506836,2.095670700073242,0.04245758056640625
1473,TH0022AV/viewpoint_simulated_64_surface0.pcd,Testing,1.953221321105957,2.23578143119812,0.2825601100921631
1474,TH0022AV/viewpoint_simulated_65_surface0.pcd,Testing,2.0842766761779785,2.2362112998962402,0.15193462371826172
1475,TH0022AV/viewpoint_simulated_66_surface0.pcd,Testing,2.238436698913574,2.1617538928985596,0.07668280601501465
1476,TH0022AV/viewpoint_simulated_67_surface0.pcd,Testing,2.0741822719573975,2.235145330429077,0.1609630584716797
1477,TH0022AV/viewpoint_simulated_68_surface0.pcd,Testing,2.1150519847869873,2.309959888458252,0.19490790367126465
1478,TH0022AV/viewpoint_simulated_69_surface0.pcd,Testing,2.0300309658050537,2.1455304622650146,0.11549949645996094
1479,TH0022AV/viewpoint_simulated_7_surface0.pcd,Testing,1.922384262084961,2.0962743759155273,0.1738901138305664
1480,TH0022AV/viewpoint_simulated_70_surface0.pcd,Testing,2.0027878284454346,2.0591986179351807,0.056410789489746094
1481,TH0022AV/viewpoint_simulated_71_surface0.pcd,Testing,2.019097089767456,2.0778310298919678,0.05873394012451172
1482,TH0022AV/viewpoint_simulated_72_surface0.pcd,Testing,2.036397695541382,2.0518438816070557,0.015446186065673828
1483,TH0022AV/viewpoint_simulated_73_surface0.pcd,Testing,2.0638234615325928,2.0443267822265625,0.019496679306030273
1484,TH0022AV/viewpoint_simulated_74_surface0.pcd,Testing,2.0616042613983154,2.055171012878418,0.006433248519897461
1485,TH0022AV/viewpoint_simulated_75_surface0.pcd,Testing,2.0387380123138428,2.0726077556610107,0.03386974334716797
1486,TH0022AV/viewpoint_simulated_76_surface0.pcd,Testing,2.0903594493865967,2.0790653228759766,0.011294126510620117
1487,TH0022AV/viewpoint_simulated_77_surface0.pcd,Testing,2.0450985431671143,2.0645031929016113,0.01940464973449707
1488,TH0022AV/viewpoint_simulated_78_surface0.pcd,Testing,1.9723719358444214,2.0859246253967285,0.11355268955230713
1489,TH0022AV/viewpoint_simulated_79_surface0.pcd,Testing,2.045621633529663,2.105360269546509,0.0597386360168457
1490,TH0022AV/viewpoint_simulated_8_surface0.pcd,Testing,1.9793537855148315,2.1084835529327393,0.12912976741790771
1491,TH0022AV/viewpoint_simulated_80_surface0.pcd,Testing,1.96950101852417,2.0961039066314697,0.1266028881072998
1492,TH0022AV/viewpoint_simulated_81_surface0.pcd,Testing,2.0850932598114014,2.101038694381714,0.0159454345703125
1493,TH0022AV/viewpoint_simulated_82_surface0.pcd,Testing,2.0394389629364014,2.087540864944458,0.04810190200805664
1494,TH0022AV/viewpoint_simulated_83_surface0.pcd,Testing,1.9615529775619507,2.0840799808502197,0.12252700328826904
1495,TH0022AV/viewpoint_simulated_84_surface0.pcd,Testing,1.979465365409851,2.0456316471099854,0.06616628170013428
1496,TH0022AV/viewpoint_simulated_85_surface0.pcd,Testing,1.9444875717163086,2.06056547164917,0.11607789993286133
1497,TH0022AV/viewpoint_simulated_86_surface0.pcd,Testing,2.0059974193573,2.041029930114746,0.03503251075744629
1498,TH0022AV/viewpoint_simulated_87_surface0.pcd,Testing,2.030001640319824,2.093634843826294,0.06363320350646973
1499,TH0022AV/viewpoint_simulated_88_surface0.pcd,Testing,2.13234806060791,2.1031415462493896,0.029206514358520508
1500,TH0022AV/viewpoint_simulated_89_surface0.pcd,Testing,1.9849425554275513,2.0785529613494873,0.09361040592193604
1501,TH0022AV/viewpoint_simulated_9_surface0.pcd,Testing,1.9472604990005493,2.103576183319092,0.15631568431854248
1502,TH0022AV/viewpoint_simulated_90_surface0.pcd,Testing,2.013929605484009,2.1056406497955322,0.09171104431152344
1503,TH0022AV/viewpoint_simulated_91_surface0.pcd,Testing,1.9603874683380127,2.1433141231536865,0.18292665481567383
1504,TH0022AV/viewpoint_simulated_92_surface0.pcd,Testing,1.8916997909545898,2.1317412853240967,0.24004149436950684
1505,TH0022AV/viewpoint_simulated_93_surface0.pcd,Testing,1.9146243333816528,2.1160857677459717,0.20146143436431885
1506,TH0022AV/viewpoint_simulated_94_surface0.pcd,Testing,2.023789405822754,2.1041743755340576,0.08038496971130371
1507,TH0022AV/viewpoint_simulated_95_surface0.pcd,Testing,2.0691592693328857,2.0812904834747314,0.012131214141845703
1508,TH0022AV/viewpoint_simulated_96_surface0.pcd,Testing,2.027595043182373,2.074241876602173,0.046646833419799805
1509,TH0022AV/viewpoint_simulated_97_surface0.pcd,Testing,1.969221830368042,2.016676664352417,0.047454833984375
1510,TH0022AV/viewpoint_simulated_98_surface0.pcd,Testing,2.1063032150268555,2.0942280292510986,0.012075185775756836
1511,TH0022AV/viewpoint_simulated_99_surface0.pcd,Testing,1.9714515209197998,2.101137399673462,0.1296858787536621
1512,TH0022AV/viewpoint_simulated_0_surface1.pcd,Testing,2.1030237674713135,2.2076830863952637,0.1046593189239502
1513,TH0022AV/viewpoint_simulated_1_surface1.pcd,Testing,2.2377841472625732,2.204859972000122,0.03292417526245117
1514,TH0022AV/viewpoint_simulated_10_surface1.pcd,Testing,2.078234910964966,2.236663341522217,0.15842843055725098
1515,TH0022AV/viewpoint_simulated_100_surface1.pcd,Testing,2.2486917972564697,2.1931960582733154,0.0554957389831543
1516,TH0022AV/viewpoint_simulated_101_surface1.pcd,Testing,2.4634456634521484,2.1412389278411865,0.3222067356109619
1517,TH0022AV/viewpoint_simulated_102_surface1.pcd,Testing,2.3214964866638184,2.202083110809326,0.11941337585449219
1518,TH0022AV/viewpoint_simulated_103_surface1.pcd,Testing,2.189659357070923,2.302691698074341,0.11303234100341797
1519,TH0022AV/viewpoint_simulated_104_surface1.pcd,Testing,2.3016135692596436,2.380014181137085,0.0784006118774414
1520,TH0022AV/viewpoint_simulated_105_surface1.pcd,Testing,2.143002510070801,2.259721040725708,0.11671853065490723
1521,TH0022AV/viewpoint_simulated_106_surface1.pcd,Testing,2.2834601402282715,2.251582384109497,0.031877756118774414
1522,TH0022AV/viewpoint_simulated_107_surface1.pcd,Testing,2.274301767349243,2.2079432010650635,0.06635856628417969
1523,TH0022AV/viewpoint_simulated_108_surface1.pcd,Testing,2.4572761058807373,2.2487568855285645,0.20851922035217285
1524,TH0022AV/viewpoint_simulated_109_surface1.pcd,Testing,2.409355640411377,2.3310344219207764,0.07832121849060059
1525,TH0022AV/viewpoint_simulated_11_surface1.pcd,Testing,2.0935170650482178,2.2062418460845947,0.11272478103637695
1526,TH0022AV/viewpoint_simulated_110_surface1.pcd,Testing,2.3030359745025635,2.204288959503174,0.09874701499938965
1527,TH0022AV/viewpoint_simulated_111_surface1.pcd,Testing,2.4218175411224365,2.249279260635376,0.17253828048706055
1528,TH0022AV/viewpoint_simulated_112_surface1.pcd,Testing,2.3968276977539062,2.044541120529175,0.35228657722473145
1529,TH0022AV/viewpoint_simulated_113_surface1.pcd,Testing,2.274094343185425,2.1101789474487305,0.16391539573669434
1530,TH0022AV/viewpoint_simulated_114_surface1.pcd,Testing,2.3045904636383057,2.165095806121826,0.1394946575164795
1531,TH0022AV/viewpoint_simulated_115_surface1.pcd,Testing,2.2184371948242188,2.283923387527466,0.06548619270324707
1532,TH0022AV/viewpoint_simulated_116_surface1.pcd,Testing,2.23169207572937,2.3339006900787354,0.10220861434936523
1533,TH0022AV/viewpoint_simulated_117_surface1.pcd,Testing,2.2037322521209717,2.364309549331665,0.16057729721069336
1534,TH0022AV/viewpoint_simulated_118_surface1.pcd,Testing,2.365926742553711,2.2637717723846436,0.10215497016906738
1535,TH0022AV/viewpoint_simulated_119_surface1.pcd,Testing,2.193528890609741,2.244107961654663,0.050579071044921875
1536,TH0022AV/viewpoint_simulated_12_surface1.pcd,Testing,2.348658323287964,2.169316530227661,0.17934179306030273
1537,TH0022AV/viewpoint_simulated_120_surface1.pcd,Testing,2.5173606872558594,2.266619920730591,0.25074076652526855
1538,TH0022AV/viewpoint_simulated_121_surface1.pcd,Testing,2.327216625213623,2.3270115852355957,0.00020503997802734375
1539,TH0022AV/viewpoint_simulated_122_surface1.pcd,Testing,2.262927770614624,2.25612735748291,0.006800413131713867
1540,TH0022AV/viewpoint_simulated_123_surface1.pcd,Testing,2.293178081512451,2.276806592941284,0.016371488571166992
1541,TH0022AV/viewpoint_simulated_124_surface1.pcd,Testing,2.2283825874328613,2.090078592300415,0.1383039951324463
1542,TH0022AV/viewpoint_simulated_125_surface1.pcd,Testing,2.1945087909698486,2.1330370903015137,0.06147170066833496
1543,TH0022AV/viewpoint_simulated_126_surface1.pcd,Testing,2.3327107429504395,2.2052037715911865,0.12750697135925293
1544,TH0022AV/viewpoint_simulated_127_surface1.pcd,Testing,2.3441050052642822,2.36576247215271,0.021657466888427734
1545,TH0022AV/viewpoint_simulated_128_surface1.pcd,Testing,2.3955764770507812,2.330770254135132,0.06480622291564941
1546,TH0022AV/viewpoint_simulated_129_surface1.pcd,Testing,2.2843430042266846,2.267972707748413,0.016370296478271484
1547,TH0022AV/viewpoint_simulated_13_surface1.pcd,Testing,2.271723508834839,2.2548553943634033,0.016868114471435547
1548,TH0022AV/viewpoint_simulated_130_surface1.pcd,Testing,2.2422373294830322,2.248047113418579,0.005809783935546875
1549,TH0022AV/viewpoint_simulated_131_surface1.pcd,Testing,2.335242986679077,2.2804014682769775,0.05484151840209961
1550,TH0022AV/viewpoint_simulated_132_surface1.pcd,Testing,2.3364057540893555,2.313058376312256,0.02334737777709961
1551,TH0022AV/viewpoint_simulated_133_surface1.pcd,Testing,2.3879177570343018,2.3792202472686768,0.008697509765625
1552,TH0022AV/viewpoint_simulated_134_surface1.pcd,Testing,2.280548095703125,2.2621843814849854,0.01836371421813965
1553,TH0022AV/viewpoint_simulated_135_surface1.pcd,Testing,2.243865966796875,2.2520835399627686,0.008217573165893555
1554,TH0022AV/viewpoint_simulated_136_surface1.pcd,Testing,2.3277952671051025,2.0683505535125732,0.2594447135925293
1555,TH0022AV/viewpoint_simulated_137_surface1.pcd,Testing,2.3181490898132324,2.1431267261505127,0.17502236366271973
1556,TH0022AV/viewpoint_simulated_138_surface1.pcd,Testing,2.3936126232147217,2.1071622371673584,0.2864503860473633
1557,TH0022AV/viewpoint_simulated_139_surface1.pcd,Testing,2.3031904697418213,2.2528719902038574,0.05031847953796387
1558,TH0022AV/viewpoint_simulated_14_surface1.pcd,Testing,2.400179624557495,2.177830457687378,0.2223491668701172
1559,TH0022AV/viewpoint_simulated_140_surface1.pcd,Testing,2.216595411300659,2.3858072757720947,0.16921186447143555
1560,TH0022AV/viewpoint_simulated_141_surface1.pcd,Testing,2.192798137664795,2.2506320476531982,0.05783390998840332
1561,TH0022AV/viewpoint_simulated_142_surface1.pcd,Testing,2.3655450344085693,2.2079050540924072,0.1576399803161621
1562,TH0022AV/viewpoint_simulated_143_surface1.pcd,Testing,2.2953882217407227,2.3558075428009033,0.060419321060180664
1563,TH0022AV/viewpoint_simulated_144_surface1.pcd,Testing,2.247997999191284,2.2279083728790283,0.02008962631225586
1564,TH0022AV/viewpoint_simulated_145_surface1.pcd,Testing,2.213263511657715,2.2035510540008545,0.009712457656860352
1565,TH0022AV/viewpoint_simulated_146_surface1.pcd,Testing,2.2456047534942627,2.1619980335235596,0.08360671997070312
1566,TH0022AV/viewpoint_simulated_147_surface1.pcd,Testing,2.326456308364868,2.164588689804077,0.16186761856079102
1567,TH0022AV/viewpoint_simulated_148_surface1.pcd,Testing,2.1062839031219482,2.1928513050079346,0.08656740188598633
1568,TH0022AV/viewpoint_simulated_149_surface1.pcd,Testing,2.143096923828125,2.261665105819702,0.11856818199157715
1569,TH0022AV/viewpoint_simulated_15_surface1.pcd,Testing,2.4096736907958984,2.155182123184204,0.25449156761169434
1570,TH0022AV/viewpoint_simulated_150_surface1.pcd,Testing,2.2304842472076416,2.2705419063568115,0.04005765914916992
1571,TH0022AV/viewpoint_simulated_151_surface1.pcd,Testing,2.1467502117156982,2.3409218788146973,0.19417166709899902
1572,TH0022AV/viewpoint_simulated_152_surface1.pcd,Testing,2.102557897567749,2.2709224224090576,0.1683645248413086
1573,TH0022AV/viewpoint_simulated_153_surface1.pcd,Testing,2.220487594604492,2.2785348892211914,0.05804729461669922
1574,TH0022AV/viewpoint_simulated_154_surface1.pcd,Testing,2.3159854412078857,2.1807501316070557,0.13523530960083008
1575,TH0022AV/viewpoint_simulated_155_surface1.pcd,Testing,2.228015661239624,2.228100061416626,8.440017700195312e-05
1576,TH0022AV/viewpoint_simulated_156_surface1.pcd,Testing,2.464392900466919,2.2158241271972656,0.24856877326965332
1577,TH0022AV/viewpoint_simulated_157_surface1.pcd,Testing,2.4679431915283203,2.2278640270233154,0.24007916450500488
1578,TH0022AV/viewpoint_simulated_158_surface1.pcd,Testing,2.209275245666504,2.1496267318725586,0.05964851379394531
1579,TH0022AV/viewpoint_simulated_159_surface1.pcd,Testing,2.193835496902466,2.1765329837799072,0.017302513122558594
1580,TH0022AV/viewpoint_simulated_16_surface1.pcd,Testing,2.239499568939209,2.1808788776397705,0.05862069129943848
1581,TH0022AV/viewpoint_simulated_160_surface1.pcd,Testing,2.377444267272949,2.1677839756011963,0.20966029167175293
1582,TH0022AV/viewpoint_simulated_161_surface1.pcd,Testing,2.351374864578247,2.252647638320923,0.09872722625732422
1583,TH0022AV/viewpoint_simulated_162_surface1.pcd,Testing,2.4156405925750732,2.2984979152679443,0.1171426773071289
1584,TH0022AV/viewpoint_simulated_163_surface1.pcd,Testing,2.4214704036712646,2.33294939994812,0.08852100372314453
1585,TH0022AV/viewpoint_simulated_164_surface1.pcd,Testing,2.2463955879211426,2.3153984546661377,0.06900286674499512
1586,TH0022AV/viewpoint_simulated_165_surface1.pcd,Testing,2.281122922897339,2.3448774814605713,0.06375455856323242
1587,TH0022AV/viewpoint_simulated_166_surface1.pcd,Testing,2.1576039791107178,2.1996984481811523,0.04209446907043457
1588,TH0022AV/viewpoint_simulated_167_surface1.pcd,Testing,2.3262460231781006,2.2299180030822754,0.0963280200958252
1589,TH0022AV/viewpoint_simulated_168_surface1.pcd,Testing,2.352046012878418,2.2436013221740723,0.1084446907043457
1590,TH0022AV/viewpoint_simulated_169_surface1.pcd,Testing,2.2707901000976562,2.249039888381958,0.021750211715698242
1591,TH0022AV/viewpoint_simulated_17_surface1.pcd,Testing,2.340867042541504,2.185723304748535,0.15514373779296875
1592,TH0022AV/viewpoint_simulated_170_surface1.pcd,Testing,2.275322437286377,2.2070159912109375,0.06830644607543945
1593,TH0022AV/viewpoint_simulated_171_surface1.pcd,Testing,2.1227190494537354,2.1558167934417725,0.03309774398803711
1594,TH0022AV/viewpoint_simulated_172_surface1.pcd,Testing,2.3093056678771973,2.198544979095459,0.11076068878173828
1595,TH0022AV/viewpoint_simulated_173_surface1.pcd,Testing,2.10251784324646,2.162125587463379,0.059607744216918945
1596,TH0022AV/viewpoint_simulated_174_surface1.pcd,Testing,2.2769596576690674,2.188880205154419,0.08807945251464844
1597,TH0022AV/viewpoint_simulated_175_surface1.pcd,Testing,2.187941074371338,2.338529348373413,0.1505882740020752
1598,TH0022AV/viewpoint_simulated_176_surface1.pcd,Testing,2.3240549564361572,2.379808187484741,0.055753231048583984
1599,TH0022AV/viewpoint_simulated_177_surface1.pcd,Testing,2.245853900909424,2.2796480655670166,0.03379416465759277
1600,TH0022AV/viewpoint_simulated_178_surface1.pcd,Testing,2.208552360534668,2.2142608165740967,0.005708456039428711
1601,TH0022AV/viewpoint_simulated_179_surface1.pcd,Testing,2.318416118621826,2.223400354385376,0.0950157642364502
1602,TH0022AV/viewpoint_simulated_18_surface1.pcd,Testing,2.4180290699005127,2.2077763080596924,0.2102527618408203
1603,TH0022AV/viewpoint_simulated_180_surface1.pcd,Testing,2.2417571544647217,2.218350410461426,0.0234067440032959
1604,TH0022AV/viewpoint_simulated_181_surface1.pcd,Testing,2.263336181640625,2.311727285385132,0.048391103744506836
1605,TH0022AV/viewpoint_simulated_182_surface1.pcd,Testing,2.2956953048706055,2.232503652572632,0.06319165229797363
1606,TH0022AV/viewpoint_simulated_183_surface1.pcd,Testing,2.389404296875,2.1829605102539062,0.20644378662109375
1607,TH0022AV/viewpoint_simulated_184_surface1.pcd,Testing,2.412048578262329,2.1810145378112793,0.2310340404510498
1608,TH0022AV/viewpoint_simulated_185_surface1.pcd,Testing,2.2970213890075684,2.1674702167510986,0.12955117225646973
1609,TH0022AV/viewpoint_simulated_186_surface1.pcd,Testing,2.2831051349639893,2.2311995029449463,0.05190563201904297
1610,TH0022AV/viewpoint_simulated_187_surface1.pcd,Testing,2.401540756225586,2.3089840412139893,0.09255671501159668
1611,TH0022AV/viewpoint_simulated_188_surface1.pcd,Testing,2.340355157852173,2.3658015727996826,0.025446414947509766
1612,TH0022AV/viewpoint_simulated_189_surface1.pcd,Testing,2.4280805587768555,2.3499724864959717,0.07810807228088379
1613,TH0022AV/viewpoint_simulated_19_surface1.pcd,Testing,2.339416027069092,2.282724142074585,0.056691884994506836
1614,TH0022AV/viewpoint_simulated_190_surface1.pcd,Testing,2.2256429195404053,2.2707197666168213,0.045076847076416016
1615,TH0022AV/viewpoint_simulated_191_surface1.pcd,Testing,2.304654836654663,2.272948980331421,0.03170585632324219
1616,TH0022AV/viewpoint_simulated_192_surface1.pcd,Testing,2.3093836307525635,2.25596022605896,0.053423404693603516
1617,TH0022AV/viewpoint_simulated_193_surface1.pcd,Testing,2.2466933727264404,2.299825429916382,0.053132057189941406
1618,TH0022AV/viewpoint_simulated_194_surface1.pcd,Testing,2.2924458980560303,2.2683541774749756,0.024091720581054688
1619,TH0022AV/viewpoint_simulated_195_surface1.pcd,Testing,2.400792360305786,2.2365543842315674,0.16423797607421875
1620,TH0022AV/viewpoint_simulated_196_surface1.pcd,Testing,2.4368157386779785,2.0465075969696045,0.390308141708374
1621,TH0022AV/viewpoint_simulated_197_surface1.pcd,Testing,2.249234676361084,2.1048381328582764,0.14439654350280762
1622,TH0022AV/viewpoint_simulated_198_surface1.pcd,Testing,2.426025867462158,2.256239414215088,0.1697864532470703
1623,TH0022AV/viewpoint_simulated_199_surface1.pcd,Testing,2.537008285522461,2.35025954246521,0.18674874305725098
1624,TH0022AV/viewpoint_simulated_2_surface1.pcd,Testing,2.194321870803833,2.1940629482269287,0.0002589225769042969
1625,TH0022AV/viewpoint_simulated_20_surface1.pcd,Testing,2.343189239501953,2.323258638381958,0.019930601119995117
1626,TH0022AV/viewpoint_simulated_200_surface1.pcd,Testing,2.3220605850219727,2.320185899734497,0.001874685287475586
1627,TH0022AV/viewpoint_simulated_201_surface1.pcd,Testing,2.165132761001587,2.270381212234497,0.10524845123291016
1628,TH0022AV/viewpoint_simulated_202_surface1.pcd,Testing,2.360029458999634,2.221970796585083,0.13805866241455078
1629,TH0022AV/viewpoint_simulated_203_surface1.pcd,Testing,2.3070266246795654,2.217308282852173,0.08971834182739258
1630,TH0022AV/viewpoint_simulated_204_surface1.pcd,Testing,2.4370312690734863,2.337705373764038,0.09932589530944824
1631,TH0022AV/viewpoint_simulated_205_surface1.pcd,Testing,2.3072285652160645,2.4342970848083496,0.12706851959228516
1632,TH0022AV/viewpoint_simulated_206_surface1.pcd,Testing,2.351344347000122,2.2476694583892822,0.10367488861083984
1633,TH0022AV/viewpoint_simulated_207_surface1.pcd,Testing,2.4072964191436768,2.304816484451294,0.10247993469238281
1634,TH0022AV/viewpoint_simulated_208_surface1.pcd,Testing,2.372943162918091,2.0641300678253174,0.30881309509277344
1635,TH0022AV/viewpoint_simulated_209_surface1.pcd,Testing,2.23197078704834,2.1597061157226562,0.0722646713256836
1636,TH0022AV/viewpoint_simulated_21_surface1.pcd,Testing,2.4241809844970703,2.3419535160064697,0.08222746849060059
1637,TH0022AV/viewpoint_simulated_210_surface1.pcd,Testing,2.2378714084625244,2.119222640991211,0.11864876747131348
1638,TH0022AV/viewpoint_simulated_211_surface1.pcd,Testing,2.277311325073242,2.2631561756134033,0.014155149459838867
1639,TH0022AV/viewpoint_simulated_212_surface1.pcd,Testing,2.344097852706909,2.3821566104888916,0.03805875778198242
1640,TH0022AV/viewpoint_simulated_213_surface1.pcd,Testing,2.1016275882720947,2.246931552886963,0.14530396461486816
1641,TH0022AV/viewpoint_simulated_214_surface1.pcd,Testing,2.387889862060547,2.219111680984497,0.1687781810760498
1642,TH0022AV/viewpoint_simulated_215_surface1.pcd,Testing,2.1940829753875732,2.342637300491333,0.14855432510375977
1643,TH0022AV/viewpoint_simulated_22_surface1.pcd,Testing,2.2259936332702637,2.199669361114502,0.02632427215576172
1644,TH0022AV/viewpoint_simulated_23_surface1.pcd,Testing,2.1738131046295166,2.219587564468384,0.04577445983886719
1645,TH0022AV/viewpoint_simulated_24_surface1.pcd,Testing,2.2230143547058105,2.3002326488494873,0.07721829414367676
1646,TH0022AV/viewpoint_simulated_25_surface1.pcd,Testing,2.284637451171875,2.2914879322052,0.006850481033325195
1647,TH0022AV/viewpoint_simulated_26_surface1.pcd,Testing,2.4990737438201904,2.174025774002075,0.32504796981811523
1648,TH0022AV/viewpoint_simulated_27_surface1.pcd,Testing,2.2999515533447266,2.189201593399048,0.11074995994567871
1649,TH0022AV/viewpoint_simulated_28_surface1.pcd,Testing,2.2081668376922607,2.1427409648895264,0.06542587280273438
1650,TH0022AV/viewpoint_simulated_29_surface1.pcd,Testing,2.269359827041626,2.097829580307007,0.17153024673461914
1651,TH0022AV/viewpoint_simulated_3_surface1.pcd,Testing,1.9991648197174072,2.1162593364715576,0.11709451675415039
1652,TH0022AV/viewpoint_simulated_30_surface1.pcd,Testing,2.308706521987915,2.221423864364624,0.08728265762329102
1653,TH0022AV/viewpoint_simulated_31_surface1.pcd,Testing,2.4454081058502197,2.2698757648468018,0.17553234100341797
1654,TH0022AV/viewpoint_simulated_32_surface1.pcd,Testing,2.4424030780792236,2.344418525695801,0.09798455238342285
1655,TH0022AV/viewpoint_simulated_33_surface1.pcd,Testing,2.2423763275146484,2.3488411903381348,0.10646486282348633
1656,TH0022AV/viewpoint_simulated_34_surface1.pcd,Testing,2.3541109561920166,2.2459805011749268,0.10813045501708984
1657,TH0022AV/viewpoint_simulated_35_surface1.pcd,Testing,2.304889440536499,2.263723134994507,0.04116630554199219
1658,TH0022AV/viewpoint_simulated_36_surface1.pcd,Testing,2.3679840564727783,2.258057117462158,0.10992693901062012
1659,TH0022AV/viewpoint_simulated_37_surface1.pcd,Testing,2.3228604793548584,2.318528890609741,0.0043315887451171875
1660,TH0022AV/viewpoint_simulated_38_surface1.pcd,Testing,2.2588133811950684,2.2116217613220215,0.047191619873046875
1661,TH0022AV/viewpoint_simulated_39_surface1.pcd,Testing,2.2570629119873047,2.2511961460113525,0.0058667659759521484
1662,TH0022AV/viewpoint_simulated_4_surface1.pcd,Testing,2.086116075515747,2.181953191757202,0.09583711624145508
1663,TH0022AV/viewpoint_simulated_40_surface1.pcd,Testing,2.2478537559509277,2.0625903606414795,0.18526339530944824
1664,TH0022AV/viewpoint_simulated_41_surface1.pcd,Testing,2.3054256439208984,2.0791962146759033,0.22622942924499512
1665,TH0022AV/viewpoint_simulated_42_surface1.pcd,Testing,2.2709410190582275,2.145663022994995,0.12527799606323242
1666,TH0022AV/viewpoint_simulated_43_surface1.pcd,Testing,2.361860513687134,2.226011037826538,0.1358494758605957
1667,TH0022AV/viewpoint_simulated_44_surface1.pcd,Testing,2.226715087890625,2.3872997760772705,0.1605846881866455
1668,TH0022AV/viewpoint_simulated_45_surface1.pcd,Testing,2.2695891857147217,2.3939530849456787,0.12436389923095703
1669,TH0022AV/viewpoint_simulated_46_surface1.pcd,Testing,2.3867053985595703,2.219125747680664,0.16757965087890625
1670,TH0022AV/viewpoint_simulated_47_surface1.pcd,Testing,2.3424692153930664,2.269359588623047,0.07310962677001953
1671,TH0022AV/viewpoint_simulated_48_surface1.pcd,Testing,2.2073168754577637,2.245088577270508,0.03777170181274414
1672,TH0022AV/viewpoint_simulated_49_surface1.pcd,Testing,2.3109209537506104,2.3149421215057373,0.004021167755126953
1673,TH0022AV/viewpoint_simulated_5_surface1.pcd,Testing,2.353100538253784,2.2016518115997314,0.15144872665405273
1674,TH0022AV/viewpoint_simulated_50_surface1.pcd,Testing,2.1754298210144043,2.2533695697784424,0.07793974876403809
1675,TH0022AV/viewpoint_simulated_51_surface1.pcd,Testing,2.267616033554077,2.2335965633392334,0.03401947021484375
1676,TH0022AV/viewpoint_simulated_52_surface1.pcd,Testing,2.3129637241363525,2.063213586807251,0.24975013732910156
1677,TH0022AV/viewpoint_simulated_53_surface1.pcd,Testing,2.329326629638672,2.097304582595825,0.23202204704284668
1678,TH0022AV/viewpoint_simulated_54_surface1.pcd,Testing,2.266014814376831,2.1793692111968994,0.08664560317993164
1679,TH0022AV/viewpoint_simulated_55_surface1.pcd,Testing,2.361233949661255,2.3056728839874268,0.055561065673828125
1680,TH0022AV/viewpoint_simulated_56_surface1.pcd,Testing,2.354905128479004,2.3444149494171143,0.010490179061889648
1681,TH0022AV/viewpoint_simulated_57_surface1.pcd,Testing,2.37636137008667,2.38545298576355,0.009091615676879883
1682,TH0022AV/viewpoint_simulated_58_surface1.pcd,Testing,2.1608688831329346,2.3086001873016357,0.14773130416870117
1683,TH0022AV/viewpoint_simulated_59_surface1.pcd,Testing,2.478189706802368,2.2925827503204346,0.1856069564819336
1684,TH0022AV/viewpoint_simulated_6_surface1.pcd,Testing,2.2551779747009277,2.2575719356536865,0.002393960952758789
1685,TH0022AV/viewpoint_simulated_60_surface1.pcd,Testing,2.2725560665130615,2.3500020503997803,0.07744598388671875
1686,TH0022AV/viewpoint_simulated_61_surface1.pcd,Testing,2.2717437744140625,2.3914742469787598,0.11973047256469727
1687,TH0022AV/viewpoint_simulated_62_surface1.pcd,Testing,2.3227620124816895,2.249009370803833,0.07375264167785645
1688,TH0022AV/viewpoint_simulated_63_surface1.pcd,Testing,2.475876808166504,2.2422869205474854,0.23358988761901855
1689,TH0022AV/viewpoint_simulated_64_surface1.pcd,Testing,2.346543073654175,2.1202287673950195,0.22631430625915527
1690,TH0022AV/viewpoint_simulated_65_surface1.pcd,Testing,2.433298349380493,2.1022069454193115,0.33109140396118164
1691,TH0022AV/viewpoint_simulated_66_surface1.pcd,Testing,2.479161500930786,2.0994040966033936,0.3797574043273926
1692,TH0022AV/viewpoint_simulated_67_surface1.pcd,Testing,2.2689826488494873,2.2116143703460693,0.05736827850341797
1693,TH0022AV/viewpoint_simulated_68_surface1.pcd,Testing,2.281834363937378,2.4035327434539795,0.12169837951660156
1694,TH0022AV/viewpoint_simulated_69_surface1.pcd,Testing,2.3498027324676514,2.2995970249176025,0.05020570755004883
1695,TH0022AV/viewpoint_simulated_7_surface1.pcd,Testing,2.2718851566314697,2.252943992614746,0.018941164016723633
1696,TH0022AV/viewpoint_simulated_70_surface1.pcd,Testing,2.3311681747436523,2.3047590255737305,0.026409149169921875
1697,TH0022AV/viewpoint_simulated_71_surface1.pcd,Testing,2.334778308868408,2.399401903152466,0.06462359428405762
1698,TH0022AV/viewpoint_simulated_72_surface1.pcd,Testing,2.0966718196868896,2.209047555923462,0.11237573623657227
1699,TH0022AV/viewpoint_simulated_73_surface1.pcd,Testing,2.2484323978424072,2.230341672897339,0.01809072494506836
1700,TH0022AV/viewpoint_simulated_74_surface1.pcd,Testing,2.033468008041382,2.1762964725494385,0.14282846450805664
1701,TH0022AV/viewpoint_simulated_75_surface1.pcd,Testing,2.2454872131347656,2.1928513050079346,0.052635908126831055
1702,TH0022AV/viewpoint_simulated_76_surface1.pcd,Testing,2.4756016731262207,2.1512625217437744,0.3243391513824463
1703,TH0022AV/viewpoint_simulated_77_surface1.pcd,Testing,2.244314432144165,2.2262001037597656,0.018114328384399414
1704,TH0022AV/viewpoint_simulated_78_surface1.pcd,Testing,2.4201583862304688,2.205507516860962,0.21465086936950684
1705,TH0022AV/viewpoint_simulated_79_surface1.pcd,Testing,2.3816494941711426,2.324503183364868,0.057146310806274414
1706,TH0022AV/viewpoint_simulated_8_surface1.pcd,Testing,2.213517665863037,2.318317174911499,0.10479950904846191
1707,TH0022AV/viewpoint_simulated_80_surface1.pcd,Testing,2.2539634704589844,2.3492958545684814,0.09533238410949707
1708,TH0022AV/viewpoint_simulated_81_surface1.pcd,Testing,2.326594114303589,2.2607839107513428,0.0658102035522461
1709,TH0022AV/viewpoint_simulated_82_surface1.pcd,Testing,2.1308770179748535,2.226982355117798,0.09610533714294434
1710,TH0022AV/viewpoint_simulated_83_surface1.pcd,Testing,2.2511844635009766,2.219230890274048,0.03195357322692871
1711,TH0022AV/viewpoint_simulated_84_surface1.pcd,Testing,2.1651289463043213,2.2248809337615967,0.05975198745727539
1712,TH0022AV/viewpoint_simulated_85_surface1.pcd,Testing,2.156036138534546,2.2536795139312744,0.09764337539672852
1713,TH0022AV/viewpoint_simulated_86_surface1.pcd,Testing,2.1589345932006836,2.1706349849700928,0.01170039176940918
1714,TH0022AV/viewpoint_simulated_87_surface1.pcd,Testing,2.246692180633545,2.140984296798706,0.10570788383483887
1715,TH0022AV/viewpoint_simulated_88_surface1.pcd,Testing,2.2917556762695312,2.219696283340454,0.07205939292907715
1716,TH0022AV/viewpoint_simulated_89_surface1.pcd,Testing,2.2022905349731445,2.2158117294311523,0.013521194458007812
1717,TH0022AV/viewpoint_simulated_9_surface1.pcd,Testing,2.3137638568878174,2.319777250289917,0.006013393402099609
1718,TH0022AV/viewpoint_simulated_90_surface1.pcd,Testing,2.329035758972168,2.2694671154022217,0.05956864356994629
1719,TH0022AV/viewpoint_simulated_91_surface1.pcd,Testing,2.19077205657959,2.295396566390991,0.10462450981140137
1720,TH0022AV/viewpoint_simulated_92_surface1.pcd,Testing,2.190343141555786,2.404223680496216,0.2138805389404297
1721,TH0022AV/viewpoint_simulated_93_surface1.pcd,Testing,2.194082736968994,2.3500397205352783,0.15595698356628418
1722,TH0022AV/viewpoint_simulated_94_surface1.pcd,Testing,2.2572269439697266,2.2215921878814697,0.035634756088256836
1723,TH0022AV/viewpoint_simulated_95_surface1.pcd,Testing,2.130518674850464,2.2466330528259277,0.11611437797546387
1724,TH0022AV/viewpoint_simulated_96_surface1.pcd,Testing,2.3473572731018066,2.2725117206573486,0.07484555244445801
1725,TH0022AV/viewpoint_simulated_97_surface1.pcd,Testing,2.4401204586029053,2.262014389038086,0.17810606956481934
1726,TH0022AV/viewpoint_simulated_98_surface1.pcd,Testing,2.2081704139709473,2.195854425430298,0.012315988540649414
1727,TH0022AV/viewpoint_simulated_99_surface1.pcd,Testing,2.2247822284698486,2.1722452640533447,0.052536964416503906
1728,TH0031AV/viewpoint_simulated_0_surface0.pcd,Testing,1.9847520589828491,2.020726203918457,0.03597414493560791
1729,TH0031AV/viewpoint_simulated_1_surface0.pcd,Testing,1.91378653049469,2.0081777572631836,0.09439122676849365
1730,TH0031AV/viewpoint_simulated_10_surface0.pcd,Testing,1.9922277927398682,2.0693130493164062,0.07708525657653809
1731,TH0031AV/viewpoint_simulated_100_surface0.pcd,Testing,1.9516178369522095,2.124171257019043,0.1725534200668335
1732,TH0031AV/viewpoint_simulated_101_surface0.pcd,Testing,2.0222206115722656,2.121685743331909,0.09946513175964355
1733,TH0031AV/viewpoint_simulated_102_surface0.pcd,Testing,1.9665595293045044,2.116986036300659,0.15042650699615479
1734,TH0031AV/viewpoint_simulated_103_surface0.pcd,Testing,1.9935239553451538,2.1611807346343994,0.1676567792892456
1735,TH0031AV/viewpoint_simulated_104_surface0.pcd,Testing,1.921066164970398,2.194410562515259,0.27334439754486084
1736,TH0031AV/viewpoint_simulated_105_surface0.pcd,Testing,2.054121494293213,2.1718122959136963,0.1176908016204834
1737,TH0031AV/viewpoint_simulated_106_surface0.pcd,Testing,1.9054173231124878,2.1084768772125244,0.20305955410003662
1738,TH0031AV/viewpoint_simulated_107_surface0.pcd,Testing,2.1599953174591064,2.0560734272003174,0.10392189025878906
1739,TH0031AV/viewpoint_simulated_108_surface0.pcd,Testing,2.08864688873291,1.9915647506713867,0.09708213806152344
1740,TH0031AV/viewpoint_simulated_109_surface0.pcd,Testing,2.0069844722747803,1.9106042385101318,0.09638023376464844
1741,TH0031AV/viewpoint_simulated_11_surface0.pcd,Testing,2.060962677001953,2.0462958812713623,0.01466679573059082
1742,TH0031AV/viewpoint_simulated_110_surface0.pcd,Testing,1.9007741212844849,2.018927812576294,0.11815369129180908
1743,TH0031AV/viewpoint_simulated_111_surface0.pcd,Testing,2.0332231521606445,2.1595404148101807,0.12631726264953613
1744,TH0031AV/viewpoint_simulated_112_surface0.pcd,Testing,2.029038429260254,2.128105401992798,0.09906697273254395
1745,TH0031AV/viewpoint_simulated_113_surface0.pcd,Testing,2.11535382270813,2.170257329940796,0.054903507232666016
1746,TH0031AV/viewpoint_simulated_114_surface0.pcd,Testing,2.1855857372283936,2.1978113651275635,0.012225627899169922
1747,TH0031AV/viewpoint_simulated_115_surface0.pcd,Testing,2.0746302604675293,2.23630428314209,0.16167402267456055
1748,TH0031AV/viewpoint_simulated_116_surface0.pcd,Testing,2.0564844608306885,2.217815637588501,0.1613311767578125
1749,TH0031AV/viewpoint_simulated_117_surface0.pcd,Testing,1.9922761917114258,2.169560670852661,0.17728447914123535
1750,TH0031AV/viewpoint_simulated_118_surface0.pcd,Testing,1.9895747900009155,2.102627992630005,0.11305320262908936
1751,TH0031AV/viewpoint_simulated_119_surface0.pcd,Testing,1.9929155111312866,2.027662992477417,0.03474748134613037
1752,TH0031AV/viewpoint_simulated_12_surface0.pcd,Testing,1.932746171951294,2.0159976482391357,0.0832514762878418
1753,TH0031AV/viewpoint_simulated_120_surface0.pcd,Testing,1.9608296155929565,2.008225679397583,0.047396063804626465
1754,TH0031AV/viewpoint_simulated_121_surface0.pcd,Testing,2.0028975009918213,1.934666395187378,0.06823110580444336
1755,TH0031AV/viewpoint_simulated_122_surface0.pcd,Testing,1.9630502462387085,2.070146083831787,0.10709583759307861
1756,TH0031AV/viewpoint_simulated_123_surface0.pcd,Testing,2.067197799682617,2.146920919418335,0.07972311973571777
1757,TH0031AV/viewpoint_simulated_124_surface0.pcd,Testing,2.1745615005493164,2.1940572261810303,0.019495725631713867
1758,TH0031AV/viewpoint_simulated_125_surface0.pcd,Testing,1.9871841669082642,2.204913854598999,0.21772968769073486
1759,TH0031AV/viewpoint_simulated_126_surface0.pcd,Testing,2.1435327529907227,2.280317544937134,0.13678479194641113
1760,TH0031AV/viewpoint_simulated_127_surface0.pcd,Testing,1.9091194868087769,2.309640645980835,0.4005211591720581
1761,TH0031AV/viewpoint_simulated_128_surface0.pcd,Testing,2.0572218894958496,2.2419521808624268,0.18473029136657715
1762,TH0031AV/viewpoint_simulated_129_surface0.pcd,Testing,2.1019601821899414,2.1515767574310303,0.04961657524108887
1763,TH0031AV/viewpoint_simulated_13_surface0.pcd,Testing,2.063218355178833,2.0073611736297607,0.055857181549072266
1764,TH0031AV/viewpoint_simulated_130_surface0.pcd,Testing,2.014129638671875,2.083606004714966,0.06947636604309082
1765,TH0031AV/viewpoint_simulated_131_surface0.pcd,Testing,2.0071213245391846,2.077179193496704,0.07005786895751953
1766,TH0031AV/viewpoint_simulated_132_surface0.pcd,Testing,2.098233461380005,2.020784616470337,0.07744884490966797
1767,TH0031AV/viewpoint_simulated_133_surface0.pcd,Testing,2.1521968841552734,1.9609315395355225,0.19126534461975098
1768,TH0031AV/viewpoint_simulated_134_surface0.pcd,Testing,2.0923678874969482,2.071153163909912,0.021214723587036133
1769,TH0031AV/viewpoint_simulated_135_surface0.pcd,Testing,2.0642783641815186,2.1088154315948486,0.04453706741333008
1770,TH0031AV/viewpoint_simulated_136_surface0.pcd,Testing,2.1243538856506348,2.154649496078491,0.030295610427856445
1771,TH0031AV/viewpoint_simulated_137_surface0.pcd,Testing,2.087083101272583,2.193922281265259,0.10683917999267578
1772,TH0031AV/viewpoint_simulated_138_surface0.pcd,Testing,2.027749538421631,2.252185106277466,0.22443556785583496
1773,TH0031AV/viewpoint_simulated_139_surface0.pcd,Testing,1.89128577709198,2.2585387229919434,0.3672529458999634
1774,TH0031AV/viewpoint_simulated_14_surface0.pcd,Testing,1.9168143272399902,2.0125057697296143,0.09569144248962402
1775,TH0031AV/viewpoint_simulated_140_surface0.pcd,Testing,2.0768826007843018,2.2708213329315186,0.1939387321472168
1776,TH0031AV/viewpoint_simulated_141_surface0.pcd,Testing,2.051837921142578,2.1937332153320312,0.14189529418945312
1777,TH0031AV/viewpoint_simulated_142_surface0.pcd,Testing,2.063422203063965,2.0368542671203613,0.026567935943603516
1778,TH0031AV/viewpoint_simulated_143_surface0.pcd,Testing,2.0586113929748535,2.1006569862365723,0.04204559326171875
1779,TH0031AV/viewpoint_simulated_144_surface0.pcd,Testing,1.9726330041885376,2.0055854320526123,0.03295242786407471
1780,TH0031AV/viewpoint_simulated_145_surface0.pcd,Testing,1.9306261539459229,2.011647939682007,0.08102178573608398
1781,TH0031AV/viewpoint_simulated_146_surface0.pcd,Testing,1.922000765800476,2.0133469104766846,0.0913461446762085
1782,TH0031AV/viewpoint_simulated_147_surface0.pcd,Testing,2.0314269065856934,2.031421661376953,5.245208740234375e-06
1783,TH0031AV/viewpoint_simulated_148_surface0.pcd,Testing,1.99451744556427,2.0714681148529053,0.07695066928863525
1784,TH0031AV/viewpoint_simulated_149_surface0.pcd,Testing,2.1607892513275146,2.070098876953125,0.09069037437438965
1785,TH0031AV/viewpoint_simulated_15_surface0.pcd,Testing,1.93217134475708,2.038463830947876,0.1062924861907959
1786,TH0031AV/viewpoint_simulated_150_surface0.pcd,Testing,1.9621446132659912,2.105093240737915,0.14294862747192383
1787,TH0031AV/viewpoint_simulated_151_surface0.pcd,Testing,1.9926499128341675,2.1054584980010986,0.11280858516693115
1788,TH0031AV/viewpoint_simulated_152_surface0.pcd,Testing,1.898386836051941,2.098961591720581,0.20057475566864014
1789,TH0031AV/viewpoint_simulated_153_surface0.pcd,Testing,1.998908519744873,2.066385269165039,0.06747674942016602
1790,TH0031AV/viewpoint_simulated_154_surface0.pcd,Testing,2.013150215148926,2.0704989433288574,0.05734872817993164
1791,TH0031AV/viewpoint_simulated_155_surface0.pcd,Testing,2.059976100921631,2.013261556625366,0.04671454429626465
1792,TH0031AV/viewpoint_simulated_156_surface0.pcd,Testing,1.9420801401138306,2.0057122707366943,0.06363213062286377
1793,TH0031AV/viewpoint_simulated_157_surface0.pcd,Testing,1.9704192876815796,1.995845079421997,0.02542579174041748
1794,TH0031AV/viewpoint_simulated_158_surface0.pcd,Testing,2.0829572677612305,1.9885022640228271,0.09445500373840332
1795,TH0031AV/viewpoint_simulated_159_surface0.pcd,Testing,1.9896892309188843,2.037020683288574,0.04733145236968994
1796,TH0031AV/viewpoint_simulated_16_surface0.pcd,Testing,2.0511324405670166,2.081955909729004,0.030823469161987305
1797,TH0031AV/viewpoint_simulated_160_surface0.pcd,Testing,1.9720537662506104,2.0800459384918213,0.10799217224121094
1798,TH0031AV/viewpoint_simulated_161_surface0.pcd,Testing,2.058931350708008,2.08406662940979,0.025135278701782227
1799,TH0031AV/viewpoint_simulated_162_surface0.pcd,Testing,2.130007266998291,2.1127419471740723,0.01726531982421875
1800,TH0031AV/viewpoint_simulated_163_surface0.pcd,Testing,1.9410821199417114,2.146491050720215,0.20540893077850342
1801,TH0031AV/viewpoint_simulated_164_surface0.pcd,Testing,1.94278883934021,2.137418031692505,0.19462919235229492
1802,TH0031AV/viewpoint_simulated_165_surface0.pcd,Testing,1.9056905508041382,2.149855375289917,0.2441648244857788
1803,TH0031AV/viewpoint_simulated_166_surface0.pcd,Testing,1.9654979705810547,2.075747013092041,0.11024904251098633
1804,TH0031AV/viewpoint_simulated_167_surface0.pcd,Testing,1.9844303131103516,2.046935558319092,0.06250524520874023
1805,TH0031AV/viewpoint_simulated_168_surface0.pcd,Testing,1.9808591604232788,1.9680591821670532,0.012799978256225586
1806,TH0031AV/viewpoint_simulated_169_surface0.pcd,Testing,1.9711360931396484,1.9804027080535889,0.00926661491394043
1807,TH0031AV/viewpoint_simulated_17_surface0.pcd,Testing,1.9671448469161987,2.077324867248535,0.11018002033233643
1808,TH0031AV/viewpoint_simulated_170_surface0.pcd,Testing,1.9972988367080688,1.9944097995758057,0.0028890371322631836
1809,TH0031AV/viewpoint_simulated_171_surface0.pcd,Testing,2.0267744064331055,2.106182813644409,0.07940840721130371
1810,TH0031AV/viewpoint_simulated_172_surface0.pcd,Testing,2.0162556171417236,2.125901460647583,0.10964584350585938
1811,TH0031AV/viewpoint_simulated_173_surface0.pcd,Testing,2.053091049194336,2.126746654510498,0.07365560531616211
1812,TH0031AV/viewpoint_simulated_174_surface0.pcd,Testing,2.09965443611145,2.1256747245788574,0.026020288467407227
1813,TH0031AV/viewpoint_simulated_175_surface0.pcd,Testing,2.0018792152404785,2.1529781818389893,0.15109896659851074
1814,TH0031AV/viewpoint_simulated_176_surface0.pcd,Testing,1.989364743232727,2.1725194454193115,0.18315470218658447
1815,TH0031AV/viewpoint_simulated_177_surface0.pcd,Testing,2.021700859069824,2.170389413833618,0.14868855476379395
1816,TH0031AV/viewpoint_simulated_178_surface0.pcd,Testing,2.061980724334717,2.109025716781616,0.047044992446899414
1817,TH0031AV/viewpoint_simulated_179_surface0.pcd,Testing,2.0584399700164795,2.0582315921783447,0.00020837783813476562
1818,TH0031AV/viewpoint_simulated_18_surface0.pcd,Testing,2.1010351181030273,2.107337713241577,0.006302595138549805
1819,TH0031AV/viewpoint_simulated_180_surface0.pcd,Testing,2.0388259887695312,1.9915435314178467,0.04728245735168457
1820,TH0031AV/viewpoint_simulated_181_surface0.pcd,Testing,2.213096857070923,1.9136114120483398,0.299485445022583
1821,TH0031AV/viewpoint_simulated_182_surface0.pcd,Testing,2.0213398933410645,2.026815414428711,0.005475521087646484
1822,TH0031AV/viewpoint_simulated_183_surface0.pcd,Testing,2.0280659198760986,2.1514103412628174,0.12334442138671875
1823,TH0031AV/viewpoint_simulated_184_surface0.pcd,Testing,2.0632946491241455,2.1133415699005127,0.05004692077636719
1824,TH0031AV/viewpoint_simulated_185_surface0.pcd,Testing,2.022012710571289,2.153757333755493,0.1317446231842041
1825,TH0031AV/viewpoint_simulated_186_surface0.pcd,Testing,1.952318549156189,2.2123610973358154,0.26004254817962646
1826,TH0031AV/viewpoint_simulated_187_surface0.pcd,Testing,1.9800902605056763,2.2249085903167725,0.2448183298110962
1827,TH0031AV/viewpoint_simulated_188_surface0.pcd,Testing,2.0762293338775635,2.2261316776275635,0.14990234375
1828,TH0031AV/viewpoint_simulated_189_surface0.pcd,Testing,2.148238182067871,2.168334484100342,0.020096302032470703
1829,TH0031AV/viewpoint_simulated_19_surface0.pcd,Testing,2.013655662536621,2.139380693435669,0.12572503089904785
1830,TH0031AV/viewpoint_simulated_190_surface0.pcd,Testing,2.0683469772338867,2.0873444080352783,0.0189974308013916
1831,TH0031AV/viewpoint_simulated_191_surface0.pcd,Testing,2.0552022457122803,2.024409532546997,0.030792713165283203
1832,TH0031AV/viewpoint_simulated_192_surface0.pcd,Testing,2.1377410888671875,1.9809367656707764,0.15680432319641113
1833,TH0031AV/viewpoint_simulated_193_surface0.pcd,Testing,1.9929485321044922,1.9124044179916382,0.080544114112854
1834,TH0031AV/viewpoint_simulated_194_surface0.pcd,Testing,2.0699150562286377,2.054034471511841,0.015880584716796875
1835,TH0031AV/viewpoint_simulated_195_surface0.pcd,Testing,2.0764265060424805,2.116928815841675,0.040502309799194336
1836,TH0031AV/viewpoint_simulated_196_surface0.pcd,Testing,2.1256604194641113,2.1431796550750732,0.017519235610961914
1837,TH0031AV/viewpoint_simulated_197_surface0.pcd,Testing,1.9003995656967163,2.228510618209839,0.32811105251312256
1838,TH0031AV/viewpoint_simulated_198_surface0.pcd,Testing,2.1535391807556152,2.2815749645233154,0.1280357837677002
1839,TH0031AV/viewpoint_simulated_199_surface0.pcd,Testing,2.0231380462646484,2.2518270015716553,0.22868895530700684
1840,TH0031AV/viewpoint_simulated_2_surface0.pcd,Testing,1.9379587173461914,2.0347301959991455,0.0967714786529541
1841,TH0031AV/viewpoint_simulated_20_surface0.pcd,Testing,1.8993092775344849,2.1276051998138428,0.2282959222793579
1842,TH0031AV/viewpoint_simulated_200_surface0.pcd,Testing,2.034256935119629,2.2442262172698975,0.20996928215026855
1843,TH0031AV/viewpoint_simulated_201_surface0.pcd,Testing,2.1699697971343994,2.1625945568084717,0.007375240325927734
1844,TH0031AV/viewpoint_simulated_202_surface0.pcd,Testing,1.9645203351974487,2.0403497219085693,0.0758293867111206
1845,TH0031AV/viewpoint_simulated_203_surface0.pcd,Testing,2.0354418754577637,2.0808651447296143,0.045423269271850586
1846,TH0031AV/viewpoint_simulated_204_surface0.pcd,Testing,2.000478506088257,2.020799398422241,0.020320892333984375
1847,TH0031AV/viewpoint_simulated_205_surface0.pcd,Testing,2.0965428352355957,1.9550788402557373,0.1414639949798584
1848,TH0031AV/viewpoint_simulated_206_surface0.pcd,Testing,2.117178440093994,2.0336806774139404,0.08349776268005371
1849,TH0031AV/viewpoint_simulated_207_surface0.pcd,Testing,2.1245126724243164,2.1441073417663574,0.019594669342041016
1850,TH0031AV/viewpoint_simulated_208_surface0.pcd,Testing,2.065932512283325,2.1668179035186768,0.10088539123535156
1851,TH0031AV/viewpoint_simulated_209_surface0.pcd,Testing,2.0660648345947266,2.185986280441284,0.11992144584655762
1852,TH0031AV/viewpoint_simulated_21_surface0.pcd,Testing,1.8950223922729492,2.1539835929870605,0.25896120071411133
1853,TH0031AV/viewpoint_simulated_210_surface0.pcd,Testing,2.0532445907592773,2.2544829845428467,0.20123839378356934
1854,TH0031AV/viewpoint_simulated_211_surface0.pcd,Testing,2.0009665489196777,2.286756753921509,0.28579020500183105
1855,TH0031AV/viewpoint_simulated_212_surface0.pcd,Testing,2.0802743434906006,2.2581851482391357,0.17791080474853516
1856,TH0031AV/viewpoint_simulated_213_surface0.pcd,Testing,2.074815273284912,2.186969757080078,0.11215448379516602
1857,TH0031AV/viewpoint_simulated_214_surface0.pcd,Testing,2.03416109085083,2.0373361110687256,0.003175020217895508
1858,TH0031AV/viewpoint_simulated_215_surface0.pcd,Testing,2.0519866943359375,2.0882956981658936,0.036309003829956055
1859,TH0031AV/viewpoint_simulated_22_surface0.pcd,Testing,1.9349381923675537,2.0760233402252197,0.14108514785766602
1860,TH0031AV/viewpoint_simulated_23_surface0.pcd,Testing,2.1460318565368652,2.0498812198638916,0.09615063667297363
1861,TH0031AV/viewpoint_simulated_24_surface0.pcd,Testing,2.0204875469207764,2.0030670166015625,0.017420530319213867
1862,TH0031AV/viewpoint_simulated_25_surface0.pcd,Testing,2.0177650451660156,1.971618890762329,0.04614615440368652
1863,TH0031AV/viewpoint_simulated_26_surface0.pcd,Testing,2.101492166519165,2.019721746444702,0.08177042007446289
1864,TH0031AV/viewpoint_simulated_27_surface0.pcd,Testing,1.8630732297897339,2.0855331420898438,0.22245991230010986
1865,TH0031AV/viewpoint_simulated_28_surface0.pcd,Testing,2.0640780925750732,2.1168696880340576,0.052791595458984375
1866,TH0031AV/viewpoint_simulated_29_surface0.pcd,Testing,1.9987839460372925,2.1125833988189697,0.11379945278167725
1867,TH0031AV/viewpoint_simulated_3_surface0.pcd,Testing,1.9639843702316284,2.0434234142303467,0.07943904399871826
1868,TH0031AV/viewpoint_simulated_30_surface0.pcd,Testing,2.035186767578125,2.1447463035583496,0.10955953598022461
1869,TH0031AV/viewpoint_simulated_31_surface0.pcd,Testing,2.000960111618042,2.1751887798309326,0.17422866821289062
1870,TH0031AV/viewpoint_simulated_32_surface0.pcd,Testing,2.0124855041503906,2.185056447982788,0.17257094383239746
1871,TH0031AV/viewpoint_simulated_33_surface0.pcd,Testing,1.991862177848816,2.1757853031158447,0.1839231252670288
1872,TH0031AV/viewpoint_simulated_34_surface0.pcd,Testing,2.037625312805176,2.1053240299224854,0.06769871711730957
1873,TH0031AV/viewpoint_simulated_35_surface0.pcd,Testing,2.041055917739868,2.052838087081909,0.011782169342041016
1874,TH0031AV/viewpoint_simulated_36_surface0.pcd,Testing,2.056959867477417,1.9943029880523682,0.06265687942504883
1875,TH0031AV/viewpoint_simulated_37_surface0.pcd,Testing,2.129593849182129,1.9208393096923828,0.2087545394897461
1876,TH0031AV/viewpoint_simulated_38_surface0.pcd,Testing,1.9737944602966309,2.0486061573028564,0.07481169700622559
1877,TH0031AV/viewpoint_simulated_39_surface0.pcd,Testing,2.0556650161743164,2.1662230491638184,0.11055803298950195
1878,TH0031AV/viewpoint_simulated_4_surface0.pcd,Testing,1.8875017166137695,2.0637762546539307,0.17627453804016113
1879,TH0031AV/viewpoint_simulated_40_surface0.pcd,Testing,2.021374225616455,2.1407978534698486,0.11942362785339355
1880,TH0031AV/viewpoint_simulated_41_surface0.pcd,Testing,1.975182294845581,2.172529458999634,0.19734716415405273
1881,TH0031AV/viewpoint_simulated_42_surface0.pcd,Testing,2.023984670639038,2.2337043285369873,0.20971965789794922
1882,TH0031AV/viewpoint_simulated_43_surface0.pcd,Testing,2.0775396823883057,2.1927731037139893,0.1152334213256836
1883,TH0031AV/viewpoint_simulated_44_surface0.pcd,Testing,1.9678467512130737,2.2293379306793213,0.26149117946624756
1884,TH0031AV/viewpoint_simulated_45_surface0.pcd,Testing,2.007960796356201,2.1604654788970947,0.15250468254089355
1885,TH0031AV/viewpoint_simulated_46_surface0.pcd,Testing,1.9255033731460571,2.0897035598754883,0.16420018672943115
1886,TH0031AV/viewpoint_simulated_47_surface0.pcd,Testing,1.9765441417694092,2.040142297744751,0.0635981559753418
1887,TH0031AV/viewpoint_simulated_48_surface0.pcd,Testing,2.005200147628784,1.9922573566436768,0.012942790985107422
1888,TH0031AV/viewpoint_simulated_49_surface0.pcd,Testing,2.0360615253448486,1.9336923360824585,0.10236918926239014
1889,TH0031AV/viewpoint_simulated_5_surface0.pcd,Testing,2.012385368347168,2.0720674991607666,0.05968213081359863
1890,TH0031AV/viewpoint_simulated_50_surface0.pcd,Testing,2.030012369155884,2.053839683532715,0.023827314376831055
1891,TH0031AV/viewpoint_simulated_51_surface0.pcd,Testing,2.0652542114257812,2.1514170169830322,0.08616280555725098
1892,TH0031AV/viewpoint_simulated_52_surface0.pcd,Testing,2.0489304065704346,2.130635976791382,0.08170557022094727
1893,TH0031AV/viewpoint_simulated_53_surface0.pcd,Testing,2.0070295333862305,2.2131025791168213,0.20607304573059082
1894,TH0031AV/viewpoint_simulated_54_surface0.pcd,Testing,1.9710211753845215,2.28684663772583,0.3158254623413086
1895,TH0031AV/viewpoint_simulated_55_surface0.pcd,Testing,1.9481890201568604,2.304753303527832,0.3565642833709717
1896,TH0031AV/viewpoint_simulated_56_surface0.pcd,Testing,2.162593364715576,2.2526307106018066,0.09003734588623047
1897,TH0031AV/viewpoint_simulated_57_surface0.pcd,Testing,1.974107265472412,2.160623788833618,0.18651652336120605
1898,TH0031AV/viewpoint_simulated_58_surface0.pcd,Testing,2.0558087825775146,2.067920207977295,0.012111425399780273
1899,TH0031AV/viewpoint_simulated_59_surface0.pcd,Testing,2.0841000080108643,2.066086530685425,0.018013477325439453
1900,TH0031AV/viewpoint_simulated_6_surface0.pcd,Testing,2.0473461151123047,2.0931155681610107,0.045769453048706055
1901,TH0031AV/viewpoint_simulated_60_surface0.pcd,Testing,2.02083158493042,2.0185601711273193,0.002271413803100586
1902,TH0031AV/viewpoint_simulated_61_surface0.pcd,Testing,1.929389238357544,1.964504361152649,0.03511512279510498
1903,TH0031AV/viewpoint_simulated_62_surface0.pcd,Testing,2.1335391998291016,2.0628819465637207,0.07065725326538086
1904,TH0031AV/viewpoint_simulated_63_surface0.pcd,Testing,2.0045740604400635,2.1451752185821533,0.14060115814208984
1905,TH0031AV/viewpoint_simulated_64_surface0.pcd,Testing,2.068117380142212,2.143904209136963,0.07578682899475098
1906,TH0031AV/viewpoint_simulated_65_surface0.pcd,Testing,2.0607872009277344,2.189044237136841,0.12825703620910645
1907,TH0031AV/viewpoint_simulated_66_surface0.pcd,Testing,1.9659518003463745,2.2434513568878174,0.27749955654144287
1908,TH0031AV/viewpoint_simulated_67_surface0.pcd,Testing,2.1606051921844482,2.2996511459350586,0.13904595375061035
1909,TH0031AV/viewpoint_simulated_68_surface0.pcd,Testing,2.0094921588897705,2.277449369430542,0.2679572105407715
1910,TH0031AV/viewpoint_simulated_69_surface0.pcd,Testing,2.014134407043457,2.160888433456421,0.14675402641296387
1911,TH0031AV/viewpoint_simulated_7_surface0.pcd,Testing,1.9395771026611328,2.113633871078491,0.1740567684173584
1912,TH0031AV/viewpoint_simulated_70_surface0.pcd,Testing,2.0709071159362793,2.024200201034546,0.0467069149017334
1913,TH0031AV/viewpoint_simulated_71_surface0.pcd,Testing,1.9976651668548584,2.0869641304016113,0.08929896354675293
1914,TH0031AV/viewpoint_simulated_72_surface0.pcd,Testing,2.08195424079895,2.0372328758239746,0.044721364974975586
1915,TH0031AV/viewpoint_simulated_73_surface0.pcd,Testing,2.161813735961914,2.0027356147766113,0.15907812118530273
1916,TH0031AV/viewpoint_simulated_74_surface0.pcd,Testing,1.9695348739624023,2.007798194885254,0.03826332092285156
1917,TH0031AV/viewpoint_simulated_75_surface0.pcd,Testing,2.0465710163116455,2.0400454998016357,0.006525516510009766
1918,TH0031AV/viewpoint_simulated_76_surface0.pcd,Testing,2.0266804695129395,2.0679707527160645,0.041290283203125
1919,TH0031AV/viewpoint_simulated_77_surface0.pcd,Testing,1.9534873962402344,2.089864492416382,0.13637709617614746
1920,TH0031AV/viewpoint_simulated_78_surface0.pcd,Testing,1.9626922607421875,2.0868494510650635,0.12415719032287598
1921,TH0031AV/viewpoint_simulated_79_surface0.pcd,Testing,1.9675445556640625,2.1014325618743896,0.13388800621032715
1922,TH0031AV/viewpoint_simulated_8_surface0.pcd,Testing,1.979168176651001,2.084183931350708,0.10501575469970703
1923,TH0031AV/viewpoint_simulated_80_surface0.pcd,Testing,2.0317208766937256,2.102285385131836,0.07056450843811035
1924,TH0031AV/viewpoint_simulated_81_surface0.pcd,Testing,1.8752692937850952,2.0690701007843018,0.19380080699920654
1925,TH0031AV/viewpoint_simulated_82_surface0.pcd,Testing,1.9241986274719238,2.052985429763794,0.12878680229187012
1926,TH0031AV/viewpoint_simulated_83_surface0.pcd,Testing,1.9704011678695679,2.0354533195495605,0.06505215167999268
1927,TH0031AV/viewpoint_simulated_84_surface0.pcd,Testing,1.8709845542907715,2.0241830348968506,0.1531984806060791
1928,TH0031AV/viewpoint_simulated_85_surface0.pcd,Testing,1.9980034828186035,1.9918279647827148,0.006175518035888672
1929,TH0031AV/viewpoint_simulated_86_surface0.pcd,Testing,1.9920995235443115,2.0007660388946533,0.008666515350341797
1930,TH0031AV/viewpoint_simulated_87_surface0.pcd,Testing,2.0252623558044434,2.045246124267578,0.019983768463134766
1931,TH0031AV/viewpoint_simulated_88_surface0.pcd,Testing,1.8532661199569702,2.080307722091675,0.2270416021347046
1932,TH0031AV/viewpoint_simulated_89_surface0.pcd,Testing,2.030320644378662,2.0930044651031494,0.0626838207244873
1933,TH0031AV/viewpoint_simulated_9_surface0.pcd,Testing,1.969813585281372,2.075469732284546,0.10565614700317383
1934,TH0031AV/viewpoint_simulated_90_surface0.pcd,Testing,1.9450358152389526,2.1015994548797607,0.1565636396408081
1935,TH0031AV/viewpoint_simulated_91_surface0.pcd,Testing,2.034621477127075,2.145273447036743,0.11065196990966797
1936,TH0031AV/viewpoint_simulated_92_surface0.pcd,Testing,2.0558438301086426,2.133211374282837,0.07736754417419434
1937,TH0031AV/viewpoint_simulated_93_surface0.pcd,Testing,1.9434795379638672,2.1548707485198975,0.21139121055603027
1938,TH0031AV/viewpoint_simulated_94_surface0.pcd,Testing,2.0399084091186523,2.1063661575317383,0.06645774841308594
1939,TH0031AV/viewpoint_simulated_95_surface0.pcd,Testing,2.010436773300171,2.0662009716033936,0.055764198303222656
1940,TH0031AV/viewpoint_simulated_96_surface0.pcd,Testing,1.9619141817092896,1.9993364810943604,0.0374222993850708
1941,TH0031AV/viewpoint_simulated_97_surface0.pcd,Testing,1.9750880002975464,1.963348388671875,0.011739611625671387
1942,TH0031AV/viewpoint_simulated_98_surface0.pcd,Testing,1.9723759889602661,2.0101611614227295,0.03778517246246338
1943,TH0031AV/viewpoint_simulated_99_surface0.pcd,Testing,2.00067400932312,2.1066691875457764,0.10599517822265625
1944,TH0031AV/viewpoint_simulated_0_surface1.pcd,Testing,2.1305835247039795,2.150756359100342,0.020172834396362305
1945,TH0031AV/viewpoint_simulated_1_surface1.pcd,Testing,2.1339540481567383,2.136687994003296,0.002733945846557617
1946,TH0031AV/viewpoint_simulated_10_surface1.pcd,Testing,1.9996470212936401,2.1542491912841797,0.15460216999053955
1947,TH0031AV/viewpoint_simulated_100_surface1.pcd,Testing,2.2510173320770264,2.2589614391326904,0.007944107055664062
1948,TH0031AV/viewpoint_simulated_101_surface1.pcd,Testing,2.0777719020843506,2.2289440631866455,0.15117216110229492
1949,TH0031AV/viewpoint_simulated_102_surface1.pcd,Testing,2.1092793941497803,2.2964742183685303,0.18719482421875
1950,TH0031AV/viewpoint_simulated_103_surface1.pcd,Testing,2.0792076587677,2.323683977127075,0.244476318359375
1951,TH0031AV/viewpoint_simulated_104_surface1.pcd,Testing,2.305724620819092,2.3151166439056396,0.009392023086547852
1952,TH0031AV/viewpoint_simulated_105_surface1.pcd,Testing,2.1910202503204346,2.244529962539673,0.05350971221923828
1953,TH0031AV/viewpoint_simulated_106_surface1.pcd,Testing,2.135157585144043,2.2476532459259033,0.11249566078186035
1954,TH0031AV/viewpoint_simulated_107_surface1.pcd,Testing,2.186967372894287,2.144880533218384,0.04208683967590332
1955,TH0031AV/viewpoint_simulated_108_surface1.pcd,Testing,2.095468759536743,2.07281756401062,0.022651195526123047
1956,TH0031AV/viewpoint_simulated_109_surface1.pcd,Testing,2.0606637001037598,2.1916353702545166,0.13097167015075684
1957,TH0031AV/viewpoint_simulated_11_surface1.pcd,Testing,2.264651298522949,2.12035870552063,0.14429259300231934
1958,TH0031AV/viewpoint_simulated_110_surface1.pcd,Testing,2.093108892440796,2.145749568939209,0.052640676498413086
1959,TH0031AV/viewpoint_simulated_111_surface1.pcd,Testing,2.226271867752075,2.1898372173309326,0.03643465042114258
1960,TH0031AV/viewpoint_simulated_112_surface1.pcd,Testing,2.0818116664886475,2.2697718143463135,0.18796014785766602
1961,TH0031AV/viewpoint_simulated_113_surface1.pcd,Testing,2.1915805339813232,2.2739696502685547,0.08238911628723145
1962,TH0031AV/viewpoint_simulated_114_surface1.pcd,Testing,2.16269850730896,2.332693099975586,0.16999459266662598
1963,TH0031AV/viewpoint_simulated_115_surface1.pcd,Testing,2.2293269634246826,2.395033836364746,0.16570687294006348
1964,TH0031AV/viewpoint_simulated_116_surface1.pcd,Testing,2.1152331829071045,2.3812453746795654,0.26601219177246094
1965,TH0031AV/viewpoint_simulated_117_surface1.pcd,Testing,1.9933586120605469,2.293898820877075,0.3005402088165283
1966,TH0031AV/viewpoint_simulated_118_surface1.pcd,Testing,2.3886783123016357,2.217014789581299,0.17166352272033691
1967,TH0031AV/viewpoint_simulated_119_surface1.pcd,Testing,2.230968952178955,2.215463399887085,0.015505552291870117
1968,TH0031AV/viewpoint_simulated_12_surface1.pcd,Testing,2.127690553665161,2.1434214115142822,0.015730857849121094
1969,TH0031AV/viewpoint_simulated_120_surface1.pcd,Testing,2.3188631534576416,2.0492660999298096,0.26959705352783203
1970,TH0031AV/viewpoint_simulated_121_surface1.pcd,Testing,2.1735143661499023,2.221815347671509,0.048300981521606445
1971,TH0031AV/viewpoint_simulated_122_surface1.pcd,Testing,2.251770257949829,2.1873326301574707,0.0644376277923584
1972,TH0031AV/viewpoint_simulated_123_surface1.pcd,Testing,2.0853285789489746,2.3386473655700684,0.25331878662109375
1973,TH0031AV/viewpoint_simulated_124_surface1.pcd,Testing,2.184493064880371,2.301943063735962,0.11744999885559082
1974,TH0031AV/viewpoint_simulated_125_surface1.pcd,Testing,2.3095030784606934,2.2216310501098633,0.08787202835083008
1975,TH0031AV/viewpoint_simulated_126_surface1.pcd,Testing,2.086989641189575,2.2187020778656006,0.1317124366760254
1976,TH0031AV/viewpoint_simulated_127_surface1.pcd,Testing,2.1574313640594482,2.3102657794952393,0.15283441543579102
1977,TH0031AV/viewpoint_simulated_128_surface1.pcd,Testing,2.2000269889831543,2.402127265930176,0.20210027694702148
1978,TH0031AV/viewpoint_simulated_129_surface1.pcd,Testing,2.1147406101226807,2.2955892086029053,0.1808485984802246
1979,TH0031AV/viewpoint_simulated_13_surface1.pcd,Testing,2.1840968132019043,2.169837713241577,0.014259099960327148
1980,TH0031AV/viewpoint_simulated_130_surface1.pcd,Testing,2.2264459133148193,2.193830966949463,0.032614946365356445
1981,TH0031AV/viewpoint_simulated_131_surface1.pcd,Testing,2.121870517730713,2.2318670749664307,0.10999655723571777
1982,TH0031AV/viewpoint_simulated_132_surface1.pcd,Testing,2.0510778427124023,2.1347758769989014,0.08369803428649902
1983,TH0031AV/viewpoint_simulated_133_surface1.pcd,Testing,2.1642796993255615,2.2218520641326904,0.057572364807128906
1984,TH0031AV/viewpoint_simulated_134_surface1.pcd,Testing,2.1756856441497803,2.2280240058898926,0.052338361740112305
1985,TH0031AV/viewpoint_simulated_135_surface1.pcd,Testing,2.2727603912353516,2.4509963989257812,0.1782360076904297
1986,TH0031AV/viewpoint_simulated_136_surface1.pcd,Testing,2.101217031478882,2.348810911178589,0.24759387969970703
1987,TH0031AV/viewpoint_simulated_137_surface1.pcd,Testing,2.2145097255706787,2.142270803451538,0.07223892211914062
1988,TH0031AV/viewpoint_simulated_138_surface1.pcd,Testing,2.0983381271362305,2.2211732864379883,0.12283515930175781
1989,TH0031AV/viewpoint_simulated_139_surface1.pcd,Testing,2.256725549697876,2.4022316932678223,0.1455061435699463
1990,TH0031AV/viewpoint_simulated_14_surface1.pcd,Testing,2.0362439155578613,2.135249137878418,0.09900522232055664
1991,TH0031AV/viewpoint_simulated_140_surface1.pcd,Testing,2.2262983322143555,2.439932107925415,0.21363377571105957
1992,TH0031AV/viewpoint_simulated_141_surface1.pcd,Testing,2.0852150917053223,2.2719039916992188,0.18668889999389648
1993,TH0031AV/viewpoint_simulated_142_surface1.pcd,Testing,2.0790443420410156,2.2479631900787354,0.16891884803771973
1994,TH0031AV/viewpoint_simulated_143_surface1.pcd,Testing,2.2318599224090576,2.224980354309082,0.006879568099975586
1995,TH0031AV/viewpoint_simulated_144_surface1.pcd,Testing,1.9045555591583252,2.102208375930786,0.19765281677246094
1996,TH0031AV/viewpoint_simulated_145_surface1.pcd,Testing,2.0838875770568848,2.1563963890075684,0.0725088119506836
1997,TH0031AV/viewpoint_simulated_146_surface1.pcd,Testing,1.9710841178894043,2.133558750152588,0.1624746322631836
1998,TH0031AV/viewpoint_simulated_147_surface1.pcd,Testing,2.1585428714752197,2.1248011589050293,0.03374171257019043
1999,TH0031AV/viewpoint_simulated_148_surface1.pcd,Testing,2.077932119369507,2.1163406372070312,0.038408517837524414
2000,TH0031AV/viewpoint_simulated_149_surface1.pcd,Testing,2.0490057468414307,2.110349416732788,0.06134366989135742
2001,TH0031AV/viewpoint_simulated_15_surface1.pcd,Testing,2.1569056510925293,2.1644299030303955,0.007524251937866211
2002,TH0031AV/viewpoint_simulated_150_surface1.pcd,Testing,2.0912811756134033,2.08894419670105,0.0023369789123535156
2003,TH0031AV/viewpoint_simulated_151_surface1.pcd,Testing,2.2426748275756836,2.1445486545562744,0.09812617301940918
2004,TH0031AV/viewpoint_simulated_152_surface1.pcd,Testing,2.0044174194335938,2.1707441806793213,0.16632676124572754
2005,TH0031AV/viewpoint_simulated_153_surface1.pcd,Testing,2.21795654296875,2.1465208530426025,0.07143568992614746
2006,TH0031AV/viewpoint_simulated_154_surface1.pcd,Testing,2.260011672973633,2.154236078262329,0.10577559471130371
2007,TH0031AV/viewpoint_simulated_155_surface1.pcd,Testing,2.1348533630371094,2.1447157859802246,0.009862422943115234
2008,TH0031AV/viewpoint_simulated_156_surface1.pcd,Testing,2.244478225708008,2.0828471183776855,0.16163110733032227
2009,TH0031AV/viewpoint_simulated_157_surface1.pcd,Testing,2.068416118621826,2.1485722064971924,0.08015608787536621
2010,TH0031AV/viewpoint_simulated_158_surface1.pcd,Testing,2.0605390071868896,2.1239213943481445,0.06338238716125488
2011,TH0031AV/viewpoint_simulated_159_surface1.pcd,Testing,2.1231677532196045,2.1198136806488037,0.0033540725708007812
2012,TH0031AV/viewpoint_simulated_16_surface1.pcd,Testing,2.099308490753174,2.1928157806396484,0.09350728988647461
2013,TH0031AV/viewpoint_simulated_160_surface1.pcd,Testing,2.2329983711242676,2.1670682430267334,0.06593012809753418
2014,TH0031AV/viewpoint_simulated_161_surface1.pcd,Testing,2.258145809173584,2.1293625831604004,0.1287832260131836
2015,TH0031AV/viewpoint_simulated_162_surface1.pcd,Testing,2.0887701511383057,2.1389753818511963,0.050205230712890625
2016,TH0031AV/viewpoint_simulated_163_surface1.pcd,Testing,2.118285894393921,2.2423806190490723,0.12409472465515137
2017,TH0031AV/viewpoint_simulated_164_surface1.pcd,Testing,2.2189016342163086,2.1923916339874268,0.026510000228881836
2018,TH0031AV/viewpoint_simulated_165_surface1.pcd,Testing,1.9775091409683228,2.2057111263275146,0.2282019853591919
2019,TH0031AV/viewpoint_simulated_166_surface1.pcd,Testing,2.0174810886383057,2.159451484680176,0.14197039604187012
2020,TH0031AV/viewpoint_simulated_167_surface1.pcd,Testing,2.3790688514709473,2.11391544342041,0.2651534080505371
2021,TH0031AV/viewpoint_simulated_168_surface1.pcd,Testing,2.1593716144561768,2.091219902038574,0.06815171241760254
2022,TH0031AV/viewpoint_simulated_169_surface1.pcd,Testing,1.9752753973007202,2.1976966857910156,0.2224212884902954
2023,TH0031AV/viewpoint_simulated_17_surface1.pcd,Testing,2.109384775161743,2.180704355239868,0.071319580078125
2024,TH0031AV/viewpoint_simulated_170_surface1.pcd,Testing,2.147888422012329,2.1180226802825928,0.029865741729736328
2025,TH0031AV/viewpoint_simulated_171_surface1.pcd,Testing,2.3080947399139404,2.2210299968719482,0.08706474304199219
2026,TH0031AV/viewpoint_simulated_172_surface1.pcd,Testing,2.182870864868164,2.2752859592437744,0.09241509437561035
2027,TH0031AV/viewpoint_simulated_173_surface1.pcd,Testing,2.2207581996917725,2.241619348526001,0.020861148834228516
2028,TH0031AV/viewpoint_simulated_174_surface1.pcd,Testing,2.1522367000579834,2.2652604579925537,0.11302375793457031
2029,TH0031AV/viewpoint_simulated_175_surface1.pcd,Testing,2.1435043811798096,2.2945384979248047,0.15103411674499512
2030,TH0031AV/viewpoint_simulated_176_surface1.pcd,Testing,2.121859073638916,2.3616127967834473,0.23975372314453125
2031,TH0031AV/viewpoint_simulated_177_surface1.pcd,Testing,2.072821617126465,2.2495172023773193,0.1766955852508545
2032,TH0031AV/viewpoint_simulated_178_surface1.pcd,Testing,2.060539484024048,2.2111387252807617,0.15059924125671387
2033,TH0031AV/viewpoint_simulated_179_surface1.pcd,Testing,2.072173833847046,2.0684163570404053,0.003757476806640625
2034,TH0031AV/viewpoint_simulated_18_surface1.pcd,Testing,1.9963724613189697,2.1673734188079834,0.17100095748901367
2035,TH0031AV/viewpoint_simulated_180_surface1.pcd,Testing,2.257460355758667,2.083770275115967,0.1736900806427002
2036,TH0031AV/viewpoint_simulated_181_surface1.pcd,Testing,2.2557523250579834,2.2344634532928467,0.02128887176513672
2037,TH0031AV/viewpoint_simulated_182_surface1.pcd,Testing,2.09818434715271,2.120358467102051,0.02217411994934082
2038,TH0031AV/viewpoint_simulated_183_surface1.pcd,Testing,2.183267593383789,2.205545663833618,0.0222780704498291
2039,TH0031AV/viewpoint_simulated_184_surface1.pcd,Testing,2.209353446960449,2.308725357055664,0.09937191009521484
2040,TH0031AV/viewpoint_simulated_185_surface1.pcd,Testing,2.194185495376587,2.2885143756866455,0.0943288803100586
2041,TH0031AV/viewpoint_simulated_186_surface1.pcd,Testing,2.060039758682251,2.3246471881866455,0.26460742950439453
2042,TH0031AV/viewpoint_simulated_187_surface1.pcd,Testing,2.1791751384735107,2.4117090702056885,0.23253393173217773
2043,TH0031AV/viewpoint_simulated_188_surface1.pcd,Testing,2.1275200843811035,2.3427932262420654,0.21527314186096191
2044,TH0031AV/viewpoint_simulated_189_surface1.pcd,Testing,2.0886991024017334,2.238964557647705,0.15026545524597168
2045,TH0031AV/viewpoint_simulated_19_surface1.pcd,Testing,2.2657084465026855,2.2073490619659424,0.058359384536743164
2046,TH0031AV/viewpoint_simulated_190_surface1.pcd,Testing,2.137516498565674,2.167900323867798,0.030383825302124023
2047,TH0031AV/viewpoint_simulated_191_surface1.pcd,Testing,2.2493679523468018,2.147221326828003,0.10214662551879883
2048,TH0031AV/viewpoint_simulated_192_surface1.pcd,Testing,2.0837671756744385,2.1063334941864014,0.02256631851196289
2049,TH0031AV/viewpoint_simulated_193_surface1.pcd,Testing,2.2236874103546143,2.2140486240386963,0.009638786315917969
2050,TH0031AV/viewpoint_simulated_194_surface1.pcd,Testing,1.9028518199920654,2.2186570167541504,0.31580519676208496
2051,TH0031AV/viewpoint_simulated_195_surface1.pcd,Testing,2.2087838649749756,2.324493885040283,0.11571002006530762
2052,TH0031AV/viewpoint_simulated_196_surface1.pcd,Testing,2.22346568107605,2.341135263442993,0.11766958236694336
2053,TH0031AV/viewpoint_simulated_197_surface1.pcd,Testing,2.162856101989746,2.2678399085998535,0.10498380661010742
2054,TH0031AV/viewpoint_simulated_198_surface1.pcd,Testing,2.050137758255005,2.350813627243042,0.3006758689880371
2055,TH0031AV/viewpoint_simulated_199_surface1.pcd,Testing,2.1261305809020996,2.4312827587127686,0.30515217781066895
2056,TH0031AV/viewpoint_simulated_2_surface1.pcd,Testing,2.0922200679779053,2.140061140060425,0.04784107208251953
2057,TH0031AV/viewpoint_simulated_20_surface1.pcd,Testing,2.096379280090332,2.2438805103302,0.14750123023986816
2058,TH0031AV/viewpoint_simulated_200_surface1.pcd,Testing,2.197457790374756,2.3775618076324463,0.18010401725769043
2059,TH0031AV/viewpoint_simulated_201_surface1.pcd,Testing,2.194735288619995,2.2583272457122803,0.06359195709228516
2060,TH0031AV/viewpoint_simulated_202_surface1.pcd,Testing,2.188004732131958,2.1955411434173584,0.007536411285400391
2061,TH0031AV/viewpoint_simulated_203_surface1.pcd,Testing,1.9866713285446167,2.1852352619171143,0.19856393337249756
2062,TH0031AV/viewpoint_simulated_204_surface1.pcd,Testing,2.1819794178009033,2.142253875732422,0.039725542068481445
2063,TH0031AV/viewpoint_simulated_205_surface1.pcd,Testing,2.272806167602539,2.2330079078674316,0.03979825973510742
2064,TH0031AV/viewpoint_simulated_206_surface1.pcd,Testing,2.2042298316955566,2.248883008956909,0.04465317726135254
2065,TH0031AV/viewpoint_simulated_207_surface1.pcd,Testing,2.2584023475646973,2.402228593826294,0.14382624626159668
2066,TH0031AV/viewpoint_simulated_208_surface1.pcd,Testing,2.2117109298706055,2.3024940490722656,0.09078311920166016
2067,TH0031AV/viewpoint_simulated_209_surface1.pcd,Testing,2.112487316131592,2.2199251651763916,0.1074378490447998
2068,TH0031AV/viewpoint_simulated_21_surface1.pcd,Testing,2.1893136501312256,2.2347419261932373,0.04542827606201172
2069,TH0031AV/viewpoint_simulated_210_surface1.pcd,Testing,2.2822299003601074,2.2909388542175293,0.008708953857421875
2070,TH0031AV/viewpoint_simulated_211_surface1.pcd,Testing,2.0798957347869873,2.4283769130706787,0.3484811782836914
2071,TH0031AV/viewpoint_simulated_212_surface1.pcd,Testing,2.0746185779571533,2.4293911457061768,0.35477256774902344
2072,TH0031AV/viewpoint_simulated_213_surface1.pcd,Testing,2.0152065753936768,2.213210344314575,0.19800376892089844
2073,TH0031AV/viewpoint_simulated_214_surface1.pcd,Testing,2.314237117767334,2.209341526031494,0.10489559173583984
2074,TH0031AV/viewpoint_simulated_215_surface1.pcd,Testing,2.1850850582122803,2.226632833480835,0.04154777526855469
2075,TH0031AV/viewpoint_simulated_22_surface1.pcd,Testing,2.067422389984131,2.1877872943878174,0.12036490440368652
2076,TH0031AV/viewpoint_simulated_23_surface1.pcd,Testing,2.0508124828338623,2.1456778049468994,0.09486532211303711
2077,TH0031AV/viewpoint_simulated_24_surface1.pcd,Testing,2.132702112197876,2.130439043045044,0.0022630691528320312
2078,TH0031AV/viewpoint_simulated_25_surface1.pcd,Testing,2.1365010738372803,2.179172992706299,0.042671918869018555
2079,TH0031AV/viewpoint_simulated_26_surface1.pcd,Testing,2.1514198780059814,2.066757917404175,0.08466196060180664
2080,TH0031AV/viewpoint_simulated_27_surface1.pcd,Testing,2.109752655029297,2.142179489135742,0.03242683410644531
2081,TH0031AV/viewpoint_simulated_28_surface1.pcd,Testing,2.36881947517395,2.193438768386841,0.17538070678710938
2082,TH0031AV/viewpoint_simulated_29_surface1.pcd,Testing,2.1453280448913574,2.1960318088531494,0.05070376396179199
2083,TH0031AV/viewpoint_simulated_3_surface1.pcd,Testing,2.155174493789673,2.1768152713775635,0.021640777587890625
2084,TH0031AV/viewpoint_simulated_30_surface1.pcd,Testing,2.2724609375,2.2123641967773438,0.06009674072265625
2085,TH0031AV/viewpoint_simulated_31_surface1.pcd,Testing,2.28794264793396,2.3209805488586426,0.03303790092468262
2086,TH0031AV/viewpoint_simulated_32_surface1.pcd,Testing,2.120966911315918,2.295452117919922,0.1744852066040039
2087,TH0031AV/viewpoint_simulated_33_surface1.pcd,Testing,2.011211395263672,2.27586030960083,0.2646489143371582
2088,TH0031AV/viewpoint_simulated_34_surface1.pcd,Testing,2.232017993927002,2.241919755935669,0.009901762008666992
2089,TH0031AV/viewpoint_simulated_35_surface1.pcd,Testing,2.214063882827759,2.1640779972076416,0.04998588562011719
2090,TH0031AV/viewpoint_simulated_36_surface1.pcd,Testing,2.2782745361328125,2.1322615146636963,0.1460130214691162
2091,TH0031AV/viewpoint_simulated_37_surface1.pcd,Testing,2.1418840885162354,2.1721367835998535,0.030252695083618164
2092,TH0031AV/viewpoint_simulated_38_surface1.pcd,Testing,2.0714612007141113,2.128997325897217,0.05753612518310547
2093,TH0031AV/viewpoint_simulated_39_surface1.pcd,Testing,2.149378538131714,2.1525938510894775,0.003215312957763672
2094,TH0031AV/viewpoint_simulated_4_surface1.pcd,Testing,1.9894734621047974,2.142582416534424,0.15310895442962646
2095,TH0031AV/viewpoint_simulated_40_surface1.pcd,Testing,2.079292058944702,2.2895352840423584,0.21024322509765625
2096,TH0031AV/viewpoint_simulated_41_surface1.pcd,Testing,2.1804423332214355,2.2818410396575928,0.10139870643615723
2097,TH0031AV/viewpoint_simulated_42_surface1.pcd,Testing,2.202840805053711,2.118788957595825,0.08405184745788574
2098,TH0031AV/viewpoint_simulated_43_surface1.pcd,Testing,2.159938335418701,2.3958423137664795,0.23590397834777832
2099,TH0031AV/viewpoint_simulated_44_surface1.pcd,Testing,2.046649694442749,2.4039292335510254,0.35727953910827637
2100,TH0031AV/viewpoint_simulated_45_surface1.pcd,Testing,2.147351026535034,2.2928926944732666,0.14554166793823242
2101,TH0031AV/viewpoint_simulated_46_surface1.pcd,Testing,2.181525230407715,2.2726333141326904,0.09110808372497559
2102,TH0031AV/viewpoint_simulated_47_surface1.pcd,Testing,2.191830635070801,2.1972033977508545,0.005372762680053711
2103,TH0031AV/viewpoint_simulated_48_surface1.pcd,Testing,2.1809096336364746,2.057800531387329,0.12310910224914551
2104,TH0031AV/viewpoint_simulated_49_surface1.pcd,Testing,2.093766450881958,2.186490297317505,0.09272384643554688
2105,TH0031AV/viewpoint_simulated_5_surface1.pcd,Testing,2.1361639499664307,2.116725206375122,0.019438743591308594
2106,TH0031AV/viewpoint_simulated_50_surface1.pcd,Testing,2.1146938800811768,2.1950979232788086,0.08040404319763184
2107,TH0031AV/viewpoint_simulated_51_surface1.pcd,Testing,2.160850763320923,2.2825212478637695,0.12167048454284668
2108,TH0031AV/viewpoint_simulated_52_surface1.pcd,Testing,2.3929896354675293,2.3525707721710205,0.04041886329650879
2109,TH0031AV/viewpoint_simulated_53_surface1.pcd,Testing,2.3038229942321777,2.1426146030426025,0.1612083911895752
2110,TH0031AV/viewpoint_simulated_54_surface1.pcd,Testing,2.121070384979248,2.1963584423065186,0.07528805732727051
2111,TH0031AV/viewpoint_simulated_55_surface1.pcd,Testing,2.238396406173706,2.345531702041626,0.10713529586791992
2112,TH0031AV/viewpoint_simulated_56_surface1.pcd,Testing,2.295769691467285,2.4157333374023438,0.1199636459350586
2113,TH0031AV/viewpoint_simulated_57_surface1.pcd,Testing,2.241954803466797,2.303187608718872,0.061232805252075195
2114,TH0031AV/viewpoint_simulated_58_surface1.pcd,Testing,2.2709238529205322,2.3008506298065186,0.029926776885986328
2115,TH0031AV/viewpoint_simulated_59_surface1.pcd,Testing,2.2931509017944336,2.2679507732391357,0.02520012855529785
2116,TH0031AV/viewpoint_simulated_6_surface1.pcd,Testing,1.984707236289978,2.111969232559204,0.12726199626922607
2117,TH0031AV/viewpoint_simulated_60_surface1.pcd,Testing,2.0378100872039795,2.1621510982513428,0.12434101104736328
2118,TH0031AV/viewpoint_simulated_61_surface1.pcd,Testing,2.188920259475708,2.188491106033325,0.0004291534423828125
2119,TH0031AV/viewpoint_simulated_62_surface1.pcd,Testing,2.2567062377929688,2.2520647048950195,0.004641532897949219
2120,TH0031AV/viewpoint_simulated_63_surface1.pcd,Testing,2.305560350418091,2.403308153152466,0.097747802734375
2121,TH0031AV/viewpoint_simulated_64_surface1.pcd,Testing,2.270402669906616,2.306560754776001,0.036158084869384766
2122,TH0031AV/viewpoint_simulated_65_surface1.pcd,Testing,2.2498695850372314,2.076561212539673,0.1733083724975586
2123,TH0031AV/viewpoint_simulated_66_surface1.pcd,Testing,2.1263928413391113,2.2432498931884766,0.11685705184936523
2124,TH0031AV/viewpoint_simulated_67_surface1.pcd,Testing,2.1125071048736572,2.2696993350982666,0.15719223022460938
2125,TH0031AV/viewpoint_simulated_68_surface1.pcd,Testing,2.104220151901245,2.4545199871063232,0.3502998352050781
2126,TH0031AV/viewpoint_simulated_69_surface1.pcd,Testing,2.1991260051727295,2.29166316986084,0.09253716468811035
2127,TH0031AV/viewpoint_simulated_7_surface1.pcd,Testing,2.182405471801758,2.1100757122039795,0.07232975959777832
2128,TH0031AV/viewpoint_simulated_70_surface1.pcd,Testing,2.004547357559204,2.2222225666046143,0.21767520904541016
2129,TH0031AV/viewpoint_simulated_71_surface1.pcd,Testing,2.2359883785247803,2.214648485183716,0.021339893341064453
2130,TH0031AV/viewpoint_simulated_72_surface1.pcd,Testing,2.215029239654541,2.131002426147461,0.08402681350708008
2131,TH0031AV/viewpoint_simulated_73_surface1.pcd,Testing,2.1319708824157715,2.146713972091675,0.01474308967590332
2132,TH0031AV/viewpoint_simulated_74_surface1.pcd,Testing,2.0767457485198975,2.1518776416778564,0.07513189315795898
2133,TH0031AV/viewpoint_simulated_75_surface1.pcd,Testing,2.2315008640289307,2.1557719707489014,0.0757288932800293
2134,TH0031AV/viewpoint_simulated_76_surface1.pcd,Testing,2.179656744003296,2.1328699588775635,0.04678678512573242
2135,TH0031AV/viewpoint_simulated_77_surface1.pcd,Testing,2.1697616577148438,2.13838791847229,0.03137373924255371
2136,TH0031AV/viewpoint_simulated_78_surface1.pcd,Testing,2.2338316440582275,2.195983648300171,0.03784799575805664
2137,TH0031AV/viewpoint_simulated_79_surface1.pcd,Testing,2.1498327255249023,2.177739381790161,0.02790665626525879
2138,TH0031AV/viewpoint_simulated_8_surface1.pcd,Testing,2.048567771911621,2.233750343322754,0.1851825714111328
2139,TH0031AV/viewpoint_simulated_80_surface1.pcd,Testing,2.1167032718658447,2.121368408203125,0.0046651363372802734
2140,TH0031AV/viewpoint_simulated_81_surface1.pcd,Testing,2.152589797973633,2.1280291080474854,0.02456068992614746
2141,TH0031AV/viewpoint_simulated_82_surface1.pcd,Testing,2.2003724575042725,2.1244566440582275,0.07591581344604492
2142,TH0031AV/viewpoint_simulated_83_surface1.pcd,Testing,2.0733940601348877,2.1382663249969482,0.06487226486206055
2143,TH0031AV/viewpoint_simulated_84_surface1.pcd,Testing,2.094398021697998,2.090630292892456,0.003767728805541992
2144,TH0031AV/viewpoint_simulated_85_surface1.pcd,Testing,2.0229086875915527,2.15860915184021,0.13570046424865723
2145,TH0031AV/viewpoint_simulated_86_surface1.pcd,Testing,1.9895321130752563,2.123725175857544,0.1341930627822876
2146,TH0031AV/viewpoint_simulated_87_surface1.pcd,Testing,1.9142440557479858,2.1375515460968018,0.22330749034881592
2147,TH0031AV/viewpoint_simulated_88_surface1.pcd,Testing,2.039552927017212,2.184605836868286,0.14505290985107422
2148,TH0031AV/viewpoint_simulated_89_surface1.pcd,Testing,2.1163220405578613,2.152111768722534,0.03578972816467285
2149,TH0031AV/viewpoint_simulated_9_surface1.pcd,Testing,2.055088520050049,2.196190118789673,0.14110159873962402
2150,TH0031AV/viewpoint_simulated_90_surface1.pcd,Testing,2.2474923133850098,2.1525580883026123,0.09493422508239746
2151,TH0031AV/viewpoint_simulated_91_surface1.pcd,Testing,2.085569143295288,2.219796895980835,0.13422775268554688
2152,TH0031AV/viewpoint_simulated_92_surface1.pcd,Testing,2.133185386657715,2.306424379348755,0.17323899269104004
2153,TH0031AV/viewpoint_simulated_93_surface1.pcd,Testing,2.094076156616211,2.19219708442688,0.09812092781066895
2154,TH0031AV/viewpoint_simulated_94_surface1.pcd,Testing,2.302300214767456,2.1750736236572266,0.1272265911102295
2155,TH0031AV/viewpoint_simulated_95_surface1.pcd,Testing,2.00064754486084,2.0874545574188232,0.0868070125579834
2156,TH0031AV/viewpoint_simulated_96_surface1.pcd,Testing,2.171424388885498,2.106416702270508,0.06500768661499023
2157,TH0031AV/viewpoint_simulated_97_surface1.pcd,Testing,2.0269830226898193,2.1794397830963135,0.15245676040649414
2158,TH0031AV/viewpoint_simulated_98_surface1.pcd,Testing,2.092189311981201,2.066002130508423,0.02618718147277832
2159,TH0031AV/viewpoint_simulated_99_surface1.pcd,Testing,2.1581010818481445,2.173759698867798,0.01565861701965332
2160,TH0032AV/viewpoint_simulated_0_surface0.pcd,Testing,1.9270853996276855,2.0520071983337402,0.12492179870605469
2161,TH0032AV/viewpoint_simulated_1_surface0.pcd,Testing,2.0594444274902344,2.0258727073669434,0.033571720123291016
2162,TH0032AV/viewpoint_simulated_10_surface0.pcd,Testing,1.9641597270965576,2.101571798324585,0.13741207122802734
2163,TH0032AV/viewpoint_simulated_100_surface0.pcd,Testing,2.0704293251037598,2.127986192703247,0.057556867599487305
2164,TH0032AV/viewpoint_simulated_101_surface0.pcd,Testing,1.927668571472168,2.090219259262085,0.162550687789917
2165,TH0032AV/viewpoint_simulated_102_surface0.pcd,Testing,2.0108234882354736,2.1317644119262695,0.1209409236907959
2166,TH0032AV/viewpoint_simulated_103_surface0.pcd,Testing,2.0309228897094727,2.1983563899993896,0.167433500289917
2167,TH0032AV/viewpoint_simulated_104_surface0.pcd,Testing,1.9317049980163574,2.1904239654541016,0.25871896743774414
2168,TH0032AV/viewpoint_simulated_105_surface0.pcd,Testing,1.9084221124649048,2.1374690532684326,0.22904694080352783
2169,TH0032AV/viewpoint_simulated_106_surface0.pcd,Testing,2.0437800884246826,2.1089539527893066,0.06517386436462402
2170,TH0032AV/viewpoint_simulated_107_surface0.pcd,Testing,1.9466335773468018,2.0777318477630615,0.13109827041625977
2171,TH0032AV/viewpoint_simulated_108_surface0.pcd,Testing,1.9579932689666748,2.0042872428894043,0.04629397392272949
2172,TH0032AV/viewpoint_simulated_109_surface0.pcd,Testing,2.02781343460083,1.9421250820159912,0.08568835258483887
2173,TH0032AV/viewpoint_simulated_11_surface0.pcd,Testing,1.927517294883728,2.058833360671997,0.13131606578826904
2174,TH0032AV/viewpoint_simulated_110_surface0.pcd,Testing,2.012366771697998,2.040520429611206,0.028153657913208008
2175,TH0032AV/viewpoint_simulated_111_surface0.pcd,Testing,2.0245797634124756,2.1209423542022705,0.09636259078979492
2176,TH0032AV/viewpoint_simulated_112_surface0.pcd,Testing,2.1568777561187744,2.082149028778076,0.07472872734069824
2177,TH0032AV/viewpoint_simulated_113_surface0.pcd,Testing,2.1831581592559814,2.150338888168335,0.032819271087646484
2178,TH0032AV/viewpoint_simulated_114_surface0.pcd,Testing,1.9240299463272095,2.180953025817871,0.2569230794906616
2179,TH0032AV/viewpoint_simulated_115_surface0.pcd,Testing,2.0004498958587646,2.2239227294921875,0.22347283363342285
2180,TH0032AV/viewpoint_simulated_116_surface0.pcd,Testing,1.9378571510314941,2.205026865005493,0.267169713973999
2181,TH0032AV/viewpoint_simulated_117_surface0.pcd,Testing,1.9196350574493408,2.141465902328491,0.2218308448791504
2182,TH0032AV/viewpoint_simulated_118_surface0.pcd,Testing,2.0258798599243164,2.10942006111145,0.08354020118713379
2183,TH0032AV/viewpoint_simulated_119_surface0.pcd,Testing,2.113304615020752,2.0518529415130615,0.06145167350769043
2184,TH0032AV/viewpoint_simulated_12_surface0.pcd,Testing,2.0504636764526367,2.027585744857788,0.022877931594848633
2185,TH0032AV/viewpoint_simulated_120_surface0.pcd,Testing,2.1330106258392334,2.026719093322754,0.10629153251647949
2186,TH0032AV/viewpoint_simulated_121_surface0.pcd,Testing,2.0753908157348633,1.9821810722351074,0.09320974349975586
2187,TH0032AV/viewpoint_simulated_122_surface0.pcd,Testing,2.132840394973755,2.0468568801879883,0.0859835147857666
2188,TH0032AV/viewpoint_simulated_123_surface0.pcd,Testing,1.9521420001983643,2.1551244258880615,0.20298242568969727
2189,TH0032AV/viewpoint_simulated_124_surface0.pcd,Testing,2.063359022140503,2.1035053730010986,0.0401463508605957
2190,TH0032AV/viewpoint_simulated_125_surface0.pcd,Testing,1.910561442375183,2.179292917251587,0.2687314748764038
2191,TH0032AV/viewpoint_simulated_126_surface0.pcd,Testing,2.0284976959228516,2.2589051723480225,0.2304074764251709
2192,TH0032AV/viewpoint_simulated_127_surface0.pcd,Testing,1.9314674139022827,2.2664101123809814,0.33494269847869873
2193,TH0032AV/viewpoint_simulated_128_surface0.pcd,Testing,2.068721055984497,2.2396767139434814,0.17095565795898438
2194,TH0032AV/viewpoint_simulated_129_surface0.pcd,Testing,2.0568463802337646,2.182546854019165,0.1257004737854004
2195,TH0032AV/viewpoint_simulated_13_surface0.pcd,Testing,2.0373411178588867,2.0253820419311523,0.011959075927734375
2196,TH0032AV/viewpoint_simulated_130_surface0.pcd,Testing,2.1182005405426025,2.1036815643310547,0.014518976211547852
2197,TH0032AV/viewpoint_simulated_131_surface0.pcd,Testing,2.0563974380493164,2.0939910411834717,0.03759360313415527
2198,TH0032AV/viewpoint_simulated_132_surface0.pcd,Testing,2.0233585834503174,2.0372164249420166,0.013857841491699219
2199,TH0032AV/viewpoint_simulated_133_surface0.pcd,Testing,1.9946552515029907,2.020703077316284,0.026047825813293457
2200,TH0032AV/viewpoint_simulated_134_surface0.pcd,Testing,2.0425143241882324,2.0525786876678467,0.010064363479614258
2201,TH0032AV/viewpoint_simulated_135_surface0.pcd,Testing,2.0814642906188965,2.130650520324707,0.04918622970581055
2202,TH0032AV/viewpoint_simulated_136_surface0.pcd,Testing,2.078578233718872,2.1546595096588135,0.0760812759399414
2203,TH0032AV/viewpoint_simulated_137_surface0.pcd,Testing,2.076215982437134,2.212587833404541,0.13637185096740723
2204,TH0032AV/viewpoint_simulated_138_surface0.pcd,Testing,1.9650914669036865,2.2110371589660645,0.24594569206237793
2205,TH0032AV/viewpoint_simulated_139_surface0.pcd,Testing,2.037522554397583,2.2777864933013916,0.2402639389038086
2206,TH0032AV/viewpoint_simulated_14_surface0.pcd,Testing,1.9480302333831787,2.0258896350860596,0.07785940170288086
2207,TH0032AV/viewpoint_simulated_140_surface0.pcd,Testing,2.03318452835083,2.247365951538086,0.21418142318725586
2208,TH0032AV/viewpoint_simulated_141_surface0.pcd,Testing,2.1485495567321777,2.215059995651245,0.06651043891906738
2209,TH0032AV/viewpoint_simulated_142_surface0.pcd,Testing,2.1088857650756836,2.0931875705718994,0.01569819450378418
2210,TH0032AV/viewpoint_simulated_143_surface0.pcd,Testing,2.103886604309082,2.0980494022369385,0.005837202072143555
2211,TH0032AV/viewpoint_simulated_144_surface0.pcd,Testing,2.0428240299224854,2.055324077606201,0.01250004768371582
2212,TH0032AV/viewpoint_simulated_145_surface0.pcd,Testing,1.9569807052612305,2.0463688373565674,0.08938813209533691
2213,TH0032AV/viewpoint_simulated_146_surface0.pcd,Testing,2.0734636783599854,2.064450740814209,0.009012937545776367
2214,TH0032AV/viewpoint_simulated_147_surface0.pcd,Testing,2.0445234775543213,2.03743052482605,0.007092952728271484
2215,TH0032AV/viewpoint_simulated_148_surface0.pcd,Testing,2.0846426486968994,2.0445172786712646,0.040125370025634766
2216,TH0032AV/viewpoint_simulated_149_surface0.pcd,Testing,1.8750277757644653,2.0696070194244385,0.19457924365997314
2217,TH0032AV/viewpoint_simulated_15_surface0.pcd,Testing,2.007159471511841,2.062321424484253,0.05516195297241211
2218,TH0032AV/viewpoint_simulated_150_surface0.pcd,Testing,2.059135913848877,2.0925657749176025,0.033429861068725586
2219,TH0032AV/viewpoint_simulated_151_surface0.pcd,Testing,2.0069918632507324,2.0889248847961426,0.08193302154541016
2220,TH0032AV/viewpoint_simulated_152_surface0.pcd,Testing,1.9570140838623047,2.1055710315704346,0.14855694770812988
2221,TH0032AV/viewpoint_simulated_153_surface0.pcd,Testing,1.972235083580017,2.1168222427368164,0.14458715915679932
2222,TH0032AV/viewpoint_simulated_154_surface0.pcd,Testing,2.004227876663208,2.0876214504241943,0.08339357376098633
2223,TH0032AV/viewpoint_simulated_155_surface0.pcd,Testing,1.900151014328003,2.076115846633911,0.1759648323059082
2224,TH0032AV/viewpoint_simulated_156_surface0.pcd,Testing,1.9248040914535522,2.0518312454223633,0.12702715396881104
2225,TH0032AV/viewpoint_simulated_157_surface0.pcd,Testing,2.034528970718384,1.9923200607299805,0.04220890998840332
2226,TH0032AV/viewpoint_simulated_158_surface0.pcd,Testing,1.936882734298706,2.0302510261535645,0.0933682918548584
2227,TH0032AV/viewpoint_simulated_159_surface0.pcd,Testing,2.0100111961364746,2.0518224239349365,0.041811227798461914
2228,TH0032AV/viewpoint_simulated_16_surface0.pcd,Testing,1.9888906478881836,2.079702854156494,0.09081220626831055
2229,TH0032AV/viewpoint_simulated_160_surface0.pcd,Testing,1.9333443641662598,2.057967185974121,0.12462282180786133
2230,TH0032AV/viewpoint_simulated_161_surface0.pcd,Testing,1.916601538658142,2.0810272693634033,0.16442573070526123
2231,TH0032AV/viewpoint_simulated_162_surface0.pcd,Testing,2.0633764266967773,2.1010138988494873,0.03763747215270996
2232,TH0032AV/viewpoint_simulated_163_surface0.pcd,Testing,2.0514631271362305,2.1387133598327637,0.0872502326965332
2233,TH0032AV/viewpoint_simulated_164_surface0.pcd,Testing,1.8987377882003784,2.1385624408721924,0.23982465267181396
2234,TH0032AV/viewpoint_simulated_165_surface0.pcd,Testing,2.079338312149048,2.1183645725250244,0.03902626037597656
2235,TH0032AV/viewpoint_simulated_166_surface0.pcd,Testing,1.952817678451538,2.1018028259277344,0.1489851474761963
2236,TH0032AV/viewpoint_simulated_167_surface0.pcd,Testing,1.9332722425460815,2.05843186378479,0.1251596212387085
2237,TH0032AV/viewpoint_simulated_168_surface0.pcd,Testing,2.070512294769287,2.0085651874542236,0.06194710731506348
2238,TH0032AV/viewpoint_simulated_169_surface0.pcd,Testing,2.0469465255737305,1.9678183794021606,0.07912814617156982
2239,TH0032AV/viewpoint_simulated_17_surface0.pcd,Testing,2.0253546237945557,2.0939857959747314,0.06863117218017578
2240,TH0032AV/viewpoint_simulated_170_surface0.pcd,Testing,2.018078565597534,1.9959492683410645,0.022129297256469727
2241,TH0032AV/viewpoint_simulated_171_surface0.pcd,Testing,1.9167293310165405,2.1017696857452393,0.18504035472869873
2242,TH0032AV/viewpoint_simulated_172_surface0.pcd,Testing,2.012382745742798,2.1290247440338135,0.11664199829101562
2243,TH0032AV/viewpoint_simulated_173_surface0.pcd,Testing,2.1354713439941406,2.1106693744659424,0.024801969528198242
2244,TH0032AV/viewpoint_simulated_174_surface0.pcd,Testing,1.9826583862304688,2.142723321914673,0.1600649356842041
2245,TH0032AV/viewpoint_simulated_175_surface0.pcd,Testing,2.0104799270629883,2.190744161605835,0.18026423454284668
2246,TH0032AV/viewpoint_simulated_176_surface0.pcd,Testing,2.033827543258667,2.1844990253448486,0.15067148208618164
2247,TH0032AV/viewpoint_simulated_177_surface0.pcd,Testing,2.1319751739501953,2.1399474143981934,0.007972240447998047
2248,TH0032AV/viewpoint_simulated_178_surface0.pcd,Testing,1.9842277765274048,2.1198151111602783,0.13558733463287354
2249,TH0032AV/viewpoint_simulated_179_surface0.pcd,Testing,2.138995885848999,2.052187204360962,0.08680868148803711
2250,TH0032AV/viewpoint_simulated_18_surface0.pcd,Testing,1.962739109992981,2.1113789081573486,0.14863979816436768
2251,TH0032AV/viewpoint_simulated_180_surface0.pcd,Testing,1.959349274635315,1.98822021484375,0.02887094020843506
2252,TH0032AV/viewpoint_simulated_181_surface0.pcd,Testing,2.0241894721984863,1.9539470672607422,0.07024240493774414
2253,TH0032AV/viewpoint_simulated_182_surface0.pcd,Testing,2.0609261989593506,2.0509560108184814,0.00997018814086914
2254,TH0032AV/viewpoint_simulated_183_surface0.pcd,Testing,1.9343050718307495,2.128196954727173,0.19389188289642334
2255,TH0032AV/viewpoint_simulated_184_surface0.pcd,Testing,2.1268866062164307,2.09417724609375,0.032709360122680664
2256,TH0032AV/viewpoint_simulated_185_surface0.pcd,Testing,2.0382766723632812,2.1211276054382324,0.08285093307495117
2257,TH0032AV/viewpoint_simulated_186_surface0.pcd,Testing,1.9331583976745605,2.2181713581085205,0.28501296043395996
2258,TH0032AV/viewpoint_simulated_187_surface0.pcd,Testing,1.9885640144348145,2.233091115951538,0.24452710151672363
2259,TH0032AV/viewpoint_simulated_188_surface0.pcd,Testing,2.0248382091522217,2.2230780124664307,0.19823980331420898
2260,TH0032AV/viewpoint_simulated_189_surface0.pcd,Testing,2.000969171524048,2.1376841068267822,0.13671493530273438
2261,TH0032AV/viewpoint_simulated_19_surface0.pcd,Testing,1.9553842544555664,2.152219295501709,0.19683504104614258
2262,TH0032AV/viewpoint_simulated_190_surface0.pcd,Testing,1.9365824460983276,2.08221697807312,0.14563453197479248
2263,TH0032AV/viewpoint_simulated_191_surface0.pcd,Testing,2.0870165824890137,2.066080093383789,0.02093648910522461
2264,TH0032AV/viewpoint_simulated_192_surface0.pcd,Testing,2.104400157928467,2.0201189517974854,0.08428120613098145
2265,TH0032AV/viewpoint_simulated_193_surface0.pcd,Testing,1.9916305541992188,1.9663418531417847,0.025288701057434082
2266,TH0032AV/viewpoint_simulated_194_surface0.pcd,Testing,1.980262041091919,2.041020154953003,0.060758113861083984
2267,TH0032AV/viewpoint_simulated_195_surface0.pcd,Testing,2.0376384258270264,2.1489861011505127,0.11134767532348633
2268,TH0032AV/viewpoint_simulated_196_surface0.pcd,Testing,2.1017825603485107,2.109888792037964,0.008106231689453125
2269,TH0032AV/viewpoint_simulated_197_surface0.pcd,Testing,1.9998594522476196,2.2009329795837402,0.2010735273361206
2270,TH0032AV/viewpoint_simulated_198_surface0.pcd,Testing,2.0719070434570312,2.235593557357788,0.16368651390075684
2271,TH0032AV/viewpoint_simulated_199_surface0.pcd,Testing,1.9594709873199463,2.278521776199341,0.31905078887939453
2272,TH0032AV/viewpoint_simulated_2_surface0.pcd,Testing,1.907649278640747,2.0508992671966553,0.1432499885559082
2273,TH0032AV/viewpoint_simulated_20_surface0.pcd,Testing,2.0363805294036865,2.1402993202209473,0.10391879081726074
2274,TH0032AV/viewpoint_simulated_200_surface0.pcd,Testing,2.083029270172119,2.2285540103912354,0.1455247402191162
2275,TH0032AV/viewpoint_simulated_201_surface0.pcd,Testing,1.8566848039627075,2.1585912704467773,0.3019064664840698
2276,TH0032AV/viewpoint_simulated_202_surface0.pcd,Testing,2.1534805297851562,2.0840260982513428,0.06945443153381348
2277,TH0032AV/viewpoint_simulated_203_surface0.pcd,Testing,1.9236751794815063,2.078613519668579,0.15493834018707275
2278,TH0032AV/viewpoint_simulated_204_surface0.pcd,Testing,2.04902982711792,2.027433156967163,0.021596670150756836
2279,TH0032AV/viewpoint_simulated_205_surface0.pcd,Testing,2.1659672260284424,2.011364221572876,0.1546030044555664
2280,TH0032AV/viewpoint_simulated_206_surface0.pcd,Testing,2.0940816402435303,2.0686118602752686,0.02546977996826172
2281,TH0032AV/viewpoint_simulated_207_surface0.pcd,Testing,2.047114133834839,2.1315290927886963,0.08441495895385742
2282,TH0032AV/viewpoint_simulated_208_surface0.pcd,Testing,2.135234832763672,2.1676433086395264,0.03240847587585449
2283,TH0032AV/viewpoint_simulated_209_surface0.pcd,Testing,1.9420443773269653,2.2346577644348145,0.2926133871078491
2284,TH0032AV/viewpoint_simulated_21_surface0.pcd,Testing,1.985804796218872,2.1243374347686768,0.1385326385498047
2285,TH0032AV/viewpoint_simulated_210_surface0.pcd,Testing,2.0982184410095215,2.203216791152954,0.10499835014343262
2286,TH0032AV/viewpoint_simulated_211_surface0.pcd,Testing,2.0626332759857178,2.2879269123077393,0.22529363632202148
2287,TH0032AV/viewpoint_simulated_212_surface0.pcd,Testing,2.0413334369659424,2.2275898456573486,0.18625640869140625
2288,TH0032AV/viewpoint_simulated_213_surface0.pcd,Testing,2.0819101333618164,2.196080446243286,0.11417031288146973
2289,TH0032AV/viewpoint_simulated_214_surface0.pcd,Testing,2.067110776901245,2.089251756668091,0.022140979766845703
2290,TH0032AV/viewpoint_simulated_215_surface0.pcd,Testing,1.8917350769042969,2.104769468307495,0.21303439140319824
2291,TH0032AV/viewpoint_simulated_22_surface0.pcd,Testing,2.0443856716156006,2.1130764484405518,0.06869077682495117
2292,TH0032AV/viewpoint_simulated_23_surface0.pcd,Testing,1.8515552282333374,2.0699405670166016,0.21838533878326416
2293,TH0032AV/viewpoint_simulated_24_surface0.pcd,Testing,1.9047507047653198,2.017498731613159,0.11274802684783936
2294,TH0032AV/viewpoint_simulated_25_surface0.pcd,Testing,1.9750298261642456,1.9653124809265137,0.009717345237731934
2295,TH0032AV/viewpoint_simulated_26_surface0.pcd,Testing,1.9237509965896606,2.0068421363830566,0.083091139793396
2296,TH0032AV/viewpoint_simulated_27_surface0.pcd,Testing,2.12378191947937,2.116637945175171,0.007143974304199219
2297,TH0032AV/viewpoint_simulated_28_surface0.pcd,Testing,2.0400800704956055,2.1229891777038574,0.08290910720825195
2298,TH0032AV/viewpoint_simulated_29_surface0.pcd,Testing,2.162442922592163,2.1089251041412354,0.053517818450927734
2299,TH0032AV/viewpoint_simulated_3_surface0.pcd,Testing,2.0796539783477783,2.0471103191375732,0.03254365921020508
2300,TH0032AV/viewpoint_simulated_30_surface0.pcd,Testing,1.99552583694458,2.1366257667541504,0.1410999298095703
2301,TH0032AV/viewpoint_simulated_31_surface0.pcd,Testing,1.909503698348999,2.1889564990997314,0.2794528007507324
2302,TH0032AV/viewpoint_simulated_32_surface0.pcd,Testing,2.028974771499634,2.1709325313568115,0.14195775985717773
2303,TH0032AV/viewpoint_simulated_33_surface0.pcd,Testing,1.927683711051941,2.151857614517212,0.224173903465271
2304,TH0032AV/viewpoint_simulated_34_surface0.pcd,Testing,2.041496753692627,2.108158826828003,0.06666207313537598
2305,TH0032AV/viewpoint_simulated_35_surface0.pcd,Testing,2.032823324203491,2.0609381198883057,0.028114795684814453
2306,TH0032AV/viewpoint_simulated_36_surface0.pcd,Testing,2.036107063293457,2.009603261947632,0.026503801345825195
2307,TH0032AV/viewpoint_simulated_37_surface0.pcd,Testing,1.9726399183273315,1.947822093963623,0.024817824363708496
2308,TH0032AV/viewpoint_simulated_38_surface0.pcd,Testing,2.1109237670898438,2.0679752826690674,0.04294848442077637
2309,TH0032AV/viewpoint_simulated_39_surface0.pcd,Testing,2.105619430541992,2.1292355060577393,0.02361607551574707
2310,TH0032AV/viewpoint_simulated_4_surface0.pcd,Testing,1.8712586164474487,2.0430736541748047,0.17181503772735596
2311,TH0032AV/viewpoint_simulated_40_surface0.pcd,Testing,2.0302562713623047,2.1249492168426514,0.09469294548034668
2312,TH0032AV/viewpoint_simulated_41_surface0.pcd,Testing,1.998744010925293,2.120699882507324,0.12195587158203125
2313,TH0032AV/viewpoint_simulated_42_surface0.pcd,Testing,1.9387438297271729,2.2014846801757812,0.2627408504486084
2314,TH0032AV/viewpoint_simulated_43_surface0.pcd,Testing,2.021179437637329,2.2315287590026855,0.21034932136535645
2315,TH0032AV/viewpoint_simulated_44_surface0.pcd,Testing,2.06998610496521,2.2438852787017822,0.17389917373657227
2316,TH0032AV/viewpoint_simulated_45_surface0.pcd,Testing,2.016428232192993,2.1490414142608643,0.1326131820678711
2317,TH0032AV/viewpoint_simulated_46_surface0.pcd,Testing,2.0211524963378906,2.074174165725708,0.05302166938781738
2318,TH0032AV/viewpoint_simulated_47_surface0.pcd,Testing,2.0774543285369873,2.0383074283599854,0.03914690017700195
2319,TH0032AV/viewpoint_simulated_48_surface0.pcd,Testing,2.1140828132629395,2.0262181758880615,0.08786463737487793
2320,TH0032AV/viewpoint_simulated_49_surface0.pcd,Testing,1.9289227724075317,1.9776206016540527,0.048697829246520996
2321,TH0032AV/viewpoint_simulated_5_surface0.pcd,Testing,1.9659042358398438,2.0784389972686768,0.11253476142883301
2322,TH0032AV/viewpoint_simulated_50_surface0.pcd,Testing,1.9800176620483398,2.0445444583892822,0.06452679634094238
2323,TH0032AV/viewpoint_simulated_51_surface0.pcd,Testing,1.9938132762908936,2.1520626544952393,0.1582493782043457
2324,TH0032AV/viewpoint_simulated_52_surface0.pcd,Testing,1.864919900894165,2.1346793174743652,0.2697594165802002
2325,TH0032AV/viewpoint_simulated_53_surface0.pcd,Testing,2.206559658050537,2.1931569576263428,0.013402700424194336
2326,TH0032AV/viewpoint_simulated_54_surface0.pcd,Testing,2.0140013694763184,2.2389960289001465,0.22499465942382812
2327,TH0032AV/viewpoint_simulated_55_surface0.pcd,Testing,1.9797563552856445,2.2428781986236572,0.2631218433380127
2328,TH0032AV/viewpoint_simulated_56_surface0.pcd,Testing,1.9725086688995361,2.2290308475494385,0.25652217864990234
2329,TH0032AV/viewpoint_simulated_57_surface0.pcd,Testing,2.095003843307495,2.1617467403411865,0.0667428970336914
2330,TH0032AV/viewpoint_simulated_58_surface0.pcd,Testing,2.1329026222229004,2.0869810581207275,0.04592156410217285
2331,TH0032AV/viewpoint_simulated_59_surface0.pcd,Testing,2.072242498397827,2.069469928741455,0.0027725696563720703
2332,TH0032AV/viewpoint_simulated_6_surface0.pcd,Testing,2.066619634628296,2.0870120525360107,0.020392417907714844
2333,TH0032AV/viewpoint_simulated_60_surface0.pcd,Testing,2.0342917442321777,2.0189526081085205,0.015339136123657227
2334,TH0032AV/viewpoint_simulated_61_surface0.pcd,Testing,1.977293848991394,2.033867835998535,0.05657398700714111
2335,TH0032AV/viewpoint_simulated_62_surface0.pcd,Testing,2.0663275718688965,2.068293333053589,0.001965761184692383
2336,TH0032AV/viewpoint_simulated_63_surface0.pcd,Testing,2.1036336421966553,2.1381828784942627,0.03454923629760742
2337,TH0032AV/viewpoint_simulated_64_surface0.pcd,Testing,2.0515928268432617,2.191673517227173,0.14008069038391113
2338,TH0032AV/viewpoint_simulated_65_surface0.pcd,Testing,1.9897531270980835,2.212850570678711,0.22309744358062744
2339,TH0032AV/viewpoint_simulated_66_surface0.pcd,Testing,2.0734965801239014,2.189180612564087,0.11568403244018555
2340,TH0032AV/viewpoint_simulated_67_surface0.pcd,Testing,2.0234458446502686,2.255075693130493,0.2316298484802246
2341,TH0032AV/viewpoint_simulated_68_surface0.pcd,Testing,2.077847480773926,2.237656831741333,0.15980935096740723
2342,TH0032AV/viewpoint_simulated_69_surface0.pcd,Testing,2.071199417114258,2.1915812492370605,0.12038183212280273
2343,TH0032AV/viewpoint_simulated_7_surface0.pcd,Testing,2.092489719390869,2.0799381732940674,0.012551546096801758
2344,TH0032AV/viewpoint_simulated_70_surface0.pcd,Testing,2.001305341720581,2.101076126098633,0.09977078437805176
2345,TH0032AV/viewpoint_simulated_71_surface0.pcd,Testing,2.082228660583496,2.1109793186187744,0.02875065803527832
2346,TH0032AV/viewpoint_simulated_72_surface0.pcd,Testing,2.103257894515991,2.0498995780944824,0.05335831642150879
2347,TH0032AV/viewpoint_simulated_73_surface0.pcd,Testing,1.9268704652786255,2.0405046939849854,0.11363422870635986
2348,TH0032AV/viewpoint_simulated_74_surface0.pcd,Testing,1.87544846534729,2.056333303451538,0.18088483810424805
2349,TH0032AV/viewpoint_simulated_75_surface0.pcd,Testing,2.022728443145752,2.043853521347046,0.021125078201293945
2350,TH0032AV/viewpoint_simulated_76_surface0.pcd,Testing,2.1134092807769775,2.0504202842712402,0.0629889965057373
2351,TH0032AV/viewpoint_simulated_77_surface0.pcd,Testing,1.9084361791610718,2.0786707401275635,0.1702345609664917
2352,TH0032AV/viewpoint_simulated_78_surface0.pcd,Testing,1.9842997789382935,2.0943987369537354,0.1100989580154419
2353,TH0032AV/viewpoint_simulated_79_surface0.pcd,Testing,1.9902350902557373,2.095210552215576,0.10497546195983887
2354,TH0032AV/viewpoint_simulated_8_surface0.pcd,Testing,2.119391918182373,2.102141857147217,0.01725006103515625
2355,TH0032AV/viewpoint_simulated_80_surface0.pcd,Testing,2.0186383724212646,2.0972490310668945,0.07861065864562988
2356,TH0032AV/viewpoint_simulated_81_surface0.pcd,Testing,1.9234892129898071,2.1193392276763916,0.19585001468658447
2357,TH0032AV/viewpoint_simulated_82_surface0.pcd,Testing,2.007272720336914,2.109003782272339,0.1017310619354248
2358,TH0032AV/viewpoint_simulated_83_surface0.pcd,Testing,1.9857574701309204,2.0649287700653076,0.07917129993438721
2359,TH0032AV/viewpoint_simulated_84_surface0.pcd,Testing,1.9390285015106201,2.0564217567443848,0.11739325523376465
2360,TH0032AV/viewpoint_simulated_85_surface0.pcd,Testing,2.0218710899353027,1.9813616275787354,0.04050946235656738
2361,TH0032AV/viewpoint_simulated_86_surface0.pcd,Testing,1.9056097269058228,2.0225069522857666,0.11689722537994385
2362,TH0032AV/viewpoint_simulated_87_surface0.pcd,Testing,1.9159364700317383,2.059370279312134,0.1434338092803955
2363,TH0032AV/viewpoint_simulated_88_surface0.pcd,Testing,1.920642375946045,2.077226161956787,0.1565837860107422
2364,TH0032AV/viewpoint_simulated_89_surface0.pcd,Testing,2.0507497787475586,2.0995638370513916,0.04881405830383301
2365,TH0032AV/viewpoint_simulated_9_surface0.pcd,Testing,2.096176862716675,2.1185238361358643,0.022346973419189453
2366,TH0032AV/viewpoint_simulated_90_surface0.pcd,Testing,2.0347840785980225,2.104689836502075,0.06990575790405273
2367,TH0032AV/viewpoint_simulated_91_surface0.pcd,Testing,2.0586793422698975,2.1375648975372314,0.07888555526733398
2368,TH0032AV/viewpoint_simulated_92_surface0.pcd,Testing,1.9474587440490723,2.135004997253418,0.1875462532043457
2369,TH0032AV/viewpoint_simulated_93_surface0.pcd,Testing,2.0498878955841064,2.1324362754821777,0.08254837989807129
2370,TH0032AV/viewpoint_simulated_94_surface0.pcd,Testing,1.9886773824691772,2.09732985496521,0.10865247249603271
2371,TH0032AV/viewpoint_simulated_95_surface0.pcd,Testing,2.19282865524292,2.0418341159820557,0.15099453926086426
2372,TH0032AV/viewpoint_simulated_96_surface0.pcd,Testing,1.996811866760254,2.0258896350860596,0.029077768325805664
2373,TH0032AV/viewpoint_simulated_97_surface0.pcd,Testing,2.0901803970336914,1.9360876083374023,0.15409278869628906
2374,TH0032AV/viewpoint_simulated_98_surface0.pcd,Testing,2.0301194190979004,2.0229697227478027,0.007149696350097656
2375,TH0032AV/viewpoint_simulated_99_surface0.pcd,Testing,2.012476921081543,2.092292547225952,0.07981562614440918
2376,TH0032AV/viewpoint_simulated_0_surface1.pcd,Testing,2.3123910427093506,2.177844762802124,0.13454627990722656
2377,TH0032AV/viewpoint_simulated_1_surface1.pcd,Testing,2.216520309448242,2.1545984745025635,0.06192183494567871
2378,TH0032AV/viewpoint_simulated_10_surface1.pcd,Testing,2.229513168334961,2.19115948677063,0.038353681564331055
2379,TH0032AV/viewpoint_simulated_100_surface1.pcd,Testing,2.2236030101776123,2.26933217048645,0.04572916030883789
2380,TH0032AV/viewpoint_simulated_101_surface1.pcd,Testing,2.2462656497955322,2.214756965637207,0.031508684158325195
2381,TH0032AV/viewpoint_simulated_102_surface1.pcd,Testing,2.273721694946289,2.1836326122283936,0.09008908271789551
2382,TH0032AV/viewpoint_simulated_103_surface1.pcd,Testing,2.3329427242279053,2.353553533554077,0.020610809326171875
2383,TH0032AV/viewpoint_simulated_104_surface1.pcd,Testing,2.291411876678467,2.457061290740967,0.1656494140625
2384,TH0032AV/viewpoint_simulated_105_surface1.pcd,Testing,2.2212400436401367,2.3434269428253174,0.12218689918518066
2385,TH0032AV/viewpoint_simulated_106_surface1.pcd,Testing,2.235936403274536,2.195876359939575,0.04006004333496094
2386,TH0032AV/viewpoint_simulated_107_surface1.pcd,Testing,2.19352650642395,2.2257883548736572,0.03226184844970703
2387,TH0032AV/viewpoint_simulated_108_surface1.pcd,Testing,2.120694875717163,2.0736820697784424,0.0470128059387207
2388,TH0032AV/viewpoint_simulated_109_surface1.pcd,Testing,2.2677481174468994,2.2558834552764893,0.011864662170410156
2389,TH0032AV/viewpoint_simulated_11_surface1.pcd,Testing,2.0963118076324463,2.182072877883911,0.08576107025146484
2390,TH0032AV/viewpoint_simulated_110_surface1.pcd,Testing,2.26936936378479,2.208900213241577,0.06046915054321289
2391,TH0032AV/viewpoint_simulated_111_surface1.pcd,Testing,2.3017337322235107,2.1721107959747314,0.1296229362487793
2392,TH0032AV/viewpoint_simulated_112_surface1.pcd,Testing,2.2927074432373047,2.2674152851104736,0.025292158126831055
2393,TH0032AV/viewpoint_simulated_113_surface1.pcd,Testing,2.1513898372650146,2.1530416011810303,0.001651763916015625
2394,TH0032AV/viewpoint_simulated_114_surface1.pcd,Testing,2.3045451641082764,2.256382703781128,0.04816246032714844
2395,TH0032AV/viewpoint_simulated_115_surface1.pcd,Testing,2.246678590774536,2.4045393466949463,0.15786075592041016
2396,TH0032AV/viewpoint_simulated_116_surface1.pcd,Testing,2.3784563541412354,2.4324309825897217,0.05397462844848633
2397,TH0032AV/viewpoint_simulated_117_surface1.pcd,Testing,2.103644609451294,2.3017513751983643,0.1981067657470703
2398,TH0032AV/viewpoint_simulated_118_surface1.pcd,Testing,2.257850170135498,2.2640421390533447,0.00619196891784668
2399,TH0032AV/viewpoint_simulated_119_surface1.pcd,Testing,2.154371976852417,2.2475507259368896,0.09317874908447266
2400,TH0032AV/viewpoint_simulated_12_surface1.pcd,Testing,2.1573004722595215,2.189429521560669,0.03212904930114746
2401,TH0032AV/viewpoint_simulated_120_surface1.pcd,Testing,2.372527837753296,2.141572952270508,0.23095488548278809
2402,TH0032AV/viewpoint_simulated_121_surface1.pcd,Testing,2.2929489612579346,2.2788970470428467,0.01405191421508789
2403,TH0032AV/viewpoint_simulated_122_surface1.pcd,Testing,2.317190408706665,2.214268922805786,0.1029214859008789
2404,TH0032AV/viewpoint_simulated_123_surface1.pcd,Testing,2.2104811668395996,2.266247034072876,0.05576586723327637
2405,TH0032AV/viewpoint_simulated_124_surface1.pcd,Testing,2.2351160049438477,2.2399098873138428,0.004793882369995117
2406,TH0032AV/viewpoint_simulated_125_surface1.pcd,Testing,2.3760523796081543,2.105090379714966,0.2709619998931885
2407,TH0032AV/viewpoint_simulated_126_surface1.pcd,Testing,2.3653433322906494,2.157428741455078,0.2079145908355713
2408,TH0032AV/viewpoint_simulated_127_surface1.pcd,Testing,2.2815616130828857,2.324861526489258,0.04329991340637207
2409,TH0032AV/viewpoint_simulated_128_surface1.pcd,Testing,2.198780059814453,2.3774478435516357,0.17866778373718262
2410,TH0032AV/viewpoint_simulated_129_surface1.pcd,Testing,2.1856894493103027,2.2704803943634033,0.08479094505310059
2411,TH0032AV/viewpoint_simulated_13_surface1.pcd,Testing,2.1339659690856934,2.2066376209259033,0.07267165184020996
2412,TH0032AV/viewpoint_simulated_130_surface1.pcd,Testing,2.385913372039795,2.220344305038452,0.16556906700134277
2413,TH0032AV/viewpoint_simulated_131_surface1.pcd,Testing,2.268388032913208,2.250601053237915,0.01778697967529297
2414,TH0032AV/viewpoint_simulated_132_surface1.pcd,Testing,2.228775978088379,2.234138250350952,0.005362272262573242
2415,TH0032AV/viewpoint_simulated_133_surface1.pcd,Testing,2.165536642074585,2.2163984775543213,0.05086183547973633
2416,TH0032AV/viewpoint_simulated_134_surface1.pcd,Testing,2.2481555938720703,2.240187406539917,0.00796818733215332
2417,TH0032AV/viewpoint_simulated_135_surface1.pcd,Testing,2.279095411300659,2.303520441055298,0.024425029754638672
2418,TH0032AV/viewpoint_simulated_136_surface1.pcd,Testing,2.2872421741485596,2.215142011642456,0.07210016250610352
2419,TH0032AV/viewpoint_simulated_137_surface1.pcd,Testing,2.324286937713623,2.1016194820404053,0.22266745567321777
2420,TH0032AV/viewpoint_simulated_138_surface1.pcd,Testing,2.2078044414520264,2.1133315563201904,0.09447288513183594
2421,TH0032AV/viewpoint_simulated_139_surface1.pcd,Testing,2.2970142364501953,2.291334867477417,0.00567936897277832
2422,TH0032AV/viewpoint_simulated_14_surface1.pcd,Testing,2.21683669090271,2.1952407360076904,0.02159595489501953
2423,TH0032AV/viewpoint_simulated_140_surface1.pcd,Testing,2.163239002227783,2.431267261505127,0.26802825927734375
2424,TH0032AV/viewpoint_simulated_141_surface1.pcd,Testing,2.338730812072754,2.3041651248931885,0.03456568717956543
2425,TH0032AV/viewpoint_simulated_142_surface1.pcd,Testing,2.2559330463409424,2.217094659805298,0.03883838653564453
2426,TH0032AV/viewpoint_simulated_143_surface1.pcd,Testing,2.3479321002960205,2.280735492706299,0.06719660758972168
2427,TH0032AV/viewpoint_simulated_144_surface1.pcd,Testing,2.1625540256500244,2.1576578617095947,0.0048961639404296875
2428,TH0032AV/viewpoint_simulated_145_surface1.pcd,Testing,2.080681800842285,2.1680662631988525,0.08738446235656738
2429,TH0032AV/viewpoint_simulated_146_surface1.pcd,Testing,2.263780355453491,2.1763241291046143,0.08745622634887695
2430,TH0032AV/viewpoint_simulated_147_surface1.pcd,Testing,2.419154405593872,2.1893584728240967,0.2297959327697754
2431,TH0032AV/viewpoint_simulated_148_surface1.pcd,Testing,2.0128090381622314,2.169508457183838,0.15669941902160645
2432,TH0032AV/viewpoint_simulated_149_surface1.pcd,Testing,2.1977908611297607,2.194918394088745,0.002872467041015625
2433,TH0032AV/viewpoint_simulated_15_surface1.pcd,Testing,2.2848658561706543,2.2280898094177246,0.05677604675292969
2434,TH0032AV/viewpoint_simulated_150_surface1.pcd,Testing,2.2921371459960938,2.2133677005767822,0.07876944541931152
2435,TH0032AV/viewpoint_simulated_151_surface1.pcd,Testing,2.268226385116577,2.229746103286743,0.038480281829833984
2436,TH0032AV/viewpoint_simulated_152_surface1.pcd,Testing,2.2119739055633545,2.2473347187042236,0.03536081314086914
2437,TH0032AV/viewpoint_simulated_153_surface1.pcd,Testing,2.4225029945373535,2.221567392349243,0.20093560218811035
2438,TH0032AV/viewpoint_simulated_154_surface1.pcd,Testing,2.350796937942505,2.2199864387512207,0.13081049919128418
2439,TH0032AV/viewpoint_simulated_155_surface1.pcd,Testing,2.122307777404785,2.1979477405548096,0.07563996315002441
2440,TH0032AV/viewpoint_simulated_156_surface1.pcd,Testing,2.1413464546203613,2.1175167560577393,0.02382969856262207
2441,TH0032AV/viewpoint_simulated_157_surface1.pcd,Testing,2.2271180152893066,2.1996147632598877,0.027503252029418945
2442,TH0032AV/viewpoint_simulated_158_surface1.pcd,Testing,2.091275215148926,2.1856582164764404,0.09438300132751465
2443,TH0032AV/viewpoint_simulated_159_surface1.pcd,Testing,1.9786332845687866,2.187148094177246,0.20851480960845947
2444,TH0032AV/viewpoint_simulated_16_surface1.pcd,Testing,2.1917779445648193,2.1918561458587646,7.82012939453125e-05
2445,TH0032AV/viewpoint_simulated_160_surface1.pcd,Testing,2.1168320178985596,2.1765992641448975,0.05976724624633789
2446,TH0032AV/viewpoint_simulated_161_surface1.pcd,Testing,2.2330682277679443,2.1672041416168213,0.06586408615112305
2447,TH0032AV/viewpoint_simulated_162_surface1.pcd,Testing,2.100565195083618,2.1788649559020996,0.07829976081848145
2448,TH0032AV/viewpoint_simulated_163_surface1.pcd,Testing,2.37854266166687,2.292083501815796,0.08645915985107422
2449,TH0032AV/viewpoint_simulated_164_surface1.pcd,Testing,2.1215031147003174,2.3586275577545166,0.23712444305419922
2450,TH0032AV/viewpoint_simulated_165_surface1.pcd,Testing,2.191636323928833,2.2685110569000244,0.0768747329711914
2451,TH0032AV/viewpoint_simulated_166_surface1.pcd,Testing,2.3269121646881104,2.218055009841919,0.1088571548461914
2452,TH0032AV/viewpoint_simulated_167_surface1.pcd,Testing,2.2419559955596924,2.1727468967437744,0.06920909881591797
2453,TH0032AV/viewpoint_simulated_168_surface1.pcd,Testing,2.3029472827911377,2.1816654205322266,0.12128186225891113
2454,TH0032AV/viewpoint_simulated_169_surface1.pcd,Testing,2.1900413036346436,2.230905771255493,0.04086446762084961
2455,TH0032AV/viewpoint_simulated_17_surface1.pcd,Testing,2.2735676765441895,2.189910411834717,0.08365726470947266
2456,TH0032AV/viewpoint_simulated_170_surface1.pcd,Testing,2.2682888507843018,2.1572425365448,0.11104631423950195
2457,TH0032AV/viewpoint_simulated_171_surface1.pcd,Testing,2.1515188217163086,2.2295169830322266,0.07799816131591797
2458,TH0032AV/viewpoint_simulated_172_surface1.pcd,Testing,2.1730079650878906,2.2753360271453857,0.10232806205749512
2459,TH0032AV/viewpoint_simulated_173_surface1.pcd,Testing,2.3276631832122803,2.203721284866333,0.12394189834594727
2460,TH0032AV/viewpoint_simulated_174_surface1.pcd,Testing,2.1159257888793945,2.2177422046661377,0.10181641578674316
2461,TH0032AV/viewpoint_simulated_175_surface1.pcd,Testing,2.1225857734680176,2.3665342330932617,0.24394845962524414
2462,TH0032AV/viewpoint_simulated_176_surface1.pcd,Testing,2.2408177852630615,2.397545099258423,0.15672731399536133
2463,TH0032AV/viewpoint_simulated_177_surface1.pcd,Testing,2.1837997436523438,2.341007947921753,0.15720820426940918
2464,TH0032AV/viewpoint_simulated_178_surface1.pcd,Testing,2.3381476402282715,2.217496395111084,0.1206512451171875
2465,TH0032AV/viewpoint_simulated_179_surface1.pcd,Testing,2.1838700771331787,2.1549742221832275,0.028895854949951172
2466,TH0032AV/viewpoint_simulated_18_surface1.pcd,Testing,2.354731321334839,2.152519464492798,0.20221185684204102
2467,TH0032AV/viewpoint_simulated_180_surface1.pcd,Testing,2.3760128021240234,2.1216330528259277,0.2543797492980957
2468,TH0032AV/viewpoint_simulated_181_surface1.pcd,Testing,2.38956880569458,2.2510945796966553,0.1384742259979248
2469,TH0032AV/viewpoint_simulated_182_surface1.pcd,Testing,2.135493755340576,2.1851322650909424,0.04963850975036621
2470,TH0032AV/viewpoint_simulated_183_surface1.pcd,Testing,2.3433547019958496,2.1820638179779053,0.16129088401794434
2471,TH0032AV/viewpoint_simulated_184_surface1.pcd,Testing,2.2007410526275635,2.319591760635376,0.1188507080078125
2472,TH0032AV/viewpoint_simulated_185_surface1.pcd,Testing,2.3157083988189697,2.180046796798706,0.13566160202026367
2473,TH0032AV/viewpoint_simulated_186_surface1.pcd,Testing,2.207467794418335,2.3014585971832275,0.09399080276489258
2474,TH0032AV/viewpoint_simulated_187_surface1.pcd,Testing,2.297696113586426,2.3906517028808594,0.0929555892944336
2475,TH0032AV/viewpoint_simulated_188_surface1.pcd,Testing,2.446842908859253,2.440112829208374,0.006730079650878906
2476,TH0032AV/viewpoint_simulated_189_surface1.pcd,Testing,2.170639753341675,2.2613606452941895,0.09072089195251465
2477,TH0032AV/viewpoint_simulated_19_surface1.pcd,Testing,2.245610475540161,2.276705026626587,0.03109455108642578
2478,TH0032AV/viewpoint_simulated_190_surface1.pcd,Testing,2.2181169986724854,2.2429702281951904,0.024853229522705078
2479,TH0032AV/viewpoint_simulated_191_surface1.pcd,Testing,2.3956966400146484,2.17502498626709,0.2206716537475586
2480,TH0032AV/viewpoint_simulated_192_surface1.pcd,Testing,2.3327689170837402,2.1260035037994385,0.20676541328430176
2481,TH0032AV/viewpoint_simulated_193_surface1.pcd,Testing,2.342547655105591,2.239856719970703,0.1026909351348877
2482,TH0032AV/viewpoint_simulated_194_surface1.pcd,Testing,2.20666766166687,2.228996753692627,0.022329092025756836
2483,TH0032AV/viewpoint_simulated_195_surface1.pcd,Testing,2.2714667320251465,2.2896316051483154,0.018164873123168945
2484,TH0032AV/viewpoint_simulated_196_surface1.pcd,Testing,2.2989907264709473,2.241182327270508,0.05780839920043945
2485,TH0032AV/viewpoint_simulated_197_surface1.pcd,Testing,2.281933546066284,2.1513285636901855,0.13060498237609863
2486,TH0032AV/viewpoint_simulated_198_surface1.pcd,Testing,2.38742733001709,2.254535675048828,0.13289165496826172
2487,TH0032AV/viewpoint_simulated_199_surface1.pcd,Testing,2.127267599105835,2.3651931285858154,0.23792552947998047
2488,TH0032AV/viewpoint_simulated_2_surface1.pcd,Testing,2.115312337875366,2.161628007888794,0.046315670013427734
2489,TH0032AV/viewpoint_simulated_20_surface1.pcd,Testing,2.381380081176758,2.326935052871704,0.05444502830505371
2490,TH0032AV/viewpoint_simulated_200_surface1.pcd,Testing,2.1622209548950195,2.4054479598999023,0.2432270050048828
2491,TH0032AV/viewpoint_simulated_201_surface1.pcd,Testing,2.2414710521698,2.241098165512085,0.00037288665771484375
2492,TH0032AV/viewpoint_simulated_202_surface1.pcd,Testing,2.1451988220214844,2.1806752681732178,0.0354764461517334
2493,TH0032AV/viewpoint_simulated_203_surface1.pcd,Testing,2.4895994663238525,2.244243621826172,0.24535584449768066
2494,TH0032AV/viewpoint_simulated_204_surface1.pcd,Testing,2.1442084312438965,2.2066895961761475,0.06248116493225098
2495,TH0032AV/viewpoint_simulated_205_surface1.pcd,Testing,2.3529396057128906,2.280972957611084,0.07196664810180664
2496,TH0032AV/viewpoint_simulated_206_surface1.pcd,Testing,2.3775832653045654,2.235131025314331,0.14245223999023438
2497,TH0032AV/viewpoint_simulated_207_surface1.pcd,Testing,2.266009569168091,2.3412129878997803,0.07520341873168945
2498,TH0032AV/viewpoint_simulated_208_surface1.pcd,Testing,2.3281960487365723,2.2269554138183594,0.10124063491821289
2499,TH0032AV/viewpoint_simulated_209_surface1.pcd,Testing,2.2984514236450195,2.105860471725464,0.19259095191955566
2500,TH0032AV/viewpoint_simulated_21_surface1.pcd,Testing,2.1869571208953857,2.3049533367156982,0.1179962158203125
2501,TH0032AV/viewpoint_simulated_210_surface1.pcd,Testing,2.181269884109497,2.1137807369232178,0.0674891471862793
2502,TH0032AV/viewpoint_simulated_211_surface1.pcd,Testing,2.207285165786743,2.3159918785095215,0.10870671272277832
2503,TH0032AV/viewpoint_simulated_212_surface1.pcd,Testing,2.272040843963623,2.4239678382873535,0.15192699432373047
2504,TH0032AV/viewpoint_simulated_213_surface1.pcd,Testing,2.3306946754455566,2.263186454772949,0.06750822067260742
2505,TH0032AV/viewpoint_simulated_214_surface1.pcd,Testing,2.333749532699585,2.180724859237671,0.15302467346191406
2506,TH0032AV/viewpoint_simulated_215_surface1.pcd,Testing,2.3998191356658936,2.262526273727417,0.13729286193847656
2507,TH0032AV/viewpoint_simulated_22_surface1.pcd,Testing,2.2582132816314697,2.2597296237945557,0.0015163421630859375
2508,TH0032AV/viewpoint_simulated_23_surface1.pcd,Testing,2.18027663230896,2.186504364013672,0.006227731704711914
2509,TH0032AV/viewpoint_simulated_24_surface1.pcd,Testing,2.184847354888916,2.1770451068878174,0.007802248001098633
2510,TH0032AV/viewpoint_simulated_25_surface1.pcd,Testing,2.208533763885498,2.2374002933502197,0.02886652946472168
2511,TH0032AV/viewpoint_simulated_26_surface1.pcd,Testing,2.281405448913574,2.202087640762329,0.07931780815124512
2512,TH0032AV/viewpoint_simulated_27_surface1.pcd,Testing,2.1365556716918945,2.218573570251465,0.08201789855957031
2513,TH0032AV/viewpoint_simulated_28_surface1.pcd,Testing,2.3044071197509766,2.2098915576934814,0.09451556205749512
2514,TH0032AV/viewpoint_simulated_29_surface1.pcd,Testing,2.443310499191284,2.194493055343628,0.24881744384765625
2515,TH0032AV/viewpoint_simulated_3_surface1.pcd,Testing,2.238769769668579,2.20245623588562,0.036313533782958984
2516,TH0032AV/viewpoint_simulated_30_surface1.pcd,Testing,2.212639808654785,2.1971938610076904,0.015445947647094727
2517,TH0032AV/viewpoint_simulated_31_surface1.pcd,Testing,2.428635835647583,2.3730356693267822,0.05560016632080078
2518,TH0032AV/viewpoint_simulated_32_surface1.pcd,Testing,2.3173182010650635,2.386502981185913,0.06918478012084961
2519,TH0032AV/viewpoint_simulated_33_surface1.pcd,Testing,2.3826467990875244,2.339681386947632,0.04296541213989258
2520,TH0032AV/viewpoint_simulated_34_surface1.pcd,Testing,2.178701162338257,2.266883611679077,0.08818244934082031
2521,TH0032AV/viewpoint_simulated_35_surface1.pcd,Testing,2.2542996406555176,2.259369373321533,0.005069732666015625
2522,TH0032AV/viewpoint_simulated_36_surface1.pcd,Testing,2.2544424533843994,2.1439051628112793,0.11053729057312012
2523,TH0032AV/viewpoint_simulated_37_surface1.pcd,Testing,2.3596556186676025,2.2377896308898926,0.12186598777770996
2524,TH0032AV/viewpoint_simulated_38_surface1.pcd,Testing,2.266385316848755,2.2088701725006104,0.05751514434814453
2525,TH0032AV/viewpoint_simulated_39_surface1.pcd,Testing,2.2062337398529053,2.14546799659729,0.060765743255615234
2526,TH0032AV/viewpoint_simulated_4_surface1.pcd,Testing,2.2957427501678467,2.189707040786743,0.10603570938110352
2527,TH0032AV/viewpoint_simulated_40_surface1.pcd,Testing,2.3515465259552,2.253192901611328,0.09835362434387207
2528,TH0032AV/viewpoint_simulated_41_surface1.pcd,Testing,2.284986734390259,2.13854718208313,0.1464395523071289
2529,TH0032AV/viewpoint_simulated_42_surface1.pcd,Testing,2.3249056339263916,2.1910974979400635,0.13380813598632812
2530,TH0032AV/viewpoint_simulated_43_surface1.pcd,Testing,2.2782044410705566,2.3506953716278076,0.07249093055725098
2531,TH0032AV/viewpoint_simulated_44_surface1.pcd,Testing,2.3820555210113525,2.4406328201293945,0.05857729911804199
2532,TH0032AV/viewpoint_simulated_45_surface1.pcd,Testing,2.2457001209259033,2.310910940170288,0.06521081924438477
2533,TH0032AV/viewpoint_simulated_46_surface1.pcd,Testing,2.3327064514160156,2.2638068199157715,0.06889963150024414
2534,TH0032AV/viewpoint_simulated_47_surface1.pcd,Testing,2.4205029010772705,2.22011399269104,0.20038890838623047
2535,TH0032AV/viewpoint_simulated_48_surface1.pcd,Testing,2.2310945987701416,2.1463186740875244,0.08477592468261719
2536,TH0032AV/viewpoint_simulated_49_surface1.pcd,Testing,2.265371561050415,2.1979472637176514,0.06742429733276367
2537,TH0032AV/viewpoint_simulated_5_surface1.pcd,Testing,2.2877581119537354,2.1421468257904053,0.14561128616333008
2538,TH0032AV/viewpoint_simulated_50_surface1.pcd,Testing,2.29561185836792,2.215654134750366,0.07995772361755371
2539,TH0032AV/viewpoint_simulated_51_surface1.pcd,Testing,2.316535472869873,2.2886414527893066,0.027894020080566406
2540,TH0032AV/viewpoint_simulated_52_surface1.pcd,Testing,2.3010120391845703,2.2246387004852295,0.07637333869934082
2541,TH0032AV/viewpoint_simulated_53_surface1.pcd,Testing,2.2621116638183594,2.067838430404663,0.1942732334136963
2542,TH0032AV/viewpoint_simulated_54_surface1.pcd,Testing,2.3178722858428955,2.1320483684539795,0.18582391738891602
2543,TH0032AV/viewpoint_simulated_55_surface1.pcd,Testing,2.2176156044006348,2.4079036712646484,0.19028806686401367
2544,TH0032AV/viewpoint_simulated_56_surface1.pcd,Testing,2.219670057296753,2.394763708114624,0.1750936508178711
2545,TH0032AV/viewpoint_simulated_57_surface1.pcd,Testing,2.127856492996216,2.3034424781799316,0.17558598518371582
2546,TH0032AV/viewpoint_simulated_58_surface1.pcd,Testing,2.2836661338806152,2.269829034805298,0.013837099075317383
2547,TH0032AV/viewpoint_simulated_59_surface1.pcd,Testing,2.3749642372131348,2.264030694961548,0.11093354225158691
2548,TH0032AV/viewpoint_simulated_6_surface1.pcd,Testing,2.168808698654175,2.218500852584839,0.04969215393066406
2549,TH0032AV/viewpoint_simulated_60_surface1.pcd,Testing,2.312502145767212,2.224546194076538,0.08795595169067383
2550,TH0032AV/viewpoint_simulated_61_surface1.pcd,Testing,2.2259836196899414,2.2660415172576904,0.04005789756774902
2551,TH0032AV/viewpoint_simulated_62_surface1.pcd,Testing,2.3174471855163574,2.2569057941436768,0.060541391372680664
2552,TH0032AV/viewpoint_simulated_63_surface1.pcd,Testing,2.293436288833618,2.2950756549835205,0.0016393661499023438
2553,TH0032AV/viewpoint_simulated_64_surface1.pcd,Testing,2.3193373680114746,2.2358522415161133,0.08348512649536133
2554,TH0032AV/viewpoint_simulated_65_surface1.pcd,Testing,2.1600539684295654,2.017693042755127,0.14236092567443848
2555,TH0032AV/viewpoint_simulated_66_surface1.pcd,Testing,2.225940227508545,2.118335008621216,0.1076052188873291
2556,TH0032AV/viewpoint_simulated_67_surface1.pcd,Testing,2.3194339275360107,2.2426226139068604,0.07681131362915039
2557,TH0032AV/viewpoint_simulated_68_surface1.pcd,Testing,2.2656986713409424,2.4396889209747314,0.17399024963378906
2558,TH0032AV/viewpoint_simulated_69_surface1.pcd,Testing,2.2583396434783936,2.2800724506378174,0.021732807159423828
2559,TH0032AV/viewpoint_simulated_7_surface1.pcd,Testing,2.297084093093872,2.243276596069336,0.05380749702453613
2560,TH0032AV/viewpoint_simulated_70_surface1.pcd,Testing,2.1493704319000244,2.261659860610962,0.1122894287109375
2561,TH0032AV/viewpoint_simulated_71_surface1.pcd,Testing,2.2924892902374268,2.2658965587615967,0.026592731475830078
2562,TH0032AV/viewpoint_simulated_72_surface1.pcd,Testing,2.1208574771881104,2.147308588027954,0.02645111083984375
2563,TH0032AV/viewpoint_simulated_73_surface1.pcd,Testing,2.2458460330963135,2.1968369483947754,0.049009084701538086
2564,TH0032AV/viewpoint_simulated_74_surface1.pcd,Testing,2.1684250831604004,2.1583259105682373,0.010099172592163086
2565,TH0032AV/viewpoint_simulated_75_surface1.pcd,Testing,2.2525084018707275,2.159327983856201,0.09318041801452637
2566,TH0032AV/viewpoint_simulated_76_surface1.pcd,Testing,2.2281007766723633,2.147193193435669,0.08090758323669434
2567,TH0032AV/viewpoint_simulated_77_surface1.pcd,Testing,2.3417530059814453,2.2100515365600586,0.13170146942138672
2568,TH0032AV/viewpoint_simulated_78_surface1.pcd,Testing,2.2050156593322754,2.1998422145843506,0.005173444747924805
2569,TH0032AV/viewpoint_simulated_79_surface1.pcd,Testing,2.130244731903076,2.2412474155426025,0.11100268363952637
2570,TH0032AV/viewpoint_simulated_8_surface1.pcd,Testing,2.3260087966918945,2.247178792953491,0.07883000373840332
2571,TH0032AV/viewpoint_simulated_80_surface1.pcd,Testing,2.362363338470459,2.242147207260132,0.12021613121032715
2572,TH0032AV/viewpoint_simulated_81_surface1.pcd,Testing,2.384193181991577,2.233564615249634,0.15062856674194336
2573,TH0032AV/viewpoint_simulated_82_surface1.pcd,Testing,2.1600615978240967,2.185547351837158,0.025485754013061523
2574,TH0032AV/viewpoint_simulated_83_surface1.pcd,Testing,2.19746470451355,2.1656153202056885,0.03184938430786133
2575,TH0032AV/viewpoint_simulated_84_surface1.pcd,Testing,2.3781580924987793,2.1495444774627686,0.22861361503601074
2576,TH0032AV/viewpoint_simulated_85_surface1.pcd,Testing,2.2206242084503174,2.2028114795684814,0.017812728881835938
2577,TH0032AV/viewpoint_simulated_86_surface1.pcd,Testing,2.1844725608825684,2.1810622215270996,0.00341033935546875
2578,TH0032AV/viewpoint_simulated_87_surface1.pcd,Testing,2.194805145263672,2.2178657054901123,0.02306056022644043
2579,TH0032AV/viewpoint_simulated_88_surface1.pcd,Testing,2.139195680618286,2.1767280101776123,0.03753232955932617
2580,TH0032AV/viewpoint_simulated_89_surface1.pcd,Testing,2.1137888431549072,2.1057779788970947,0.0080108642578125
2581,TH0032AV/viewpoint_simulated_9_surface1.pcd,Testing,2.201282501220703,2.2455503940582275,0.044267892837524414
2582,TH0032AV/viewpoint_simulated_90_surface1.pcd,Testing,2.232248544692993,2.186424493789673,0.04582405090332031
2583,TH0032AV/viewpoint_simulated_91_surface1.pcd,Testing,2.1969146728515625,2.2978601455688477,0.10094547271728516
2584,TH0032AV/viewpoint_simulated_92_surface1.pcd,Testing,2.2772483825683594,2.3431525230407715,0.06590414047241211
2585,TH0032AV/viewpoint_simulated_93_surface1.pcd,Testing,2.246788501739502,2.2730019092559814,0.026213407516479492
2586,TH0032AV/viewpoint_simulated_94_surface1.pcd,Testing,2.258662462234497,2.234830379486084,0.023832082748413086
2587,TH0032AV/viewpoint_simulated_95_surface1.pcd,Testing,2.2699031829833984,2.201939821243286,0.0679633617401123
2588,TH0032AV/viewpoint_simulated_96_surface1.pcd,Testing,2.3912088871002197,2.1699140071868896,0.22129487991333008
2589,TH0032AV/viewpoint_simulated_97_surface1.pcd,Testing,2.1754720211029053,2.228944778442383,0.05347275733947754
2590,TH0032AV/viewpoint_simulated_98_surface1.pcd,Testing,2.3231611251831055,2.1641604900360107,0.15900063514709473
2591,TH0032AV/viewpoint_simulated_99_surface1.pcd,Testing,2.3181517124176025,2.1953232288360596,0.12282848358154297
